campaign_id,activity_date,device,impressions,clicks,spend,conversions,attributed_revenue
CAMP-0014,2025-07-01,Desktop,12078,853,110.79,45,4085.37
CAMP-0014,2025-07-01,Mobile,21029,727,622.28,46,2105.42
CAMP-0014,2025-07-01,Tablet,15974,529,476.48,14,1958.09
CAMP-0011,2025-07-01,Desktop,12317,143,556.37,4,449.64
CAMP-0011,2025-07-01,Mobile,20282,560,775.99,57,7973.88
CAMP-0011,2025-07-01,Tablet,3335,32,239.24,1,137.89
CAMP-0001,2025-07-01,Desktop,20162,406,460.56,18,2045.50
CAMP-0001,2025-07-01,Mobile,16143,685,544.06,19,2458.16
CAMP-0001,2025-07-01,Tablet,6444,59,251.49,7,1104.19
CAMP-0002,2025-07-01,Desktop,18191,1172,149.84,110,4454.41
CAMP-0002,2025-07-01,Mobile,21656,1470,590.14,37,4805.33
CAMP-0002,2025-07-01,Tablet,21155,209,413.20,17,2121.06
CAMP-0009,2025-07-01,Desktop,23116,247,122.92,11,1230.17
CAMP-0009,2025-07-01,Mobile,7399,501,252.25,57,2608.83
CAMP-0009,2025-07-01,Tablet,15062,488,67.50,42,3197.54
CAMP-0010,2025-07-01,Desktop,20637,864,131.00,38,5248.90
CAMP-0010,2025-07-01,Mobile,16120,1067,347.68,77,8592.89
CAMP-0010,2025-07-01,Tablet,9008,606,486.15,14,1218.41
CAMP-0015,2025-07-01,Desktop,2150,172,463.54,17,1407.51
CAMP-0015,2025-07-01,Mobile,701,19,528.44,2,88.22
CAMP-0015,2025-07-01,Tablet,7263,360,789.64,33,5185.74
CAMP-0018,2025-07-01,Desktop,10530,831,457.89,10,1383.52
CAMP-0018,2025-07-01,Mobile,7454,540,187.87,8,510.38
CAMP-0018,2025-07-01,Tablet,15820,604,395.57,22,1063.00
CAMP-0002,2025-07-02,Desktop,12527,811,594.56,22,2605.92
CAMP-0002,2025-07-02,Mobile,18016,323,508.05,26,2475.66
CAMP-0002,2025-07-02,Tablet,3510,215,566.33,13,1376.95
CAMP-0019,2025-07-02,Desktop,22278,1327,457.80,122,6432.92
CAMP-0019,2025-07-02,Mobile,10423,346,267.61,19,1333.71
CAMP-0019,2025-07-02,Tablet,24623,1007,125.21,25,3303.13
CAMP-0008,2025-07-02,Desktop,11298,673,201.51,74,10659.53
CAMP-0008,2025-07-02,Mobile,11846,462,607.80,37,5505.12
CAMP-0008,2025-07-02,Tablet,18872,840,147.13,18,2580.64
CAMP-0018,2025-07-02,Desktop,15202,1159,739.56,84,7183.98
CAMP-0018,2025-07-02,Mobile,10631,101,611.23,1,147.23
CAMP-0018,2025-07-02,Tablet,2148,66,63.75,2,283.31
CAMP-0005,2025-07-02,Desktop,24477,1941,86.94,218,11106.14
CAMP-0005,2025-07-02,Mobile,1290,73,64.85,4,511.90
CAMP-0005,2025-07-02,Tablet,24728,1058,445.37,70,10824.76
CAMP-0020,2025-07-02,Desktop,15512,797,734.51,36,1823.37
CAMP-0020,2025-07-02,Mobile,886,70,623.20,6,324.68
CAMP-0020,2025-07-02,Tablet,22302,582,705.78,26,2931.62
CAMP-0017,2025-07-02,Desktop,9562,394,416.73,4,269.01
CAMP-0017,2025-07-02,Mobile,17080,676,215.40,40,3332.24
CAMP-0017,2025-07-02,Tablet,6238,396,238.19,41,5325.38
CAMP-0012,2025-07-03,Desktop,22494,539,752.02,12,956.92
CAMP-0012,2025-07-03,Mobile,18600,832,34.04,95,14693.12
CAMP-0012,2025-07-03,Tablet,10272,321,471.19,2,90.88
CAMP-0020,2025-07-03,Desktop,6604,321,272.19,26,2532.09
CAMP-0020,2025-07-03,Mobile,21590,1627,527.61,12,1287.65
CAMP-0020,2025-07-03,Tablet,16826,909,635.10,33,3519.69
CAMP-0019,2025-07-03,Desktop,9003,436,440.05,50,4771.72
CAMP-0019,2025-07-03,Mobile,13135,96,498.99,1,145.18
CAMP-0019,2025-07-03,Tablet,11709,663,257.96,61,2953.96
CAMP-0010,2025-07-03,Desktop,3799,85,274.53,5,584.43
CAMP-0010,2025-07-03,Mobile,16517,113,290.72,11,876.48
CAMP-0010,2025-07-03,Tablet,9950,601,200.78,32,2410.37
CAMP-0014,2025-07-03,Desktop,9757,462,640.08,45,7102.52
CAMP-0014,2025-07-03,Mobile,2303,82,649.54,6,485.73
CAMP-0014,2025-07-03,Tablet,8930,655,400.34,60,9444.73
CAMP-0018,2025-07-03,Desktop,9918,357,802.56,15,752.81
CAMP-0018,2025-07-03,Mobile,14198,1124,475.91,1,46.88
CAMP-0018,2025-07-03,Tablet,9616,57,625.69,5,734.57
CAMP-0006,2025-07-03,Desktop,19334,1439,231.75,20,2840.43
CAMP-0006,2025-07-03,Mobile,10713,765,859.39,14,1337.77
CAMP-0006,2025-07-03,Tablet,6067,450,300.27,17,1791.61
CAMP-0009,2025-07-04,Desktop,8735,239,155.05,7,318.47
CAMP-0009,2025-07-04,Mobile,16548,829,172.82,0,0.00
CAMP-0009,2025-07-04,Tablet,21039,497,676.55,17,2382.02
CAMP-0018,2025-07-04,Desktop,19674,660,182.58,49,1757.29
CAMP-0018,2025-07-04,Mobile,10043,706,526.27,69,4168.99
CAMP-0018,2025-07-04,Tablet,23909,1618,441.98,28,3470.57
CAMP-0011,2025-07-04,Desktop,2435,96,63.35,6,907.11
CAMP-0011,2025-07-04,Mobile,907,11,829.52,0,0.00
CAMP-0011,2025-07-04,Tablet,18222,939,39.29,90,11485.55
CAMP-0017,2025-07-04,Desktop,6885,305,721.94,35,3847.30
CAMP-0017,2025-07-04,Mobile,15363,585,445.63,29,3983.82
CAMP-0017,2025-07-04,Tablet,6555,67,686.12,0,0.00
CAMP-0008,2025-07-04,Desktop,17794,1275,171.72,24,3782.02
CAMP-0008,2025-07-04,Mobile,2660,166,284.61,4,486.50
CAMP-0008,2025-07-04,Tablet,15667,628,88.95,45,3029.75
CAMP-0019,2025-07-04,Desktop,10532,131,703.25,11,1078.54
CAMP-0019,2025-07-04,Mobile,24573,1909,423.03,181,20735.26
CAMP-0019,2025-07-04,Tablet,23303,415,596.95,14,2175.70
CAMP-0020,2025-07-04,Desktop,7239,224,686.86,21,873.94
CAMP-0020,2025-07-04,Mobile,21967,319,159.27,14,1721.91
CAMP-0020,2025-07-04,Tablet,22313,1642,616.18,125,18448.85
CAMP-0003,2025-07-04,Desktop,22150,1274,311.76,70,6307.83
CAMP-0003,2025-07-04,Mobile,17656,219,43.98,7,460.87
CAMP-0003,2025-07-04,Tablet,5907,459,405.74,14,1305.29
CAMP-0005,2025-07-04,Desktop,13015,270,408.54,3,258.49
CAMP-0005,2025-07-04,Mobile,21800,1083,406.46,18,2178.45
CAMP-0005,2025-07-04,Tablet,20865,767,164.51,25,1882.16
CAMP-0012,2025-07-05,Desktop,20702,1383,353.70,26,1326.98
CAMP-0012,2025-07-05,Mobile,8709,666,415.32,49,4118.87
CAMP-0012,2025-07-05,Tablet,16713,503,767.28,8,366.25
CAMP-0007,2025-07-05,Desktop,4952,386,280.94,45,6093.08
CAMP-0007,2025-07-05,Mobile,6008,391,519.17,19,1444.08
CAMP-0007,2025-07-05,Tablet,13847,1027,590.13,117,9790.35
CAMP-0020,2025-07-05,Desktop,21859,784,287.44,71,9296.52
CAMP-0020,2025-07-05,Mobile,21248,1111,709.94,100,8074.11
CAMP-0020,2025-07-05,Tablet,23994,231,461.84,23,3597.44
CAMP-0019,2025-07-05,Desktop,6768,389,269.37,32,4577.45
CAMP-0019,2025-07-05,Mobile,15549,971,578.90,12,507.27
CAMP-0019,2025-07-05,Tablet,3226,202,38.01,24,1630.17
CAMP-0010,2025-07-05,Desktop,17525,1208,311.77,55,7700.35
CAMP-0010,2025-07-05,Mobile,1787,11,783.74,0,0.00
CAMP-0010,2025-07-05,Tablet,19654,1199,883.26,114,16207.04
CAMP-0015,2025-07-06,Desktop,19686,1313,171.69,3,271.34
CAMP-0015,2025-07-06,Mobile,8806,597,607.55,52,7474.75
CAMP-0015,2025-07-06,Tablet,11671,537,277.90,5,581.46
CAMP-0020,2025-07-06,Desktop,17648,783,456.90,37,5246.30
CAMP-0020,2025-07-06,Mobile,3088,150,429.29,2,210.10
CAMP-0020,2025-07-06,Tablet,3906,68,734.40,2,222.41
CAMP-0010,2025-07-06,Desktop,13468,126,244.89,12,640.68
CAMP-0010,2025-07-06,Mobile,4025,103,718.39,9,750.02
CAMP-0010,2025-07-06,Tablet,15227,281,65.61,16,1089.69
CAMP-0005,2025-07-06,Desktop,17785,814,720.28,88,6033.77
CAMP-0005,2025-07-06,Mobile,3651,230,498.76,3,255.08
CAMP-0005,2025-07-06,Tablet,4174,82,129.95,7,500.56
CAMP-0010,2025-07-07,Desktop,21772,790,816.11,26,2541.88
CAMP-0010,2025-07-07,Mobile,7944,340,399.97,27,3440.57
CAMP-0010,2025-07-07,Tablet,24323,292,754.61,11,1566.36
CAMP-0015,2025-07-07,Desktop,11304,448,243.29,13,1877.64
CAMP-0015,2025-07-07,Mobile,692,51,874.26,5,266.86
CAMP-0015,2025-07-07,Tablet,24422,690,205.72,62,7373.33
CAMP-0016,2025-07-07,Desktop,22853,681,109.06,7,847.65
CAMP-0016,2025-07-07,Mobile,15510,1186,798.40,70,8594.33
CAMP-0016,2025-07-07,Tablet,6305,351,729.41,40,3634.39
CAMP-0002,2025-07-07,Desktop,19671,1344,111.83,92,3223.48
CAMP-0002,2025-07-07,Mobile,4598,355,395.37,18,2404.12
CAMP-0002,2025-07-07,Tablet,18083,518,750.79,40,6144.74
CAMP-0017,2025-07-07,Desktop,1292,59,273.04,7,584.22
CAMP-0017,2025-07-07,Mobile,5547,188,760.84,18,702.86
CAMP-0017,2025-07-07,Tablet,22309,522,883.83,11,1736.54
CAMP-0004,2025-07-07,Desktop,3694,111,701.35,3,119.52
CAMP-0004,2025-07-07,Mobile,10723,131,769.68,6,450.61
CAMP-0004,2025-07-07,Tablet,22020,1638,479.79,174,25291.86
CAMP-0010,2025-07-08,Desktop,11463,592,713.24,56,7658.63
CAMP-0010,2025-07-08,Mobile,22407,570,321.55,2,293.42
CAMP-0010,2025-07-08,Tablet,11717,208,326.77,8,630.45
CAMP-0020,2025-07-08,Desktop,19894,1278,77.45,11,1470.63
CAMP-0020,2025-07-08,Mobile,14746,306,114.79,13,921.89
CAMP-0020,2025-07-08,Tablet,9700,471,597.13,49,6934.76
CAMP-0005,2025-07-08,Desktop,6412,186,519.65,5,753.32
CAMP-0005,2025-07-08,Mobile,674,46,694.37,4,564.18
CAMP-0005,2025-07-08,Tablet,2796,148,601.32,9,1303.30
CAMP-0011,2025-07-08,Desktop,9662,469,333.30,42,2830.81
CAMP-0011,2025-07-08,Mobile,23854,525,890.54,52,2727.17
CAMP-0011,2025-07-08,Tablet,16803,205,253.23,14,2191.48
CAMP-0015,2025-07-08,Desktop,11956,599,274.92,15,1377.39
CAMP-0015,2025-07-08,Mobile,13742,1023,385.31,12,699.95
CAMP-0015,2025-07-08,Tablet,7295,128,422.79,13,1405.33
CAMP-0017,2025-07-08,Desktop,1234,63,112.94,3,425.57
CAMP-0017,2025-07-08,Mobile,14212,649,110.62,24,3715.44
CAMP-0017,2025-07-08,Tablet,14422,381,71.24,23,1345.55
CAMP-0009,2025-07-08,Desktop,3437,180,216.44,8,928.54
CAMP-0009,2025-07-08,Mobile,22983,1598,423.02,185,18667.12
CAMP-0009,2025-07-08,Tablet,8176,652,841.34,57,3303.21
CAMP-0016,2025-07-08,Desktop,11293,423,618.36,46,2928.21
CAMP-0016,2025-07-08,Mobile,13006,137,381.75,13,1352.40
CAMP-0016,2025-07-08,Tablet,4248,319,897.22,13,1060.68
CAMP-0003,2025-07-08,Desktop,10073,375,302.32,5,261.74
CAMP-0003,2025-07-08,Mobile,2553,202,59.31,8,540.50
CAMP-0003,2025-07-08,Tablet,4364,229,111.44,19,1160.81
CAMP-0013,2025-07-08,Desktop,22484,1638,387.56,95,12846.03
CAMP-0013,2025-07-08,Mobile,21088,949,431.23,3,233.99
CAMP-0013,2025-07-08,Tablet,24029,527,588.44,54,2351.72
CAMP-0016,2025-07-09,Desktop,6994,35,873.08,3,212.19
CAMP-0016,2025-07-09,Mobile,11471,666,42.65,21,2966.31
CAMP-0016,2025-07-09,Tablet,3053,136,142.24,13,1555.83
CAMP-0018,2025-07-09,Desktop,2502,84,424.76,4,536.35
CAMP-0018,2025-07-09,Mobile,14663,603,45.85,20,1236.55
CAMP-0018,2025-07-09,Tablet,22452,255,803.65,25,2164.64
CAMP-0004,2025-07-09,Desktop,506,4,505.74,0,0.00
CAMP-0004,2025-07-09,Mobile,17061,1255,548.44,99,11454.11
CAMP-0004,2025-07-09,Tablet,18491,761,412.40,26,2544.03
CAMP-0015,2025-07-09,Desktop,22772,587,81.30,54,7314.05
CAMP-0015,2025-07-09,Mobile,24330,1237,825.27,81,12649.83
CAMP-0015,2025-07-09,Tablet,3571,77,528.25,7,461.96
CAMP-0012,2025-07-10,Desktop,19571,1141,302.36,0,0.00
CAMP-0012,2025-07-10,Mobile,23567,1160,448.92,111,17524.21
CAMP-0012,2025-07-10,Tablet,2891,124,333.72,14,542.00
CAMP-0011,2025-07-10,Desktop,9673,455,60.59,10,727.07
CAMP-0011,2025-07-10,Mobile,13735,274,441.08,1,107.40
CAMP-0011,2025-07-10,Tablet,22624,409,439.53,44,4540.31
CAMP-0009,2025-07-10,Desktop,23361,170,199.94,10,910.63
CAMP-0009,2025-07-10,Mobile,19408,510,504.13,10,503.21
CAMP-0009,2025-07-10,Tablet,19925,1530,715.56,162,8114.39
CAMP-0001,2025-07-10,Desktop,8111,349,104.55,24,2982.98
CAMP-0001,2025-07-10,Mobile,10668,832,603.80,78,10909.91
CAMP-0001,2025-07-10,Tablet,965,6,319.67,1,42.19
CAMP-0003,2025-07-10,Desktop,6130,50,702.47,5,597.56
CAMP-0003,2025-07-10,Mobile,11782,464,276.23,10,920.28
CAMP-0003,2025-07-10,Tablet,23429,1610,550.33,165,7005.91
CAMP-0007,2025-07-10,Desktop,7885,192,505.23,22,2366.15
CAMP-0007,2025-07-10,Mobile,9656,519,792.35,7,975.24
CAMP-0007,2025-07-10,Tablet,21120,642,71.59,23,2927.18
CAMP-0017,2025-07-11,Desktop,716,53,507.97,6,645.68
CAMP-0017,2025-07-11,Mobile,22205,305,125.22,17,1238.08
CAMP-0017,2025-07-11,Tablet,15124,1207,98.77,140,21633.18
CAMP-0001,2025-07-11,Desktop,5376,414,103.16,12,1508.67
CAMP-0001,2025-07-11,Mobile,15987,757,439.71,73,8863.54
CAMP-0001,2025-07-11,Tablet,16768,341,59.35,9,556.11
CAMP-0005,2025-07-11,Desktop,10363,171,551.93,19,823.95
CAMP-0005,2025-07-11,Mobile,6139,115,763.49,0,0.00
CAMP-0005,2025-07-11,Tablet,19649,471,828.48,54,6353.29
CAMP-0016,2025-07-11,Desktop,13581,83,289.48,9,1198.03
CAMP-0016,2025-07-11,Mobile,13715,964,755.29,77,3416.11
CAMP-0016,2025-07-11,Tablet,15032,751,621.38,17,2625.77
CAMP-0011,2025-07-11,Desktop,7942,574,491.40,48,7214.93
CAMP-0011,2025-07-11,Mobile,17605,150,260.19,13,1767.27
CAMP-0011,2025-07-11,Tablet,7089,437,656.62,30,3998.88
CAMP-0007,2025-07-12,Desktop,20800,241,779.83,2,235.22
CAMP-0007,2025-07-12,Mobile,23494,1849,619.02,43,2651.57
CAMP-0007,2025-07-12,Tablet,22702,430,551.63,18,806.34
CAMP-0008,2025-07-12,Desktop,22255,659,308.53,13,924.52
CAMP-0008,2025-07-12,Mobile,16206,546,507.61,43,3543.45
CAMP-0008,2025-07-12,Tablet,24381,1815,597.69,166,5850.10
CAMP-0004,2025-07-12,Desktop,6918,284,720.68,22,2649.21
CAMP-0004,2025-07-12,Mobile,12230,831,451.26,32,2586.77
CAMP-0004,2025-07-12,Tablet,963,28,150.18,3,427.93
CAMP-0011,2025-07-12,Desktop,24424,1524,227.59,132,5961.98
CAMP-0011,2025-07-12,Mobile,1543,74,256.09,3,388.94
CAMP-0011,2025-07-12,Tablet,7177,267,624.96,14,1046.66
CAMP-0005,2025-07-12,Desktop,3689,84,122.27,3,309.67
CAMP-0005,2025-07-12,Mobile,16744,299,97.51,4,467.96
CAMP-0005,2025-07-12,Tablet,8675,137,850.41,11,1557.96
CAMP-0002,2025-07-12,Desktop,11307,93,704.39,0,0.00
CAMP-0002,2025-07-12,Mobile,3935,232,855.20,7,707.96
CAMP-0002,2025-07-12,Tablet,8470,393,585.15,40,5811.67
CAMP-0018,2025-07-12,Desktop,19663,574,24.38,4,163.14
CAMP-0018,2025-07-12,Mobile,1743,78,688.06,1,39.69
CAMP-0018,2025-07-12,Tablet,15406,728,579.07,69,5553.97
CAMP-0008,2025-07-13,Desktop,24810,155,762.46,2,94.77
CAMP-0008,2025-07-13,Mobile,14947,343,585.70,4,620.66
CAMP-0008,2025-07-13,Tablet,16679,434,687.58,25,3337.46
CAMP-0010,2025-07-13,Desktop,7892,451,182.95,50,2250.93
CAMP-0010,2025-07-13,Mobile,23792,398,725.94,21,1636.46
CAMP-0010,2025-07-13,Tablet,14523,947,664.82,40,2802.64
CAMP-0007,2025-07-13,Desktop,6282,326,85.73,3,175.28
CAMP-0007,2025-07-13,Mobile,18105,178,832.13,20,2761.70
CAMP-0007,2025-07-13,Tablet,15666,89,646.17,6,855.16
CAMP-0005,2025-07-13,Desktop,6942,187,241.18,15,2207.28
CAMP-0005,2025-07-13,Mobile,2728,177,33.09,1,42.61
CAMP-0005,2025-07-13,Tablet,11947,748,114.66,83,10718.74
CAMP-0010,2025-07-14,Desktop,10057,366,60.41,9,368.62
CAMP-0010,2025-07-14,Mobile,18275,1088,121.18,64,2772.55
CAMP-0010,2025-07-14,Tablet,23111,1729,84.42,145,6498.68
CAMP-0017,2025-07-14,Desktop,7557,278,826.75,18,1995.05
CAMP-0017,2025-07-14,Mobile,8957,610,72.90,37,4329.21
CAMP-0017,2025-07-14,Tablet,9921,71,178.30,3,220.32
CAMP-0001,2025-07-14,Desktop,22317,434,76.25,41,1548.75
CAMP-0001,2025-07-14,Mobile,9395,374,85.36,19,1587.20
CAMP-0001,2025-07-14,Tablet,4719,271,361.50,18,2351.51
CAMP-0009,2025-07-14,Desktop,7209,540,782.99,24,1429.63
CAMP-0009,2025-07-14,Mobile,1660,25,657.89,0,0.00
CAMP-0009,2025-07-14,Tablet,12601,938,289.92,5,272.61
CAMP-0007,2025-07-14,Desktop,24870,608,327.34,29,3497.09
CAMP-0007,2025-07-14,Mobile,858,27,232.61,0,0.00
CAMP-0007,2025-07-14,Tablet,12694,149,143.39,0,0.00
CAMP-0020,2025-07-14,Desktop,6537,335,64.91,32,4903.45
CAMP-0020,2025-07-14,Mobile,15022,529,200.54,0,0.00
CAMP-0020,2025-07-14,Tablet,14010,1093,24.94,47,3184.08
CAMP-0016,2025-07-14,Desktop,9680,276,662.22,2,149.73
CAMP-0016,2025-07-14,Mobile,9458,164,766.21,8,1129.16
CAMP-0016,2025-07-14,Tablet,11899,765,148.27,39,6236.74
CAMP-0019,2025-07-14,Desktop,3374,124,483.24,7,397.69
CAMP-0019,2025-07-14,Mobile,1992,128,838.35,9,1196.87
CAMP-0019,2025-07-14,Tablet,12232,208,43.82,4,158.04
CAMP-0019,2025-07-15,Desktop,9248,214,682.03,0,0.00
CAMP-0019,2025-07-15,Mobile,10417,440,149.37,40,4894.20
CAMP-0019,2025-07-15,Tablet,18068,746,823.01,18,961.02
CAMP-0006,2025-07-15,Desktop,6387,356,653.96,24,1127.43
CAMP-0006,2025-07-15,Mobile,9628,392,592.97,17,1580.88
CAMP-0006,2025-07-15,Tablet,19896,315,123.10,5,547.21
CAMP-0003,2025-07-15,Desktop,20032,1083,143.23,44,6814.00
CAMP-0003,2025-07-15,Mobile,24177,1152,394.78,95,13164.89
CAMP-0003,2025-07-15,Tablet,4076,127,246.75,4,244.74
CAMP-0016,2025-07-15,Desktop,3140,203,288.44,19,727.13
CAMP-0016,2025-07-15,Mobile,12775,786,442.21,42,4724.20
CAMP-0016,2025-07-15,Tablet,3943,189,488.09,22,3005.30
CAMP-0013,2025-07-15,Desktop,22086,248,780.26,17,1700.72
CAMP-0013,2025-07-15,Mobile,23444,759,741.42,19,1438.17
CAMP-0013,2025-07-15,Tablet,1674,32,650.95,0,0.00
CAMP-0018,2025-07-15,Desktop,19948,1202,464.49,64,3843.89
CAMP-0018,2025-07-15,Mobile,20889,504,517.48,41,5162.00
CAMP-0018,2025-07-15,Tablet,4840,134,208.26,5,674.60
CAMP-0001,2025-07-15,Desktop,23783,1707,333.78,93,4816.68
CAMP-0001,2025-07-15,Mobile,16783,178,689.18,0,0.00
CAMP-0001,2025-07-15,Tablet,9389,318,823.95,4,372.23
CAMP-0011,2025-07-15,Desktop,1516,47,458.58,3,425.03
CAMP-0011,2025-07-15,Mobile,12318,466,515.76,30,4503.23
CAMP-0011,2025-07-15,Tablet,4705,336,488.08,35,5412.70
CAMP-0007,2025-07-16,Desktop,5600,138,74.87,10,1229.23
CAMP-0007,2025-07-16,Mobile,5501,350,155.58,26,4101.78
CAMP-0007,2025-07-16,Tablet,1954,81,443.07,0,0.00
CAMP-0017,2025-07-16,Desktop,11014,431,605.78,0,0.00
CAMP-0017,2025-07-16,Mobile,5188,99,76.29,4,524.69
CAMP-0017,2025-07-16,Tablet,3019,182,866.76,6,489.86
CAMP-0010,2025-07-16,Desktop,24537,1354,514.77,12,819.12
CAMP-0010,2025-07-16,Mobile,12920,104,419.54,10,1532.08
CAMP-0010,2025-07-16,Tablet,14461,307,261.50,21,2597.15
CAMP-0004,2025-07-16,Desktop,6099,422,271.64,9,1404.54
CAMP-0004,2025-07-16,Mobile,9159,213,141.04,17,848.37
CAMP-0004,2025-07-16,Tablet,3630,251,529.20,3,361.77
CAMP-0015,2025-07-16,Desktop,24325,461,860.25,39,2463.57
CAMP-0015,2025-07-16,Mobile,5277,46,812.52,3,251.93
CAMP-0015,2025-07-16,Tablet,2625,181,734.17,13,1267.69
CAMP-0019,2025-07-16,Desktop,2841,126,403.68,13,1913.82
CAMP-0019,2025-07-16,Mobile,10679,407,713.86,29,2983.46
CAMP-0019,2025-07-16,Tablet,15736,267,193.90,22,2460.26
CAMP-0013,2025-07-17,Desktop,4598,194,728.12,23,2217.19
CAMP-0013,2025-07-17,Mobile,7745,616,784.68,34,4590.20
CAMP-0013,2025-07-17,Tablet,19822,1104,856.89,2,112.92
CAMP-0009,2025-07-17,Desktop,22509,1128,604.97,130,9831.75
CAMP-0009,2025-07-17,Mobile,8829,523,168.49,26,2476.23
CAMP-0009,2025-07-17,Tablet,15021,1164,645.55,30,3056.30
CAMP-0010,2025-07-17,Desktop,3351,44,803.45,3,466.10
CAMP-0010,2025-07-17,Mobile,7735,129,551.02,9,1038.47
CAMP-0010,2025-07-17,Tablet,6921,355,301.24,37,3290.86
CAMP-0019,2025-07-17,Desktop,23535,210,788.84,19,1410.85
CAMP-0019,2025-07-17,Mobile,24286,1426,514.83,51,2412.72
CAMP-0019,2025-07-17,Tablet,16027,831,532.06,86,5497.53
CAMP-0002,2025-07-17,Desktop,19436,1079,201.58,102,12573.31
CAMP-0002,2025-07-17,Mobile,10189,145,246.42,10,1534.42
CAMP-0002,2025-07-17,Tablet,1803,13,839.52,0,0.00
CAMP-0006,2025-07-17,Desktop,18736,1184,336.68,126,15497.15
CAMP-0006,2025-07-17,Mobile,11413,765,319.78,40,2618.09
CAMP-0006,2025-07-17,Tablet,16128,702,718.13,40,3815.82
CAMP-0020,2025-07-17,Desktop,12528,417,104.38,32,4239.40
CAMP-0020,2025-07-17,Mobile,4844,200,198.95,20,766.49
CAMP-0020,2025-07-17,Tablet,12160,488,506.81,49,7268.31
CAMP-0009,2025-07-18,Desktop,14246,409,419.43,7,713.18
CAMP-0009,2025-07-18,Mobile,11200,274,222.74,6,929.79
CAMP-0009,2025-07-18,Tablet,8008,125,687.33,3,393.36
CAMP-0010,2025-07-18,Desktop,6988,78,120.67,8,556.60
CAMP-0010,2025-07-18,Mobile,10714,144,430.26,16,1037.53
CAMP-0010,2025-07-18,Tablet,23692,466,262.14,28,3120.24
CAMP-0006,2025-07-18,Desktop,17295,831,188.40,52,8185.17
CAMP-0006,2025-07-18,Mobile,18634,409,491.00,11,1248.74
CAMP-0006,2025-07-18,Tablet,13428,778,562.23,82,6998.67
CAMP-0008,2025-07-18,Desktop,15717,1074,719.48,26,1245.55
CAMP-0008,2025-07-18,Mobile,13068,333,215.53,11,1668.33
CAMP-0008,2025-07-18,Tablet,15922,162,869.98,11,763.39
CAMP-0012,2025-07-18,Desktop,22978,453,604.92,49,3497.94
CAMP-0012,2025-07-18,Mobile,19264,1338,746.34,105,5410.31
CAMP-0012,2025-07-18,Tablet,1584,83,338.86,8,942.18
CAMP-0005,2025-07-18,Desktop,2597,174,509.12,8,690.18
CAMP-0005,2025-07-18,Mobile,9355,392,468.27,37,1693.41
CAMP-0005,2025-07-18,Tablet,11976,735,344.03,36,2474.35
CAMP-0020,2025-07-18,Desktop,20086,1369,632.28,60,2877.36
CAMP-0020,2025-07-18,Mobile,14668,784,894.09,89,4612.85
CAMP-0020,2025-07-18,Tablet,1851,110,642.83,4,429.86
CAMP-0015,2025-07-18,Desktop,13355,135,173.56,14,2068.79
CAMP-0015,2025-07-18,Mobile,12460,859,538.37,70,5323.70
CAMP-0015,2025-07-18,Tablet,13775,730,516.67,84,7117.79
CAMP-0015,2025-07-19,Desktop,17379,266,259.11,13,1518.78
CAMP-0015,2025-07-19,Mobile,22281,991,570.99,45,4177.32
CAMP-0015,2025-07-19,Tablet,19966,403,328.97,29,1842.10
CAMP-0011,2025-07-19,Desktop,5142,122,710.57,2,309.67
CAMP-0011,2025-07-19,Mobile,8640,312,726.43,33,4059.35
CAMP-0011,2025-07-19,Tablet,16529,555,560.64,41,2790.61
CAMP-0018,2025-07-19,Desktop,22858,565,485.54,51,4374.02
CAMP-0018,2025-07-19,Mobile,21055,532,536.67,56,7736.76
CAMP-0018,2025-07-19,Tablet,11772,846,672.26,57,3795.63
CAMP-0005,2025-07-19,Desktop,10399,573,335.18,56,2916.98
CAMP-0005,2025-07-19,Mobile,18451,1449,554.77,163,8245.53
CAMP-0005,2025-07-19,Tablet,16806,153,774.60,8,745.07
CAMP-0014,2025-07-19,Desktop,6632,154,256.91,16,930.53
CAMP-0014,2025-07-19,Mobile,17037,925,408.36,100,6551.29
CAMP-0014,2025-07-19,Tablet,24699,135,420.07,10,494.55
CAMP-0008,2025-07-19,Desktop,1395,98,529.00,7,287.30
CAMP-0008,2025-07-19,Mobile,21908,736,734.24,34,3243.97
CAMP-0008,2025-07-19,Tablet,13250,623,149.62,29,1631.48
CAMP-0001,2025-07-19,Desktop,6452,407,832.48,20,2071.17
CAMP-0001,2025-07-19,Mobile,3017,219,442.68,22,3001.28
CAMP-0001,2025-07-19,Tablet,18450,1036,38.52,25,2761.00
CAMP-0004,2025-07-19,Desktop,5583,210,161.45,24,1258.57
CAMP-0004,2025-07-19,Mobile,22262,1508,354.38,20,972.85
CAMP-0004,2025-07-19,Tablet,5784,194,683.61,22,1761.12
CAMP-0019,2025-07-19,Desktop,9029,64,127.11,7,531.08
CAMP-0019,2025-07-19,Mobile,9689,224,467.21,19,2796.06
CAMP-0019,2025-07-19,Tablet,7431,223,203.97,11,1425.33
CAMP-0009,2025-07-19,Desktop,8627,588,365.09,26,1824.70
CAMP-0009,2025-07-19,Mobile,24982,1333,869.41,42,1807.93
CAMP-0009,2025-07-19,Tablet,7633,608,872.63,10,1353.53
CAMP-0009,2025-07-20,Desktop,1079,47,710.07,0,0.00
CAMP-0009,2025-07-20,Mobile,12609,344,370.97,27,4181.06
CAMP-0009,2025-07-20,Tablet,11748,732,72.10,20,1523.79
CAMP-0010,2025-07-20,Desktop,14178,993,724.32,39,3562.81
CAMP-0010,2025-07-20,Mobile,8233,400,479.05,11,1543.85
CAMP-0010,2025-07-20,Tablet,8801,422,507.23,16,691.33
CAMP-0006,2025-07-20,Desktop,7224,533,505.43,39,6123.07
CAMP-0006,2025-07-20,Mobile,2803,80,772.41,0,0.00
CAMP-0006,2025-07-20,Tablet,20969,428,254.55,45,2786.37
CAMP-0017,2025-07-20,Desktop,16773,1151,273.06,133,10249.98
CAMP-0017,2025-07-20,Mobile,12794,224,394.80,16,607.53
CAMP-0017,2025-07-20,Tablet,22307,644,77.42,58,5826.83
CAMP-0003,2025-07-20,Desktop,12946,168,836.46,8,517.14
CAMP-0003,2025-07-20,Mobile,12409,925,404.37,73,7317.95
CAMP-0003,2025-07-20,Tablet,14501,888,247.48,90,5977.30
CAMP-0012,2025-07-20,Desktop,3680,210,752.97,20,2485.13
CAMP-0012,2025-07-20,Mobile,1584,114,32.39,10,785.02
CAMP-0012,2025-07-20,Tablet,8996,481,554.86,53,6020.57
CAMP-0020,2025-07-20,Desktop,23531,1859,124.49,132,17816.97
CAMP-0020,2025-07-20,Mobile,9757,422,91.56,6,696.06
CAMP-0020,2025-07-20,Tablet,11538,102,600.25,5,355.26
CAMP-0001,2025-07-21,Desktop,2309,182,821.44,13,1421.50
CAMP-0001,2025-07-21,Mobile,13439,678,830.08,46,1932.32
CAMP-0001,2025-07-21,Tablet,3164,68,197.52,4,540.73
CAMP-0013,2025-07-21,Desktop,14557,762,537.95,42,3549.89
CAMP-0013,2025-07-21,Mobile,1263,77,688.02,4,462.07
CAMP-0013,2025-07-21,Tablet,20758,526,539.59,22,3428.62
CAMP-0008,2025-07-21,Desktop,23219,420,167.31,33,4811.25
CAMP-0008,2025-07-21,Mobile,12625,936,133.41,107,14505.06
CAMP-0008,2025-07-21,Tablet,5240,313,364.45,9,729.41
CAMP-0017,2025-07-21,Desktop,8849,484,260.57,50,4587.75
CAMP-0017,2025-07-21,Mobile,23137,616,519.01,56,3326.87
CAMP-0017,2025-07-21,Tablet,5445,265,94.54,12,1407.64
CAMP-0020,2025-07-21,Desktop,2310,13,271.86,0,0.00
CAMP-0020,2025-07-21,Mobile,7300,446,736.00,32,2734.55
CAMP-0020,2025-07-21,Tablet,21001,459,60.55,17,2602.97
CAMP-0007,2025-07-21,Desktop,18585,712,361.85,65,5962.74
CAMP-0007,2025-07-21,Mobile,10227,310,99.93,10,470.20
CAMP-0007,2025-07-21,Tablet,15487,540,568.92,34,2442.09
CAMP-0010,2025-07-22,Desktop,16110,224,521.94,10,489.58
CAMP-0010,2025-07-22,Mobile,20973,1599,797.30,50,7509.61
CAMP-0010,2025-07-22,Tablet,18662,887,283.55,1,49.03
CAMP-0015,2025-07-22,Desktop,16725,654,40.20,22,1969.41
CAMP-0015,2025-07-22,Mobile,16905,757,507.54,28,3941.79
CAMP-0015,2025-07-22,Tablet,20392,1138,492.68,31,3648.07
CAMP-0012,2025-07-22,Desktop,12917,338,745.37,23,2215.01
CAMP-0012,2025-07-22,Mobile,22606,771,647.05,62,7531.80
CAMP-0012,2025-07-22,Tablet,20402,1555,303.95,9,887.82
CAMP-0006,2025-07-22,Desktop,10311,350,73.86,2,179.27
CAMP-0006,2025-07-22,Mobile,22376,1667,894.91,68,8661.15
CAMP-0006,2025-07-22,Tablet,20451,593,818.33,9,1303.62
CAMP-0002,2025-07-22,Desktop,16550,570,57.26,54,6274.32
CAMP-0002,2025-07-22,Mobile,21201,1095,547.79,97,14356.68
CAMP-0002,2025-07-22,Tablet,21107,193,307.90,0,0.00
CAMP-0006,2025-07-23,Desktop,14479,1042,613.76,64,2836.70
CAMP-0006,2025-07-23,Mobile,21657,1516,370.50,65,7077.85
CAMP-0006,2025-07-23,Tablet,15353,848,375.07,76,4564.07
CAMP-0005,2025-07-23,Desktop,6138,450,766.95,45,4820.81
CAMP-0005,2025-07-23,Mobile,1159,79,167.77,0,0.00
CAMP-0005,2025-07-23,Tablet,5615,130,527.11,2,167.36
CAMP-0019,2025-07-23,Desktop,12758,714,146.62,35,2085.26
CAMP-0019,2025-07-23,Mobile,10634,61,296.86,7,362.21
CAMP-0019,2025-07-23,Tablet,1129,48,197.69,0,0.00
CAMP-0011,2025-07-23,Desktop,23671,160,605.46,19,1642.49
CAMP-0011,2025-07-23,Mobile,6502,341,739.23,33,5277.47
CAMP-0011,2025-07-23,Tablet,24435,1484,851.24,164,10547.76
CAMP-0009,2025-07-23,Desktop,20080,1371,70.22,3,138.88
CAMP-0009,2025-07-23,Mobile,11131,191,789.22,12,1778.88
CAMP-0009,2025-07-23,Tablet,17375,989,58.58,1,131.26
CAMP-0005,2025-07-24,Desktop,15449,353,387.71,24,3086.37
CAMP-0005,2025-07-24,Mobile,9496,285,631.76,33,2967.03
CAMP-0005,2025-07-24,Tablet,13706,371,709.41,41,4049.41
CAMP-0008,2025-07-24,Desktop,16475,939,804.75,32,3464.11
CAMP-0008,2025-07-24,Mobile,10570,371,583.62,40,4979.23
CAMP-0008,2025-07-24,Tablet,8629,557,788.62,43,4539.11
CAMP-0010,2025-07-24,Desktop,12748,660,472.49,32,2954.52
CAMP-0010,2025-07-24,Mobile,3441,22,170.03,1,94.98
CAMP-0010,2025-07-24,Tablet,17897,432,100.54,33,2778.49
CAMP-0009,2025-07-24,Desktop,4295,278,157.26,22,1882.56
CAMP-0009,2025-07-24,Mobile,23635,351,234.30,16,2456.37
CAMP-0009,2025-07-24,Tablet,23461,644,353.93,67,9517.66
CAMP-0020,2025-07-24,Desktop,9634,579,344.23,21,1226.92
CAMP-0020,2025-07-24,Mobile,13382,871,360.41,15,597.24
CAMP-0020,2025-07-24,Tablet,20905,1402,50.62,78,9875.15
CAMP-0016,2025-07-24,Desktop,3801,36,688.01,3,215.63
CAMP-0016,2025-07-24,Mobile,20024,721,141.66,14,1738.56
CAMP-0016,2025-07-24,Tablet,17881,1088,44.52,20,2183.01
CAMP-0019,2025-07-24,Desktop,13096,173,183.00,16,993.29
CAMP-0019,2025-07-24,Mobile,3822,199,663.73,11,872.59
CAMP-0019,2025-07-24,Tablet,3414,59,634.26,0,0.00
CAMP-0002,2025-07-25,Desktop,8679,361,887.71,8,824.09
CAMP-0002,2025-07-25,Mobile,6047,104,303.19,8,1235.25
CAMP-0002,2025-07-25,Tablet,19083,634,788.75,33,2591.22
CAMP-0011,2025-07-25,Desktop,10987,253,722.83,16,1430.24
CAMP-0011,2025-07-25,Mobile,19405,1229,850.47,101,6906.52
CAMP-0011,2025-07-25,Tablet,12843,796,563.87,46,6728.93
CAMP-0017,2025-07-25,Desktop,6384,330,134.10,9,896.45
CAMP-0017,2025-07-25,Mobile,23748,743,158.66,9,896.95
CAMP-0017,2025-07-25,Tablet,23197,944,583.65,18,1740.40
CAMP-0014,2025-07-25,Desktop,21481,1217,621.06,14,991.55
CAMP-0014,2025-07-25,Mobile,16866,596,483.69,19,1969.97
CAMP-0014,2025-07-25,Tablet,2701,126,764.07,13,1322.59
CAMP-0020,2025-07-25,Desktop,6139,126,121.57,7,1043.26
CAMP-0020,2025-07-25,Mobile,11278,687,376.53,42,2489.46
CAMP-0020,2025-07-25,Tablet,8135,173,335.20,1,156.22
CAMP-0006,2025-07-25,Desktop,24121,981,583.53,2,117.35
CAMP-0006,2025-07-25,Mobile,23098,1604,596.77,134,18113.86
CAMP-0006,2025-07-25,Tablet,11187,136,461.39,13,1476.93
CAMP-0008,2025-07-25,Desktop,12672,860,595.17,92,7626.59
CAMP-0008,2025-07-25,Mobile,7933,610,842.82,59,3162.82
CAMP-0008,2025-07-25,Tablet,2231,129,751.58,2,213.88
CAMP-0007,2025-07-25,Desktop,22843,1739,707.40,154,14807.16
CAMP-0007,2025-07-25,Mobile,9547,241,764.67,14,769.91
CAMP-0007,2025-07-25,Tablet,5271,318,122.74,2,223.04
CAMP-0001,2025-07-26,Desktop,6272,154,172.05,15,1925.56
CAMP-0001,2025-07-26,Mobile,13038,169,732.88,10,994.61
CAMP-0001,2025-07-26,Tablet,14560,929,550.05,105,4760.62
CAMP-0016,2025-07-26,Desktop,18847,807,501.24,86,6104.70
CAMP-0016,2025-07-26,Mobile,16394,863,185.23,73,6570.59
CAMP-0016,2025-07-26,Tablet,13105,301,630.99,4,213.51
CAMP-0018,2025-07-26,Desktop,8610,130,79.30,5,556.62
CAMP-0018,2025-07-26,Mobile,19731,123,168.49,5,760.82
CAMP-0018,2025-07-26,Tablet,17321,1205,776.26,9,653.73
CAMP-0002,2025-07-26,Desktop,24650,855,256.44,21,2776.96
CAMP-0002,2025-07-26,Mobile,14881,86,89.31,7,393.03
CAMP-0002,2025-07-26,Tablet,12878,233,123.38,8,1078.52
CAMP-0004,2025-07-26,Desktop,5917,157,460.92,15,1797.12
CAMP-0004,2025-07-26,Mobile,1086,46,275.16,2,116.55
CAMP-0004,2025-07-26,Tablet,14999,412,618.58,32,3757.97
CAMP-0006,2025-07-27,Desktop,18505,1025,129.51,14,1818.21
CAMP-0006,2025-07-27,Mobile,14425,1030,38.05,118,12384.39
CAMP-0006,2025-07-27,Tablet,4910,373,735.68,14,1340.31
CAMP-0010,2025-07-27,Desktop,10155,698,107.36,26,3510.43
CAMP-0010,2025-07-27,Mobile,8338,126,393.69,2,223.23
CAMP-0010,2025-07-27,Tablet,10113,213,160.02,18,1131.44
CAMP-0004,2025-07-27,Desktop,9527,106,84.95,1,56.95
CAMP-0004,2025-07-27,Mobile,2182,24,694.06,0,0.00
CAMP-0004,2025-07-27,Tablet,10096,319,639.83,25,908.70
CAMP-0008,2025-07-27,Desktop,22340,1281,303.57,84,10594.29
CAMP-0008,2025-07-27,Mobile,19222,1348,667.89,155,11464.71
CAMP-0008,2025-07-27,Tablet,14704,891,359.48,44,5660.26
CAMP-0013,2025-07-28,Desktop,14218,885,858.76,69,7767.00
CAMP-0013,2025-07-28,Mobile,7799,339,341.19,31,4009.98
CAMP-0013,2025-07-28,Tablet,18338,651,307.23,65,4245.92
CAMP-0018,2025-07-28,Desktop,22678,949,253.76,35,1308.34
CAMP-0018,2025-07-28,Mobile,550,43,674.63,2,92.29
CAMP-0018,2025-07-28,Tablet,13160,997,854.56,31,2246.38
CAMP-0015,2025-07-28,Desktop,10009,732,743.91,46,4685.78
CAMP-0015,2025-07-28,Mobile,13718,1011,180.48,31,3738.47
CAMP-0015,2025-07-28,Tablet,3134,100,21.60,4,589.68
CAMP-0017,2025-07-28,Desktop,5066,151,497.40,11,1132.06
CAMP-0017,2025-07-28,Mobile,12766,595,732.66,53,2924.30
CAMP-0017,2025-07-28,Tablet,2292,155,106.17,16,775.61
CAMP-0020,2025-07-28,Desktop,16419,167,399.89,15,2295.37
CAMP-0020,2025-07-28,Mobile,7465,350,246.29,31,2533.44
CAMP-0020,2025-07-28,Tablet,11388,351,304.34,29,4426.40
CAMP-0007,2025-07-28,Desktop,13429,71,22.21,1,85.89
CAMP-0007,2025-07-28,Mobile,8781,192,587.59,11,522.25
CAMP-0007,2025-07-28,Tablet,7475,202,776.65,8,854.27
CAMP-0019,2025-07-28,Desktop,9263,206,528.18,20,1696.37
CAMP-0019,2025-07-28,Mobile,22817,420,839.31,41,3201.49
CAMP-0019,2025-07-28,Tablet,3560,190,647.92,7,958.77
CAMP-0012,2025-07-28,Desktop,17419,1299,731.74,129,18763.73
CAMP-0012,2025-07-28,Mobile,7953,126,544.35,11,395.21
CAMP-0012,2025-07-28,Tablet,22549,634,118.56,52,4117.12
CAMP-0009,2025-07-28,Desktop,3274,177,623.42,8,1086.43
CAMP-0009,2025-07-28,Mobile,20998,1160,278.70,30,3623.97
CAMP-0009,2025-07-28,Tablet,20705,1362,225.36,53,3545.80
CAMP-0019,2025-07-29,Desktop,5081,300,812.31,34,3652.45
CAMP-0019,2025-07-29,Mobile,19206,270,846.74,10,834.62
CAMP-0019,2025-07-29,Tablet,22339,935,635.46,75,6563.77
CAMP-0001,2025-07-29,Desktop,16630,1107,473.09,6,738.53
CAMP-0001,2025-07-29,Mobile,15462,163,253.49,16,2165.40
CAMP-0001,2025-07-29,Tablet,21863,1247,218.57,98,11439.92
CAMP-0003,2025-07-29,Desktop,10908,715,46.93,12,730.89
CAMP-0003,2025-07-29,Mobile,14033,109,464.66,11,1100.05
CAMP-0003,2025-07-29,Tablet,2453,117,744.81,5,574.55
CAMP-0016,2025-07-29,Desktop,5230,368,367.36,23,3378.91
CAMP-0016,2025-07-29,Mobile,19673,1272,240.88,83,2920.71
CAMP-0016,2025-07-29,Tablet,8210,371,143.91,37,1626.48
CAMP-0010,2025-07-29,Desktop,8407,572,124.98,1,123.97
CAMP-0010,2025-07-29,Mobile,17617,327,120.84,38,5405.85
CAMP-0010,2025-07-29,Tablet,13953,355,795.22,4,148.23
CAMP-0006,2025-07-29,Desktop,12213,382,540.76,20,1362.10
CAMP-0006,2025-07-29,Mobile,9942,530,525.98,45,4609.74
CAMP-0006,2025-07-29,Tablet,13740,734,300.44,64,5887.41
CAMP-0018,2025-07-29,Desktop,3482,140,398.16,15,1562.18
CAMP-0018,2025-07-29,Mobile,3968,150,891.45,10,750.00
CAMP-0018,2025-07-29,Tablet,14179,813,656.95,48,6996.82
CAMP-0017,2025-07-29,Desktop,6747,213,615.99,22,3177.54
CAMP-0017,2025-07-29,Mobile,16171,420,882.51,26,2877.04
CAMP-0017,2025-07-29,Tablet,13416,559,113.63,29,2572.53
CAMP-0015,2025-07-29,Desktop,2449,180,499.99,15,2086.86
CAMP-0015,2025-07-29,Mobile,6729,393,182.58,46,4019.59
CAMP-0015,2025-07-29,Tablet,14155,545,541.09,61,6006.02
CAMP-0012,2025-07-30,Desktop,3216,50,857.28,0,0.00
CAMP-0012,2025-07-30,Mobile,6757,234,25.72,26,2072.17
CAMP-0012,2025-07-30,Tablet,7316,252,297.84,9,418.91
CAMP-0006,2025-07-30,Desktop,15350,328,92.42,25,2998.77
CAMP-0006,2025-07-30,Mobile,14408,277,742.61,26,1772.71
CAMP-0006,2025-07-30,Tablet,4891,135,124.99,5,526.76
CAMP-0020,2025-07-30,Desktop,18783,377,312.09,12,776.35
CAMP-0020,2025-07-30,Mobile,10347,759,857.97,82,4236.29
CAMP-0020,2025-07-30,Tablet,5618,385,763.51,8,651.12
CAMP-0010,2025-07-30,Desktop,20773,581,217.58,39,1386.98
CAMP-0010,2025-07-30,Mobile,3762,199,226.04,10,1592.11
CAMP-0010,2025-07-30,Tablet,14422,419,160.48,9,896.41
CAMP-0017,2025-07-30,Desktop,16054,682,303.63,17,2108.15
CAMP-0017,2025-07-30,Mobile,2425,82,503.66,9,774.55
CAMP-0017,2025-07-30,Tablet,10588,207,244.22,23,1785.02
CAMP-0018,2025-07-30,Desktop,9843,759,56.56,54,7119.85
CAMP-0018,2025-07-30,Mobile,13162,947,432.28,51,7146.03
CAMP-0018,2025-07-30,Tablet,20185,165,590.76,2,256.28
CAMP-0002,2025-07-30,Desktop,21565,1066,875.81,11,943.31
CAMP-0002,2025-07-30,Mobile,20657,804,286.76,88,11125.31
CAMP-0002,2025-07-30,Tablet,13815,760,41.42,51,7299.76
CAMP-0019,2025-07-30,Desktop,3792,121,715.20,14,1249.28
CAMP-0019,2025-07-30,Mobile,23082,287,593.90,13,588.75
CAMP-0019,2025-07-30,Tablet,21795,1222,509.42,143,19130.07
CAMP-0005,2025-07-31,Desktop,18530,406,339.58,48,5345.81
CAMP-0005,2025-07-31,Mobile,2472,104,264.55,5,525.50
CAMP-0005,2025-07-31,Tablet,5895,110,830.34,9,561.32
CAMP-0018,2025-07-31,Desktop,816,35,265.88,1,88.50
CAMP-0018,2025-07-31,Mobile,2109,54,631.31,4,269.76
CAMP-0018,2025-07-31,Tablet,18026,1206,112.30,32,3599.44
CAMP-0015,2025-07-31,Desktop,16023,944,856.27,52,5365.29
CAMP-0015,2025-07-31,Mobile,20741,281,811.15,26,4093.71
CAMP-0015,2025-07-31,Tablet,10978,715,699.24,23,2038.04
CAMP-0004,2025-07-31,Desktop,2797,111,748.63,11,516.93
CAMP-0004,2025-07-31,Mobile,22528,1738,98.43,19,2741.39
CAMP-0004,2025-07-31,Tablet,4133,308,78.74,17,2590.97
CAMP-0014,2025-08-01,Desktop,3903,306,897.67,32,2624.50
CAMP-0014,2025-08-01,Mobile,19146,550,96.34,6,517.52
CAMP-0014,2025-08-01,Tablet,9908,314,872.13,1,139.68
CAMP-0001,2025-08-01,Desktop,4253,173,623.08,7,953.44
CAMP-0001,2025-08-01,Mobile,17111,1256,127.82,54,2694.65
CAMP-0001,2025-08-01,Tablet,1757,41,645.15,4,571.56
CAMP-0005,2025-08-01,Desktop,1981,71,262.25,0,0.00
CAMP-0005,2025-08-01,Mobile,19805,1311,496.91,145,19560.57
CAMP-0005,2025-08-01,Tablet,13595,84,407.78,6,696.05
CAMP-0011,2025-08-01,Desktop,24233,1526,263.54,62,3530.99
CAMP-0011,2025-08-01,Mobile,17868,1010,325.39,80,3153.43
CAMP-0011,2025-08-01,Tablet,14405,199,778.10,9,912.09
CAMP-0007,2025-08-01,Desktop,10837,151,175.49,15,1018.16
CAMP-0007,2025-08-01,Mobile,9289,339,145.72,25,3812.01
CAMP-0007,2025-08-01,Tablet,10993,661,516.12,10,370.98
CAMP-0008,2025-08-01,Desktop,4485,154,839.93,4,519.56
CAMP-0008,2025-08-01,Mobile,17448,813,678.84,55,6315.89
CAMP-0008,2025-08-01,Tablet,5258,420,867.95,14,1761.50
CAMP-0013,2025-08-01,Desktop,1664,101,397.53,3,216.64
CAMP-0013,2025-08-01,Mobile,21054,178,884.69,20,1245.41
CAMP-0013,2025-08-01,Tablet,16610,1214,396.37,18,946.52
CAMP-0020,2025-08-01,Desktop,10309,440,815.16,30,4062.68
CAMP-0020,2025-08-01,Mobile,10000,185,392.55,6,519.16
CAMP-0020,2025-08-01,Tablet,5392,297,484.06,12,1909.45
CAMP-0019,2025-08-01,Desktop,16950,595,840.99,15,2116.83
CAMP-0019,2025-08-01,Mobile,14357,1087,732.35,119,7324.09
CAMP-0019,2025-08-01,Tablet,15228,475,226.04,24,1301.87
CAMP-0015,2025-08-01,Desktop,18930,585,135.94,37,2208.28
CAMP-0015,2025-08-01,Mobile,4260,202,765.77,7,525.10
CAMP-0015,2025-08-01,Tablet,1679,47,778.65,2,102.69
CAMP-0020,2025-08-02,Desktop,18634,787,880.84,66,4116.35
CAMP-0020,2025-08-02,Mobile,20719,598,790.89,33,2556.36
CAMP-0020,2025-08-02,Tablet,12723,932,216.93,63,3259.22
CAMP-0019,2025-08-02,Desktop,12585,196,699.75,21,742.64
CAMP-0019,2025-08-02,Mobile,3036,191,299.21,7,495.91
CAMP-0019,2025-08-02,Tablet,2830,158,213.92,3,253.64
CAMP-0009,2025-08-02,Desktop,6028,323,592.61,12,1177.24
CAMP-0009,2025-08-02,Mobile,12954,737,849.86,41,2842.67
CAMP-0009,2025-08-02,Tablet,17787,1266,714.16,148,19628.75
CAMP-0012,2025-08-02,Desktop,13615,437,845.16,5,521.05
CAMP-0012,2025-08-02,Mobile,6431,363,590.00,2,212.37
CAMP-0012,2025-08-02,Tablet,2914,183,352.68,17,829.84
CAMP-0008,2025-08-02,Desktop,21870,775,719.12,43,3433.86
CAMP-0008,2025-08-02,Mobile,9003,436,185.01,20,1409.47
CAMP-0008,2025-08-02,Tablet,4184,133,94.68,5,719.19
CAMP-0006,2025-08-02,Desktop,19622,1115,495.02,56,7139.01
CAMP-0006,2025-08-02,Mobile,17064,779,777.58,26,2430.37
CAMP-0006,2025-08-02,Tablet,13974,984,543.70,84,7965.99
CAMP-0014,2025-08-02,Desktop,5366,127,814.63,2,78.71
CAMP-0014,2025-08-02,Mobile,9046,268,534.14,24,1509.14
CAMP-0014,2025-08-02,Tablet,8701,523,376.69,30,2003.92
CAMP-0010,2025-08-02,Desktop,6072,149,439.15,1,77.72
CAMP-0010,2025-08-02,Mobile,23528,1521,775.78,70,3847.13
CAMP-0010,2025-08-02,Tablet,19870,396,241.24,21,923.80
CAMP-0009,2025-08-03,Desktop,19250,740,372.36,15,1548.85
CAMP-0009,2025-08-03,Mobile,8794,465,584.57,31,3584.87
CAMP-0009,2025-08-03,Tablet,20912,312,106.90,21,1249.37
CAMP-0015,2025-08-03,Desktop,8919,124,33.13,14,2164.19
CAMP-0015,2025-08-03,Mobile,22444,1276,330.91,129,12438.06
CAMP-0015,2025-08-03,Tablet,18072,1184,854.93,124,18873.11
CAMP-0004,2025-08-03,Desktop,3851,172,737.86,6,601.48
CAMP-0004,2025-08-03,Mobile,17627,160,105.91,8,398.84
CAMP-0004,2025-08-03,Tablet,8052,72,307.84,6,253.11
CAMP-0013,2025-08-03,Desktop,12059,391,597.15,34,3673.56
CAMP-0013,2025-08-03,Mobile,22794,589,477.36,26,3995.38
CAMP-0013,2025-08-03,Tablet,1348,6,819.17,1,129.47
CAMP-0006,2025-08-04,Desktop,17126,279,632.86,18,2677.88
CAMP-0006,2025-08-04,Mobile,14822,194,797.38,10,1055.87
CAMP-0006,2025-08-04,Tablet,22744,1651,32.71,197,26108.91
CAMP-0011,2025-08-04,Desktop,15537,1186,502.49,32,1370.67
CAMP-0011,2025-08-04,Mobile,23284,1538,608.63,14,1603.69
CAMP-0011,2025-08-04,Tablet,16697,521,752.54,53,4509.70
CAMP-0004,2025-08-04,Desktop,23185,1629,617.75,39,5233.48
CAMP-0004,2025-08-04,Mobile,11736,422,469.49,34,4868.30
CAMP-0004,2025-08-04,Tablet,19498,481,149.34,33,4400.75
CAMP-0005,2025-08-04,Desktop,17842,639,406.58,25,1029.53
CAMP-0005,2025-08-04,Mobile,20415,473,541.92,11,893.77
CAMP-0005,2025-08-04,Tablet,17846,1005,286.85,89,4108.87
CAMP-0009,2025-08-04,Desktop,20995,1674,245.93,7,539.23
CAMP-0009,2025-08-04,Mobile,11413,620,396.44,54,5432.37
CAMP-0009,2025-08-04,Tablet,652,46,413.27,5,200.59
CAMP-0020,2025-08-04,Desktop,20074,1582,272.09,104,11673.15
CAMP-0020,2025-08-04,Mobile,1390,88,284.35,10,561.32
CAMP-0020,2025-08-04,Tablet,18594,786,340.26,30,2072.59
CAMP-0007,2025-08-04,Desktop,9959,226,593.28,14,1766.50
CAMP-0007,2025-08-04,Mobile,14651,809,350.91,91,3445.73
CAMP-0007,2025-08-04,Tablet,4126,66,711.25,4,183.79
CAMP-0001,2025-08-04,Desktop,19685,1047,71.42,1,35.37
CAMP-0001,2025-08-04,Mobile,15520,334,29.70,40,3253.06
CAMP-0001,2025-08-04,Tablet,6397,98,497.31,8,694.07
CAMP-0002,2025-08-04,Desktop,16654,632,577.04,15,1986.87
CAMP-0002,2025-08-04,Mobile,13832,1006,340.77,88,9877.01
CAMP-0002,2025-08-04,Tablet,23760,1444,762.64,91,8160.08
CAMP-0017,2025-08-05,Desktop,7181,569,523.13,22,2192.29
CAMP-0017,2025-08-05,Mobile,13288,220,331.17,16,1838.18
CAMP-0017,2025-08-05,Tablet,8594,502,410.60,1,67.90
CAMP-0013,2025-08-05,Desktop,1620,120,308.10,9,743.33
CAMP-0013,2025-08-05,Mobile,8096,194,898.99,5,653.66
CAMP-0013,2025-08-05,Tablet,3788,302,888.56,19,2279.96
CAMP-0006,2025-08-05,Desktop,2472,185,260.01,21,1517.57
CAMP-0006,2025-08-05,Mobile,18532,700,351.62,34,1696.58
CAMP-0006,2025-08-05,Tablet,9161,80,197.14,3,289.71
CAMP-0014,2025-08-05,Desktop,2493,97,896.35,11,1172.68
CAMP-0014,2025-08-05,Mobile,7550,470,328.39,14,1676.03
CAMP-0014,2025-08-05,Tablet,9090,394,409.87,20,1835.94
CAMP-0019,2025-08-05,Desktop,14541,910,557.57,5,322.10
CAMP-0019,2025-08-05,Mobile,22616,1295,531.90,69,8933.61
CAMP-0019,2025-08-05,Tablet,22079,1646,657.66,84,13166.38
CAMP-0003,2025-08-05,Desktop,20105,1362,835.03,46,1949.24
CAMP-0003,2025-08-05,Mobile,4851,61,760.60,3,246.68
CAMP-0003,2025-08-05,Tablet,11145,352,615.87,1,60.79
CAMP-0008,2025-08-05,Desktop,5960,43,144.58,1,127.41
CAMP-0008,2025-08-05,Mobile,2008,160,695.44,1,151.38
CAMP-0008,2025-08-05,Tablet,2946,65,686.78,3,347.13
CAMP-0020,2025-08-06,Desktop,5530,134,712.76,4,593.93
CAMP-0020,2025-08-06,Mobile,10836,543,356.05,34,3606.54
CAMP-0020,2025-08-06,Tablet,574,6,304.54,0,0.00
CAMP-0014,2025-08-06,Desktop,4287,121,48.26,9,357.47
CAMP-0014,2025-08-06,Mobile,3108,182,114.52,6,678.11
CAMP-0014,2025-08-06,Tablet,7553,603,371.09,33,4352.91
CAMP-0013,2025-08-06,Desktop,1726,94,160.65,3,441.85
CAMP-0013,2025-08-06,Mobile,3706,157,797.91,17,990.69
CAMP-0013,2025-08-06,Tablet,23356,841,804.03,0,0.00
CAMP-0012,2025-08-06,Desktop,6920,286,856.15,24,1313.31
CAMP-0012,2025-08-06,Mobile,23822,713,635.53,8,1085.50
CAMP-0012,2025-08-06,Tablet,7771,230,335.35,17,2532.99
CAMP-0007,2025-08-06,Desktop,15019,581,322.27,30,1378.28
CAMP-0007,2025-08-06,Mobile,7033,300,868.95,18,1872.01
CAMP-0007,2025-08-06,Tablet,19631,247,448.74,21,2147.30
CAMP-0010,2025-08-06,Desktop,18624,850,314.00,57,8763.53
CAMP-0010,2025-08-06,Mobile,5419,73,755.79,6,705.70
CAMP-0010,2025-08-06,Tablet,7040,415,383.30,13,1222.87
CAMP-0009,2025-08-06,Desktop,12391,991,246.56,21,3046.97
CAMP-0009,2025-08-06,Mobile,16422,282,309.88,17,1950.05
CAMP-0009,2025-08-06,Tablet,21597,1020,850.12,121,13819.28
CAMP-0005,2025-08-06,Desktop,16051,585,849.67,48,2156.75
CAMP-0005,2025-08-06,Mobile,19467,1365,691.00,153,9549.04
CAMP-0005,2025-08-06,Tablet,15322,540,822.05,47,5749.57
CAMP-0001,2025-08-06,Desktop,12655,196,411.84,18,1316.28
CAMP-0001,2025-08-06,Mobile,15918,773,580.67,7,803.88
CAMP-0001,2025-08-06,Tablet,21849,1393,832.26,12,1196.99
CAMP-0011,2025-08-07,Desktop,11183,571,419.48,64,6659.20
CAMP-0011,2025-08-07,Mobile,8904,400,161.25,47,5649.62
CAMP-0011,2025-08-07,Tablet,4864,383,881.29,17,1757.26
CAMP-0009,2025-08-07,Desktop,6317,168,417.50,16,2046.68
CAMP-0009,2025-08-07,Mobile,21237,905,640.18,81,9193.06
CAMP-0009,2025-08-07,Tablet,7119,221,890.14,0,0.00
CAMP-0005,2025-08-07,Desktop,10375,352,616.34,36,5151.29
CAMP-0005,2025-08-07,Mobile,20920,367,860.62,22,1482.05
CAMP-0005,2025-08-07,Tablet,20558,922,401.64,93,9397.90
CAMP-0018,2025-08-07,Desktop,17142,108,762.01,11,595.24
CAMP-0018,2025-08-07,Mobile,9466,437,696.38,19,751.62
CAMP-0018,2025-08-07,Tablet,12277,83,837.83,7,390.84
CAMP-0007,2025-08-07,Desktop,24652,249,843.24,27,2368.60
CAMP-0007,2025-08-07,Mobile,7542,343,820.65,5,796.05
CAMP-0007,2025-08-07,Tablet,17817,1322,202.66,10,1059.48
CAMP-0013,2025-08-07,Desktop,7663,146,525.82,1,45.63
CAMP-0013,2025-08-07,Mobile,18249,1300,576.58,92,11505.74
CAMP-0013,2025-08-07,Tablet,22439,1169,149.33,107,9829.81
CAMP-0001,2025-08-08,Desktop,3102,133,352.25,14,2138.77
CAMP-0001,2025-08-08,Mobile,9491,172,824.68,12,1000.89
CAMP-0001,2025-08-08,Tablet,18455,743,309.79,7,314.91
CAMP-0007,2025-08-08,Desktop,2052,154,347.62,12,1278.22
CAMP-0007,2025-08-08,Mobile,15794,397,407.39,33,1621.98
CAMP-0007,2025-08-08,Tablet,18177,1370,120.86,52,7694.61
CAMP-0002,2025-08-08,Desktop,21535,1088,34.25,114,17986.29
CAMP-0002,2025-08-08,Mobile,8742,109,835.01,13,1887.40
CAMP-0002,2025-08-08,Tablet,16345,859,666.41,35,2907.13
CAMP-0018,2025-08-08,Desktop,7106,459,410.07,53,2451.26
CAMP-0018,2025-08-08,Mobile,21304,1377,637.29,64,7377.93
CAMP-0018,2025-08-08,Tablet,23531,1663,244.42,47,4542.45
CAMP-0010,2025-08-08,Desktop,830,22,506.03,2,153.44
CAMP-0010,2025-08-08,Mobile,21197,1123,70.55,117,8761.09
CAMP-0010,2025-08-08,Tablet,3700,262,609.88,14,1678.38
CAMP-0016,2025-08-08,Desktop,2423,107,764.25,3,340.66
CAMP-0016,2025-08-08,Mobile,13941,624,186.01,21,963.41
CAMP-0016,2025-08-08,Tablet,10166,791,49.10,25,3540.74
CAMP-0019,2025-08-08,Desktop,15954,993,76.16,7,1098.04
CAMP-0019,2025-08-08,Mobile,8458,355,359.46,9,700.43
CAMP-0019,2025-08-08,Tablet,13070,816,211.56,55,6199.66
CAMP-0012,2025-08-08,Desktop,14312,1052,326.89,104,9276.56
CAMP-0012,2025-08-08,Mobile,20358,745,850.22,24,1501.42
CAMP-0012,2025-08-08,Tablet,20410,1093,375.16,131,9203.36
CAMP-0009,2025-08-08,Desktop,6468,176,135.19,8,1075.53
CAMP-0009,2025-08-08,Mobile,17845,1160,439.84,54,6912.24
CAMP-0009,2025-08-08,Tablet,3591,153,732.19,18,2865.75
CAMP-0003,2025-08-09,Desktop,9901,310,190.24,4,311.69
CAMP-0003,2025-08-09,Mobile,4239,193,709.67,15,1349.46
CAMP-0003,2025-08-09,Tablet,8601,613,741.74,70,2813.74
CAMP-0007,2025-08-09,Desktop,3296,263,215.99,13,1352.15
CAMP-0007,2025-08-09,Mobile,8700,394,253.92,1,124.10
CAMP-0007,2025-08-09,Tablet,19235,685,792.74,50,7077.74
CAMP-0009,2025-08-09,Desktop,11319,877,768.04,69,4454.81
CAMP-0009,2025-08-09,Mobile,5720,198,66.96,11,1588.93
CAMP-0009,2025-08-09,Tablet,4374,153,169.61,2,177.20
CAMP-0015,2025-08-09,Desktop,21740,1294,548.23,72,9723.58
CAMP-0015,2025-08-09,Mobile,14315,1138,795.61,88,3801.41
CAMP-0015,2025-08-09,Tablet,14387,73,512.62,0,0.00
CAMP-0012,2025-08-09,Desktop,22115,970,192.89,61,7390.61
CAMP-0012,2025-08-09,Mobile,20132,648,93.73,68,7699.84
CAMP-0012,2025-08-09,Tablet,11832,289,195.19,1,75.27
CAMP-0016,2025-08-09,Desktop,12785,956,805.78,86,11997.97
CAMP-0016,2025-08-09,Mobile,19052,1232,297.23,107,14933.68
CAMP-0016,2025-08-09,Tablet,14575,228,183.99,9,1040.76
CAMP-0002,2025-08-09,Desktop,7825,188,161.90,22,2285.44
CAMP-0002,2025-08-09,Mobile,5521,411,137.95,32,1463.15
CAMP-0002,2025-08-09,Tablet,6483,140,250.06,7,625.13
CAMP-0016,2025-08-10,Desktop,23633,233,695.62,14,1947.63
CAMP-0016,2025-08-10,Mobile,2709,118,619.33,10,1014.62
CAMP-0016,2025-08-10,Tablet,11163,757,269.13,36,5748.60
CAMP-0002,2025-08-10,Desktop,9109,309,384.06,27,2916.10
CAMP-0002,2025-08-10,Mobile,15523,1227,770.90,102,15669.81
CAMP-0002,2025-08-10,Tablet,1130,36,610.65,4,289.38
CAMP-0008,2025-08-10,Desktop,4091,69,474.10,3,338.84
CAMP-0008,2025-08-10,Mobile,7068,101,105.32,8,1135.94
CAMP-0008,2025-08-10,Tablet,24647,1301,47.29,3,470.62
CAMP-0005,2025-08-10,Desktop,16629,698,764.41,83,8679.29
CAMP-0005,2025-08-10,Mobile,5934,89,313.57,8,1266.85
CAMP-0005,2025-08-10,Tablet,1191,74,412.37,5,634.42
CAMP-0020,2025-08-10,Desktop,1845,130,248.48,11,584.44
CAMP-0020,2025-08-10,Mobile,11581,787,523.83,76,8184.33
CAMP-0020,2025-08-10,Tablet,6353,470,319.17,47,3780.91
CAMP-0012,2025-08-10,Desktop,14980,176,752.15,19,1424.78
CAMP-0012,2025-08-10,Mobile,20407,683,749.16,35,3826.74
CAMP-0012,2025-08-10,Tablet,10524,455,44.52,31,3320.04
CAMP-0017,2025-08-10,Desktop,14451,339,81.35,21,2171.10
CAMP-0017,2025-08-10,Mobile,23495,1814,393.00,149,13691.71
CAMP-0017,2025-08-10,Tablet,15562,705,496.08,26,1468.66
CAMP-0014,2025-08-10,Desktop,3074,66,855.68,4,267.64
CAMP-0014,2025-08-10,Mobile,5668,99,120.70,2,115.46
CAMP-0014,2025-08-10,Tablet,24681,1375,567.72,9,364.80
CAMP-0008,2025-08-11,Desktop,4177,297,802.71,0,0.00
CAMP-0008,2025-08-11,Mobile,5300,291,822.79,5,335.97
CAMP-0008,2025-08-11,Tablet,3726,257,419.87,18,1256.20
CAMP-0014,2025-08-11,Desktop,7159,342,211.38,3,372.08
CAMP-0014,2025-08-11,Mobile,12936,862,362.88,5,648.09
CAMP-0014,2025-08-11,Tablet,5537,254,112.06,5,253.55
CAMP-0013,2025-08-11,Desktop,16687,571,181.85,39,5195.18
CAMP-0013,2025-08-11,Mobile,7022,382,414.84,12,1710.07
CAMP-0013,2025-08-11,Tablet,17130,578,543.79,51,6169.64
CAMP-0017,2025-08-11,Desktop,9064,48,532.69,5,733.70
CAMP-0017,2025-08-11,Mobile,21623,403,360.33,47,6499.21
CAMP-0017,2025-08-11,Tablet,20015,489,316.69,38,2229.35
CAMP-0006,2025-08-11,Desktop,6522,260,845.06,14,1832.58
CAMP-0006,2025-08-11,Mobile,9316,470,111.75,18,2297.59
CAMP-0006,2025-08-11,Tablet,7841,597,581.70,60,6601.86
CAMP-0016,2025-08-11,Desktop,17545,990,799.63,9,587.96
CAMP-0016,2025-08-11,Mobile,2240,151,478.71,1,51.48
CAMP-0016,2025-08-11,Tablet,21544,1350,719.88,99,6340.48
CAMP-0018,2025-08-11,Desktop,3173,32,781.48,0,0.00
CAMP-0018,2025-08-11,Mobile,21133,116,323.17,8,1098.67
CAMP-0018,2025-08-11,Tablet,3095,61,228.26,5,178.08
CAMP-0019,2025-08-11,Desktop,5986,476,516.97,34,3900.03
CAMP-0019,2025-08-11,Mobile,24722,193,858.20,0,0.00
CAMP-0019,2025-08-11,Tablet,17690,558,422.35,58,7830.71
CAMP-0015,2025-08-11,Desktop,1743,39,135.08,1,100.31
CAMP-0015,2025-08-11,Mobile,14055,391,806.44,3,130.78
CAMP-0015,2025-08-11,Tablet,6386,147,173.36,15,2096.72
CAMP-0016,2025-08-12,Desktop,1652,117,800.45,1,70.71
CAMP-0016,2025-08-12,Mobile,998,14,361.12,1,84.36
CAMP-0016,2025-08-12,Tablet,6008,57,358.50,4,247.61
CAMP-0007,2025-08-12,Desktop,6577,401,535.36,16,2268.24
CAMP-0007,2025-08-12,Mobile,17024,510,294.09,50,4321.00
CAMP-0007,2025-08-12,Tablet,690,46,507.91,0,0.00
CAMP-0009,2025-08-12,Desktop,18556,1228,864.67,62,9171.40
CAMP-0009,2025-08-12,Mobile,2510,85,533.10,3,464.68
CAMP-0009,2025-08-12,Tablet,19962,939,842.02,54,3467.72
CAMP-0017,2025-08-12,Desktop,6039,126,592.76,3,424.07
CAMP-0017,2025-08-12,Mobile,2712,166,274.57,2,99.92
CAMP-0017,2025-08-12,Tablet,16201,106,733.02,2,258.56
CAMP-0008,2025-08-12,Desktop,21173,203,115.58,7,484.56
CAMP-0008,2025-08-12,Mobile,16741,180,124.88,11,1065.99
CAMP-0008,2025-08-12,Tablet,16865,732,281.50,69,10381.59
CAMP-0013,2025-08-12,Desktop,7394,66,279.63,4,225.22
CAMP-0013,2025-08-12,Mobile,6639,261,301.00,0,0.00
CAMP-0013,2025-08-12,Tablet,4178,312,761.14,28,3596.93
CAMP-0011,2025-08-12,Desktop,7212,195,142.34,0,0.00
CAMP-0011,2025-08-12,Mobile,17591,1373,450.10,147,18626.80
CAMP-0011,2025-08-12,Tablet,12926,312,511.59,22,915.16
CAMP-0020,2025-08-12,Desktop,6707,308,658.09,7,733.97
CAMP-0020,2025-08-12,Mobile,24619,1351,894.38,4,485.14
CAMP-0020,2025-08-12,Tablet,11559,67,135.30,2,176.51
CAMP-0012,2025-08-12,Desktop,22636,1400,332.14,12,1556.36
CAMP-0012,2025-08-12,Mobile,8542,366,610.24,25,3488.84
CAMP-0012,2025-08-12,Tablet,5948,143,156.91,9,1242.40
CAMP-0009,2025-08-13,Desktop,5711,445,280.25,50,3190.18
CAMP-0009,2025-08-13,Mobile,12636,930,836.06,96,15061.29
CAMP-0009,2025-08-13,Tablet,1480,103,893.21,0,0.00
CAMP-0019,2025-08-13,Desktop,1373,82,769.44,4,549.78
CAMP-0019,2025-08-13,Mobile,3762,100,93.51,1,82.82
CAMP-0019,2025-08-13,Tablet,14697,790,803.74,4,630.63
CAMP-0007,2025-08-13,Desktop,12537,592,770.63,24,3146.04
CAMP-0007,2025-08-13,Mobile,19219,980,29.81,102,10771.12
CAMP-0007,2025-08-13,Tablet,3452,158,779.81,13,579.42
CAMP-0013,2025-08-13,Desktop,21199,1544,113.16,24,3387.09
CAMP-0013,2025-08-13,Mobile,17061,998,828.41,2,95.48
CAMP-0013,2025-08-13,Tablet,17401,493,676.93,29,1971.62
CAMP-0018,2025-08-13,Desktop,16143,1202,391.43,85,5697.38
CAMP-0018,2025-08-13,Mobile,7540,549,323.30,54,7176.17
CAMP-0018,2025-08-13,Tablet,18827,231,148.93,15,1596.83
CAMP-0002,2025-08-13,Desktop,11530,376,545.70,14,1454.67
CAMP-0002,2025-08-13,Mobile,5898,378,305.53,43,3623.95
CAMP-0002,2025-08-13,Tablet,14184,513,40.44,10,517.17
CAMP-0001,2025-08-13,Desktop,15538,958,255.68,39,5026.52
CAMP-0001,2025-08-13,Mobile,1283,56,121.97,0,0.00
CAMP-0001,2025-08-13,Tablet,12683,329,887.92,37,4157.59
CAMP-0013,2025-08-14,Desktop,3977,89,92.14,6,896.21
CAMP-0013,2025-08-14,Mobile,12582,455,593.51,14,604.64
CAMP-0013,2025-08-14,Tablet,18887,1098,795.96,18,1056.01
CAMP-0015,2025-08-14,Desktop,21878,110,804.29,10,1565.67
CAMP-0015,2025-08-14,Mobile,10710,334,672.24,8,1193.59
CAMP-0015,2025-08-14,Tablet,13121,813,362.02,28,3404.41
CAMP-0003,2025-08-14,Desktop,20365,898,327.09,97,3612.11
CAMP-0003,2025-08-14,Mobile,2275,40,411.88,0,0.00
CAMP-0003,2025-08-14,Tablet,16983,221,674.33,1,134.12
CAMP-0005,2025-08-14,Desktop,19046,876,714.30,101,4155.71
CAMP-0005,2025-08-14,Mobile,18449,518,221.71,54,2579.45
CAMP-0005,2025-08-14,Tablet,21491,1152,841.10,49,7076.17
CAMP-0018,2025-08-15,Desktop,1588,67,49.26,8,306.33
CAMP-0018,2025-08-15,Mobile,21346,428,215.33,50,4588.07
CAMP-0018,2025-08-15,Tablet,22523,312,572.98,32,4378.57
CAMP-0016,2025-08-15,Desktop,23847,1714,430.74,97,12697.61
CAMP-0016,2025-08-15,Mobile,19807,437,392.88,9,1088.30
CAMP-0016,2025-08-15,Tablet,19152,1310,624.09,64,3846.43
CAMP-0011,2025-08-15,Desktop,5162,327,661.56,19,2230.39
CAMP-0011,2025-08-15,Mobile,14073,392,157.30,13,825.21
CAMP-0011,2025-08-15,Tablet,20159,1410,736.34,138,21361.17
CAMP-0009,2025-08-15,Desktop,14231,146,890.78,0,0.00
CAMP-0009,2025-08-15,Mobile,8250,196,331.35,0,0.00
CAMP-0009,2025-08-15,Tablet,9192,400,577.11,17,852.38
CAMP-0005,2025-08-15,Desktop,24621,636,732.84,28,2418.64
CAMP-0005,2025-08-15,Mobile,10603,568,286.16,40,5058.16
CAMP-0005,2025-08-15,Tablet,6346,447,623.63,35,4313.88
CAMP-0020,2025-08-15,Desktop,11445,488,886.00,27,1463.26
CAMP-0020,2025-08-15,Mobile,13738,1091,124.73,71,6186.77
CAMP-0020,2025-08-15,Tablet,18594,123,677.14,3,353.06
CAMP-0008,2025-08-15,Desktop,12450,787,203.03,52,3575.67
CAMP-0008,2025-08-15,Mobile,21938,269,655.84,19,2940.63
CAMP-0008,2025-08-15,Tablet,1606,68,672.72,7,974.07
CAMP-0010,2025-08-15,Desktop,10224,128,44.35,15,1894.76
CAMP-0010,2025-08-15,Mobile,21147,608,732.44,55,6346.44
CAMP-0010,2025-08-15,Tablet,13077,889,435.68,67,8190.90
CAMP-0012,2025-08-15,Desktop,1270,48,638.09,0,0.00
CAMP-0012,2025-08-15,Mobile,9040,609,606.94,67,7148.85
CAMP-0012,2025-08-15,Tablet,5286,143,481.29,5,645.63
CAMP-0015,2025-08-15,Desktop,18590,964,79.97,29,2216.81
CAMP-0015,2025-08-15,Mobile,585,41,143.20,2,236.72
CAMP-0015,2025-08-15,Tablet,21075,1314,106.65,105,4886.32
CAMP-0018,2025-08-16,Desktop,14562,95,865.05,1,36.18
CAMP-0018,2025-08-16,Mobile,2341,106,639.00,0,0.00
CAMP-0018,2025-08-16,Tablet,12300,752,516.24,90,5246.87
CAMP-0019,2025-08-16,Desktop,2231,52,814.05,5,543.56
CAMP-0019,2025-08-16,Mobile,13684,172,544.78,7,845.05
CAMP-0019,2025-08-16,Tablet,14410,779,374.04,10,579.48
CAMP-0014,2025-08-16,Desktop,16018,481,429.91,18,2339.87
CAMP-0014,2025-08-16,Mobile,9404,695,839.69,23,1394.07
CAMP-0014,2025-08-16,Tablet,21228,1094,142.38,41,4950.47
CAMP-0013,2025-08-16,Desktop,23098,568,682.86,44,1653.73
CAMP-0013,2025-08-16,Mobile,17399,1066,581.88,62,3347.60
CAMP-0013,2025-08-16,Tablet,3884,193,159.24,1,133.95
CAMP-0004,2025-08-16,Desktop,15573,958,824.27,71,9626.68
CAMP-0004,2025-08-16,Mobile,19900,989,342.69,59,7774.56
CAMP-0004,2025-08-16,Tablet,19387,1327,49.30,72,3895.69
CAMP-0003,2025-08-16,Desktop,4737,311,313.54,18,1956.04
CAMP-0003,2025-08-16,Mobile,2621,202,550.86,3,255.30
CAMP-0003,2025-08-16,Tablet,7145,362,700.58,16,2040.49
CAMP-0007,2025-08-16,Desktop,15079,247,790.82,22,3255.34
CAMP-0007,2025-08-16,Mobile,2760,77,160.34,1,51.31
CAMP-0007,2025-08-16,Tablet,19936,652,502.46,38,4966.69
CAMP-0015,2025-08-16,Desktop,10944,100,339.51,2,86.13
CAMP-0015,2025-08-16,Mobile,18987,335,748.40,20,993.25
CAMP-0015,2025-08-16,Tablet,24502,1369,417.29,153,16550.12
CAMP-0008,2025-08-16,Desktop,20702,1645,822.04,135,11383.41
CAMP-0008,2025-08-16,Mobile,5210,323,334.31,24,1788.08
CAMP-0008,2025-08-16,Tablet,11607,663,819.41,57,5439.81
CAMP-0001,2025-08-16,Desktop,3805,121,197.74,1,81.32
CAMP-0001,2025-08-16,Mobile,10345,802,537.73,63,3245.90
CAMP-0001,2025-08-16,Tablet,17669,705,695.41,15,1009.79
CAMP-0008,2025-08-17,Desktop,13416,1012,818.78,115,8419.51
CAMP-0008,2025-08-17,Mobile,14776,697,688.63,0,0.00
CAMP-0008,2025-08-17,Tablet,1986,61,368.78,1,43.28
CAMP-0006,2025-08-17,Desktop,9084,223,129.47,8,930.43
CAMP-0006,2025-08-17,Mobile,7369,356,389.02,22,3057.72
CAMP-0006,2025-08-17,Tablet,8726,177,634.08,9,1279.64
CAMP-0014,2025-08-17,Desktop,6597,210,355.33,19,2687.63
CAMP-0014,2025-08-17,Mobile,2352,145,474.46,13,1414.40
CAMP-0014,2025-08-17,Tablet,5687,284,648.39,1,83.81
CAMP-0016,2025-08-17,Desktop,22969,763,159.98,85,4984.18
CAMP-0016,2025-08-17,Mobile,5085,310,70.60,26,2691.32
CAMP-0016,2025-08-17,Tablet,7774,111,425.12,3,360.71
CAMP-0007,2025-08-17,Desktop,22606,757,99.31,11,401.37
CAMP-0007,2025-08-17,Mobile,18993,1491,295.94,66,10248.70
CAMP-0007,2025-08-17,Tablet,19340,1342,803.43,132,19812.79
CAMP-0002,2025-08-17,Desktop,14508,801,117.80,42,5045.40
CAMP-0002,2025-08-17,Mobile,22478,1342,144.95,116,7497.28
CAMP-0002,2025-08-17,Tablet,7521,520,132.27,27,2546.65
CAMP-0013,2025-08-18,Desktop,21569,746,892.73,23,2548.37
CAMP-0013,2025-08-18,Mobile,22891,1702,771.51,116,15118.07
CAMP-0013,2025-08-18,Tablet,7562,377,134.59,0,0.00
CAMP-0012,2025-08-18,Desktop,9697,536,821.27,59,2136.53
CAMP-0012,2025-08-18,Mobile,21100,410,385.32,21,1571.93
CAMP-0012,2025-08-18,Tablet,11512,833,155.01,56,8264.36
CAMP-0020,2025-08-18,Desktop,13801,619,55.28,51,1893.26
CAMP-0020,2025-08-18,Mobile,23868,1509,701.96,14,1358.43
CAMP-0020,2025-08-18,Tablet,8155,306,189.30,12,1359.60
CAMP-0014,2025-08-18,Desktop,19770,654,623.30,41,6249.56
CAMP-0014,2025-08-18,Mobile,23113,237,202.70,22,2069.25
CAMP-0014,2025-08-18,Tablet,16007,1010,450.72,107,15026.51
CAMP-0009,2025-08-18,Desktop,22874,1625,617.66,8,606.07
CAMP-0009,2025-08-18,Mobile,20072,1081,516.12,114,16377.64
CAMP-0009,2025-08-18,Tablet,11869,886,70.71,4,596.80
CAMP-0003,2025-08-19,Desktop,8441,593,333.48,39,1922.50
CAMP-0003,2025-08-19,Mobile,2967,181,415.22,21,2540.90
CAMP-0003,2025-08-19,Tablet,18915,1466,347.80,83,9109.57
CAMP-0019,2025-08-19,Desktop,6983,62,875.09,7,362.55
CAMP-0019,2025-08-19,Mobile,3374,132,714.65,0,0.00
CAMP-0019,2025-08-19,Tablet,9773,339,213.49,11,1557.95
CAMP-0015,2025-08-19,Desktop,23073,270,795.80,12,1451.76
CAMP-0015,2025-08-19,Mobile,17624,162,810.30,1,90.44
CAMP-0015,2025-08-19,Tablet,2909,97,51.57,2,215.43
CAMP-0007,2025-08-19,Desktop,3626,56,660.59,0,0.00
CAMP-0007,2025-08-19,Mobile,19479,1017,122.33,12,1169.46
CAMP-0007,2025-08-19,Tablet,19868,1471,622.85,49,1985.46
CAMP-0002,2025-08-19,Desktop,23370,1362,640.77,133,14751.39
CAMP-0002,2025-08-19,Mobile,19337,121,611.28,6,230.47
CAMP-0002,2025-08-19,Tablet,24771,1356,436.35,96,10501.62
CAMP-0016,2025-08-20,Desktop,8177,552,167.59,50,4419.85
CAMP-0016,2025-08-20,Mobile,17736,998,450.99,113,13837.94
CAMP-0016,2025-08-20,Tablet,4758,36,239.82,4,452.81
CAMP-0006,2025-08-20,Desktop,2040,161,714.23,10,793.37
CAMP-0006,2025-08-20,Mobile,5943,217,429.22,16,2281.60
CAMP-0006,2025-08-20,Tablet,8954,71,745.34,7,605.84
CAMP-0005,2025-08-20,Desktop,21072,720,817.03,68,9524.82
CAMP-0005,2025-08-20,Mobile,24379,1949,847.24,27,2773.14
CAMP-0005,2025-08-20,Tablet,6025,151,551.33,7,761.25
CAMP-0020,2025-08-20,Desktop,8844,168,584.13,13,1260.67
CAMP-0020,2025-08-20,Mobile,4535,283,536.44,3,392.33
CAMP-0020,2025-08-20,Tablet,5622,375,530.91,39,3077.65
CAMP-0019,2025-08-21,Desktop,18163,980,91.19,86,4446.55
CAMP-0019,2025-08-21,Mobile,11683,159,372.94,15,1095.79
CAMP-0019,2025-08-21,Tablet,15132,92,483.32,5,580.40
CAMP-0017,2025-08-21,Desktop,13810,123,275.39,11,425.36
CAMP-0017,2025-08-21,Mobile,24805,472,634.57,34,1388.32
CAMP-0017,2025-08-21,Tablet,19968,422,648.71,30,1112.06
CAMP-0002,2025-08-21,Desktop,16708,694,483.97,43,4006.92
CAMP-0002,2025-08-21,Mobile,12762,529,227.48,58,4835.58
CAMP-0002,2025-08-21,Tablet,11683,406,808.79,23,1596.02
CAMP-0012,2025-08-21,Desktop,1067,40,874.50,2,247.30
CAMP-0012,2025-08-21,Mobile,12934,731,222.32,71,3125.47
CAMP-0012,2025-08-21,Tablet,12213,842,282.51,42,1819.68
CAMP-0011,2025-08-21,Desktop,3190,77,777.68,5,389.22
CAMP-0011,2025-08-21,Mobile,5601,356,151.23,7,850.31
CAMP-0011,2025-08-21,Tablet,12792,420,625.76,30,1542.02
CAMP-0007,2025-08-21,Desktop,4959,80,429.97,0,0.00
CAMP-0007,2025-08-21,Mobile,22011,552,831.42,22,2295.95
CAMP-0007,2025-08-21,Tablet,2812,16,707.16,1,140.79
CAMP-0018,2025-08-21,Desktop,8705,534,382.41,38,4564.41
CAMP-0018,2025-08-21,Mobile,9516,759,306.96,0,0.00
CAMP-0018,2025-08-21,Tablet,3589,158,816.97,0,0.00
CAMP-0001,2025-08-21,Desktop,3207,79,754.25,0,0.00
CAMP-0001,2025-08-21,Mobile,18050,196,299.27,4,411.90
CAMP-0001,2025-08-21,Tablet,3964,237,589.72,12,424.72
CAMP-0020,2025-08-22,Desktop,23990,1099,821.41,102,7535.92
CAMP-0020,2025-08-22,Mobile,4532,29,801.21,2,240.95
CAMP-0020,2025-08-22,Tablet,14787,870,102.23,77,7074.33
CAMP-0001,2025-08-22,Desktop,12382,105,329.07,10,927.11
CAMP-0001,2025-08-22,Mobile,603,43,162.89,3,232.16
CAMP-0001,2025-08-22,Tablet,9782,80,832.81,3,197.95
CAMP-0003,2025-08-22,Desktop,24867,853,895.00,64,4431.65
CAMP-0003,2025-08-22,Mobile,14458,545,252.81,2,122.75
CAMP-0003,2025-08-22,Tablet,1386,98,172.44,3,156.61
CAMP-0006,2025-08-22,Desktop,5077,71,63.83,6,726.40
CAMP-0006,2025-08-22,Mobile,22119,264,875.93,17,1204.83
CAMP-0006,2025-08-22,Tablet,16681,910,264.05,22,2202.66
CAMP-0004,2025-08-22,Desktop,5104,45,760.39,2,130.35
CAMP-0004,2025-08-22,Mobile,21977,700,90.96,13,658.91
CAMP-0004,2025-08-22,Tablet,17296,518,842.73,60,7608.52
CAMP-0011,2025-08-22,Desktop,14034,1106,433.45,44,4232.41
CAMP-0011,2025-08-22,Mobile,7411,108,567.41,0,0.00
CAMP-0011,2025-08-22,Tablet,9250,180,331.16,5,379.07
CAMP-0017,2025-08-22,Desktop,23091,637,884.67,42,3160.39
CAMP-0017,2025-08-22,Mobile,23623,250,579.32,0,0.00
CAMP-0017,2025-08-22,Tablet,6825,326,353.68,15,1243.25
CAMP-0012,2025-08-22,Desktop,722,45,563.36,3,188.50
CAMP-0012,2025-08-22,Mobile,23978,1071,412.28,63,9670.68
CAMP-0012,2025-08-22,Tablet,17313,658,438.73,35,3632.80
CAMP-0013,2025-08-22,Desktop,1194,75,615.46,7,785.65
CAMP-0013,2025-08-22,Mobile,12865,526,416.26,42,5968.04
CAMP-0013,2025-08-22,Tablet,9684,290,477.15,32,5011.20
CAMP-0011,2025-08-23,Desktop,18998,99,424.86,9,597.32
CAMP-0011,2025-08-23,Mobile,22305,755,554.34,67,6402.89
CAMP-0011,2025-08-23,Tablet,22614,136,232.53,9,951.83
CAMP-0001,2025-08-23,Desktop,1870,103,490.15,12,564.14
CAMP-0001,2025-08-23,Mobile,14492,408,46.19,5,306.48
CAMP-0001,2025-08-23,Tablet,20627,495,25.29,13,602.35
CAMP-0016,2025-08-23,Desktop,10859,503,423.43,22,2428.82
CAMP-0016,2025-08-23,Mobile,14407,485,498.87,51,5717.07
CAMP-0016,2025-08-23,Tablet,13368,502,59.39,54,6399.36
CAMP-0015,2025-08-23,Desktop,23378,585,344.73,37,4276.51
CAMP-0015,2025-08-23,Mobile,5036,283,800.60,21,1839.93
CAMP-0015,2025-08-23,Tablet,3602,179,233.15,19,2350.58
CAMP-0010,2025-08-24,Desktop,2338,106,394.62,5,744.52
CAMP-0010,2025-08-24,Mobile,12782,837,654.22,16,2023.81
CAMP-0010,2025-08-24,Tablet,16650,1131,317.31,41,5230.00
CAMP-0002,2025-08-24,Desktop,2261,36,195.66,3,381.95
CAMP-0002,2025-08-24,Mobile,10384,652,36.57,1,86.17
CAMP-0002,2025-08-24,Tablet,6396,289,152.51,0,0.00
CAMP-0016,2025-08-24,Desktop,23866,549,139.44,8,515.47
CAMP-0016,2025-08-24,Mobile,12569,694,201.35,12,1434.06
CAMP-0016,2025-08-24,Tablet,3166,186,39.48,12,1733.90
CAMP-0007,2025-08-24,Desktop,1784,132,293.73,15,1655.94
CAMP-0007,2025-08-24,Mobile,13409,821,591.25,49,6648.52
CAMP-0007,2025-08-24,Tablet,10543,116,435.90,3,380.63
CAMP-0019,2025-08-25,Desktop,21601,411,756.18,12,798.08
CAMP-0019,2025-08-25,Mobile,2104,77,370.71,2,106.63
CAMP-0019,2025-08-25,Tablet,4983,391,466.27,26,2680.10
CAMP-0020,2025-08-25,Desktop,11796,289,881.67,6,331.72
CAMP-0020,2025-08-25,Mobile,13611,80,124.32,3,435.63
CAMP-0020,2025-08-25,Tablet,1919,72,350.16,0,0.00
CAMP-0016,2025-08-25,Desktop,608,35,462.60,1,128.00
CAMP-0016,2025-08-25,Mobile,4778,321,666.59,14,1340.03
CAMP-0016,2025-08-25,Tablet,18048,798,827.50,68,10732.40
CAMP-0012,2025-08-25,Desktop,15431,1078,634.60,95,14542.48
CAMP-0012,2025-08-25,Mobile,20788,764,756.93,56,4096.81
CAMP-0012,2025-08-25,Tablet,12738,384,391.52,4,475.05
CAMP-0011,2025-08-26,Desktop,20267,544,853.60,8,1230.34
CAMP-0011,2025-08-26,Mobile,18753,596,682.40,25,2042.16
CAMP-0011,2025-08-26,Tablet,22715,1491,105.80,152,13353.16
CAMP-0003,2025-08-26,Desktop,10534,299,291.64,9,327.51
CAMP-0003,2025-08-26,Mobile,14398,452,258.37,18,1926.19
CAMP-0003,2025-08-26,Tablet,16651,209,432.89,4,303.68
CAMP-0008,2025-08-26,Desktop,21859,1316,180.94,27,2293.75
CAMP-0008,2025-08-26,Mobile,19290,946,252.38,88,10325.62
CAMP-0008,2025-08-26,Tablet,1766,121,438.36,10,588.37
CAMP-0016,2025-08-26,Desktop,18432,554,800.49,53,4853.16
CAMP-0016,2025-08-26,Mobile,11957,687,709.73,23,2260.25
CAMP-0016,2025-08-26,Tablet,9541,515,396.67,13,1749.75
CAMP-0002,2025-08-26,Desktop,9205,54,207.08,5,630.09
CAMP-0002,2025-08-26,Mobile,23410,463,55.92,11,656.96
CAMP-0002,2025-08-26,Tablet,13628,1058,516.99,10,1594.64
CAMP-0015,2025-08-26,Desktop,5418,358,564.11,4,219.94
CAMP-0015,2025-08-26,Mobile,7385,559,568.41,21,1101.99
CAMP-0015,2025-08-26,Tablet,4815,133,834.43,13,1658.26
CAMP-0004,2025-08-26,Desktop,23644,470,471.06,35,1253.31
CAMP-0004,2025-08-26,Mobile,9144,489,568.11,2,100.39
CAMP-0004,2025-08-26,Tablet,11412,826,515.37,1,101.45
CAMP-0013,2025-08-27,Desktop,2891,65,476.74,6,375.97
CAMP-0013,2025-08-27,Mobile,1027,31,137.04,1,92.38
CAMP-0013,2025-08-27,Tablet,7703,452,572.05,21,2772.68
CAMP-0004,2025-08-27,Desktop,14247,560,286.79,52,4876.73
CAMP-0004,2025-08-27,Mobile,8186,231,358.87,8,771.78
CAMP-0004,2025-08-27,Tablet,2174,131,237.14,2,113.54
CAMP-0015,2025-08-27,Desktop,9900,692,337.19,46,4700.30
CAMP-0015,2025-08-27,Mobile,15386,970,53.10,105,4147.77
CAMP-0015,2025-08-27,Tablet,5664,245,853.39,26,1529.88
CAMP-0005,2025-08-27,Desktop,24594,446,667.99,37,1601.65
CAMP-0005,2025-08-27,Mobile,19667,1107,46.12,131,17133.73
CAMP-0005,2025-08-27,Tablet,17680,905,677.29,23,2406.91
CAMP-0010,2025-08-27,Desktop,520,11,655.70,0,0.00
CAMP-0010,2025-08-27,Mobile,545,33,769.12,0,0.00
CAMP-0010,2025-08-27,Tablet,16058,935,573.66,100,14976.69
CAMP-0014,2025-08-27,Desktop,14786,831,289.54,27,4311.37
CAMP-0014,2025-08-27,Mobile,960,43,700.36,2,166.47
CAMP-0014,2025-08-27,Tablet,24007,719,93.38,62,4138.33
CAMP-0012,2025-08-27,Desktop,16101,143,552.99,16,1016.15
CAMP-0012,2025-08-27,Mobile,9833,351,266.54,27,1554.32
CAMP-0012,2025-08-27,Tablet,8644,348,292.81,14,527.82
CAMP-0020,2025-08-27,Desktop,19246,1419,860.46,99,14060.51
CAMP-0020,2025-08-27,Mobile,19786,1033,210.40,87,8498.04
CAMP-0020,2025-08-27,Tablet,21781,1701,460.60,163,23972.44
CAMP-0002,2025-08-27,Desktop,19228,1275,833.95,69,10060.75
CAMP-0002,2025-08-27,Mobile,12848,835,568.37,34,4365.87
CAMP-0002,2025-08-27,Tablet,7550,529,369.60,2,173.37
CAMP-0006,2025-08-27,Desktop,18369,137,189.45,7,771.15
CAMP-0006,2025-08-27,Mobile,9034,507,709.04,59,8537.64
CAMP-0006,2025-08-27,Tablet,19648,909,363.21,41,5386.51
CAMP-0012,2025-08-28,Desktop,1821,76,284.07,0,0.00
CAMP-0012,2025-08-28,Mobile,19596,745,141.72,43,6773.44
CAMP-0012,2025-08-28,Tablet,5817,312,316.81,12,1587.71
CAMP-0002,2025-08-28,Desktop,6064,141,462.72,14,1044.63
CAMP-0002,2025-08-28,Mobile,11932,880,843.61,6,334.84
CAMP-0002,2025-08-28,Tablet,21826,746,528.19,39,2893.04
CAMP-0001,2025-08-28,Desktop,12250,649,308.01,27,1310.45
CAMP-0001,2025-08-28,Mobile,2283,64,633.80,0,0.00
CAMP-0001,2025-08-28,Tablet,5649,193,785.46,6,229.59
CAMP-0017,2025-08-28,Desktop,6181,255,801.04,0,0.00
CAMP-0017,2025-08-28,Mobile,7395,453,272.71,53,4232.20
CAMP-0017,2025-08-28,Tablet,15114,422,474.58,15,1008.09
CAMP-0005,2025-08-28,Desktop,16686,854,335.43,32,1221.31
CAMP-0005,2025-08-28,Mobile,18302,942,427.57,20,1784.43
CAMP-0005,2025-08-28,Tablet,17036,699,729.19,41,2248.05
CAMP-0015,2025-08-28,Desktop,3892,229,781.39,19,1116.12
CAMP-0015,2025-08-28,Mobile,7059,494,803.91,42,4118.74
CAMP-0015,2025-08-28,Tablet,14285,590,92.20,28,2886.47
CAMP-0010,2025-08-29,Desktop,5538,138,91.32,15,2018.85
CAMP-0010,2025-08-29,Mobile,10523,288,63.73,19,1260.43
CAMP-0010,2025-08-29,Tablet,18456,1063,149.29,117,17003.52
CAMP-0013,2025-08-29,Desktop,23780,393,291.58,40,5743.71
CAMP-0013,2025-08-29,Mobile,10855,666,251.03,38,4900.73
CAMP-0013,2025-08-29,Tablet,24771,471,90.27,51,4897.90
CAMP-0002,2025-08-29,Desktop,14333,823,476.65,60,8261.81
CAMP-0002,2025-08-29,Mobile,15997,413,485.79,4,523.13
CAMP-0002,2025-08-29,Tablet,20946,670,326.85,47,4345.47
CAMP-0005,2025-08-29,Desktop,22750,540,574.64,3,443.73
CAMP-0005,2025-08-29,Mobile,11493,176,779.92,7,838.91
CAMP-0005,2025-08-29,Tablet,9075,430,211.10,41,1853.62
CAMP-0018,2025-08-29,Desktop,21693,1169,793.03,91,5988.25
CAMP-0018,2025-08-29,Mobile,9475,414,536.76,18,2180.64
CAMP-0018,2025-08-29,Tablet,13011,568,427.55,38,2063.67
CAMP-0015,2025-08-29,Desktop,1717,31,293.55,3,372.28
CAMP-0015,2025-08-29,Mobile,17191,1296,349.96,20,1551.00
CAMP-0015,2025-08-29,Tablet,12187,805,335.43,18,773.54
CAMP-0017,2025-08-29,Desktop,5000,220,348.95,20,2371.50
CAMP-0017,2025-08-29,Mobile,12780,198,611.41,17,1732.76
CAMP-0017,2025-08-29,Tablet,5639,380,185.42,21,3087.23
CAMP-0004,2025-08-29,Desktop,6564,501,531.41,24,991.37
CAMP-0004,2025-08-29,Mobile,9535,178,561.81,14,1072.59
CAMP-0004,2025-08-29,Tablet,21184,1249,70.69,47,4636.48
CAMP-0005,2025-08-30,Desktop,2616,156,719.74,13,1884.12
CAMP-0005,2025-08-30,Mobile,12544,673,413.98,40,3569.45
CAMP-0005,2025-08-30,Tablet,5669,367,849.31,33,1369.46
CAMP-0001,2025-08-30,Desktop,15157,138,661.59,6,233.25
CAMP-0001,2025-08-30,Mobile,3995,184,216.56,14,1361.29
CAMP-0001,2025-08-30,Tablet,18791,787,248.44,39,3117.90
CAMP-0014,2025-08-30,Desktop,22762,1207,616.39,88,13396.41
CAMP-0014,2025-08-30,Mobile,20446,378,560.58,35,2268.35
CAMP-0014,2025-08-30,Tablet,10651,629,855.38,54,3530.34
CAMP-0004,2025-08-30,Desktop,11493,628,338.26,55,8426.32
CAMP-0004,2025-08-30,Mobile,16841,1314,892.26,103,4389.95
CAMP-0004,2025-08-30,Tablet,787,14,300.33,0,0.00
CAMP-0020,2025-08-30,Desktop,22536,658,318.80,16,2261.69
CAMP-0020,2025-08-30,Mobile,14040,401,610.78,36,4712.65
CAMP-0020,2025-08-30,Tablet,7828,137,74.78,14,1016.72
CAMP-0013,2025-08-30,Desktop,16527,682,150.53,21,2892.42
CAMP-0013,2025-08-30,Mobile,7825,484,115.77,42,2382.64
CAMP-0013,2025-08-30,Tablet,20889,644,42.02,77,5876.33
CAMP-0007,2025-08-30,Desktop,21729,1434,106.92,158,17864.06
CAMP-0007,2025-08-30,Mobile,5630,305,358.50,3,111.57
CAMP-0007,2025-08-30,Tablet,7688,377,510.91,5,379.41
CAMP-0010,2025-08-30,Desktop,6383,446,528.25,26,3115.89
CAMP-0010,2025-08-30,Mobile,10147,460,315.81,3,270.53
CAMP-0010,2025-08-30,Tablet,8926,83,594.83,4,496.34
CAMP-0016,2025-08-31,Desktop,7848,474,74.27,25,2552.60
CAMP-0016,2025-08-31,Mobile,3621,61,721.08,4,454.79
CAMP-0016,2025-08-31,Tablet,7624,205,84.81,3,216.48
CAMP-0009,2025-08-31,Desktop,20301,1392,844.08,24,1652.31
CAMP-0009,2025-08-31,Mobile,749,58,460.62,2,197.90
CAMP-0009,2025-08-31,Tablet,4052,277,678.81,13,1777.50
CAMP-0002,2025-08-31,Desktop,23264,1476,596.94,33,3929.50
CAMP-0002,2025-08-31,Mobile,19778,458,758.77,48,5593.44
CAMP-0002,2025-08-31,Tablet,9145,674,294.10,20,2983.75
CAMP-0020,2025-08-31,Desktop,17375,905,274.68,44,5781.52
CAMP-0020,2025-08-31,Mobile,8668,108,581.19,7,1085.13
CAMP-0020,2025-08-31,Tablet,24956,913,375.77,15,1931.59
CAMP-0017,2025-08-31,Desktop,20813,824,505.10,83,10320.90
CAMP-0017,2025-08-31,Mobile,4320,274,632.95,3,437.45
CAMP-0017,2025-08-31,Tablet,14841,985,370.54,77,11619.92
CAMP-0015,2025-08-31,Desktop,21169,1412,377.70,7,1067.04
CAMP-0015,2025-08-31,Mobile,13293,794,435.07,69,6482.07
CAMP-0015,2025-08-31,Tablet,19452,1413,325.77,169,14745.10
CAMP-0008,2025-08-31,Desktop,4645,312,455.98,37,3316.50
CAMP-0008,2025-08-31,Mobile,20836,1325,44.32,145,13493.08
CAMP-0008,2025-08-31,Tablet,24889,1039,874.15,16,1863.07
CAMP-0005,2025-08-31,Desktop,23871,1347,356.46,64,8257.80
CAMP-0005,2025-08-31,Mobile,7411,182,544.70,8,759.31
CAMP-0005,2025-08-31,Tablet,20402,241,618.67,14,2175.34
CAMP-0010,2025-08-31,Desktop,15801,120,422.38,7,964.78
CAMP-0010,2025-08-31,Mobile,16309,915,810.40,31,2163.40
CAMP-0010,2025-08-31,Tablet,8604,543,309.10,37,5290.54
CAMP-0019,2025-09-01,Desktop,6064,128,749.06,15,1870.74
CAMP-0019,2025-09-01,Mobile,12712,614,256.61,62,4870.63
CAMP-0019,2025-09-01,Tablet,2512,19,683.30,2,150.41
CAMP-0009,2025-09-01,Desktop,8349,498,754.19,31,4605.94
CAMP-0009,2025-09-01,Mobile,21423,796,633.32,9,334.54
CAMP-0009,2025-09-01,Tablet,24473,914,532.97,75,4896.87
CAMP-0016,2025-09-01,Desktop,605,8,120.61,1,115.10
CAMP-0016,2025-09-01,Mobile,10160,233,130.66,8,834.54
CAMP-0016,2025-09-01,Tablet,15622,1239,69.07,136,19789.00
CAMP-0012,2025-09-01,Desktop,19493,1004,414.34,38,1920.63
CAMP-0012,2025-09-01,Mobile,16714,1167,587.42,126,17226.05
CAMP-0012,2025-09-01,Tablet,1292,102,879.56,6,600.92
CAMP-0003,2025-09-02,Desktop,19355,109,549.02,0,0.00
CAMP-0003,2025-09-02,Mobile,23456,1501,485.64,13,1215.83
CAMP-0003,2025-09-02,Tablet,22655,463,392.69,51,3206.03
CAMP-0009,2025-09-02,Desktop,22874,392,475.95,18,1871.87
CAMP-0009,2025-09-02,Mobile,15076,122,618.33,0,0.00
CAMP-0009,2025-09-02,Tablet,17731,985,59.04,21,1210.13
CAMP-0005,2025-09-02,Desktop,20022,996,822.09,44,4466.34
CAMP-0005,2025-09-02,Mobile,19109,638,293.83,21,2861.59
CAMP-0005,2025-09-02,Tablet,12466,197,528.40,12,887.11
CAMP-0013,2025-09-02,Desktop,17403,204,460.14,12,1086.75
CAMP-0013,2025-09-02,Mobile,17225,456,395.08,3,214.03
CAMP-0013,2025-09-02,Tablet,3661,154,377.52,18,949.36
CAMP-0018,2025-09-03,Desktop,21082,1342,775.13,109,15273.44
CAMP-0018,2025-09-03,Mobile,15812,1098,112.87,19,2782.80
CAMP-0018,2025-09-03,Tablet,10470,227,231.75,6,630.28
CAMP-0004,2025-09-03,Desktop,9962,85,84.75,1,87.45
CAMP-0004,2025-09-03,Mobile,13611,587,497.11,17,1186.38
CAMP-0004,2025-09-03,Tablet,8797,372,421.54,4,186.71
CAMP-0001,2025-09-03,Desktop,21785,1128,295.34,123,17413.28
CAMP-0001,2025-09-03,Mobile,4726,81,232.02,5,417.48
CAMP-0001,2025-09-03,Tablet,599,11,284.14,1,56.87
CAMP-0020,2025-09-03,Desktop,24617,1298,744.44,137,14063.14
CAMP-0020,2025-09-03,Mobile,23185,1528,543.28,123,10269.15
CAMP-0020,2025-09-03,Tablet,21922,632,440.04,45,3541.86
CAMP-0007,2025-09-03,Desktop,3213,170,798.71,14,1687.30
CAMP-0007,2025-09-03,Mobile,11302,451,80.95,17,2390.01
CAMP-0007,2025-09-03,Tablet,21906,1179,706.70,124,16904.15
CAMP-0006,2025-09-03,Desktop,11813,119,873.29,4,297.96
CAMP-0006,2025-09-03,Mobile,11424,107,701.20,9,1327.73
CAMP-0006,2025-09-03,Tablet,17837,330,779.18,2,89.08
CAMP-0019,2025-09-03,Desktop,24524,865,631.01,60,7334.04
CAMP-0019,2025-09-03,Mobile,9813,141,880.08,7,342.82
CAMP-0019,2025-09-03,Tablet,21924,1412,248.57,57,7256.88
CAMP-0016,2025-09-03,Desktop,2091,18,374.93,1,37.02
CAMP-0016,2025-09-03,Mobile,21532,1258,809.89,122,5316.62
CAMP-0016,2025-09-03,Tablet,24858,563,463.03,18,2463.30
CAMP-0015,2025-09-03,Desktop,3713,146,400.44,10,856.29
CAMP-0015,2025-09-03,Mobile,20622,981,225.16,13,1329.85
CAMP-0015,2025-09-03,Tablet,12686,905,399.95,53,4612.62
CAMP-0017,2025-09-04,Desktop,12879,869,449.30,98,15009.76
CAMP-0017,2025-09-04,Mobile,16707,646,147.19,5,768.25
CAMP-0017,2025-09-04,Tablet,16776,217,335.92,15,2075.52
CAMP-0009,2025-09-04,Desktop,7168,135,719.48,8,390.24
CAMP-0009,2025-09-04,Mobile,16514,318,26.62,4,395.12
CAMP-0009,2025-09-04,Tablet,7961,85,69.62,10,924.79
CAMP-0020,2025-09-04,Desktop,19116,900,463.68,67,6160.60
CAMP-0020,2025-09-04,Mobile,20402,572,98.96,67,9569.61
CAMP-0020,2025-09-04,Tablet,18948,886,644.71,34,5171.40
CAMP-0004,2025-09-04,Desktop,11636,638,480.51,32,2204.66
CAMP-0004,2025-09-04,Mobile,20912,1124,493.17,103,9601.02
CAMP-0004,2025-09-04,Tablet,14426,367,167.60,17,2336.07
CAMP-0018,2025-09-04,Desktop,24470,304,703.68,9,972.94
CAMP-0018,2025-09-04,Mobile,15180,1001,649.13,33,5125.75
CAMP-0018,2025-09-04,Tablet,6592,331,432.55,1,70.71
CAMP-0012,2025-09-04,Desktop,5743,261,105.79,2,122.82
CAMP-0012,2025-09-04,Mobile,20245,350,730.00,2,319.86
CAMP-0012,2025-09-04,Tablet,9613,132,184.39,15,1311.29
CAMP-0013,2025-09-04,Desktop,8312,521,194.80,40,6224.22
CAMP-0013,2025-09-04,Mobile,8139,267,227.88,10,1571.91
CAMP-0013,2025-09-04,Tablet,21809,1082,341.99,116,16352.59
CAMP-0007,2025-09-04,Desktop,8187,178,730.64,14,628.62
CAMP-0007,2025-09-04,Mobile,14524,84,208.89,6,599.92
CAMP-0007,2025-09-04,Tablet,16855,1084,262.21,13,1965.80
CAMP-0008,2025-09-04,Desktop,11392,481,695.35,50,3248.99
CAMP-0008,2025-09-04,Mobile,14652,591,352.70,26,960.96
CAMP-0008,2025-09-04,Tablet,12675,166,231.76,3,216.95
CAMP-0019,2025-09-04,Desktop,14938,842,118.09,22,2446.39
CAMP-0019,2025-09-04,Mobile,10214,782,596.42,87,6452.91
CAMP-0019,2025-09-04,Tablet,2407,32,434.57,0,0.00
CAMP-0004,2025-09-05,Desktop,5840,201,177.81,20,3191.24
CAMP-0004,2025-09-05,Mobile,18430,1238,594.42,97,4568.01
CAMP-0004,2025-09-05,Tablet,7206,99,641.30,8,819.56
CAMP-0016,2025-09-05,Desktop,7941,287,589.80,2,297.34
CAMP-0016,2025-09-05,Mobile,23827,1299,57.29,145,11872.97
CAMP-0016,2025-09-05,Tablet,14347,834,477.18,100,13239.69
CAMP-0002,2025-09-05,Desktop,12930,687,740.24,22,2511.57
CAMP-0002,2025-09-05,Mobile,9407,247,380.64,9,1088.80
CAMP-0002,2025-09-05,Tablet,23816,1800,515.10,202,28061.98
CAMP-0017,2025-09-05,Desktop,4193,55,502.72,5,409.88
CAMP-0017,2025-09-05,Mobile,13014,874,229.32,63,9211.26
CAMP-0017,2025-09-05,Tablet,24464,1691,137.95,54,5190.33
CAMP-0019,2025-09-05,Desktop,19157,837,391.29,74,7538.35
CAMP-0019,2025-09-05,Mobile,17552,1100,515.41,49,3535.21
CAMP-0019,2025-09-05,Tablet,20582,1544,153.04,135,11230.50
CAMP-0020,2025-09-05,Desktop,16089,224,457.74,19,1732.56
CAMP-0020,2025-09-05,Mobile,15142,642,413.80,36,4693.12
CAMP-0020,2025-09-05,Tablet,21909,366,180.48,26,2332.88
CAMP-0009,2025-09-05,Desktop,10195,242,182.15,0,0.00
CAMP-0009,2025-09-05,Mobile,20391,504,241.72,5,221.15
CAMP-0009,2025-09-05,Tablet,14756,905,159.55,106,9701.40
CAMP-0006,2025-09-05,Desktop,1764,64,278.77,7,413.81
CAMP-0006,2025-09-05,Mobile,1483,99,727.56,8,756.12
CAMP-0006,2025-09-05,Tablet,2627,63,887.26,6,882.18
CAMP-0007,2025-09-05,Desktop,16821,691,809.04,64,9040.22
CAMP-0007,2025-09-05,Mobile,9680,358,47.56,37,4328.09
CAMP-0007,2025-09-05,Tablet,15276,673,772.01,23,1306.23
CAMP-0010,2025-09-05,Desktop,22315,210,431.30,2,79.16
CAMP-0010,2025-09-05,Mobile,6810,341,789.36,18,2823.09
CAMP-0010,2025-09-05,Tablet,13788,666,884.20,77,4150.47
CAMP-0019,2025-09-06,Desktop,7896,118,765.76,14,1798.15
CAMP-0019,2025-09-06,Mobile,18254,953,404.24,55,6715.11
CAMP-0019,2025-09-06,Tablet,16448,164,803.25,12,1833.06
CAMP-0007,2025-09-06,Desktop,11212,320,54.60,13,655.20
CAMP-0007,2025-09-06,Mobile,16593,876,374.01,101,6858.58
CAMP-0007,2025-09-06,Tablet,15354,112,719.89,8,560.39
CAMP-0009,2025-09-06,Desktop,19259,1499,712.55,163,11749.42
CAMP-0009,2025-09-06,Mobile,19347,1089,367.75,25,1237.44
CAMP-0009,2025-09-06,Tablet,18575,973,848.62,9,941.71
CAMP-0014,2025-09-06,Desktop,14025,790,658.30,9,784.92
CAMP-0014,2025-09-06,Mobile,3651,219,738.49,5,269.18
CAMP-0014,2025-09-06,Tablet,8322,432,382.32,9,951.27
CAMP-0015,2025-09-06,Desktop,1424,11,50.68,1,145.48
CAMP-0015,2025-09-06,Mobile,8447,285,374.77,25,1821.44
CAMP-0015,2025-09-06,Tablet,6993,411,252.14,31,2014.72
CAMP-0004,2025-09-06,Desktop,10010,440,685.37,49,3834.40
CAMP-0004,2025-09-06,Mobile,24821,658,570.21,17,1434.42
CAMP-0004,2025-09-06,Tablet,18962,983,399.38,73,6659.75
CAMP-0010,2025-09-06,Desktop,3498,19,652.47,1,138.91
CAMP-0010,2025-09-06,Mobile,10537,707,735.31,35,4621.77
CAMP-0010,2025-09-06,Tablet,7169,210,532.22,12,753.26
CAMP-0003,2025-09-06,Desktop,15547,1132,481.51,67,9293.46
CAMP-0003,2025-09-06,Mobile,9915,676,483.35,66,9856.66
CAMP-0003,2025-09-06,Tablet,19970,226,283.09,23,3504.32
CAMP-0006,2025-09-07,Desktop,16415,765,716.62,67,8473.22
CAMP-0006,2025-09-07,Mobile,19861,819,670.13,57,2808.25
CAMP-0006,2025-09-07,Tablet,14625,808,120.46,74,5763.67
CAMP-0005,2025-09-07,Desktop,17347,870,470.85,93,3952.61
CAMP-0005,2025-09-07,Mobile,4098,314,725.69,25,3849.20
CAMP-0005,2025-09-07,Tablet,23051,863,762.64,50,6643.87
CAMP-0013,2025-09-07,Desktop,16996,107,712.31,5,779.16
CAMP-0013,2025-09-07,Mobile,22085,1583,857.18,179,24605.43
CAMP-0013,2025-09-07,Tablet,872,19,484.58,0,0.00
CAMP-0003,2025-09-07,Desktop,11323,435,691.63,8,1145.30
CAMP-0003,2025-09-07,Mobile,4469,161,331.85,14,1233.20
CAMP-0003,2025-09-07,Tablet,9972,358,714.49,10,871.96
CAMP-0011,2025-09-07,Desktop,17351,755,72.90,12,1498.58
CAMP-0011,2025-09-07,Mobile,17820,1353,303.19,43,2247.35
CAMP-0011,2025-09-07,Tablet,10525,199,244.37,8,1118.81
CAMP-0002,2025-09-07,Desktop,9365,511,821.80,50,4837.17
CAMP-0002,2025-09-07,Mobile,4465,69,85.62,7,887.46
CAMP-0002,2025-09-07,Tablet,20259,1021,187.83,102,11047.49
CAMP-0017,2025-09-07,Desktop,3192,132,374.59,10,391.70
CAMP-0017,2025-09-07,Mobile,5569,37,526.27,3,210.08
CAMP-0017,2025-09-07,Tablet,11018,119,509.98,13,1618.06
CAMP-0001,2025-09-07,Desktop,3073,205,494.07,9,1149.97
CAMP-0001,2025-09-07,Mobile,8278,306,646.98,15,1608.49
CAMP-0001,2025-09-07,Tablet,12253,163,822.44,8,975.71
CAMP-0007,2025-09-07,Desktop,8626,632,276.81,45,3544.90
CAMP-0007,2025-09-07,Mobile,17772,1026,596.46,56,6859.18
CAMP-0007,2025-09-07,Tablet,11524,662,251.10,79,6470.86
CAMP-0008,2025-09-07,Desktop,10784,813,720.67,78,3695.50
CAMP-0008,2025-09-07,Mobile,1989,142,696.81,0,0.00
CAMP-0008,2025-09-07,Tablet,11607,704,47.79,29,4532.67
CAMP-0018,2025-09-08,Desktop,11096,364,134.53,25,2788.09
CAMP-0018,2025-09-08,Mobile,21135,1029,469.42,105,10273.06
CAMP-0018,2025-09-08,Tablet,23657,1527,738.23,14,2135.59
CAMP-0019,2025-09-08,Desktop,725,38,364.60,0,0.00
CAMP-0019,2025-09-08,Mobile,2449,75,724.05,5,659.90
CAMP-0019,2025-09-08,Tablet,22598,1478,862.67,67,8618.60
CAMP-0020,2025-09-08,Desktop,14362,1023,583.98,71,6582.30
CAMP-0020,2025-09-08,Mobile,19613,1174,830.96,90,4665.08
CAMP-0020,2025-09-08,Tablet,16750,161,67.74,1,99.50
CAMP-0006,2025-09-08,Desktop,13136,763,257.27,20,1824.51
CAMP-0006,2025-09-08,Mobile,18599,115,459.77,2,313.45
CAMP-0006,2025-09-08,Tablet,8566,383,520.31,8,619.48
CAMP-0013,2025-09-09,Desktop,7294,331,311.69,32,3536.18
CAMP-0013,2025-09-09,Mobile,2866,92,218.76,7,347.15
CAMP-0013,2025-09-09,Tablet,2117,48,769.61,4,282.77
CAMP-0009,2025-09-09,Desktop,7252,358,224.88,17,1840.46
CAMP-0009,2025-09-09,Mobile,23333,1175,568.19,130,8261.06
CAMP-0009,2025-09-09,Tablet,16085,700,270.11,57,6321.84
CAMP-0016,2025-09-09,Desktop,12166,307,591.81,11,1660.95
CAMP-0016,2025-09-09,Mobile,3780,152,427.05,12,451.32
CAMP-0016,2025-09-09,Tablet,24042,870,89.58,35,3509.60
CAMP-0005,2025-09-09,Desktop,23242,1797,787.64,114,14708.13
CAMP-0005,2025-09-09,Mobile,22988,812,77.16,62,3896.27
CAMP-0005,2025-09-09,Tablet,7013,395,348.53,16,1689.61
CAMP-0002,2025-09-09,Desktop,23323,1343,896.97,11,1239.27
CAMP-0002,2025-09-09,Mobile,6064,240,425.54,22,2331.58
CAMP-0002,2025-09-09,Tablet,20742,1391,650.86,30,2067.39
CAMP-0020,2025-09-10,Desktop,6136,405,683.11,6,835.69
CAMP-0020,2025-09-10,Mobile,19117,508,248.24,3,302.04
CAMP-0020,2025-09-10,Tablet,6724,247,281.09,16,643.17
CAMP-0008,2025-09-10,Desktop,1735,66,46.83,7,292.05
CAMP-0008,2025-09-10,Mobile,13553,439,441.17,23,2545.79
CAMP-0008,2025-09-10,Tablet,1289,13,371.16,1,158.75
CAMP-0006,2025-09-10,Desktop,2115,55,341.56,2,135.05
CAMP-0006,2025-09-10,Mobile,14577,718,162.18,69,6246.47
CAMP-0006,2025-09-10,Tablet,11864,615,849.89,30,3913.77
CAMP-0012,2025-09-10,Desktop,8012,245,735.75,14,2036.22
CAMP-0012,2025-09-10,Mobile,9108,95,740.97,6,899.98
CAMP-0012,2025-09-10,Tablet,15056,995,320.42,93,7730.56
CAMP-0009,2025-09-10,Desktop,13316,472,628.12,19,2896.33
CAMP-0009,2025-09-10,Mobile,10447,735,335.67,84,10050.84
CAMP-0009,2025-09-10,Tablet,617,46,494.36,3,187.72
CAMP-0010,2025-09-11,Desktop,14748,829,499.42,76,11938.47
CAMP-0010,2025-09-11,Mobile,12269,284,828.44,21,2429.97
CAMP-0010,2025-09-11,Tablet,6279,233,431.09,24,2897.84
CAMP-0005,2025-09-11,Desktop,18592,1048,890.37,83,4136.17
CAMP-0005,2025-09-11,Mobile,18312,553,107.48,2,237.41
CAMP-0005,2025-09-11,Tablet,17717,948,746.36,85,3482.38
CAMP-0004,2025-09-11,Desktop,7550,262,164.34,28,3795.64
CAMP-0004,2025-09-11,Mobile,18275,898,22.57,1,127.78
CAMP-0004,2025-09-11,Tablet,16784,163,685.36,0,0.00
CAMP-0011,2025-09-11,Desktop,5777,169,314.94,15,1562.94
CAMP-0011,2025-09-11,Mobile,17988,214,379.99,25,3291.41
CAMP-0011,2025-09-11,Tablet,9657,259,157.26,20,1170.74
CAMP-0016,2025-09-11,Desktop,4740,48,25.22,1,82.65
CAMP-0016,2025-09-11,Mobile,19417,616,615.97,22,1530.12
CAMP-0016,2025-09-11,Tablet,8512,405,389.37,8,1168.89
CAMP-0019,2025-09-11,Desktop,24404,1606,504.21,77,6660.57
CAMP-0019,2025-09-11,Mobile,1027,76,92.48,8,663.63
CAMP-0019,2025-09-11,Tablet,5635,140,416.06,9,1046.37
CAMP-0001,2025-09-12,Desktop,10478,189,284.45,1,103.94
CAMP-0001,2025-09-12,Mobile,21627,1254,372.75,6,873.29
CAMP-0001,2025-09-12,Tablet,770,8,313.48,1,75.32
CAMP-0020,2025-09-12,Desktop,17060,1271,203.11,83,12830.99
CAMP-0020,2025-09-12,Mobile,1732,16,553.63,1,75.15
CAMP-0020,2025-09-12,Tablet,18925,1190,606.58,9,1204.07
CAMP-0016,2025-09-12,Desktop,14778,671,262.57,41,1598.27
CAMP-0016,2025-09-12,Mobile,24039,990,626.70,9,845.03
CAMP-0016,2025-09-12,Tablet,24207,300,711.07,7,528.10
CAMP-0009,2025-09-12,Desktop,12410,829,808.72,84,3046.93
CAMP-0009,2025-09-12,Mobile,18570,1361,439.41,25,1061.01
CAMP-0009,2025-09-12,Tablet,21416,965,305.97,74,10356.79
CAMP-0005,2025-09-13,Desktop,18605,867,258.24,49,2661.59
CAMP-0005,2025-09-13,Mobile,1069,33,643.89,3,285.76
CAMP-0005,2025-09-13,Tablet,21046,1022,196.13,1,158.18
CAMP-0002,2025-09-13,Desktop,22351,633,702.84,53,4523.62
CAMP-0002,2025-09-13,Mobile,24287,1552,817.54,79,12068.21
CAMP-0002,2025-09-13,Tablet,5712,76,347.68,8,758.56
CAMP-0010,2025-09-13,Desktop,514,23,280.72,0,0.00
CAMP-0010,2025-09-13,Mobile,1698,34,216.65,0,0.00
CAMP-0010,2025-09-13,Tablet,17570,1246,63.10,16,890.18
CAMP-0015,2025-09-13,Desktop,13134,198,147.89,0,0.00
CAMP-0015,2025-09-13,Mobile,22756,1459,306.81,102,10187.65
CAMP-0015,2025-09-13,Tablet,18604,1164,674.65,113,18074.45
CAMP-0019,2025-09-13,Desktop,7065,39,234.43,3,277.06
CAMP-0019,2025-09-13,Mobile,8423,336,790.87,14,865.12
CAMP-0019,2025-09-13,Tablet,19222,347,854.73,24,1889.41
CAMP-0013,2025-09-14,Desktop,12134,661,616.09,70,4418.06
CAMP-0013,2025-09-14,Mobile,16767,853,457.97,10,1419.66
CAMP-0013,2025-09-14,Tablet,23163,616,459.76,44,3368.52
CAMP-0014,2025-09-14,Desktop,2931,170,370.94,11,775.63
CAMP-0014,2025-09-14,Mobile,9125,559,181.35,62,2466.28
CAMP-0014,2025-09-14,Tablet,2809,149,534.42,17,2281.06
CAMP-0016,2025-09-14,Desktop,10403,825,370.51,49,6786.23
CAMP-0016,2025-09-14,Mobile,21624,539,158.44,49,7378.03
CAMP-0016,2025-09-14,Tablet,20335,519,52.01,50,2311.02
CAMP-0002,2025-09-14,Desktop,13765,891,76.90,101,10510.86
CAMP-0002,2025-09-14,Mobile,2117,93,736.79,4,304.69
CAMP-0002,2025-09-14,Tablet,2138,48,227.60,1,127.03
CAMP-0018,2025-09-15,Desktop,21934,737,888.96,77,4322.71
CAMP-0018,2025-09-15,Mobile,7396,251,283.78,9,543.23
CAMP-0018,2025-09-15,Tablet,6349,273,309.38,4,503.55
CAMP-0016,2025-09-15,Desktop,13804,587,709.24,53,6316.85
CAMP-0016,2025-09-15,Mobile,3094,225,387.78,22,2638.11
CAMP-0016,2025-09-15,Tablet,7364,62,285.48,6,696.53
CAMP-0019,2025-09-15,Desktop,14349,224,319.78,2,206.66
CAMP-0019,2025-09-15,Mobile,21687,417,775.49,6,950.49
CAMP-0019,2025-09-15,Tablet,15360,895,150.97,10,1420.32
CAMP-0015,2025-09-15,Desktop,23910,388,76.38,17,1514.83
CAMP-0015,2025-09-15,Mobile,1454,57,371.96,1,55.34
CAMP-0015,2025-09-15,Tablet,23818,527,543.11,51,2944.92
CAMP-0011,2025-09-15,Desktop,3524,250,429.50,16,937.54
CAMP-0011,2025-09-15,Mobile,9042,354,379.28,32,5058.68
CAMP-0011,2025-09-15,Tablet,10755,252,299.26,3,359.37
CAMP-0003,2025-09-15,Desktop,17144,1266,660.80,74,7952.67
CAMP-0003,2025-09-15,Mobile,22426,1288,890.57,68,4704.88
CAMP-0003,2025-09-15,Tablet,2146,138,324.53,7,756.45
CAMP-0006,2025-09-15,Desktop,11850,396,323.26,21,3018.86
CAMP-0006,2025-09-15,Mobile,23851,272,274.28,22,2731.55
CAMP-0006,2025-09-15,Tablet,8328,433,415.52,3,303.99
CAMP-0007,2025-09-16,Desktop,19216,716,171.00,38,5314.47
CAMP-0007,2025-09-16,Mobile,6899,321,173.47,1,156.05
CAMP-0007,2025-09-16,Tablet,18647,1126,847.78,8,342.38
CAMP-0002,2025-09-16,Desktop,4223,123,484.71,14,848.74
CAMP-0002,2025-09-16,Mobile,6871,489,68.62,9,420.72
CAMP-0002,2025-09-16,Tablet,16672,797,813.39,87,5440.30
CAMP-0006,2025-09-16,Desktop,18809,445,649.05,46,2807.89
CAMP-0006,2025-09-16,Mobile,17559,1336,152.12,104,3843.53
CAMP-0006,2025-09-16,Tablet,17235,1351,277.33,6,722.75
CAMP-0015,2025-09-16,Desktop,21842,766,194.86,78,6660.65
CAMP-0015,2025-09-16,Mobile,17447,1266,265.89,61,5859.87
CAMP-0015,2025-09-16,Tablet,12682,901,342.66,1,42.80
CAMP-0012,2025-09-16,Desktop,22414,1651,693.86,42,5854.32
CAMP-0012,2025-09-16,Mobile,3963,295,846.05,10,537.14
CAMP-0012,2025-09-16,Tablet,8960,54,95.45,0,0.00
CAMP-0017,2025-09-16,Desktop,4086,131,370.38,14,1882.24
CAMP-0017,2025-09-16,Mobile,5835,330,203.77,26,2930.33
CAMP-0017,2025-09-16,Tablet,24785,748,407.55,48,5761.34
CAMP-0004,2025-09-16,Desktop,17513,853,72.27,86,4519.70
CAMP-0004,2025-09-16,Mobile,24416,1181,133.15,23,2761.37
CAMP-0004,2025-09-16,Tablet,2377,11,382.43,1,53.85
CAMP-0014,2025-09-16,Desktop,7919,199,899.39,22,3372.99
CAMP-0014,2025-09-16,Mobile,10778,209,350.05,11,1442.69
CAMP-0014,2025-09-16,Tablet,14129,616,562.73,19,3010.37
CAMP-0008,2025-09-16,Desktop,11359,465,490.10,41,4962.88
CAMP-0008,2025-09-16,Mobile,18284,1155,870.05,115,15179.56
CAMP-0008,2025-09-16,Tablet,11673,372,241.41,40,3074.96
CAMP-0001,2025-09-17,Desktop,10006,186,633.19,12,743.74
CAMP-0001,2025-09-17,Mobile,5634,398,424.73,32,2911.20
CAMP-0001,2025-09-17,Tablet,22743,559,441.75,20,943.45
CAMP-0016,2025-09-17,Desktop,13269,402,88.02,9,853.84
CAMP-0016,2025-09-17,Mobile,15409,255,250.92,12,1661.56
CAMP-0016,2025-09-17,Tablet,7143,422,454.78,22,2421.92
CAMP-0015,2025-09-17,Desktop,9393,227,392.70,24,1827.87
CAMP-0015,2025-09-17,Mobile,7094,176,593.25,13,1137.56
CAMP-0015,2025-09-17,Tablet,5608,103,206.71,9,1158.60
CAMP-0004,2025-09-17,Desktop,7310,550,419.39,21,1485.74
CAMP-0004,2025-09-17,Mobile,9713,458,459.22,5,581.25
CAMP-0004,2025-09-17,Tablet,22704,1332,93.13,91,10767.31
CAMP-0002,2025-09-17,Desktop,13952,170,665.35,5,323.06
CAMP-0002,2025-09-17,Mobile,13085,564,504.16,32,2954.80
CAMP-0002,2025-09-17,Tablet,22823,1454,36.55,119,13739.19
CAMP-0020,2025-09-17,Desktop,22725,1333,692.75,8,978.44
CAMP-0020,2025-09-17,Mobile,23542,1272,652.31,88,13575.69
CAMP-0020,2025-09-17,Tablet,21798,418,357.04,36,4189.39
CAMP-0005,2025-09-17,Desktop,22439,902,491.67,24,1639.37
CAMP-0005,2025-09-17,Mobile,19278,631,474.66,16,1207.17
CAMP-0005,2025-09-17,Tablet,16794,438,884.96,34,3249.16
CAMP-0009,2025-09-17,Desktop,23805,1251,880.81,32,3696.62
CAMP-0009,2025-09-17,Mobile,18986,320,101.67,0,0.00
CAMP-0009,2025-09-17,Tablet,6045,414,700.25,14,976.02
CAMP-0006,2025-09-17,Desktop,1992,37,679.29,4,426.49
CAMP-0006,2025-09-17,Mobile,19704,541,545.32,31,1273.21
CAMP-0006,2025-09-17,Tablet,18073,555,702.52,4,350.99
CAMP-0012,2025-09-18,Desktop,4653,124,785.71,9,1286.40
CAMP-0012,2025-09-18,Mobile,19745,543,338.58,4,574.66
CAMP-0012,2025-09-18,Tablet,8845,245,185.32,0,0.00
CAMP-0002,2025-09-18,Desktop,747,38,238.04,0,0.00
CAMP-0002,2025-09-18,Mobile,16734,255,136.26,3,234.74
CAMP-0002,2025-09-18,Tablet,18695,717,162.94,4,425.85
CAMP-0019,2025-09-18,Desktop,4867,209,659.72,13,1715.98
CAMP-0019,2025-09-18,Mobile,13178,202,833.76,11,712.26
CAMP-0019,2025-09-18,Tablet,19817,873,523.44,31,3721.01
CAMP-0013,2025-09-18,Desktop,16779,291,734.47,0,0.00
CAMP-0013,2025-09-18,Mobile,8711,483,401.62,38,6002.99
CAMP-0013,2025-09-18,Tablet,9977,111,663.77,5,658.27
CAMP-0009,2025-09-18,Desktop,3268,249,654.06,20,2386.37
CAMP-0009,2025-09-18,Mobile,20353,551,894.83,34,1289.54
CAMP-0009,2025-09-18,Tablet,13011,888,207.98,104,11141.16
CAMP-0007,2025-09-18,Desktop,21513,482,161.06,37,5439.68
CAMP-0007,2025-09-18,Mobile,20808,393,312.94,3,365.18
CAMP-0007,2025-09-18,Tablet,6906,156,513.55,16,1020.95
CAMP-0003,2025-09-18,Desktop,22001,1128,807.15,118,15370.62
CAMP-0003,2025-09-18,Mobile,21853,1598,43.05,157,10387.80
CAMP-0003,2025-09-18,Tablet,21702,1253,528.85,94,13065.01
CAMP-0005,2025-09-18,Desktop,21531,1641,684.79,126,19238.12
CAMP-0005,2025-09-18,Mobile,19380,1248,53.10,79,12391.00
CAMP-0005,2025-09-18,Tablet,23051,1474,653.02,114,13061.11
CAMP-0020,2025-09-18,Desktop,13421,416,501.26,11,1423.59
CAMP-0020,2025-09-18,Mobile,21356,259,473.21,20,2020.66
CAMP-0020,2025-09-18,Tablet,14070,816,766.66,26,3251.01
CAMP-0010,2025-09-19,Desktop,10956,392,417.00,20,2927.02
CAMP-0010,2025-09-19,Mobile,1356,92,417.62,11,890.62
CAMP-0010,2025-09-19,Tablet,6622,105,808.57,9,1330.60
CAMP-0003,2025-09-19,Desktop,1370,42,318.14,1,157.26
CAMP-0003,2025-09-19,Mobile,17038,184,409.60,9,1173.35
CAMP-0003,2025-09-19,Tablet,20132,1385,529.95,103,11018.37
CAMP-0013,2025-09-19,Desktop,1822,117,86.82,10,878.31
CAMP-0013,2025-09-19,Mobile,1808,139,545.53,1,158.06
CAMP-0013,2025-09-19,Tablet,813,20,670.12,1,97.42
CAMP-0017,2025-09-19,Desktop,11887,451,711.29,41,5529.79
CAMP-0017,2025-09-19,Mobile,20793,1430,310.93,120,9379.78
CAMP-0017,2025-09-19,Tablet,6070,444,198.23,48,3725.11
CAMP-0014,2025-09-19,Desktop,5775,348,193.43,33,5261.21
CAMP-0014,2025-09-19,Mobile,24991,454,840.71,43,6329.90
CAMP-0014,2025-09-19,Tablet,17318,1013,60.69,8,705.18
CAMP-0001,2025-09-19,Desktop,9708,420,797.82,44,6254.19
CAMP-0001,2025-09-19,Mobile,22183,1567,727.45,36,5364.69
CAMP-0001,2025-09-19,Tablet,1190,85,172.07,4,170.47
CAMP-0002,2025-09-19,Desktop,17370,217,660.45,16,2499.30
CAMP-0002,2025-09-19,Mobile,6548,489,224.76,3,160.85
CAMP-0002,2025-09-19,Tablet,20847,192,395.09,22,1111.74
CAMP-0015,2025-09-19,Desktop,4773,130,43.58,6,509.63
CAMP-0015,2025-09-19,Mobile,4023,297,423.68,15,2329.36
CAMP-0015,2025-09-19,Tablet,20334,732,188.50,50,4011.08
CAMP-0007,2025-09-19,Desktop,9976,625,518.86,72,7337.05
CAMP-0007,2025-09-19,Mobile,19877,705,94.30,40,4946.15
CAMP-0007,2025-09-19,Tablet,630,10,46.53,1,68.78
CAMP-0010,2025-09-20,Desktop,12699,289,546.36,10,395.45
CAMP-0010,2025-09-20,Mobile,3998,225,810.61,17,1504.83
CAMP-0010,2025-09-20,Tablet,17758,922,283.59,38,4322.84
CAMP-0003,2025-09-20,Desktop,6106,389,74.53,36,2585.00
CAMP-0003,2025-09-20,Mobile,5747,158,453.39,1,132.77
CAMP-0003,2025-09-20,Tablet,11380,575,497.89,23,1325.29
CAMP-0019,2025-09-20,Desktop,9085,121,485.17,5,701.94
CAMP-0019,2025-09-20,Mobile,10004,503,468.15,55,8392.69
CAMP-0019,2025-09-20,Tablet,14962,770,320.00,20,2179.36
CAMP-0005,2025-09-20,Desktop,17366,1309,508.52,62,8925.44
CAMP-0005,2025-09-20,Mobile,24264,1380,335.56,158,25197.40
CAMP-0005,2025-09-20,Tablet,3225,252,252.67,7,834.88
CAMP-0015,2025-09-20,Desktop,15439,844,713.44,57,3351.08
CAMP-0015,2025-09-20,Mobile,15968,1260,894.95,151,7883.98
CAMP-0015,2025-09-20,Tablet,20344,1245,844.36,63,9501.58
CAMP-0020,2025-09-20,Desktop,20387,227,679.41,1,77.18
CAMP-0020,2025-09-20,Mobile,11722,846,189.21,17,1561.01
CAMP-0020,2025-09-20,Tablet,17516,380,880.71,4,200.19
CAMP-0012,2025-09-20,Desktop,1279,56,203.36,4,302.38
CAMP-0012,2025-09-20,Mobile,13816,469,68.23,33,1549.58
CAMP-0012,2025-09-20,Tablet,1564,99,586.97,11,618.96
CAMP-0017,2025-09-20,Desktop,6975,429,97.17,4,351.29
CAMP-0017,2025-09-20,Mobile,15823,560,26.48,60,3314.51
CAMP-0017,2025-09-20,Tablet,13271,454,546.32,50,4656.26
CAMP-0014,2025-09-20,Desktop,13022,573,513.08,54,2552.81
CAMP-0014,2025-09-20,Mobile,19110,913,762.21,35,5085.35
CAMP-0014,2025-09-20,Tablet,3461,87,600.98,0,0.00
CAMP-0016,2025-09-20,Desktop,11803,832,826.42,16,964.50
CAMP-0016,2025-09-20,Mobile,13215,159,383.21,12,938.41
CAMP-0016,2025-09-20,Tablet,8326,408,682.90,23,3160.87
CAMP-0020,2025-09-21,Desktop,13269,609,77.85,42,6625.82
CAMP-0020,2025-09-21,Mobile,7994,90,383.43,7,909.33
CAMP-0020,2025-09-21,Tablet,11574,255,854.48,8,1019.16
CAMP-0006,2025-09-21,Desktop,24210,1115,691.75,75,11826.37
CAMP-0006,2025-09-21,Mobile,8488,69,208.28,2,139.78
CAMP-0006,2025-09-21,Tablet,4840,347,388.98,29,2352.35
CAMP-0017,2025-09-21,Desktop,11845,518,201.19,28,2861.34
CAMP-0017,2025-09-21,Mobile,18622,522,507.72,28,3069.49
CAMP-0017,2025-09-21,Tablet,9244,153,243.30,12,1356.14
CAMP-0015,2025-09-21,Desktop,1539,82,96.40,4,483.36
CAMP-0015,2025-09-21,Mobile,24060,743,606.18,56,6638.82
CAMP-0015,2025-09-21,Tablet,5749,219,371.30,19,1331.33
CAMP-0009,2025-09-21,Desktop,24509,1573,684.84,123,10487.29
CAMP-0009,2025-09-21,Mobile,14737,74,729.62,5,554.54
CAMP-0009,2025-09-21,Tablet,15225,351,94.77,42,6708.42
CAMP-0004,2025-09-22,Desktop,1073,75,768.40,0,0.00
CAMP-0004,2025-09-22,Mobile,19763,1176,493.59,80,4194.14
CAMP-0004,2025-09-22,Tablet,7867,96,23.23,7,722.56
CAMP-0006,2025-09-22,Desktop,11787,856,571.97,87,10685.49
CAMP-0006,2025-09-22,Mobile,5394,396,556.85,23,1719.07
CAMP-0006,2025-09-22,Tablet,20072,1279,658.13,119,15455.80
CAMP-0007,2025-09-22,Desktop,16897,1185,860.68,41,2777.68
CAMP-0007,2025-09-22,Mobile,15864,1154,222.96,52,5536.10
CAMP-0007,2025-09-22,Tablet,20908,244,84.34,16,2247.04
CAMP-0015,2025-09-22,Desktop,18053,1233,289.65,115,11042.87
CAMP-0015,2025-09-22,Mobile,23719,1725,783.36,203,17346.77
CAMP-0015,2025-09-22,Tablet,20207,982,867.12,35,2183.98
CAMP-0012,2025-09-22,Desktop,6726,87,582.38,2,191.19
CAMP-0012,2025-09-22,Mobile,7526,67,289.28,8,487.39
CAMP-0012,2025-09-22,Tablet,16678,836,497.17,54,5631.97
CAMP-0009,2025-09-22,Desktop,18852,1457,576.55,71,10927.79
CAMP-0009,2025-09-22,Mobile,19852,890,32.40,50,7922.22
CAMP-0009,2025-09-22,Tablet,11677,180,341.03,3,391.38
CAMP-0005,2025-09-22,Desktop,4388,338,355.60,40,4049.29
CAMP-0005,2025-09-22,Mobile,12024,840,282.91,84,8822.06
CAMP-0005,2025-09-22,Tablet,2130,50,415.54,2,266.22
CAMP-0003,2025-09-23,Desktop,9603,120,786.50,0,0.00
CAMP-0003,2025-09-23,Mobile,19833,876,494.46,29,2251.48
CAMP-0003,2025-09-23,Tablet,15229,1010,175.96,24,1286.93
CAMP-0005,2025-09-23,Desktop,22242,1394,834.95,56,8807.41
CAMP-0005,2025-09-23,Mobile,21383,106,118.81,1,133.89
CAMP-0005,2025-09-23,Tablet,8650,194,897.63,10,661.41
CAMP-0009,2025-09-23,Desktop,5397,180,625.70,11,1167.33
CAMP-0009,2025-09-23,Mobile,17817,806,55.94,30,3744.38
CAMP-0009,2025-09-23,Tablet,15588,897,48.70,76,12071.76
CAMP-0002,2025-09-23,Desktop,1589,56,349.73,4,364.53
CAMP-0002,2025-09-23,Mobile,9631,385,205.75,33,5009.51
CAMP-0002,2025-09-23,Tablet,4034,229,157.46,3,299.30
CAMP-0019,2025-09-23,Desktop,15361,271,229.99,5,415.05
CAMP-0019,2025-09-23,Mobile,7921,236,344.02,7,1116.59
CAMP-0019,2025-09-23,Tablet,4421,70,269.62,3,154.89
CAMP-0001,2025-09-23,Desktop,14837,158,170.47,2,130.34
CAMP-0001,2025-09-23,Mobile,5639,442,617.56,24,3785.57
CAMP-0001,2025-09-23,Tablet,4188,55,574.69,5,292.60
CAMP-0015,2025-09-23,Desktop,15009,450,356.86,42,1967.54
CAMP-0015,2025-09-23,Mobile,23122,751,643.05,80,4022.74
CAMP-0015,2025-09-23,Tablet,9979,773,836.88,6,238.72
CAMP-0011,2025-09-23,Desktop,7172,154,621.74,9,1275.37
CAMP-0011,2025-09-23,Mobile,23382,429,475.52,29,1042.96
CAMP-0011,2025-09-23,Tablet,12331,746,816.87,63,9078.20
CAMP-0010,2025-09-24,Desktop,9239,551,749.94,11,763.85
CAMP-0010,2025-09-24,Mobile,6288,50,429.90,2,122.61
CAMP-0010,2025-09-24,Tablet,16508,178,289.53,0,0.00
CAMP-0008,2025-09-24,Desktop,11563,773,784.71,16,1529.39
CAMP-0008,2025-09-24,Mobile,23015,1320,454.76,67,9990.40
CAMP-0008,2025-09-24,Tablet,6347,302,457.11,32,3205.64
CAMP-0017,2025-09-24,Desktop,3214,167,64.55,3,446.37
CAMP-0017,2025-09-24,Mobile,24803,1978,206.12,162,22382.06
CAMP-0017,2025-09-24,Tablet,16948,91,763.22,1,126.52
CAMP-0009,2025-09-24,Desktop,6622,514,117.17,44,1757.05
CAMP-0009,2025-09-24,Mobile,21500,1225,838.97,117,15902.82
CAMP-0009,2025-09-24,Tablet,24534,1757,520.51,49,4351.93
CAMP-0002,2025-09-25,Desktop,12772,472,487.27,56,7578.82
CAMP-0002,2025-09-25,Mobile,8471,151,747.75,18,1632.46
CAMP-0002,2025-09-25,Tablet,3035,89,417.61,4,432.69
CAMP-0004,2025-09-25,Desktop,20859,133,625.53,6,750.19
CAMP-0004,2025-09-25,Mobile,16871,988,579.22,56,8181.25
CAMP-0004,2025-09-25,Tablet,5402,420,358.24,31,2611.74
CAMP-0015,2025-09-25,Desktop,1477,33,50.98,0,0.00
CAMP-0015,2025-09-25,Mobile,5011,266,304.27,7,613.24
CAMP-0015,2025-09-25,Tablet,1937,13,865.82,1,62.10
CAMP-0014,2025-09-25,Desktop,6013,107,82.97,2,146.82
CAMP-0014,2025-09-25,Mobile,20067,524,301.42,43,2340.22
CAMP-0014,2025-09-25,Tablet,14547,643,786.86,30,4265.37
CAMP-0012,2025-09-25,Desktop,1816,95,397.28,8,814.40
CAMP-0012,2025-09-25,Mobile,4523,144,143.04,5,786.81
CAMP-0012,2025-09-25,Tablet,8805,535,337.09,48,2600.81
CAMP-0010,2025-09-25,Desktop,19717,696,433.64,81,5532.02
CAMP-0010,2025-09-25,Mobile,24289,454,760.42,47,5704.93
CAMP-0010,2025-09-25,Tablet,678,30,210.15,1,40.64
CAMP-0006,2025-09-26,Desktop,18047,790,139.12,76,9641.95
CAMP-0006,2025-09-26,Mobile,4718,163,693.45,19,2471.71
CAMP-0006,2025-09-26,Tablet,12667,444,348.15,24,3582.33
CAMP-0016,2025-09-26,Desktop,24752,1464,451.68,142,16526.13
CAMP-0016,2025-09-26,Mobile,21991,889,187.84,94,8382.03
CAMP-0016,2025-09-26,Tablet,6230,325,703.84,29,3214.72
CAMP-0009,2025-09-26,Desktop,9358,223,785.82,26,2712.81
CAMP-0009,2025-09-26,Mobile,24664,539,599.10,1,52.36
CAMP-0009,2025-09-26,Tablet,6402,151,694.39,0,0.00
CAMP-0012,2025-09-26,Desktop,16361,181,362.47,7,283.44
CAMP-0012,2025-09-26,Mobile,20221,660,637.51,73,11670.20
CAMP-0012,2025-09-26,Tablet,12343,872,75.69,80,7950.98
CAMP-0019,2025-09-26,Desktop,8274,99,781.53,7,246.78
CAMP-0019,2025-09-26,Mobile,1464,86,688.85,0,0.00
CAMP-0019,2025-09-26,Tablet,9535,539,536.50,36,4352.13
CAMP-0003,2025-09-26,Desktop,12024,226,299.97,3,315.75
CAMP-0003,2025-09-26,Mobile,16354,779,429.61,37,4603.92
CAMP-0003,2025-09-26,Tablet,3366,66,380.20,6,445.54
CAMP-0002,2025-09-26,Desktop,24517,628,246.08,37,5141.99
CAMP-0002,2025-09-26,Mobile,1248,25,226.52,1,151.14
CAMP-0002,2025-09-26,Tablet,6058,170,667.13,9,1250.55
CAMP-0004,2025-09-27,Desktop,2678,75,635.59,9,548.57
CAMP-0004,2025-09-27,Mobile,3222,196,782.84,1,65.56
CAMP-0004,2025-09-27,Tablet,14243,787,132.51,30,4480.62
CAMP-0007,2025-09-27,Desktop,18659,566,168.84,43,1846.43
CAMP-0007,2025-09-27,Mobile,24642,1055,37.64,123,6798.42
CAMP-0007,2025-09-27,Tablet,10346,334,301.92,6,212.51
CAMP-0015,2025-09-27,Desktop,16195,1060,425.08,53,7767.73
CAMP-0015,2025-09-27,Mobile,20785,1386,48.03,28,4472.65
CAMP-0015,2025-09-27,Tablet,20475,422,759.03,45,3290.02
CAMP-0011,2025-09-27,Desktop,6496,190,407.87,15,1207.61
CAMP-0011,2025-09-27,Mobile,19751,175,298.19,5,573.16
CAMP-0011,2025-09-27,Tablet,13688,218,635.85,2,167.45
CAMP-0017,2025-09-28,Desktop,20813,276,793.85,29,3176.97
CAMP-0017,2025-09-28,Mobile,11913,467,480.48,42,3823.09
CAMP-0017,2025-09-28,Tablet,16658,1090,36.39,91,3753.81
CAMP-0004,2025-09-28,Desktop,19211,394,279.23,18,1100.73
CAMP-0004,2025-09-28,Mobile,7444,521,217.84,51,5437.81
CAMP-0004,2025-09-28,Tablet,21422,527,316.55,0,0.00
CAMP-0008,2025-09-28,Desktop,10551,547,802.28,8,519.69
CAMP-0008,2025-09-28,Mobile,1891,74,491.94,7,990.30
CAMP-0008,2025-09-28,Tablet,8958,605,736.09,59,2751.29
CAMP-0007,2025-09-28,Desktop,14914,1005,851.95,105,9404.63
CAMP-0007,2025-09-28,Mobile,6171,101,770.19,5,668.63
CAMP-0007,2025-09-28,Tablet,9048,616,535.07,51,4440.86
CAMP-0015,2025-09-28,Desktop,14107,598,622.12,65,8814.92
CAMP-0015,2025-09-28,Mobile,18428,1429,642.35,105,13322.90
CAMP-0015,2025-09-28,Tablet,1477,83,524.96,1,42.64
CAMP-0002,2025-09-28,Desktop,17815,747,533.65,22,1383.44
CAMP-0002,2025-09-28,Mobile,24291,203,785.21,4,427.07
CAMP-0002,2025-09-28,Tablet,6307,389,441.10,17,1862.66
CAMP-0009,2025-09-28,Desktop,20565,905,585.01,37,3702.21
CAMP-0009,2025-09-28,Mobile,21972,1580,84.17,51,2980.44
CAMP-0009,2025-09-28,Tablet,4336,80,716.11,7,266.34
CAMP-0010,2025-09-28,Desktop,10868,152,277.90,13,614.48
CAMP-0010,2025-09-28,Mobile,16159,618,791.72,64,3235.00
CAMP-0010,2025-09-28,Tablet,15724,197,466.19,4,501.44
CAMP-0006,2025-09-28,Desktop,11937,210,183.53,7,614.58
CAMP-0006,2025-09-28,Mobile,9535,480,395.28,54,2018.43
CAMP-0006,2025-09-28,Tablet,17408,307,571.14,30,3209.82
CAMP-0004,2025-09-29,Desktop,13915,994,679.16,12,732.99
CAMP-0004,2025-09-29,Mobile,6363,279,692.08,17,1360.07
CAMP-0004,2025-09-29,Tablet,23030,1347,834.53,141,6504.61
CAMP-0007,2025-09-29,Desktop,19650,709,832.55,78,9720.01
CAMP-0007,2025-09-29,Mobile,22233,1765,845.40,101,15742.84
CAMP-0007,2025-09-29,Tablet,2033,33,433.23,0,0.00
CAMP-0015,2025-09-29,Desktop,23003,1618,647.19,185,12280.67
CAMP-0015,2025-09-29,Mobile,879,13,613.72,1,113.88
CAMP-0015,2025-09-29,Tablet,18121,407,283.36,47,5331.14
CAMP-0017,2025-09-29,Desktop,9804,632,528.61,35,4059.00
CAMP-0017,2025-09-29,Mobile,3498,220,536.25,3,406.00
CAMP-0017,2025-09-29,Tablet,1430,108,529.91,10,563.67
CAMP-0016,2025-09-30,Desktop,10677,383,156.00,13,469.12
CAMP-0016,2025-09-30,Mobile,18449,241,267.47,1,111.98
CAMP-0016,2025-09-30,Tablet,21732,1234,296.78,16,1846.36
CAMP-0014,2025-09-30,Desktop,11673,612,625.61,70,8159.83
CAMP-0014,2025-09-30,Mobile,5423,295,855.27,12,461.97
CAMP-0014,2025-09-30,Tablet,6951,246,614.04,8,1154.79
CAMP-0005,2025-09-30,Desktop,24266,1389,253.64,30,1377.46
CAMP-0005,2025-09-30,Mobile,8037,572,420.05,5,362.31
CAMP-0005,2025-09-30,Tablet,13140,307,70.10,10,1212.39
CAMP-0019,2025-09-30,Desktop,13028,248,747.76,28,2579.54
CAMP-0019,2025-09-30,Mobile,14007,827,610.97,20,1033.86
CAMP-0019,2025-09-30,Tablet,11311,301,287.99,12,740.94
CAMP-0018,2025-09-30,Desktop,24425,1347,358.93,159,10933.89
CAMP-0018,2025-09-30,Mobile,1483,92,185.62,11,1137.70
CAMP-0018,2025-09-30,Tablet,4308,133,485.33,10,785.88
CAMP-0017,2025-09-30,Desktop,19766,1370,532.45,146,16845.67
CAMP-0017,2025-09-30,Mobile,6239,137,607.92,11,1315.72
CAMP-0017,2025-09-30,Tablet,9428,227,692.80,25,3376.99
CAMP-0011,2025-09-30,Desktop,1558,36,420.26,3,205.43
CAMP-0011,2025-09-30,Mobile,7580,146,224.48,2,132.40
CAMP-0011,2025-09-30,Tablet,20613,1002,746.26,90,9709.88
CAMP-0015,2025-10-01,Desktop,17922,1192,866.49,8,602.31
CAMP-0015,2025-10-01,Mobile,15868,141,395.84,10,1531.81
CAMP-0015,2025-10-01,Tablet,22987,891,782.09,103,14150.91
CAMP-0014,2025-10-01,Desktop,10667,549,251.85,16,1938.62
CAMP-0014,2025-10-01,Mobile,5876,393,729.87,10,1099.13
CAMP-0014,2025-10-01,Tablet,17034,1200,487.62,123,11314.54
CAMP-0011,2025-10-01,Desktop,3640,217,21.94,7,363.25
CAMP-0011,2025-10-01,Mobile,13943,486,413.71,11,702.09
CAMP-0011,2025-10-01,Tablet,17885,1222,144.40,11,392.15
CAMP-0006,2025-10-01,Desktop,1872,130,897.65,7,797.90
CAMP-0006,2025-10-01,Mobile,8102,505,581.27,30,3570.66
CAMP-0006,2025-10-01,Tablet,14095,1054,589.86,0,0.00
CAMP-0008,2025-10-01,Desktop,21775,1147,759.66,5,335.56
CAMP-0008,2025-10-01,Mobile,7059,416,536.86,0,0.00
CAMP-0008,2025-10-01,Tablet,21029,400,145.50,12,997.98
CAMP-0017,2025-10-01,Desktop,1448,69,631.97,1,46.83
CAMP-0017,2025-10-01,Mobile,22712,1179,792.06,66,2811.24
CAMP-0017,2025-10-01,Tablet,786,46,166.52,5,220.09
CAMP-0012,2025-10-01,Desktop,18515,629,681.43,63,6519.01
CAMP-0012,2025-10-01,Mobile,11039,367,50.43,33,3345.26
CAMP-0012,2025-10-01,Tablet,22294,1395,213.46,164,9405.95
CAMP-0019,2025-10-01,Desktop,20009,141,398.31,15,1410.23
CAMP-0019,2025-10-01,Mobile,8146,213,411.86,9,839.36
CAMP-0019,2025-10-01,Tablet,3868,124,152.57,5,638.35
CAMP-0009,2025-10-02,Desktop,17712,935,642.89,39,2639.15
CAMP-0009,2025-10-02,Mobile,18727,1267,105.06,108,14200.11
CAMP-0009,2025-10-02,Tablet,4750,219,131.81,6,925.15
CAMP-0006,2025-10-02,Desktop,20131,1330,552.33,74,5703.94
CAMP-0006,2025-10-02,Mobile,19812,1021,558.17,89,11224.68
CAMP-0006,2025-10-02,Tablet,1712,109,508.14,2,285.90
CAMP-0008,2025-10-02,Desktop,24793,607,310.04,39,2561.79
CAMP-0008,2025-10-02,Mobile,24885,1893,650.31,75,3258.82
CAMP-0008,2025-10-02,Tablet,3819,291,391.30,29,3681.33
CAMP-0017,2025-10-02,Desktop,6761,509,298.16,44,5318.67
CAMP-0017,2025-10-02,Mobile,20674,968,425.38,66,7221.76
CAMP-0017,2025-10-02,Tablet,19991,312,529.19,12,601.67
CAMP-0002,2025-10-02,Desktop,19936,652,223.67,68,6663.97
CAMP-0002,2025-10-02,Mobile,22866,1516,860.15,106,6543.51
CAMP-0002,2025-10-02,Tablet,13383,716,275.91,21,942.04
CAMP-0020,2025-10-02,Desktop,2530,19,664.51,2,280.87
CAMP-0020,2025-10-02,Mobile,1589,122,839.22,1,70.31
CAMP-0020,2025-10-02,Tablet,13650,880,159.15,2,239.59
CAMP-0011,2025-10-02,Desktop,19415,135,347.56,6,699.67
CAMP-0011,2025-10-02,Mobile,1800,109,74.20,2,244.80
CAMP-0011,2025-10-02,Tablet,21427,1262,551.96,19,2416.97
CAMP-0013,2025-10-02,Desktop,23207,1757,782.87,17,2500.30
CAMP-0013,2025-10-02,Mobile,23135,1004,635.72,43,2279.50
CAMP-0013,2025-10-02,Tablet,4668,34,206.53,2,70.41
CAMP-0019,2025-10-02,Desktop,3396,269,240.21,2,248.90
CAMP-0019,2025-10-02,Mobile,16712,720,741.81,26,1154.41
CAMP-0019,2025-10-02,Tablet,20128,1542,290.03,120,9696.61
CAMP-0010,2025-10-02,Desktop,10870,404,172.93,22,1718.67
CAMP-0010,2025-10-02,Mobile,11486,217,714.83,1,101.57
CAMP-0010,2025-10-02,Tablet,20287,913,578.52,17,1851.20
CAMP-0013,2025-10-03,Desktop,1918,124,547.64,6,872.81
CAMP-0013,2025-10-03,Mobile,20009,1448,574.83,76,2988.88
CAMP-0013,2025-10-03,Tablet,8695,164,112.67,13,1289.49
CAMP-0002,2025-10-03,Desktop,1535,10,49.36,0,0.00
CAMP-0002,2025-10-03,Mobile,2522,127,699.33,1,77.30
CAMP-0002,2025-10-03,Tablet,21444,1314,212.73,64,6278.82
CAMP-0003,2025-10-03,Desktop,559,22,121.45,2,299.48
CAMP-0003,2025-10-03,Mobile,3625,230,76.75,19,2832.98
CAMP-0003,2025-10-03,Tablet,20047,1365,428.54,48,6171.66
CAMP-0008,2025-10-03,Desktop,9305,239,136.16,20,1308.93
CAMP-0008,2025-10-03,Mobile,4301,200,390.57,20,1902.20
CAMP-0008,2025-10-03,Tablet,11420,408,57.73,19,2898.76
CAMP-0002,2025-10-04,Desktop,13110,362,339.01,13,511.11
CAMP-0002,2025-10-04,Mobile,14207,94,437.95,2,299.57
CAMP-0002,2025-10-04,Tablet,3730,267,508.59,10,1571.91
CAMP-0005,2025-10-04,Desktop,6736,43,235.75,0,0.00
CAMP-0005,2025-10-04,Mobile,24641,1056,439.38,85,12002.79
CAMP-0005,2025-10-04,Tablet,24662,1948,348.08,104,5987.30
CAMP-0001,2025-10-04,Desktop,19397,507,733.00,46,6234.81
CAMP-0001,2025-10-04,Mobile,3656,288,875.81,21,2068.74
CAMP-0001,2025-10-04,Tablet,6095,282,831.13,6,317.02
CAMP-0011,2025-10-04,Desktop,3141,93,324.81,2,106.29
CAMP-0011,2025-10-04,Mobile,20379,634,585.15,17,653.19
CAMP-0011,2025-10-04,Tablet,4612,112,342.28,10,901.41
CAMP-0016,2025-10-04,Desktop,7319,254,519.86,12,1881.00
CAMP-0016,2025-10-04,Mobile,10953,818,606.60,57,4079.39
CAMP-0016,2025-10-04,Tablet,10570,226,65.86,26,1677.59
CAMP-0014,2025-10-04,Desktop,7592,602,686.91,31,2491.39
CAMP-0014,2025-10-04,Mobile,3000,197,687.00,23,1810.53
CAMP-0014,2025-10-04,Tablet,12481,762,79.12,37,1944.16
CAMP-0009,2025-10-04,Desktop,12253,529,244.33,8,446.99
CAMP-0009,2025-10-04,Mobile,5066,49,109.43,1,141.42
CAMP-0009,2025-10-04,Tablet,18110,630,553.50,45,5000.59
CAMP-0013,2025-10-04,Desktop,24260,687,796.24,82,9244.41
CAMP-0013,2025-10-04,Mobile,23393,1413,250.25,139,21372.86
CAMP-0013,2025-10-04,Tablet,10428,799,554.71,55,2066.11
CAMP-0010,2025-10-04,Desktop,11300,530,664.14,16,1724.00
CAMP-0010,2025-10-04,Mobile,19907,563,442.22,39,3917.59
CAMP-0010,2025-10-04,Tablet,6166,457,532.75,7,470.53
CAMP-0006,2025-10-05,Desktop,22169,740,710.39,74,9078.56
CAMP-0006,2025-10-05,Mobile,12125,712,278.32,9,964.97
CAMP-0006,2025-10-05,Tablet,18319,327,260.65,28,1176.24
CAMP-0018,2025-10-05,Desktop,20377,1584,796.60,134,18720.47
CAMP-0018,2025-10-05,Mobile,6805,245,877.21,26,2933.79
CAMP-0018,2025-10-05,Tablet,19371,801,660.52,28,4356.10
CAMP-0005,2025-10-05,Desktop,20206,912,24.32,12,602.78
CAMP-0005,2025-10-05,Mobile,8028,550,268.27,57,8846.74
CAMP-0005,2025-10-05,Tablet,7402,504,385.49,47,4744.68
CAMP-0009,2025-10-05,Desktop,11043,667,677.98,11,1529.22
CAMP-0009,2025-10-05,Mobile,4872,243,589.86,25,3123.39
CAMP-0009,2025-10-05,Tablet,13709,758,157.57,14,877.88
CAMP-0019,2025-10-05,Desktop,3833,73,628.05,0,0.00
CAMP-0019,2025-10-05,Mobile,4493,140,602.17,15,1959.41
CAMP-0019,2025-10-05,Tablet,12076,921,195.51,48,7479.20
CAMP-0011,2025-10-06,Desktop,16925,200,359.58,8,1216.14
CAMP-0011,2025-10-06,Mobile,10592,644,251.82,64,7617.78
CAMP-0011,2025-10-06,Tablet,609,25,143.27,1,102.24
CAMP-0019,2025-10-06,Desktop,6822,474,759.89,51,4126.83
CAMP-0019,2025-10-06,Mobile,1585,32,850.19,3,406.31
CAMP-0019,2025-10-06,Tablet,16567,704,737.06,17,1376.69
CAMP-0014,2025-10-06,Desktop,10116,376,773.76,18,2466.53
CAMP-0014,2025-10-06,Mobile,18676,854,845.53,44,4304.89
CAMP-0014,2025-10-06,Tablet,21425,1199,531.35,37,2620.58
CAMP-0017,2025-10-06,Desktop,1769,50,586.66,0,0.00
CAMP-0017,2025-10-06,Mobile,6389,170,372.65,17,2139.00
CAMP-0017,2025-10-06,Tablet,14487,269,277.03,5,714.15
CAMP-0006,2025-10-07,Desktop,24497,1330,202.55,28,1843.22
CAMP-0006,2025-10-07,Mobile,19614,835,215.06,0,0.00
CAMP-0006,2025-10-07,Tablet,17682,722,185.60,79,3116.06
CAMP-0002,2025-10-07,Desktop,10182,312,210.79,23,1872.37
CAMP-0002,2025-10-07,Mobile,10901,332,163.43,8,1021.84
CAMP-0002,2025-10-07,Tablet,13902,165,299.92,4,540.00
CAMP-0003,2025-10-07,Desktop,1972,81,315.00,1,115.20
CAMP-0003,2025-10-07,Mobile,9585,408,457.63,31,4065.93
CAMP-0003,2025-10-07,Tablet,8078,387,804.10,11,562.39
CAMP-0019,2025-10-07,Desktop,16192,881,35.82,103,5776.18
CAMP-0019,2025-10-07,Mobile,24901,1484,503.95,134,20093.46
CAMP-0019,2025-10-07,Tablet,17297,1116,171.74,31,1358.05
CAMP-0005,2025-10-08,Desktop,9174,546,164.63,59,8329.24
CAMP-0005,2025-10-08,Mobile,1498,45,490.25,1,121.70
CAMP-0005,2025-10-08,Tablet,8951,458,752.23,19,897.15
CAMP-0007,2025-10-08,Desktop,16680,1127,639.47,30,3514.61
CAMP-0007,2025-10-08,Mobile,15667,183,718.37,14,1302.03
CAMP-0007,2025-10-08,Tablet,18579,861,54.85,50,6723.36
CAMP-0016,2025-10-08,Desktop,3614,269,349.41,11,603.51
CAMP-0016,2025-10-08,Mobile,17427,687,423.92,28,2145.36
CAMP-0016,2025-10-08,Tablet,3437,31,250.50,2,310.76
CAMP-0008,2025-10-08,Desktop,5040,259,301.29,17,2358.87
CAMP-0008,2025-10-08,Mobile,20765,794,775.79,70,9001.12
CAMP-0008,2025-10-08,Tablet,21276,389,244.37,2,142.10
CAMP-0001,2025-10-08,Desktop,18992,670,142.86,55,4506.69
CAMP-0001,2025-10-08,Mobile,6552,52,235.56,5,781.28
CAMP-0001,2025-10-08,Tablet,21593,239,272.72,28,1953.75
CAMP-0018,2025-10-09,Desktop,24501,560,749.41,13,861.13
CAMP-0018,2025-10-09,Mobile,9678,469,848.77,29,1791.36
CAMP-0018,2025-10-09,Tablet,1027,74,302.69,2,132.57
CAMP-0010,2025-10-09,Desktop,24491,965,777.96,65,5407.49
CAMP-0010,2025-10-09,Mobile,22605,692,681.67,32,4362.31
CAMP-0010,2025-10-09,Tablet,18251,400,173.59,17,2603.01
CAMP-0006,2025-10-09,Desktop,5647,45,641.21,4,299.07
CAMP-0006,2025-10-09,Mobile,20823,907,110.89,38,2637.29
CAMP-0006,2025-10-09,Tablet,19213,1088,389.02,27,4233.50
CAMP-0020,2025-10-09,Desktop,598,42,340.33,0,0.00
CAMP-0020,2025-10-09,Mobile,7408,488,720.20,48,5558.47
CAMP-0020,2025-10-09,Tablet,1622,103,453.67,11,1412.79
CAMP-0001,2025-10-10,Desktop,10803,449,316.56,31,1153.75
CAMP-0001,2025-10-10,Mobile,17110,382,430.04,44,4843.94
CAMP-0001,2025-10-10,Tablet,24063,927,106.08,73,8968.39
CAMP-0003,2025-10-10,Desktop,4503,45,121.88,5,183.11
CAMP-0003,2025-10-10,Mobile,15316,456,612.47,25,1277.24
CAMP-0003,2025-10-10,Tablet,23356,1133,216.36,43,2353.93
CAMP-0018,2025-10-10,Desktop,16853,1196,395.94,38,1751.69
CAMP-0018,2025-10-10,Mobile,13735,341,94.77,22,3027.82
CAMP-0018,2025-10-10,Tablet,24483,1535,87.80,24,2615.44
CAMP-0005,2025-10-10,Desktop,21607,717,856.59,64,5943.10
CAMP-0005,2025-10-10,Mobile,16394,101,182.16,11,388.38
CAMP-0005,2025-10-10,Tablet,17808,1030,269.76,90,6503.74
CAMP-0002,2025-10-10,Desktop,21135,1310,890.42,136,16018.07
CAMP-0002,2025-10-10,Mobile,19218,137,105.67,13,840.61
CAMP-0002,2025-10-10,Tablet,24960,1889,34.29,186,19889.61
CAMP-0020,2025-10-10,Desktop,18490,512,323.69,21,910.69
CAMP-0020,2025-10-10,Mobile,13738,469,247.42,32,3386.26
CAMP-0020,2025-10-10,Tablet,10916,665,219.48,21,1481.85
CAMP-0012,2025-10-10,Desktop,19760,288,870.15,26,1831.32
CAMP-0012,2025-10-10,Mobile,15573,311,91.14,14,1583.57
CAMP-0012,2025-10-10,Tablet,4651,118,725.92,2,94.70
CAMP-0008,2025-10-11,Desktop,3332,46,191.63,2,148.57
CAMP-0008,2025-10-11,Mobile,2290,23,855.57,2,231.53
CAMP-0008,2025-10-11,Tablet,4248,150,126.97,5,384.43
CAMP-0019,2025-10-11,Desktop,21077,861,314.78,42,3208.52
CAMP-0019,2025-10-11,Mobile,7481,359,606.87,38,4553.65
CAMP-0019,2025-10-11,Tablet,7376,130,484.42,7,432.40
CAMP-0007,2025-10-11,Desktop,10437,422,487.13,25,2861.08
CAMP-0007,2025-10-11,Mobile,6668,409,612.29,28,3783.79
CAMP-0007,2025-10-11,Tablet,11211,585,213.57,50,2673.49
CAMP-0018,2025-10-11,Desktop,3272,38,120.41,0,0.00
CAMP-0018,2025-10-11,Mobile,9295,253,848.50,4,605.69
CAMP-0018,2025-10-11,Tablet,3197,113,342.21,5,457.76
CAMP-0009,2025-10-11,Desktop,18926,1027,417.40,122,15681.07
CAMP-0009,2025-10-11,Mobile,20327,907,719.93,93,13399.73
CAMP-0009,2025-10-11,Tablet,16488,1042,413.26,93,3884.81
CAMP-0013,2025-10-11,Desktop,24166,1346,781.93,72,5575.71
CAMP-0013,2025-10-11,Mobile,5360,244,632.57,20,1212.21
CAMP-0013,2025-10-11,Tablet,12181,226,335.08,10,1024.15
CAMP-0018,2025-10-12,Desktop,12459,600,862.34,30,2546.45
CAMP-0018,2025-10-12,Mobile,3640,93,665.14,8,1197.45
CAMP-0018,2025-10-12,Tablet,21147,157,508.34,16,1889.57
CAMP-0013,2025-10-12,Desktop,14454,602,635.42,47,5222.03
CAMP-0013,2025-10-12,Mobile,1570,18,370.17,0,0.00
CAMP-0013,2025-10-12,Tablet,11657,756,813.57,30,4476.07
CAMP-0002,2025-10-12,Desktop,4212,155,709.14,7,919.42
CAMP-0002,2025-10-12,Mobile,5057,265,439.15,20,1552.23
CAMP-0002,2025-10-12,Tablet,14423,483,756.91,44,6082.89
CAMP-0010,2025-10-12,Desktop,7129,210,580.36,1,37.22
CAMP-0010,2025-10-12,Mobile,10738,718,692.31,50,3448.50
CAMP-0010,2025-10-12,Tablet,23685,883,600.37,57,4523.93
CAMP-0012,2025-10-12,Desktop,6292,105,566.21,9,1230.47
CAMP-0012,2025-10-12,Mobile,7292,72,116.25,0,0.00
CAMP-0012,2025-10-12,Tablet,12250,524,486.79,55,2848.20
CAMP-0016,2025-10-13,Desktop,15474,160,678.53,4,348.08
CAMP-0016,2025-10-13,Mobile,19263,426,814.32,4,334.16
CAMP-0016,2025-10-13,Tablet,17419,459,624.44,6,490.17
CAMP-0018,2025-10-13,Desktop,11623,664,584.04,34,4533.68
CAMP-0018,2025-10-13,Mobile,23572,1098,431.16,86,12653.35
CAMP-0018,2025-10-13,Tablet,24096,1426,862.92,40,3391.39
CAMP-0014,2025-10-13,Desktop,7625,153,750.30,16,2530.57
CAMP-0014,2025-10-13,Mobile,22376,919,447.73,94,8678.16
CAMP-0014,2025-10-13,Tablet,12257,785,183.36,12,811.98
CAMP-0008,2025-10-13,Desktop,13668,993,249.19,30,2841.05
CAMP-0008,2025-10-13,Mobile,12683,748,851.99,41,3269.69
CAMP-0008,2025-10-13,Tablet,22745,512,657.04,42,4830.56
CAMP-0015,2025-10-13,Desktop,13490,593,897.65,50,4370.29
CAMP-0015,2025-10-13,Mobile,4936,61,858.93,6,376.75
CAMP-0015,2025-10-13,Tablet,17512,830,282.32,17,1409.77
CAMP-0004,2025-10-13,Desktop,10154,425,571.71,22,812.42
CAMP-0004,2025-10-13,Mobile,9177,438,571.18,35,1755.73
CAMP-0004,2025-10-13,Tablet,23900,277,360.11,15,2333.26
CAMP-0007,2025-10-13,Desktop,4633,219,106.33,3,376.13
CAMP-0007,2025-10-13,Mobile,15292,316,826.25,17,923.24
CAMP-0007,2025-10-13,Tablet,4495,165,665.84,16,621.65
CAMP-0005,2025-10-13,Desktop,9574,583,673.17,59,5552.73
CAMP-0005,2025-10-13,Mobile,17928,1073,22.38,42,2374.17
CAMP-0005,2025-10-13,Tablet,22188,1562,508.91,174,25323.49
CAMP-0012,2025-10-13,Desktop,12893,967,498.44,11,1147.44
CAMP-0012,2025-10-13,Mobile,8840,611,561.05,44,6925.06
CAMP-0012,2025-10-13,Tablet,10849,154,553.22,4,573.33
CAMP-0012,2025-10-14,Desktop,21463,1505,664.56,5,331.27
CAMP-0012,2025-10-14,Mobile,16372,986,615.64,24,921.93
CAMP-0012,2025-10-14,Tablet,6452,366,60.27,29,4151.68
CAMP-0017,2025-10-14,Desktop,4307,43,466.07,0,0.00
CAMP-0017,2025-10-14,Mobile,17421,1232,807.79,56,8926.37
CAMP-0017,2025-10-14,Tablet,1823,121,726.08,6,256.03
CAMP-0009,2025-10-14,Desktop,20084,424,690.41,24,3610.35
CAMP-0009,2025-10-14,Mobile,7246,565,556.36,1,115.75
CAMP-0009,2025-10-14,Tablet,18024,651,543.98,44,2283.54
CAMP-0020,2025-10-14,Desktop,7720,567,104.13,3,374.61
CAMP-0020,2025-10-14,Mobile,11643,456,96.95,34,3012.48
CAMP-0020,2025-10-14,Tablet,19592,713,710.30,72,9197.68
CAMP-0010,2025-10-14,Desktop,11539,184,484.46,7,763.04
CAMP-0010,2025-10-14,Mobile,11036,708,597.86,54,7702.30
CAMP-0010,2025-10-14,Tablet,4109,113,800.40,2,91.07
CAMP-0019,2025-10-14,Desktop,4015,53,711.01,0,0.00
CAMP-0019,2025-10-14,Mobile,22346,739,428.96,81,6943.73
CAMP-0019,2025-10-14,Tablet,3571,199,648.14,0,0.00
CAMP-0013,2025-10-14,Desktop,16267,135,252.44,0,0.00
CAMP-0013,2025-10-14,Mobile,18559,1249,688.14,16,1027.55
CAMP-0013,2025-10-14,Tablet,20453,334,102.34,32,1932.03
CAMP-0004,2025-10-15,Desktop,19564,676,364.28,34,1834.59
CAMP-0004,2025-10-15,Mobile,8907,499,639.77,49,2883.39
CAMP-0004,2025-10-15,Tablet,19287,465,824.26,21,1402.87
CAMP-0018,2025-10-15,Desktop,15554,1177,197.37,77,7911.55
CAMP-0018,2025-10-15,Mobile,7202,524,868.64,1,44.89
CAMP-0018,2025-10-15,Tablet,10519,525,369.65,20,915.04
CAMP-0014,2025-10-15,Desktop,12208,716,377.02,34,5325.48
CAMP-0014,2025-10-15,Mobile,9315,734,617.38,54,7483.40
CAMP-0014,2025-10-15,Tablet,5728,437,654.33,0,0.00
CAMP-0009,2025-10-15,Desktop,12898,673,570.12,34,4551.44
CAMP-0009,2025-10-15,Mobile,5239,70,107.57,4,627.14
CAMP-0009,2025-10-15,Tablet,6065,426,331.25,6,559.97
CAMP-0003,2025-10-15,Desktop,21159,975,574.89,73,6317.54
CAMP-0003,2025-10-15,Mobile,1995,17,576.65,2,315.00
CAMP-0003,2025-10-15,Tablet,2544,108,621.91,12,428.91
CAMP-0006,2025-10-15,Desktop,13012,992,342.83,118,17970.13
CAMP-0006,2025-10-15,Mobile,21827,651,841.04,33,1422.72
CAMP-0006,2025-10-15,Tablet,13969,959,543.69,52,4478.42
CAMP-0010,2025-10-15,Desktop,14149,509,652.35,32,4522.77
CAMP-0010,2025-10-15,Mobile,18170,1334,621.70,63,8938.81
CAMP-0010,2025-10-15,Tablet,20222,1077,507.77,129,20267.26
CAMP-0019,2025-10-15,Desktop,1382,58,708.29,3,275.77
CAMP-0019,2025-10-15,Mobile,9028,177,778.67,3,148.71
CAMP-0019,2025-10-15,Tablet,9030,213,473.74,9,884.09
CAMP-0011,2025-10-15,Desktop,14734,507,699.98,16,2195.68
CAMP-0011,2025-10-15,Mobile,895,22,383.56,1,37.80
CAMP-0011,2025-10-15,Tablet,2505,192,456.84,23,810.80
CAMP-0007,2025-10-16,Desktop,2237,96,843.05,7,799.23
CAMP-0007,2025-10-16,Mobile,13153,859,770.32,29,2419.70
CAMP-0007,2025-10-16,Tablet,17758,1105,834.32,124,14236.93
CAMP-0004,2025-10-16,Desktop,3916,284,548.11,8,824.36
CAMP-0004,2025-10-16,Mobile,2228,38,576.06,1,84.83
CAMP-0004,2025-10-16,Tablet,21978,1386,683.30,140,11092.71
CAMP-0016,2025-10-16,Desktop,3248,33,401.59,1,93.11
CAMP-0016,2025-10-16,Mobile,18598,418,84.46,47,3056.40
CAMP-0016,2025-10-16,Tablet,923,32,323.37,3,219.43
CAMP-0013,2025-10-16,Desktop,11035,518,432.30,51,2893.45
CAMP-0013,2025-10-16,Mobile,14361,1147,549.71,120,6547.92
CAMP-0013,2025-10-16,Tablet,20521,1467,64.92,145,13205.00
CAMP-0008,2025-10-16,Desktop,22846,1156,222.06,113,4582.52
CAMP-0008,2025-10-16,Mobile,12355,341,341.32,26,4120.18
CAMP-0008,2025-10-16,Tablet,19149,904,617.57,1,88.60
CAMP-0017,2025-10-17,Desktop,4762,378,71.46,12,1111.17
CAMP-0017,2025-10-17,Mobile,12070,203,351.00,12,1821.12
CAMP-0017,2025-10-17,Tablet,1865,40,382.92,1,40.99
CAMP-0016,2025-10-17,Desktop,21780,658,279.08,6,914.25
CAMP-0016,2025-10-17,Mobile,7202,143,489.31,5,205.06
CAMP-0016,2025-10-17,Tablet,21556,404,61.69,13,986.97
CAMP-0018,2025-10-17,Desktop,12237,350,301.60,10,854.50
CAMP-0018,2025-10-17,Mobile,4500,138,168.34,3,329.43
CAMP-0018,2025-10-17,Tablet,13936,440,514.22,1,44.84
CAMP-0012,2025-10-17,Desktop,15834,1026,138.14,2,94.19
CAMP-0012,2025-10-17,Mobile,17830,231,628.64,1,147.68
CAMP-0012,2025-10-17,Tablet,14126,349,191.61,18,1783.68
CAMP-0011,2025-10-17,Desktop,16210,580,389.34,40,5194.38
CAMP-0011,2025-10-17,Mobile,5715,448,716.42,44,4739.00
CAMP-0011,2025-10-17,Tablet,9109,65,742.30,0,0.00
CAMP-0010,2025-10-17,Desktop,4295,42,413.32,0,0.00
CAMP-0010,2025-10-17,Mobile,10967,813,881.17,84,11519.05
CAMP-0010,2025-10-17,Tablet,4976,263,337.91,0,0.00
CAMP-0019,2025-10-17,Desktop,1834,19,186.90,2,79.49
CAMP-0019,2025-10-17,Mobile,24061,711,718.02,24,2352.04
CAMP-0019,2025-10-17,Tablet,1236,55,809.35,1,64.33
CAMP-0008,2025-10-17,Desktop,6459,57,164.07,4,329.35
CAMP-0008,2025-10-17,Mobile,2812,41,193.42,0,0.00
CAMP-0008,2025-10-17,Tablet,6052,67,278.11,0,0.00
CAMP-0014,2025-10-17,Desktop,8702,421,515.46,11,499.13
CAMP-0014,2025-10-17,Mobile,12733,532,509.89,17,2303.61
CAMP-0014,2025-10-17,Tablet,16305,216,755.36,10,846.21
CAMP-0013,2025-10-17,Desktop,11929,543,846.66,2,243.67
CAMP-0013,2025-10-17,Mobile,4268,130,436.94,6,313.36
CAMP-0013,2025-10-17,Tablet,22399,1464,723.69,87,9234.42
CAMP-0008,2025-10-18,Desktop,18395,349,362.26,22,1976.04
CAMP-0008,2025-10-18,Mobile,8231,155,43.09,0,0.00
CAMP-0008,2025-10-18,Tablet,923,71,349.32,0,0.00
CAMP-0007,2025-10-18,Desktop,16079,505,655.86,38,1976.60
CAMP-0007,2025-10-18,Mobile,20529,1468,268.24,145,11786.30
CAMP-0007,2025-10-18,Tablet,8410,175,102.53,7,926.88
CAMP-0019,2025-10-18,Desktop,18839,469,590.25,15,907.48
CAMP-0019,2025-10-18,Mobile,18176,1294,38.27,154,6961.08
CAMP-0019,2025-10-18,Tablet,19438,882,649.62,99,4520.10
CAMP-0020,2025-10-18,Desktop,20654,815,154.36,37,3280.77
CAMP-0020,2025-10-18,Mobile,6265,103,89.14,8,773.25
CAMP-0020,2025-10-18,Tablet,5901,463,284.75,50,5915.63
CAMP-0019,2025-10-19,Desktop,4248,106,415.08,9,493.07
CAMP-0019,2025-10-19,Mobile,16649,592,772.60,55,6597.05
CAMP-0019,2025-10-19,Tablet,6303,216,170.08,21,925.64
CAMP-0015,2025-10-19,Desktop,15598,631,715.04,32,1705.73
CAMP-0015,2025-10-19,Mobile,23950,1662,589.89,105,10933.31
CAMP-0015,2025-10-19,Tablet,17998,1083,159.85,9,478.19
CAMP-0020,2025-10-19,Desktop,11547,426,799.84,20,787.72
CAMP-0020,2025-10-19,Mobile,15221,195,548.68,9,541.54
CAMP-0020,2025-10-19,Tablet,22313,605,89.81,16,954.01
CAMP-0011,2025-10-19,Desktop,19549,508,646.11,31,2017.13
CAMP-0011,2025-10-19,Mobile,8631,591,611.32,29,3721.75
CAMP-0011,2025-10-19,Tablet,20086,1075,335.17,21,2881.51
CAMP-0007,2025-10-19,Desktop,11246,849,342.77,37,2926.13
CAMP-0007,2025-10-19,Mobile,5302,203,665.74,5,761.70
CAMP-0007,2025-10-19,Tablet,9166,474,246.73,16,1096.33
CAMP-0006,2025-10-20,Desktop,21152,1573,625.94,26,2896.49
CAMP-0006,2025-10-20,Mobile,12199,208,195.75,4,177.25
CAMP-0006,2025-10-20,Tablet,24578,222,788.01,26,3374.16
CAMP-0002,2025-10-20,Desktop,5804,392,146.11,39,5580.86
CAMP-0002,2025-10-20,Mobile,2951,176,74.70,4,259.67
CAMP-0002,2025-10-20,Tablet,23665,753,177.18,52,6266.58
CAMP-0012,2025-10-20,Desktop,13910,993,780.57,94,5645.27
CAMP-0012,2025-10-20,Mobile,11210,363,590.72,20,1445.32
CAMP-0012,2025-10-20,Tablet,6600,509,480.50,15,1332.96
CAMP-0020,2025-10-20,Desktop,19829,1070,396.74,58,2595.59
CAMP-0020,2025-10-20,Mobile,3474,160,490.99,14,745.57
CAMP-0020,2025-10-20,Tablet,15853,1268,867.85,21,985.71
CAMP-0014,2025-10-20,Desktop,11720,912,717.01,83,6373.58
CAMP-0014,2025-10-20,Mobile,24447,1735,556.87,20,958.98
CAMP-0014,2025-10-20,Tablet,3276,128,308.72,6,550.86
CAMP-0015,2025-10-20,Desktop,13984,328,351.38,20,2317.81
CAMP-0015,2025-10-20,Mobile,5021,260,209.58,27,3783.23
CAMP-0015,2025-10-20,Tablet,4694,336,483.98,37,3803.99
CAMP-0010,2025-10-20,Desktop,4634,103,528.07,6,438.27
CAMP-0010,2025-10-20,Mobile,1393,28,243.82,1,52.75
CAMP-0010,2025-10-20,Tablet,1006,22,550.81,2,92.28
CAMP-0018,2025-10-21,Desktop,6524,69,738.38,5,327.86
CAMP-0018,2025-10-21,Mobile,19458,762,333.90,9,1302.87
CAMP-0018,2025-10-21,Tablet,24089,336,550.87,9,859.40
CAMP-0008,2025-10-21,Desktop,16339,146,208.70,6,507.71
CAMP-0008,2025-10-21,Mobile,7761,480,303.42,45,4568.77
CAMP-0008,2025-10-21,Tablet,19050,1113,463.90,31,1321.47
CAMP-0017,2025-10-21,Desktop,18659,635,748.10,39,3097.19
CAMP-0017,2025-10-21,Mobile,6917,178,204.07,1,124.22
CAMP-0017,2025-10-21,Tablet,12143,388,152.36,26,3307.43
CAMP-0016,2025-10-21,Desktop,20248,597,471.19,20,2521.34
CAMP-0016,2025-10-21,Mobile,7503,397,571.33,9,551.55
CAMP-0016,2025-10-21,Tablet,23343,698,227.90,3,190.11
CAMP-0007,2025-10-21,Desktop,11492,530,771.35,58,5296.41
CAMP-0007,2025-10-21,Mobile,21188,1416,247.41,91,3224.67
CAMP-0007,2025-10-21,Tablet,23707,1129,168.48,101,7891.21
CAMP-0018,2025-10-22,Desktop,22530,1021,635.17,116,13465.38
CAMP-0018,2025-10-22,Mobile,8599,596,646.09,29,4540.64
CAMP-0018,2025-10-22,Tablet,21452,1111,650.47,97,6338.65
CAMP-0012,2025-10-22,Desktop,7408,63,637.62,1,101.91
CAMP-0012,2025-10-22,Mobile,4244,269,844.68,0,0.00
CAMP-0012,2025-10-22,Tablet,3089,118,317.06,5,677.71
CAMP-0020,2025-10-22,Desktop,23491,1377,343.46,109,6297.46
CAMP-0020,2025-10-22,Mobile,22803,1509,544.96,27,3601.55
CAMP-0020,2025-10-22,Tablet,17726,1105,194.96,88,5399.03
CAMP-0002,2025-10-22,Desktop,16937,1224,325.83,72,4585.46
CAMP-0002,2025-10-22,Mobile,18185,328,164.44,34,2271.35
CAMP-0002,2025-10-22,Tablet,20779,1573,36.87,3,193.17
CAMP-0006,2025-10-23,Desktop,3966,121,231.05,6,470.12
CAMP-0006,2025-10-23,Mobile,505,28,543.80,1,152.18
CAMP-0006,2025-10-23,Tablet,20055,308,777.67,23,979.30
CAMP-0015,2025-10-23,Desktop,9887,193,620.96,10,600.20
CAMP-0015,2025-10-23,Mobile,2638,165,239.61,1,36.86
CAMP-0015,2025-10-23,Tablet,13600,857,60.87,58,7243.81
CAMP-0019,2025-10-23,Desktop,23562,1535,830.89,166,23479.67
CAMP-0019,2025-10-23,Mobile,7345,529,674.70,45,3563.92
CAMP-0019,2025-10-23,Tablet,12862,340,505.44,15,601.74
CAMP-0004,2025-10-23,Desktop,16413,553,496.64,30,3312.20
CAMP-0004,2025-10-23,Mobile,10836,109,217.46,1,159.00
CAMP-0004,2025-10-23,Tablet,1335,49,298.56,4,174.57
CAMP-0014,2025-10-23,Desktop,1825,104,224.68,9,1415.57
CAMP-0014,2025-10-23,Mobile,861,16,779.80,0,0.00
CAMP-0014,2025-10-23,Tablet,15140,116,591.78,2,265.86
CAMP-0016,2025-10-23,Desktop,8416,637,592.75,75,4580.61
CAMP-0016,2025-10-23,Mobile,9611,516,484.64,17,1620.75
CAMP-0016,2025-10-23,Tablet,11609,854,278.19,32,2653.82
CAMP-0004,2025-10-24,Desktop,22736,1100,514.08,0,0.00
CAMP-0004,2025-10-24,Mobile,8037,500,47.75,41,4122.33
CAMP-0004,2025-10-24,Tablet,8797,554,146.69,20,2244.42
CAMP-0003,2025-10-24,Desktop,6278,55,89.71,6,595.16
CAMP-0003,2025-10-24,Mobile,887,67,36.35,4,406.75
CAMP-0003,2025-10-24,Tablet,4012,265,394.90,25,3599.32
CAMP-0014,2025-10-24,Desktop,15147,967,862.41,35,3578.59
CAMP-0014,2025-10-24,Mobile,22332,992,396.37,49,3057.62
CAMP-0014,2025-10-24,Tablet,1451,112,738.74,2,164.31
CAMP-0012,2025-10-24,Desktop,6121,63,558.19,3,341.52
CAMP-0012,2025-10-24,Mobile,8019,178,737.16,3,197.81
CAMP-0012,2025-10-24,Tablet,20875,964,298.08,73,5113.77
CAMP-0020,2025-10-24,Desktop,22969,250,247.39,27,3780.72
CAMP-0020,2025-10-24,Mobile,1995,13,183.48,0,0.00
CAMP-0020,2025-10-24,Tablet,17607,519,691.86,55,7798.11
CAMP-0008,2025-10-24,Desktop,1826,49,896.39,4,515.30
CAMP-0008,2025-10-24,Mobile,3615,50,705.77,3,131.17
CAMP-0008,2025-10-24,Tablet,2346,156,524.60,4,420.06
CAMP-0005,2025-10-24,Desktop,16766,1051,858.89,67,6280.78
CAMP-0005,2025-10-24,Mobile,15867,792,738.82,39,5304.03
CAMP-0005,2025-10-24,Tablet,10359,75,562.19,2,231.18
CAMP-0003,2025-10-25,Desktop,22061,1670,822.89,13,1322.42
CAMP-0003,2025-10-25,Mobile,23299,1724,177.20,174,12557.93
CAMP-0003,2025-10-25,Tablet,12085,646,489.69,44,4309.33
CAMP-0005,2025-10-25,Desktop,4875,140,624.88,9,751.82
CAMP-0005,2025-10-25,Mobile,2134,119,305.87,11,851.24
CAMP-0005,2025-10-25,Tablet,17127,634,604.35,32,1565.91
CAMP-0011,2025-10-25,Desktop,13453,67,230.43,8,516.53
CAMP-0011,2025-10-25,Mobile,4217,42,605.28,5,439.51
CAMP-0011,2025-10-25,Tablet,23718,1713,52.87,164,10331.47
CAMP-0010,2025-10-25,Desktop,15912,490,320.07,33,3202.38
CAMP-0010,2025-10-25,Mobile,13575,656,369.19,12,1646.70
CAMP-0010,2025-10-25,Tablet,23034,470,241.91,55,2861.39
CAMP-0017,2025-10-25,Desktop,8595,171,255.82,18,2642.51
CAMP-0017,2025-10-25,Mobile,14468,1134,592.77,4,496.33
CAMP-0017,2025-10-25,Tablet,14692,420,358.25,48,5895.62
CAMP-0016,2025-10-25,Desktop,16020,1047,158.40,4,638.98
CAMP-0016,2025-10-25,Mobile,20941,615,729.89,64,9312.31
CAMP-0016,2025-10-25,Tablet,17205,1138,390.27,108,12746.70
CAMP-0006,2025-10-25,Desktop,16745,551,462.35,21,917.49
CAMP-0006,2025-10-25,Mobile,21843,1302,259.01,96,6061.97
CAMP-0006,2025-10-25,Tablet,20755,340,57.14,17,1115.94
CAMP-0001,2025-10-25,Desktop,19377,297,438.66,14,792.47
CAMP-0001,2025-10-25,Mobile,20240,963,167.60,21,1264.68
CAMP-0001,2025-10-25,Tablet,15954,973,892.34,42,6081.38
CAMP-0008,2025-10-25,Desktop,12617,478,241.22,10,1274.85
CAMP-0008,2025-10-25,Mobile,15063,699,848.49,33,2527.99
CAMP-0008,2025-10-25,Tablet,3313,111,777.12,10,811.67
CAMP-0008,2025-10-26,Desktop,9447,98,335.21,4,224.00
CAMP-0008,2025-10-26,Mobile,6397,117,430.04,4,204.40
CAMP-0008,2025-10-26,Tablet,24670,1128,797.85,7,998.77
CAMP-0007,2025-10-26,Desktop,23321,1618,818.64,190,15056.52
CAMP-0007,2025-10-26,Mobile,5698,266,532.02,30,2170.53
CAMP-0007,2025-10-26,Tablet,10566,166,815.22,7,719.69
CAMP-0006,2025-10-26,Desktop,18283,683,441.89,24,3597.38
CAMP-0006,2025-10-26,Mobile,22744,1564,94.61,8,747.21
CAMP-0006,2025-10-26,Tablet,22520,1407,74.27,96,9612.07
CAMP-0017,2025-10-26,Desktop,11463,285,228.04,21,3232.01
CAMP-0017,2025-10-26,Mobile,22037,1048,662.47,86,13350.13
CAMP-0017,2025-10-26,Tablet,10940,643,599.78,69,10741.46
CAMP-0013,2025-10-27,Desktop,18153,666,227.93,17,2700.96
CAMP-0013,2025-10-27,Mobile,19633,1060,350.78,79,4567.80
CAMP-0013,2025-10-27,Tablet,6542,503,560.92,41,3331.09
CAMP-0011,2025-10-27,Desktop,13195,350,436.89,33,4019.54
CAMP-0011,2025-10-27,Mobile,21285,275,791.57,25,3881.36
CAMP-0011,2025-10-27,Tablet,16135,277,833.85,6,923.32
CAMP-0004,2025-10-27,Desktop,1204,66,22.30,7,1078.81
CAMP-0004,2025-10-27,Mobile,15399,207,547.31,1,99.12
CAMP-0004,2025-10-27,Tablet,23741,1591,490.82,109,16481.95
CAMP-0002,2025-10-27,Desktop,22003,1157,445.85,34,3628.18
CAMP-0002,2025-10-27,Mobile,21244,149,255.95,4,433.76
CAMP-0002,2025-10-27,Tablet,12606,823,366.86,57,3548.11
CAMP-0002,2025-10-28,Desktop,8338,49,427.66,2,264.99
CAMP-0002,2025-10-28,Mobile,22579,153,866.60,11,890.99
CAMP-0002,2025-10-28,Tablet,23789,985,114.26,40,5914.94
CAMP-0017,2025-10-28,Desktop,12359,520,331.88,22,2663.05
CAMP-0017,2025-10-28,Mobile,15294,887,345.76,90,5054.82
CAMP-0017,2025-10-28,Tablet,17780,336,125.03,9,1021.99
CAMP-0006,2025-10-28,Desktop,1707,49,713.71,2,264.10
CAMP-0006,2025-10-28,Mobile,21277,820,793.74,84,11212.71
CAMP-0006,2025-10-28,Tablet,16962,808,189.17,22,902.10
CAMP-0018,2025-10-28,Desktop,3715,55,235.30,0,0.00
CAMP-0018,2025-10-28,Mobile,14686,869,96.53,32,1220.93
CAMP-0018,2025-10-28,Tablet,7433,373,484.87,32,4894.98
CAMP-0005,2025-10-29,Desktop,5043,344,850.66,33,1677.26
CAMP-0005,2025-10-29,Mobile,6898,457,178.15,17,782.34
CAMP-0005,2025-10-29,Tablet,21489,453,340.55,37,4517.62
CAMP-0016,2025-10-29,Desktop,14547,759,239.92,84,9654.03
CAMP-0016,2025-10-29,Mobile,14268,611,891.96,59,7999.20
CAMP-0016,2025-10-29,Tablet,3921,272,432.12,9,1005.14
CAMP-0004,2025-10-29,Desktop,9090,384,830.19,2,135.27
CAMP-0004,2025-10-29,Mobile,13929,392,228.32,23,931.35
CAMP-0004,2025-10-29,Tablet,14467,315,547.39,20,2824.73
CAMP-0019,2025-10-29,Desktop,11852,286,748.25,11,1539.09
CAMP-0019,2025-10-29,Mobile,12436,555,381.34,63,7432.41
CAMP-0019,2025-10-29,Tablet,23538,648,210.73,42,4214.01
CAMP-0002,2025-10-29,Desktop,18870,484,888.49,17,2340.69
CAMP-0002,2025-10-29,Mobile,20916,1468,747.92,106,9681.88
CAMP-0002,2025-10-29,Tablet,1263,24,814.70,2,144.91
CAMP-0011,2025-10-29,Desktop,4952,290,151.10,9,1347.54
CAMP-0011,2025-10-29,Mobile,15820,332,877.71,7,619.97
CAMP-0011,2025-10-29,Tablet,13653,156,52.28,6,319.03
CAMP-0017,2025-10-29,Desktop,22820,962,101.58,20,2583.17
CAMP-0017,2025-10-29,Mobile,14213,165,705.65,0,0.00
CAMP-0017,2025-10-29,Tablet,5617,259,63.38,3,431.79
CAMP-0012,2025-10-29,Desktop,2035,146,558.58,14,1132.07
CAMP-0012,2025-10-29,Mobile,6905,545,591.78,35,1771.41
CAMP-0012,2025-10-29,Tablet,21459,1256,551.41,90,6051.18
CAMP-0016,2025-10-30,Desktop,18930,394,401.15,7,665.95
CAMP-0016,2025-10-30,Mobile,7322,158,143.18,12,1337.82
CAMP-0016,2025-10-30,Tablet,2349,61,744.69,7,922.94
CAMP-0015,2025-10-30,Desktop,1878,41,655.31,1,158.10
CAMP-0015,2025-10-30,Mobile,7029,182,845.72,12,1256.56
CAMP-0015,2025-10-30,Tablet,22135,359,725.86,2,270.92
CAMP-0013,2025-10-30,Desktop,6382,404,897.24,20,1918.92
CAMP-0013,2025-10-30,Mobile,3424,132,799.56,3,473.11
CAMP-0013,2025-10-30,Tablet,23426,869,754.33,15,1938.83
CAMP-0002,2025-10-30,Desktop,23543,1500,329.58,137,18298.15
CAMP-0002,2025-10-30,Mobile,18750,1282,106.03,77,8062.20
CAMP-0002,2025-10-30,Tablet,15049,884,260.94,63,6533.56
CAMP-0007,2025-10-30,Desktop,4369,178,694.50,20,1824.46
CAMP-0007,2025-10-30,Mobile,13317,637,553.14,17,801.86
CAMP-0007,2025-10-30,Tablet,853,9,105.13,1,50.87
CAMP-0013,2025-10-31,Desktop,8553,289,830.07,11,1736.83
CAMP-0013,2025-10-31,Mobile,16242,208,47.60,7,290.44
CAMP-0013,2025-10-31,Tablet,11717,86,494.07,1,95.41
CAMP-0009,2025-10-31,Desktop,23886,1098,658.99,73,7035.38
CAMP-0009,2025-10-31,Mobile,6470,431,798.51,26,3621.70
CAMP-0009,2025-10-31,Tablet,17215,207,559.27,21,2100.71
CAMP-0016,2025-10-31,Desktop,13359,450,305.93,8,937.23
CAMP-0016,2025-10-31,Mobile,24297,663,388.49,70,9124.26
CAMP-0016,2025-10-31,Tablet,17713,355,157.08,25,3402.20
CAMP-0002,2025-10-31,Desktop,19401,1318,299.34,74,10141.54
CAMP-0002,2025-10-31,Mobile,7418,399,446.92,18,2106.45
CAMP-0002,2025-10-31,Tablet,9426,384,265.73,36,1963.16
CAMP-0012,2025-10-31,Desktop,2822,84,825.16,3,266.85
CAMP-0012,2025-10-31,Mobile,12771,323,646.48,11,920.83
CAMP-0012,2025-10-31,Tablet,9954,491,257.91,25,2560.84
CAMP-0003,2025-10-31,Desktop,22687,851,263.12,92,13504.12
CAMP-0003,2025-10-31,Mobile,18674,497,781.01,52,5917.64
CAMP-0003,2025-10-31,Tablet,20378,905,797.45,106,11949.69
CAMP-0006,2025-11-01,Desktop,17643,727,42.27,25,1437.76
CAMP-0006,2025-11-01,Mobile,10501,306,119.50,14,878.64
CAMP-0006,2025-11-01,Tablet,3747,266,772.75,6,550.35
CAMP-0001,2025-11-01,Desktop,11352,202,569.00,4,412.60
CAMP-0001,2025-11-01,Mobile,913,32,82.22,0,0.00
CAMP-0001,2025-11-01,Tablet,8850,641,665.99,41,6060.17
CAMP-0003,2025-11-01,Desktop,18350,1096,476.59,17,1766.92
CAMP-0003,2025-11-01,Mobile,24235,966,294.64,0,0.00
CAMP-0003,2025-11-01,Tablet,12509,467,701.49,12,1770.34
CAMP-0016,2025-11-01,Desktop,15510,430,503.23,41,6346.62
CAMP-0016,2025-11-01,Mobile,9734,354,455.69,27,3108.16
CAMP-0016,2025-11-01,Tablet,17309,742,633.62,67,2927.22
CAMP-0017,2025-11-01,Desktop,5408,165,574.93,2,267.67
CAMP-0017,2025-11-01,Mobile,10398,426,243.52,23,1909.86
CAMP-0017,2025-11-01,Tablet,12802,522,344.15,33,4508.06
CAMP-0019,2025-11-01,Desktop,10070,196,708.97,8,1014.51
CAMP-0019,2025-11-01,Mobile,3331,113,24.95,9,818.18
CAMP-0019,2025-11-01,Tablet,1187,19,368.61,1,73.23
CAMP-0014,2025-11-01,Desktop,19396,1075,432.31,40,4964.66
CAMP-0014,2025-11-01,Mobile,6267,433,237.64,11,761.98
CAMP-0014,2025-11-01,Tablet,15477,1139,215.63,135,5066.40
CAMP-0015,2025-11-02,Desktop,9870,128,741.38,5,626.89
CAMP-0015,2025-11-02,Mobile,2731,162,582.09,18,2301.84
CAMP-0015,2025-11-02,Tablet,17387,1348,171.61,114,10818.69
CAMP-0012,2025-11-02,Desktop,7446,269,493.95,10,1247.45
CAMP-0012,2025-11-02,Mobile,6297,228,753.06,2,193.92
CAMP-0012,2025-11-02,Tablet,20690,928,713.70,74,4706.92
CAMP-0001,2025-11-02,Desktop,15295,757,348.44,39,2518.85
CAMP-0001,2025-11-02,Mobile,13512,371,163.98,20,2972.31
CAMP-0001,2025-11-02,Tablet,6955,454,561.51,20,2465.09
CAMP-0009,2025-11-02,Desktop,12298,738,186.60,61,8794.31
CAMP-0009,2025-11-02,Mobile,20189,497,408.79,32,3483.56
CAMP-0009,2025-11-02,Tablet,15122,1158,202.14,122,14999.10
CAMP-0004,2025-11-02,Desktop,24165,670,202.08,3,394.31
CAMP-0004,2025-11-02,Mobile,10881,819,214.08,59,3164.69
CAMP-0004,2025-11-02,Tablet,4405,46,712.22,2,121.82
CAMP-0006,2025-11-02,Desktop,10420,501,90.58,1,42.68
CAMP-0006,2025-11-02,Mobile,6579,126,686.40,13,753.64
CAMP-0006,2025-11-02,Tablet,16505,993,427.38,27,1139.57
CAMP-0019,2025-11-02,Desktop,10415,695,563.97,59,5442.40
CAMP-0019,2025-11-02,Mobile,15043,779,588.63,69,8416.12
CAMP-0019,2025-11-02,Tablet,11835,580,671.07,5,195.52
CAMP-0005,2025-11-02,Desktop,16857,1157,20.47,107,6944.19
CAMP-0005,2025-11-02,Mobile,11610,899,331.42,27,3785.82
CAMP-0005,2025-11-02,Tablet,3649,186,694.55,13,738.31
CAMP-0015,2025-11-03,Desktop,20898,1594,59.47,93,13719.80
CAMP-0015,2025-11-03,Mobile,17451,536,324.92,58,7843.02
CAMP-0015,2025-11-03,Tablet,20996,240,833.45,18,2075.22
CAMP-0012,2025-11-03,Desktop,12117,472,216.79,52,8312.75
CAMP-0012,2025-11-03,Mobile,24044,908,654.92,2,266.76
CAMP-0012,2025-11-03,Tablet,21070,636,600.14,59,4140.52
CAMP-0009,2025-11-03,Desktop,6164,166,186.21,0,0.00
CAMP-0009,2025-11-03,Mobile,23429,273,698.35,8,1107.67
CAMP-0009,2025-11-03,Tablet,13920,662,748.40,32,2582.82
CAMP-0007,2025-11-03,Desktop,18061,769,861.62,11,1327.53
CAMP-0007,2025-11-03,Mobile,3643,215,46.19,15,1561.49
CAMP-0007,2025-11-03,Tablet,13182,607,25.18,71,7017.64
CAMP-0017,2025-11-03,Desktop,19185,464,544.06,26,2657.18
CAMP-0017,2025-11-03,Mobile,579,20,105.36,0,0.00
CAMP-0017,2025-11-03,Tablet,13428,989,162.60,55,7004.21
CAMP-0010,2025-11-03,Desktop,15776,1116,703.60,21,1044.04
CAMP-0010,2025-11-03,Mobile,9687,564,60.52,42,6421.52
CAMP-0010,2025-11-03,Tablet,14438,901,475.51,107,7223.04
CAMP-0005,2025-11-04,Desktop,701,33,455.45,3,153.28
CAMP-0005,2025-11-04,Mobile,12604,979,85.11,79,2818.09
CAMP-0005,2025-11-04,Tablet,1117,7,244.28,0,0.00
CAMP-0014,2025-11-04,Desktop,19301,1039,809.16,33,5198.54
CAMP-0014,2025-11-04,Mobile,11325,612,599.83,2,207.31
CAMP-0014,2025-11-04,Tablet,23697,838,521.44,76,9217.65
CAMP-0010,2025-11-04,Desktop,8733,326,791.92,34,4740.17
CAMP-0010,2025-11-04,Mobile,13351,126,736.33,11,1463.15
CAMP-0010,2025-11-04,Tablet,22321,888,673.03,104,15892.28
CAMP-0004,2025-11-04,Desktop,3188,123,782.35,5,277.35
CAMP-0004,2025-11-04,Mobile,7671,518,855.09,55,2309.54
CAMP-0004,2025-11-04,Tablet,21380,1267,747.28,96,5769.32
CAMP-0016,2025-11-04,Desktop,18522,703,375.17,34,1647.85
CAMP-0016,2025-11-04,Mobile,7351,94,30.78,8,510.49
CAMP-0016,2025-11-04,Tablet,12236,254,224.56,2,248.10
CAMP-0009,2025-11-04,Desktop,6765,203,654.71,17,838.10
CAMP-0009,2025-11-04,Mobile,4078,301,433.86,16,2462.49
CAMP-0009,2025-11-04,Tablet,13539,658,154.36,43,3409.38
CAMP-0020,2025-11-04,Desktop,7660,67,564.03,8,967.50
CAMP-0020,2025-11-04,Mobile,5482,189,442.58,19,898.28
CAMP-0020,2025-11-04,Tablet,9035,258,168.20,26,2666.45
CAMP-0018,2025-11-05,Desktop,21444,665,292.97,7,316.16
CAMP-0018,2025-11-05,Mobile,17082,1271,59.93,101,8053.53
CAMP-0018,2025-11-05,Tablet,19338,787,389.92,63,4922.19
CAMP-0010,2025-11-05,Desktop,3281,104,869.87,2,257.33
CAMP-0010,2025-11-05,Mobile,20137,852,368.15,65,4837.33
CAMP-0010,2025-11-05,Tablet,21190,1247,187.49,21,2752.54
CAMP-0011,2025-11-05,Desktop,19933,240,321.31,15,2371.85
CAMP-0011,2025-11-05,Mobile,10865,147,790.87,8,808.98
CAMP-0011,2025-11-05,Tablet,7513,308,201.50,9,317.42
CAMP-0007,2025-11-05,Desktop,24642,1331,231.00,64,2898.42
CAMP-0007,2025-11-05,Mobile,20857,1522,831.36,33,4841.85
CAMP-0007,2025-11-05,Tablet,1334,76,849.33,3,452.87
CAMP-0015,2025-11-05,Desktop,7948,169,461.63,11,404.67
CAMP-0015,2025-11-05,Mobile,12178,360,712.37,38,5798.57
CAMP-0015,2025-11-05,Tablet,11472,835,461.24,56,4495.86
CAMP-0017,2025-11-05,Desktop,4240,189,724.09,21,2316.23
CAMP-0017,2025-11-05,Mobile,10473,293,280.95,23,2174.43
CAMP-0017,2025-11-05,Tablet,9859,597,388.39,62,2257.55
CAMP-0003,2025-11-05,Desktop,12804,295,281.94,24,1979.21
CAMP-0003,2025-11-05,Mobile,762,11,543.65,0,0.00
CAMP-0003,2025-11-05,Tablet,1149,37,884.83,1,150.29
CAMP-0014,2025-11-05,Desktop,1913,60,557.32,5,770.25
CAMP-0014,2025-11-05,Mobile,20071,1141,705.38,108,15765.81
CAMP-0014,2025-11-05,Tablet,22568,969,482.94,21,2747.36
CAMP-0001,2025-11-05,Desktop,22528,438,770.36,19,936.75
CAMP-0001,2025-11-05,Mobile,20201,1272,844.72,80,3796.06
CAMP-0001,2025-11-05,Tablet,11085,834,415.45,96,12387.13
CAMP-0002,2025-11-06,Desktop,707,38,348.19,3,371.46
CAMP-0002,2025-11-06,Mobile,3075,44,804.39,3,287.15
CAMP-0002,2025-11-06,Tablet,17155,792,378.93,13,1190.60
CAMP-0019,2025-11-06,Desktop,9542,284,502.84,32,4916.12
CAMP-0019,2025-11-06,Mobile,8704,636,828.13,76,3281.52
CAMP-0019,2025-11-06,Tablet,1475,74,183.11,3,173.91
CAMP-0010,2025-11-06,Desktop,15561,1092,633.01,94,12983.81
CAMP-0010,2025-11-06,Mobile,6160,72,762.80,5,650.49
CAMP-0010,2025-11-06,Tablet,16737,760,276.45,21,2725.78
CAMP-0017,2025-11-06,Desktop,15360,304,165.01,3,471.68
CAMP-0017,2025-11-06,Mobile,5334,306,186.22,33,2136.99
CAMP-0017,2025-11-06,Tablet,23223,875,47.64,15,1480.36
CAMP-0004,2025-11-06,Desktop,15552,1023,869.07,47,5582.43
CAMP-0004,2025-11-06,Mobile,6092,76,523.59,8,1030.65
CAMP-0004,2025-11-06,Tablet,3391,53,578.67,5,392.46
CAMP-0020,2025-11-06,Desktop,20464,1120,549.58,127,10089.76
CAMP-0020,2025-11-06,Mobile,15628,532,852.29,38,4484.42
CAMP-0020,2025-11-06,Tablet,19692,1504,661.03,67,5020.14
CAMP-0008,2025-11-06,Desktop,23102,1240,512.64,58,8666.98
CAMP-0008,2025-11-06,Mobile,17824,1325,346.34,158,22631.52
CAMP-0008,2025-11-06,Tablet,4425,235,169.45,10,1164.55
CAMP-0012,2025-11-06,Desktop,19216,734,342.66,75,3119.62
CAMP-0012,2025-11-06,Mobile,21835,223,366.47,17,1515.28
CAMP-0012,2025-11-06,Tablet,581,46,889.67,5,564.49
CAMP-0005,2025-11-07,Desktop,9314,197,246.61,23,1794.99
CAMP-0005,2025-11-07,Mobile,10252,797,564.60,2,307.91
CAMP-0005,2025-11-07,Tablet,13492,915,459.59,34,2328.30
CAMP-0018,2025-11-07,Desktop,4893,340,516.51,11,580.20
CAMP-0018,2025-11-07,Mobile,15485,172,690.28,16,2553.66
CAMP-0018,2025-11-07,Tablet,15404,1189,849.92,95,6430.57
CAMP-0013,2025-11-07,Desktop,9968,780,695.15,91,4382.97
CAMP-0013,2025-11-07,Mobile,7357,44,73.18,2,261.14
CAMP-0013,2025-11-07,Tablet,23952,1810,721.28,186,23496.30
CAMP-0016,2025-11-07,Desktop,9585,378,842.97,5,666.24
CAMP-0016,2025-11-07,Mobile,13941,1070,679.06,122,7858.36
CAMP-0016,2025-11-07,Tablet,16392,572,400.85,47,5513.48
CAMP-0019,2025-11-07,Desktop,6219,398,864.34,1,44.09
CAMP-0019,2025-11-07,Mobile,1871,13,518.79,0,0.00
CAMP-0019,2025-11-07,Tablet,10059,106,514.96,5,765.99
CAMP-0020,2025-11-07,Desktop,6505,155,147.33,15,1308.74
CAMP-0020,2025-11-07,Mobile,23478,1848,25.45,11,1442.83
CAMP-0020,2025-11-07,Tablet,16231,565,797.69,67,5663.69
CAMP-0006,2025-11-07,Desktop,16587,404,300.70,4,223.18
CAMP-0006,2025-11-07,Mobile,14060,903,48.75,73,6670.41
CAMP-0006,2025-11-07,Tablet,15295,753,150.84,47,4034.66
CAMP-0004,2025-11-07,Desktop,20503,1248,127.44,126,11624.85
CAMP-0004,2025-11-07,Mobile,12905,283,554.26,14,2098.68
CAMP-0004,2025-11-07,Tablet,22222,938,360.28,14,1051.12
CAMP-0013,2025-11-08,Desktop,19246,565,872.77,16,1546.78
CAMP-0013,2025-11-08,Mobile,17411,307,428.91,11,577.17
CAMP-0013,2025-11-08,Tablet,12283,324,57.19,6,255.23
CAMP-0001,2025-11-08,Desktop,11440,771,23.10,66,8784.93
CAMP-0001,2025-11-08,Mobile,20607,420,819.55,9,1060.56
CAMP-0001,2025-11-08,Tablet,22207,777,120.70,38,5280.43
CAMP-0019,2025-11-08,Desktop,12939,884,571.11,31,2935.59
CAMP-0019,2025-11-08,Mobile,15621,237,757.59,26,3595.85
CAMP-0019,2025-11-08,Tablet,11634,460,259.40,8,770.71
CAMP-0014,2025-11-08,Desktop,11670,356,893.27,41,4144.33
CAMP-0014,2025-11-08,Mobile,17838,1335,450.96,0,0.00
CAMP-0014,2025-11-08,Tablet,12863,1026,433.80,32,2160.58
CAMP-0008,2025-11-08,Desktop,2363,49,288.37,5,629.03
CAMP-0008,2025-11-08,Mobile,23312,176,511.57,21,3194.46
CAMP-0008,2025-11-08,Tablet,4837,316,719.71,35,1275.10
CAMP-0002,2025-11-08,Desktop,9082,215,198.45,8,1210.06
CAMP-0002,2025-11-08,Mobile,1091,85,244.63,3,250.32
CAMP-0002,2025-11-08,Tablet,6338,38,126.33,3,110.13
CAMP-0005,2025-11-08,Desktop,15493,489,69.89,19,1330.58
CAMP-0005,2025-11-08,Mobile,646,35,123.75,0,0.00
CAMP-0005,2025-11-08,Tablet,10951,874,434.13,56,6196.31
CAMP-0012,2025-11-08,Desktop,5262,371,592.57,17,1848.68
CAMP-0012,2025-11-08,Mobile,21345,846,430.91,11,723.79
CAMP-0012,2025-11-08,Tablet,4868,376,458.90,0,0.00
CAMP-0003,2025-11-08,Desktop,24844,1769,800.65,10,936.78
CAMP-0003,2025-11-08,Mobile,3593,143,646.76,0,0.00
CAMP-0003,2025-11-08,Tablet,9056,600,710.77,10,1474.56
CAMP-0007,2025-11-08,Desktop,13700,747,524.89,12,1913.19
CAMP-0007,2025-11-08,Mobile,8963,425,71.33,23,1658.80
CAMP-0007,2025-11-08,Tablet,12866,117,322.99,6,312.87
CAMP-0015,2025-11-09,Desktop,17248,1235,735.84,27,3567.25
CAMP-0015,2025-11-09,Mobile,15120,1101,160.68,59,3128.40
CAMP-0015,2025-11-09,Tablet,13235,249,424.74,22,1943.47
CAMP-0014,2025-11-09,Desktop,23856,1025,868.95,7,1076.21
CAMP-0014,2025-11-09,Mobile,20761,1609,530.36,5,615.57
CAMP-0014,2025-11-09,Tablet,868,15,367.30,0,0.00
CAMP-0001,2025-11-09,Desktop,2809,58,795.83,0,0.00
CAMP-0001,2025-11-09,Mobile,6438,312,417.20,2,273.87
CAMP-0001,2025-11-09,Tablet,2637,13,300.06,1,145.97
CAMP-0005,2025-11-09,Desktop,6417,381,721.81,39,2740.89
CAMP-0005,2025-11-09,Mobile,4863,220,826.64,14,1767.67
CAMP-0005,2025-11-09,Tablet,19225,1015,122.84,107,16081.23
CAMP-0010,2025-11-09,Desktop,24939,1637,556.44,6,246.79
CAMP-0010,2025-11-09,Mobile,17872,206,298.58,14,1720.78
CAMP-0010,2025-11-09,Tablet,17753,125,476.33,9,712.98
CAMP-0019,2025-11-09,Desktop,16962,953,524.36,51,1894.28
CAMP-0019,2025-11-09,Mobile,18529,653,856.91,56,7358.14
CAMP-0019,2025-11-09,Tablet,15998,456,477.83,53,3240.03
CAMP-0003,2025-11-10,Desktop,3315,78,434.28,6,882.51
CAMP-0003,2025-11-10,Mobile,1846,96,361.87,8,435.36
CAMP-0003,2025-11-10,Tablet,8951,179,841.00,12,1528.24
CAMP-0017,2025-11-10,Desktop,978,7,891.40,1,106.77
CAMP-0017,2025-11-10,Mobile,7671,422,707.17,18,1793.73
CAMP-0017,2025-11-10,Tablet,14095,595,102.60,25,1762.54
CAMP-0016,2025-11-10,Desktop,21739,573,58.01,59,7802.08
CAMP-0016,2025-11-10,Mobile,15236,716,150.91,13,1187.22
CAMP-0016,2025-11-10,Tablet,1928,19,51.07,1,42.91
CAMP-0011,2025-11-10,Desktop,13350,348,601.71,16,1938.72
CAMP-0011,2025-11-10,Mobile,10982,621,320.65,60,9097.59
CAMP-0011,2025-11-10,Tablet,21313,403,880.68,11,1411.10
CAMP-0008,2025-11-10,Desktop,17076,1248,722.43,79,7208.25
CAMP-0008,2025-11-10,Mobile,1725,100,431.01,11,667.71
CAMP-0008,2025-11-10,Tablet,7025,36,588.78,1,151.19
CAMP-0007,2025-11-11,Desktop,15417,345,376.26,39,3953.81
CAMP-0007,2025-11-11,Mobile,24758,402,61.94,3,446.29
CAMP-0007,2025-11-11,Tablet,20361,1362,451.89,137,14595.81
CAMP-0018,2025-11-11,Desktop,13079,355,43.77,7,445.67
CAMP-0018,2025-11-11,Mobile,23752,1796,866.81,54,7316.10
CAMP-0018,2025-11-11,Tablet,13234,653,749.87,69,4846.01
CAMP-0016,2025-11-11,Desktop,24116,190,801.89,22,3392.81
CAMP-0016,2025-11-11,Mobile,17401,1145,560.37,132,7387.82
CAMP-0016,2025-11-11,Tablet,13131,462,855.76,43,1771.48
CAMP-0004,2025-11-11,Desktop,14271,1087,312.26,11,939.18
CAMP-0004,2025-11-11,Mobile,17658,117,185.59,5,602.97
CAMP-0004,2025-11-11,Tablet,14533,1032,423.22,1,102.98
CAMP-0008,2025-11-11,Desktop,10449,254,213.33,21,2581.89
CAMP-0008,2025-11-11,Mobile,15493,540,279.41,33,4178.33
CAMP-0008,2025-11-11,Tablet,5935,374,265.95,6,738.74
CAMP-0010,2025-11-11,Desktop,6623,172,567.23,16,1056.91
CAMP-0010,2025-11-11,Mobile,1237,65,71.09,2,185.98
CAMP-0010,2025-11-11,Tablet,19902,1140,27.70,79,5772.51
CAMP-0015,2025-11-11,Desktop,513,31,666.57,3,176.92
CAMP-0015,2025-11-11,Mobile,14987,279,609.37,21,3200.35
CAMP-0015,2025-11-11,Tablet,22911,891,82.44,57,2098.68
CAMP-0005,2025-11-12,Desktop,16168,1280,708.46,80,7026.95
CAMP-0005,2025-11-12,Mobile,21173,475,503.41,0,0.00
CAMP-0005,2025-11-12,Tablet,1535,12,529.96,1,78.20
CAMP-0002,2025-11-12,Desktop,20049,1122,831.06,48,6364.19
CAMP-0002,2025-11-12,Mobile,18694,480,197.29,9,681.85
CAMP-0002,2025-11-12,Tablet,19994,1538,471.86,39,4306.52
CAMP-0017,2025-11-12,Desktop,3439,266,335.54,9,727.29
CAMP-0017,2025-11-12,Mobile,11055,119,487.42,10,821.57
CAMP-0017,2025-11-12,Tablet,22384,713,724.61,85,11279.16
CAMP-0015,2025-11-12,Desktop,15761,167,573.89,8,760.11
CAMP-0015,2025-11-12,Mobile,2692,117,279.15,10,751.68
CAMP-0015,2025-11-12,Tablet,10137,289,750.28,18,2776.36
CAMP-0012,2025-11-12,Desktop,7307,243,41.90,8,852.27
CAMP-0012,2025-11-12,Mobile,8936,279,678.08,17,971.26
CAMP-0012,2025-11-12,Tablet,5337,291,119.28,32,2793.19
CAMP-0009,2025-11-12,Desktop,21370,713,855.64,71,4239.94
CAMP-0009,2025-11-12,Mobile,16265,104,365.43,2,119.65
CAMP-0009,2025-11-12,Tablet,14315,1055,156.24,68,7495.32
CAMP-0011,2025-11-12,Desktop,13288,711,861.84,57,6141.64
CAMP-0011,2025-11-12,Mobile,6729,78,854.07,0,0.00
CAMP-0011,2025-11-12,Tablet,2780,196,595.31,4,286.78
CAMP-0018,2025-11-12,Desktop,1816,86,565.73,0,0.00
CAMP-0018,2025-11-12,Mobile,2187,43,645.27,0,0.00
CAMP-0018,2025-11-12,Tablet,2144,43,531.27,0,0.00
CAMP-0007,2025-11-12,Desktop,1669,120,760.92,1,152.75
CAMP-0007,2025-11-12,Mobile,23821,1276,575.10,107,16501.13
CAMP-0007,2025-11-12,Tablet,10857,799,598.48,26,2800.80
CAMP-0016,2025-11-13,Desktop,4465,222,778.30,4,592.97
CAMP-0016,2025-11-13,Mobile,926,19,57.85,2,200.61
CAMP-0016,2025-11-13,Tablet,16987,359,747.47,27,2387.42
CAMP-0020,2025-11-13,Desktop,5926,81,624.14,6,906.98
CAMP-0020,2025-11-13,Mobile,17456,749,474.60,36,3879.99
CAMP-0020,2025-11-13,Tablet,3801,182,154.57,20,866.36
CAMP-0009,2025-11-13,Desktop,16936,1286,716.82,105,14914.49
CAMP-0009,2025-11-13,Mobile,10465,696,122.93,4,610.80
CAMP-0009,2025-11-13,Tablet,12100,172,359.44,0,0.00
CAMP-0019,2025-11-13,Desktop,5861,276,369.80,21,1132.90
CAMP-0019,2025-11-13,Mobile,5202,57,297.52,5,344.19
CAMP-0019,2025-11-13,Tablet,20119,1156,892.92,127,10480.09
CAMP-0001,2025-11-14,Desktop,20693,1231,604.78,10,1377.32
CAMP-0001,2025-11-14,Mobile,24089,792,506.99,5,212.85
CAMP-0001,2025-11-14,Tablet,6720,219,879.48,15,856.50
CAMP-0005,2025-11-14,Desktop,2270,114,422.06,2,281.82
CAMP-0005,2025-11-14,Mobile,17959,1287,628.44,154,5727.54
CAMP-0005,2025-11-14,Tablet,10977,544,47.38,31,1361.04
CAMP-0018,2025-11-14,Desktop,23958,1211,858.44,87,6236.08
CAMP-0018,2025-11-14,Mobile,1185,14,606.10,0,0.00
CAMP-0018,2025-11-14,Tablet,20730,577,465.01,46,5564.88
CAMP-0012,2025-11-14,Desktop,17710,215,172.98,1,67.40
CAMP-0012,2025-11-14,Mobile,9701,634,654.16,6,427.87
CAMP-0012,2025-11-14,Tablet,6551,193,204.18,1,131.31
CAMP-0014,2025-11-14,Desktop,14994,1007,883.46,104,12111.24
CAMP-0014,2025-11-14,Mobile,5570,55,838.95,1,73.21
CAMP-0014,2025-11-14,Tablet,20432,1255,685.70,48,5361.88
CAMP-0013,2025-11-14,Desktop,19568,184,412.13,11,501.37
CAMP-0013,2025-11-14,Mobile,15405,572,268.78,35,5265.98
CAMP-0013,2025-11-14,Tablet,1711,108,277.64,2,103.85
CAMP-0004,2025-11-14,Desktop,5238,395,251.41,24,3094.97
CAMP-0004,2025-11-14,Mobile,9450,594,501.44,28,2280.58
CAMP-0004,2025-11-14,Tablet,8766,329,669.15,23,3165.98
CAMP-0003,2025-11-14,Desktop,15095,1175,617.00,0,0.00
CAMP-0003,2025-11-14,Mobile,17608,1400,219.19,10,1007.14
CAMP-0003,2025-11-14,Tablet,5382,342,817.04,18,893.00
CAMP-0008,2025-11-15,Desktop,11123,676,131.16,3,131.65
CAMP-0008,2025-11-15,Mobile,3700,210,344.02,17,2175.06
CAMP-0008,2025-11-15,Tablet,15071,1140,771.99,95,4325.81
CAMP-0010,2025-11-15,Desktop,24603,451,765.53,32,3240.93
CAMP-0010,2025-11-15,Mobile,21409,885,87.19,31,2100.68
CAMP-0010,2025-11-15,Tablet,1369,80,500.51,0,0.00
CAMP-0005,2025-11-15,Desktop,17626,223,724.48,26,3847.75
CAMP-0005,2025-11-15,Mobile,3501,23,220.15,1,51.99
CAMP-0005,2025-11-15,Tablet,2074,80,170.43,3,208.64
CAMP-0012,2025-11-15,Desktop,23273,625,843.42,60,5255.96
CAMP-0012,2025-11-15,Mobile,24532,1435,867.58,34,4732.40
CAMP-0012,2025-11-15,Tablet,11514,847,611.07,81,11267.23
CAMP-0001,2025-11-15,Desktop,19617,878,200.80,101,5902.60
CAMP-0001,2025-11-15,Mobile,22002,171,494.64,7,501.57
CAMP-0001,2025-11-15,Tablet,24877,555,316.60,28,2014.86
CAMP-0011,2025-11-16,Desktop,11392,599,23.91,36,5149.86
CAMP-0011,2025-11-16,Mobile,13393,124,544.01,7,499.58
CAMP-0011,2025-11-16,Tablet,11829,872,295.97,92,7087.07
CAMP-0019,2025-11-16,Desktop,6019,325,549.73,18,1464.56
CAMP-0019,2025-11-16,Mobile,10238,665,641.15,11,626.09
CAMP-0019,2025-11-16,Tablet,17338,470,335.07,12,695.22
CAMP-0006,2025-11-16,Desktop,18303,142,895.61,15,889.83
CAMP-0006,2025-11-16,Mobile,11101,126,625.00,7,333.19
CAMP-0006,2025-11-16,Tablet,2109,85,132.71,1,66.00
CAMP-0009,2025-11-16,Desktop,17383,214,837.56,19,2639.64
CAMP-0009,2025-11-16,Mobile,8889,389,134.00,20,3195.67
CAMP-0009,2025-11-16,Tablet,6543,226,681.92,3,417.95
CAMP-0004,2025-11-16,Desktop,5873,359,687.41,37,1689.38
CAMP-0004,2025-11-16,Mobile,16661,1268,684.12,14,1424.77
CAMP-0004,2025-11-16,Tablet,21168,1163,62.53,7,890.28
CAMP-0018,2025-11-16,Desktop,20282,1536,433.24,14,958.00
CAMP-0018,2025-11-16,Mobile,9828,649,428.26,1,40.15
CAMP-0018,2025-11-16,Tablet,14271,469,753.86,3,197.78
CAMP-0007,2025-11-16,Desktop,3295,52,164.16,2,136.38
CAMP-0007,2025-11-16,Mobile,3462,26,613.78,3,225.39
CAMP-0007,2025-11-16,Tablet,20176,412,301.85,1,123.89
CAMP-0002,2025-11-16,Desktop,1375,55,288.24,6,474.97
CAMP-0002,2025-11-16,Mobile,15183,129,306.08,15,864.18
CAMP-0002,2025-11-16,Tablet,15829,124,498.67,11,391.87
CAMP-0003,2025-11-17,Desktop,21769,444,730.87,48,7283.10
CAMP-0003,2025-11-17,Mobile,7422,70,736.27,3,266.80
CAMP-0003,2025-11-17,Tablet,17483,1261,865.96,27,3890.87
CAMP-0014,2025-11-17,Desktop,18100,464,213.65,13,1155.02
CAMP-0014,2025-11-17,Mobile,11730,63,691.91,5,329.03
CAMP-0014,2025-11-17,Tablet,7383,232,95.46,25,1830.87
CAMP-0016,2025-11-17,Desktop,10622,334,102.13,5,450.56
CAMP-0016,2025-11-17,Mobile,1939,75,241.47,2,316.90
CAMP-0016,2025-11-17,Tablet,22396,595,336.97,19,2558.67
CAMP-0013,2025-11-17,Desktop,19413,596,427.27,34,2536.62
CAMP-0013,2025-11-17,Mobile,5551,405,462.68,23,1509.90
CAMP-0013,2025-11-17,Tablet,6096,227,277.47,8,342.17
CAMP-0008,2025-11-17,Desktop,13837,465,213.49,53,2645.33
CAMP-0008,2025-11-17,Mobile,3422,148,833.17,5,303.37
CAMP-0008,2025-11-17,Tablet,2079,64,178.31,0,0.00
CAMP-0006,2025-11-17,Desktop,19109,1097,178.34,23,3377.09
CAMP-0006,2025-11-17,Mobile,19792,1259,649.60,31,1100.81
CAMP-0006,2025-11-17,Tablet,15507,491,771.85,34,4905.21
CAMP-0002,2025-11-17,Desktop,3637,139,238.75,7,691.66
CAMP-0002,2025-11-17,Mobile,9819,87,776.75,6,327.36
CAMP-0002,2025-11-17,Tablet,3504,148,162.23,2,230.82
CAMP-0012,2025-11-17,Desktop,8455,356,97.70,37,3614.75
CAMP-0012,2025-11-17,Mobile,23574,379,591.60,42,5673.79
CAMP-0012,2025-11-17,Tablet,2287,54,432.67,0,0.00
CAMP-0019,2025-11-18,Desktop,19141,665,380.28,13,589.82
CAMP-0019,2025-11-18,Mobile,10715,121,494.19,14,1308.64
CAMP-0019,2025-11-18,Tablet,11588,605,149.13,20,945.49
CAMP-0009,2025-11-18,Desktop,15846,311,695.74,13,1626.00
CAMP-0009,2025-11-18,Mobile,3480,46,796.12,3,117.07
CAMP-0009,2025-11-18,Tablet,20927,1340,502.81,26,1090.26
CAMP-0011,2025-11-18,Desktop,22456,1308,741.11,114,8794.17
CAMP-0011,2025-11-18,Mobile,8395,336,869.12,1,57.66
CAMP-0011,2025-11-18,Tablet,11432,284,269.54,13,736.50
CAMP-0008,2025-11-18,Desktop,22722,1394,255.49,119,6050.05
CAMP-0008,2025-11-18,Mobile,22998,641,160.15,33,3635.18
CAMP-0008,2025-11-18,Tablet,16699,1156,624.90,113,15037.55
CAMP-0001,2025-11-18,Desktop,19728,1347,826.75,133,19053.03
CAMP-0001,2025-11-18,Mobile,4844,288,698.53,3,177.83
CAMP-0001,2025-11-18,Tablet,13714,995,431.82,57,5468.14
CAMP-0003,2025-11-18,Desktop,17180,1146,403.90,87,5605.40
CAMP-0003,2025-11-18,Mobile,15033,965,93.34,100,6918.69
CAMP-0003,2025-11-18,Tablet,22457,363,850.35,4,530.68
CAMP-0006,2025-11-18,Desktop,13274,294,22.98,28,1484.61
CAMP-0006,2025-11-18,Mobile,10798,788,213.22,43,6343.53
CAMP-0006,2025-11-18,Tablet,13571,648,31.89,57,3491.40
CAMP-0008,2025-11-19,Desktop,17576,1239,788.00,125,17899.25
CAMP-0008,2025-11-19,Mobile,20688,1479,830.39,93,4114.49
CAMP-0008,2025-11-19,Tablet,18493,700,450.19,15,693.25
CAMP-0013,2025-11-19,Desktop,19306,350,310.52,8,1211.38
CAMP-0013,2025-11-19,Mobile,19748,1108,671.04,65,2415.89
CAMP-0013,2025-11-19,Tablet,8549,425,261.52,0,0.00
CAMP-0014,2025-11-19,Desktop,1189,79,456.96,1,69.35
CAMP-0014,2025-11-19,Mobile,9779,151,82.01,2,106.00
CAMP-0014,2025-11-19,Tablet,23202,1556,806.12,69,8014.95
CAMP-0012,2025-11-19,Desktop,15213,805,416.90,49,4963.30
CAMP-0012,2025-11-19,Mobile,7455,555,860.97,44,4628.40
CAMP-0012,2025-11-19,Tablet,15697,225,363.55,15,1336.55
CAMP-0017,2025-11-19,Desktop,19399,917,303.31,37,2692.78
CAMP-0017,2025-11-19,Mobile,12881,346,145.74,12,1656.25
CAMP-0017,2025-11-19,Tablet,11828,149,799.28,10,1171.23
CAMP-0002,2025-11-19,Desktop,24266,900,377.29,100,12472.16
CAMP-0002,2025-11-19,Mobile,10912,431,743.94,8,695.56
CAMP-0002,2025-11-19,Tablet,21897,245,618.83,1,108.98
CAMP-0007,2025-11-19,Desktop,6585,94,399.34,6,925.02
CAMP-0007,2025-11-19,Mobile,3783,125,738.48,3,310.08
CAMP-0007,2025-11-19,Tablet,15567,1099,721.63,95,5293.48
CAMP-0004,2025-11-19,Desktop,4303,272,761.11,9,1345.15
CAMP-0004,2025-11-19,Mobile,24807,312,590.17,26,1842.90
CAMP-0004,2025-11-19,Tablet,7913,570,525.04,42,3623.76
CAMP-0014,2025-11-20,Desktop,15234,878,734.30,51,5302.69
CAMP-0014,2025-11-20,Mobile,16577,1136,95.68,128,19429.35
CAMP-0014,2025-11-20,Tablet,9800,323,778.33,20,729.89
CAMP-0015,2025-11-20,Desktop,9660,614,702.30,53,5758.39
CAMP-0015,2025-11-20,Mobile,7490,40,393.32,0,0.00
CAMP-0015,2025-11-20,Tablet,14688,1094,405.97,76,6629.23
CAMP-0010,2025-11-20,Desktop,14501,223,431.32,3,198.53
CAMP-0010,2025-11-20,Mobile,6583,263,241.16,19,2124.32
CAMP-0010,2025-11-20,Tablet,11036,599,534.65,45,5456.87
CAMP-0009,2025-11-20,Desktop,14206,891,520.73,1,128.29
CAMP-0009,2025-11-20,Mobile,20504,827,117.56,0,0.00
CAMP-0009,2025-11-20,Tablet,10302,440,39.65,45,6983.95
CAMP-0013,2025-11-20,Desktop,3298,17,840.09,0,0.00
CAMP-0013,2025-11-20,Mobile,6590,145,264.12,15,2314.43
CAMP-0013,2025-11-20,Tablet,6363,398,157.72,43,1829.12
CAMP-0004,2025-11-20,Desktop,22399,460,808.91,48,4591.01
CAMP-0004,2025-11-20,Mobile,15189,273,148.47,25,1855.65
CAMP-0004,2025-11-20,Tablet,5290,102,270.63,3,207.03
CAMP-0001,2025-11-20,Desktop,23293,1530,423.93,77,7203.87
CAMP-0001,2025-11-20,Mobile,11016,543,198.27,60,8703.13
CAMP-0001,2025-11-20,Tablet,15862,571,25.81,23,2045.22
CAMP-0002,2025-11-20,Desktop,12500,573,465.52,60,3078.85
CAMP-0002,2025-11-20,Mobile,21290,667,527.10,76,2743.02
CAMP-0002,2025-11-20,Tablet,6028,168,43.69,10,1161.98
CAMP-0007,2025-11-21,Desktop,21774,305,639.56,20,2668.59
CAMP-0007,2025-11-21,Mobile,13103,721,680.70,17,1471.23
CAMP-0007,2025-11-21,Tablet,20650,745,889.18,83,12662.77
CAMP-0001,2025-11-21,Desktop,3188,50,87.36,4,590.49
CAMP-0001,2025-11-21,Mobile,13707,131,57.77,5,456.02
CAMP-0001,2025-11-21,Tablet,7864,362,630.58,20,2413.49
CAMP-0017,2025-11-21,Desktop,22314,1549,760.87,57,7891.72
CAMP-0017,2025-11-21,Mobile,23510,505,713.27,31,4149.25
CAMP-0017,2025-11-21,Tablet,8425,76,90.84,1,119.27
CAMP-0014,2025-11-21,Desktop,11855,850,581.69,99,4436.43
CAMP-0014,2025-11-21,Mobile,20309,234,26.82,12,1590.75
CAMP-0014,2025-11-21,Tablet,1881,29,638.92,1,142.75
CAMP-0012,2025-11-21,Desktop,19485,683,378.58,33,4812.78
CAMP-0012,2025-11-21,Mobile,21115,1291,626.74,106,7439.03
CAMP-0012,2025-11-21,Tablet,20596,1152,224.95,54,7064.78
CAMP-0020,2025-11-21,Desktop,538,34,617.26,0,0.00
CAMP-0020,2025-11-21,Mobile,3279,128,730.63,3,306.80
CAMP-0020,2025-11-21,Tablet,17235,279,225.73,30,3080.37
CAMP-0009,2025-11-21,Desktop,15702,400,275.65,6,367.14
CAMP-0009,2025-11-21,Mobile,3587,41,127.09,2,219.00
CAMP-0009,2025-11-21,Tablet,13451,461,717.32,18,2798.64
CAMP-0003,2025-11-21,Desktop,13067,762,477.72,82,9163.68
CAMP-0003,2025-11-21,Mobile,3585,211,65.23,17,2219.86
CAMP-0003,2025-11-21,Tablet,15840,1118,373.87,70,7359.89
CAMP-0016,2025-11-22,Desktop,14037,232,260.70,21,2687.98
CAMP-0016,2025-11-22,Mobile,1599,49,212.57,5,558.89
CAMP-0016,2025-11-22,Tablet,16783,566,251.80,31,3282.38
CAMP-0020,2025-11-22,Desktop,4470,96,179.31,0,0.00
CAMP-0020,2025-11-22,Mobile,8474,562,583.65,28,1528.51
CAMP-0020,2025-11-22,Tablet,20996,750,664.02,56,3709.09
CAMP-0011,2025-11-22,Desktop,14380,235,517.36,4,539.85
CAMP-0011,2025-11-22,Mobile,8120,528,820.04,39,5817.92
CAMP-0011,2025-11-22,Tablet,17524,450,222.39,34,4003.82
CAMP-0005,2025-11-22,Desktop,1928,101,269.30,10,1355.64
CAMP-0005,2025-11-22,Mobile,6450,390,143.13,14,1835.52
CAMP-0005,2025-11-22,Tablet,17121,802,495.27,0,0.00
CAMP-0001,2025-11-22,Desktop,8514,515,443.91,9,608.11
CAMP-0001,2025-11-22,Mobile,11286,457,302.11,18,2875.77
CAMP-0001,2025-11-22,Tablet,15023,612,896.88,18,831.82
CAMP-0002,2025-11-22,Desktop,12945,485,458.59,49,2656.35
CAMP-0002,2025-11-22,Mobile,18384,926,158.67,108,16266.09
CAMP-0002,2025-11-22,Tablet,13226,677,248.73,25,1168.51
CAMP-0007,2025-11-22,Desktop,24736,894,196.05,88,12178.89
CAMP-0007,2025-11-22,Mobile,7344,570,643.61,32,3538.23
CAMP-0007,2025-11-22,Tablet,8412,179,649.96,8,1249.08
CAMP-0004,2025-11-23,Desktop,20039,458,722.67,35,2443.65
CAMP-0004,2025-11-23,Mobile,8327,222,415.33,0,0.00
CAMP-0004,2025-11-23,Tablet,12322,115,357.99,0,0.00
CAMP-0013,2025-11-23,Desktop,17498,418,112.10,2,88.74
CAMP-0013,2025-11-23,Mobile,13595,618,721.44,26,3702.20
CAMP-0013,2025-11-23,Tablet,12926,353,24.25,18,1907.33
CAMP-0002,2025-11-23,Desktop,23907,1122,202.88,62,8553.88
CAMP-0002,2025-11-23,Mobile,20481,191,206.20,1,107.52
CAMP-0002,2025-11-23,Tablet,15579,565,899.35,49,6352.61
CAMP-0010,2025-11-23,Desktop,3846,125,521.06,15,1930.89
CAMP-0010,2025-11-23,Mobile,3818,41,536.86,2,210.73
CAMP-0010,2025-11-23,Tablet,1759,52,669.25,0,0.00
CAMP-0008,2025-11-23,Desktop,5828,55,119.27,5,373.33
CAMP-0008,2025-11-23,Mobile,17141,144,157.57,3,112.90
CAMP-0008,2025-11-23,Tablet,2802,134,581.39,5,488.46
CAMP-0020,2025-11-23,Desktop,4862,95,34.45,4,192.03
CAMP-0020,2025-11-23,Mobile,24588,471,337.15,36,2086.81
CAMP-0020,2025-11-23,Tablet,19038,391,892.68,30,3180.81
CAMP-0020,2025-11-24,Desktop,9490,244,586.11,22,1900.25
CAMP-0020,2025-11-24,Mobile,12997,529,113.15,1,146.89
CAMP-0020,2025-11-24,Tablet,8134,511,159.55,52,7891.14
CAMP-0009,2025-11-24,Desktop,22178,1615,839.46,81,2898.47
CAMP-0009,2025-11-24,Mobile,1272,50,115.67,0,0.00
CAMP-0009,2025-11-24,Tablet,19648,1004,803.34,88,5682.99
CAMP-0002,2025-11-24,Desktop,21843,1620,837.99,59,6039.60
CAMP-0002,2025-11-24,Mobile,20379,1287,688.72,38,5419.35
CAMP-0002,2025-11-24,Tablet,17122,1263,212.65,17,2330.31
CAMP-0011,2025-11-24,Desktop,21171,1054,345.94,31,3964.24
CAMP-0011,2025-11-24,Mobile,21348,467,301.63,11,455.25
CAMP-0011,2025-11-24,Tablet,818,15,85.70,0,0.00
CAMP-0001,2025-11-24,Desktop,8796,165,494.56,4,549.85
CAMP-0001,2025-11-24,Mobile,3918,305,215.68,17,1904.72
CAMP-0001,2025-11-24,Tablet,16563,519,365.30,33,1427.51
CAMP-0013,2025-11-24,Desktop,4092,192,801.08,8,740.39
CAMP-0013,2025-11-24,Mobile,22875,298,741.53,15,1905.88
CAMP-0013,2025-11-24,Tablet,17965,919,301.38,95,5195.79
CAMP-0017,2025-11-24,Desktop,12069,732,815.42,30,2619.32
CAMP-0017,2025-11-24,Mobile,21134,545,262.92,17,2697.11
CAMP-0017,2025-11-24,Tablet,10381,138,79.33,9,1287.63
CAMP-0014,2025-11-24,Desktop,2182,144,793.61,12,1013.23
CAMP-0014,2025-11-24,Mobile,14059,422,845.43,46,3661.05
CAMP-0014,2025-11-24,Tablet,24849,1868,719.72,33,4330.97
CAMP-0007,2025-11-24,Desktop,2391,81,140.11,6,774.86
CAMP-0007,2025-11-24,Mobile,638,31,312.03,0,0.00
CAMP-0007,2025-11-24,Tablet,19003,165,870.71,6,225.25
CAMP-0012,2025-11-24,Desktop,2049,25,142.49,3,226.34
CAMP-0012,2025-11-24,Mobile,18922,270,742.01,12,1009.05
CAMP-0012,2025-11-24,Tablet,5190,295,502.46,16,973.11
CAMP-0009,2025-11-25,Desktop,1608,83,479.61,5,548.36
CAMP-0009,2025-11-25,Mobile,16318,441,122.85,52,6525.05
CAMP-0009,2025-11-25,Tablet,12395,981,400.60,97,13274.63
CAMP-0015,2025-11-25,Desktop,2485,58,687.19,4,406.80
CAMP-0015,2025-11-25,Mobile,2222,44,540.17,4,609.73
CAMP-0015,2025-11-25,Tablet,14425,602,292.09,39,3761.14
CAMP-0020,2025-11-25,Desktop,3998,262,565.00,4,340.86
CAMP-0020,2025-11-25,Mobile,19693,218,591.90,14,592.22
CAMP-0020,2025-11-25,Tablet,21557,357,81.12,29,1888.30
CAMP-0014,2025-11-25,Desktop,21210,590,99.33,5,683.55
CAMP-0014,2025-11-25,Mobile,938,52,168.34,4,199.66
CAMP-0014,2025-11-25,Tablet,7280,471,46.20,52,4005.31
CAMP-0018,2025-11-25,Desktop,3277,94,226.74,1,140.79
CAMP-0018,2025-11-25,Mobile,2254,14,173.25,1,83.53
CAMP-0018,2025-11-25,Tablet,12430,149,365.82,15,1070.79
CAMP-0013,2025-11-25,Desktop,18426,338,784.45,33,4395.45
CAMP-0013,2025-11-25,Mobile,5897,246,156.08,13,997.05
CAMP-0013,2025-11-25,Tablet,14294,924,413.50,39,5829.93
CAMP-0005,2025-11-25,Desktop,15898,237,873.15,19,1677.12
CAMP-0005,2025-11-25,Mobile,15093,951,231.39,32,4311.54
CAMP-0005,2025-11-25,Tablet,19975,805,185.55,40,2955.71
CAMP-0012,2025-11-25,Desktop,20277,715,239.98,73,7330.75
CAMP-0012,2025-11-25,Mobile,23559,931,410.00,87,9686.46
CAMP-0012,2025-11-25,Tablet,17438,629,715.49,2,133.82
CAMP-0002,2025-11-26,Desktop,17940,765,386.36,35,2730.91
CAMP-0002,2025-11-26,Mobile,19915,788,862.42,65,9707.96
CAMP-0002,2025-11-26,Tablet,6970,446,310.24,20,3035.54
CAMP-0008,2025-11-26,Desktop,691,47,239.30,1,108.46
CAMP-0008,2025-11-26,Mobile,17560,1019,521.66,9,342.03
CAMP-0008,2025-11-26,Tablet,11235,849,444.53,80,7290.40
CAMP-0004,2025-11-26,Desktop,22793,1797,743.84,91,3890.07
CAMP-0004,2025-11-26,Mobile,1276,32,537.68,3,425.29
CAMP-0004,2025-11-26,Tablet,10977,535,78.34,54,4269.54
CAMP-0016,2025-11-26,Desktop,14867,904,662.09,9,718.23
CAMP-0016,2025-11-26,Mobile,10275,408,495.62,44,2466.04
CAMP-0016,2025-11-26,Tablet,11745,568,152.16,62,9594.76
CAMP-0006,2025-11-26,Desktop,20343,1615,168.57,12,1670.96
CAMP-0006,2025-11-26,Mobile,10464,444,837.12,17,1664.01
CAMP-0006,2025-11-26,Tablet,19114,154,134.96,8,605.02
CAMP-0007,2025-11-27,Desktop,8114,156,805.99,4,145.29
CAMP-0007,2025-11-27,Mobile,8774,505,495.56,58,5351.94
CAMP-0007,2025-11-27,Tablet,21610,903,413.97,1,127.03
CAMP-0011,2025-11-27,Desktop,13738,824,340.61,16,1193.09
CAMP-0011,2025-11-27,Mobile,3641,262,674.33,9,735.74
CAMP-0011,2025-11-27,Tablet,24851,307,464.76,5,324.78
CAMP-0012,2025-11-27,Desktop,6948,210,713.96,10,1113.22
CAMP-0012,2025-11-27,Mobile,3466,43,819.48,2,264.77
CAMP-0012,2025-11-27,Tablet,2673,101,458.77,7,804.71
CAMP-0008,2025-11-27,Desktop,6342,32,377.36,3,116.73
CAMP-0008,2025-11-27,Mobile,15344,195,162.72,0,0.00
CAMP-0008,2025-11-27,Tablet,19753,689,81.37,6,556.26
CAMP-0003,2025-11-27,Desktop,1883,30,844.53,0,0.00
CAMP-0003,2025-11-27,Mobile,9469,285,245.20,16,1368.68
CAMP-0003,2025-11-27,Tablet,4803,102,146.93,1,142.74
CAMP-0012,2025-11-28,Desktop,13719,291,861.78,1,106.16
CAMP-0012,2025-11-28,Mobile,17047,769,863.98,85,12158.95
CAMP-0012,2025-11-28,Tablet,1600,72,220.26,6,443.85
CAMP-0014,2025-11-28,Desktop,18916,1395,174.33,112,6335.87
CAMP-0014,2025-11-28,Mobile,21842,257,305.94,16,1927.56
CAMP-0014,2025-11-28,Tablet,11957,608,154.06,40,3067.26
CAMP-0015,2025-11-28,Desktop,6718,291,167.50,33,3722.59
CAMP-0015,2025-11-28,Mobile,21284,433,301.52,8,1020.99
CAMP-0015,2025-11-28,Tablet,9292,182,426.16,16,2069.09
CAMP-0007,2025-11-28,Desktop,22322,561,740.07,46,5223.70
CAMP-0007,2025-11-28,Mobile,24617,872,223.28,12,541.87
CAMP-0007,2025-11-28,Tablet,7990,307,762.24,20,2746.82
CAMP-0011,2025-11-28,Desktop,15989,835,178.80,55,2878.41
CAMP-0011,2025-11-28,Mobile,10982,698,147.61,75,10279.26
CAMP-0011,2025-11-28,Tablet,13228,842,845.19,54,2754.88
CAMP-0001,2025-11-28,Desktop,730,55,460.50,6,379.56
CAMP-0001,2025-11-28,Mobile,10284,182,99.75,18,1146.90
CAMP-0001,2025-11-28,Tablet,14386,1088,809.55,95,13262.35
CAMP-0008,2025-11-28,Desktop,21890,1192,348.10,101,4867.97
CAMP-0008,2025-11-28,Mobile,3651,277,168.90,16,1888.73
CAMP-0008,2025-11-28,Tablet,1539,9,838.38,1,94.30
CAMP-0016,2025-11-28,Desktop,7630,377,238.15,3,380.31
CAMP-0016,2025-11-28,Mobile,9604,493,623.85,16,1210.80
CAMP-0016,2025-11-28,Tablet,20637,478,642.91,32,4053.58
CAMP-0011,2025-11-29,Desktop,22884,1567,779.45,108,7889.05
CAMP-0011,2025-11-29,Mobile,21987,1395,809.12,68,9275.41
CAMP-0011,2025-11-29,Tablet,20945,992,590.53,20,3073.96
CAMP-0020,2025-11-29,Desktop,18790,377,763.43,19,1963.42
CAMP-0020,2025-11-29,Mobile,4221,52,249.40,1,142.27
CAMP-0020,2025-11-29,Tablet,14487,665,750.57,75,7814.61
CAMP-0009,2025-11-29,Desktop,20827,1517,712.61,159,13336.81
CAMP-0009,2025-11-29,Mobile,20460,687,757.38,21,1057.94
CAMP-0009,2025-11-29,Tablet,2084,14,769.57,0,0.00
CAMP-0001,2025-11-29,Desktop,1224,62,622.12,5,753.78
CAMP-0001,2025-11-29,Mobile,15557,168,491.71,16,1124.01
CAMP-0001,2025-11-29,Tablet,13887,289,630.98,28,4444.62
CAMP-0019,2025-11-29,Desktop,10491,254,579.99,21,3277.51
CAMP-0019,2025-11-29,Mobile,3094,145,217.24,15,2069.09
CAMP-0019,2025-11-29,Tablet,23598,1368,865.10,142,8863.42
CAMP-0017,2025-11-29,Desktop,6386,274,490.91,11,1615.03
CAMP-0017,2025-11-29,Mobile,9541,529,227.49,20,1284.27
CAMP-0017,2025-11-29,Tablet,830,38,709.88,2,75.04
CAMP-0002,2025-11-29,Desktop,20924,558,540.80,37,5192.46
CAMP-0002,2025-11-29,Mobile,728,41,880.46,4,387.04
CAMP-0002,2025-11-29,Tablet,9029,544,65.77,42,4036.57
CAMP-0014,2025-11-30,Desktop,12322,528,697.04,60,2742.57
CAMP-0014,2025-11-30,Mobile,12295,607,260.58,21,2594.11
CAMP-0014,2025-11-30,Tablet,13719,1065,731.39,61,7691.83
CAMP-0012,2025-11-30,Desktop,6752,328,386.60,17,1361.87
CAMP-0012,2025-11-30,Mobile,11267,643,379.28,69,4504.30
CAMP-0012,2025-11-30,Tablet,20894,1153,152.21,19,2777.26
CAMP-0016,2025-11-30,Desktop,4076,289,774.45,17,1933.19
CAMP-0016,2025-11-30,Mobile,10274,418,494.62,25,1273.53
CAMP-0016,2025-11-30,Tablet,6869,525,268.75,29,3333.20
CAMP-0007,2025-11-30,Desktop,7968,273,744.10,21,2207.17
CAMP-0007,2025-11-30,Mobile,23591,1204,22.36,40,4165.37
CAMP-0007,2025-11-30,Tablet,6999,387,96.85,6,294.11
CAMP-0020,2025-11-30,Desktop,16454,722,876.93,10,1574.04
CAMP-0020,2025-11-30,Mobile,9125,112,673.41,10,1276.43
CAMP-0020,2025-11-30,Tablet,14186,780,674.21,86,13540.10
CAMP-0017,2025-12-01,Desktop,13715,797,879.19,62,8641.72
CAMP-0017,2025-12-01,Mobile,5428,168,628.56,6,784.25
CAMP-0017,2025-12-01,Tablet,2442,78,644.11,4,520.32
CAMP-0015,2025-12-01,Desktop,5688,157,578.92,15,1857.09
CAMP-0015,2025-12-01,Mobile,21636,1212,638.32,140,13597.59
CAMP-0015,2025-12-01,Tablet,6950,378,248.11,9,321.24
CAMP-0005,2025-12-01,Desktop,5488,436,782.76,3,412.97
CAMP-0005,2025-12-01,Mobile,19056,138,523.50,14,1263.65
CAMP-0005,2025-12-01,Tablet,14014,1050,850.23,12,1901.80
CAMP-0008,2025-12-01,Desktop,22723,1026,93.65,49,6428.08
CAMP-0008,2025-12-01,Mobile,11092,306,31.42,2,71.62
CAMP-0008,2025-12-01,Tablet,3608,40,664.51,2,247.54
CAMP-0003,2025-12-02,Desktop,15534,1004,396.27,76,9479.18
CAMP-0003,2025-12-02,Mobile,24212,166,880.79,12,439.50
CAMP-0003,2025-12-02,Tablet,4382,101,536.90,11,404.63
CAMP-0002,2025-12-02,Desktop,14990,710,710.86,63,8561.88
CAMP-0002,2025-12-02,Mobile,9112,680,748.73,62,8055.21
CAMP-0002,2025-12-02,Tablet,23414,421,418.78,23,2681.80
CAMP-0009,2025-12-02,Desktop,22937,1829,71.03,184,17935.12
CAMP-0009,2025-12-02,Mobile,24641,945,396.18,27,1779.35
CAMP-0009,2025-12-02,Tablet,12766,115,823.20,13,1480.10
CAMP-0012,2025-12-02,Desktop,7270,455,370.24,8,498.92
CAMP-0012,2025-12-02,Mobile,23972,1730,597.45,25,2791.59
CAMP-0012,2025-12-02,Tablet,18551,1215,674.03,94,11038.40
CAMP-0004,2025-12-02,Desktop,11502,873,809.23,19,2937.15
CAMP-0004,2025-12-02,Mobile,5991,449,313.86,16,1930.88
CAMP-0004,2025-12-02,Tablet,13067,70,682.69,6,675.31
CAMP-0018,2025-12-02,Desktop,8461,308,234.88,25,3887.50
CAMP-0018,2025-12-02,Mobile,11650,914,659.04,97,10342.24
CAMP-0018,2025-12-02,Tablet,24957,228,314.68,11,1126.82
CAMP-0006,2025-12-02,Desktop,18022,192,283.06,2,202.26
CAMP-0006,2025-12-02,Mobile,14558,181,247.45,20,1591.83
CAMP-0006,2025-12-02,Tablet,1258,58,368.75,0,0.00
CAMP-0005,2025-12-02,Desktop,3680,259,799.99,8,457.68
CAMP-0005,2025-12-02,Mobile,19779,1287,646.95,146,23287.11
CAMP-0005,2025-12-02,Tablet,8023,487,174.41,40,3047.76
CAMP-0020,2025-12-02,Desktop,8651,156,346.18,6,279.74
CAMP-0020,2025-12-02,Mobile,3841,239,446.64,8,384.95
CAMP-0020,2025-12-02,Tablet,9528,736,37.25,6,805.46
CAMP-0018,2025-12-03,Desktop,12455,342,438.14,39,3115.86
CAMP-0018,2025-12-03,Mobile,12068,903,673.21,0,0.00
CAMP-0018,2025-12-03,Tablet,14570,348,459.00,23,2508.11
CAMP-0004,2025-12-03,Desktop,16846,274,807.28,21,813.98
CAMP-0004,2025-12-03,Mobile,13750,421,426.21,45,3316.48
CAMP-0004,2025-12-03,Tablet,23134,580,588.43,27,4096.18
CAMP-0019,2025-12-03,Desktop,23842,1150,164.70,109,12551.06
CAMP-0019,2025-12-03,Mobile,14342,501,539.40,12,1088.96
CAMP-0019,2025-12-03,Tablet,18499,1441,404.87,125,5833.40
CAMP-0011,2025-12-03,Desktop,6721,55,773.49,5,567.63
CAMP-0011,2025-12-03,Mobile,1776,37,506.58,4,198.87
CAMP-0011,2025-12-03,Tablet,3755,63,588.23,5,295.32
CAMP-0010,2025-12-03,Desktop,7115,355,214.09,13,1565.15
CAMP-0010,2025-12-03,Mobile,10605,286,545.36,8,683.33
CAMP-0010,2025-12-03,Tablet,19082,296,743.11,35,2408.50
CAMP-0016,2025-12-03,Desktop,14504,403,244.84,11,950.23
CAMP-0016,2025-12-03,Mobile,22247,1048,159.58,81,9761.32
CAMP-0016,2025-12-03,Tablet,9103,518,589.72,28,3488.08
CAMP-0001,2025-12-03,Desktop,1420,9,619.46,0,0.00
CAMP-0001,2025-12-03,Mobile,12857,245,709.87,21,2767.10
CAMP-0001,2025-12-03,Tablet,23792,1852,874.28,36,4433.42
CAMP-0015,2025-12-03,Desktop,17071,1001,489.01,72,8050.85
CAMP-0015,2025-12-03,Mobile,4443,36,650.76,4,614.13
CAMP-0015,2025-12-03,Tablet,5828,92,813.56,2,308.55
CAMP-0005,2025-12-03,Desktop,18862,587,784.71,16,1233.19
CAMP-0005,2025-12-03,Mobile,19579,874,847.12,61,9464.58
CAMP-0005,2025-12-03,Tablet,21088,108,363.15,2,136.34
CAMP-0020,2025-12-03,Desktop,2799,86,136.02,6,860.60
CAMP-0020,2025-12-03,Mobile,8701,644,704.36,13,1965.05
CAMP-0020,2025-12-03,Tablet,20842,947,687.31,40,5611.89
CAMP-0019,2025-12-04,Desktop,17887,785,482.41,15,2358.05
CAMP-0019,2025-12-04,Mobile,969,16,34.74,0,0.00
CAMP-0019,2025-12-04,Tablet,23924,931,37.16,61,6955.78
CAMP-0004,2025-12-04,Desktop,13246,812,416.38,79,3611.11
CAMP-0004,2025-12-04,Mobile,21003,588,141.39,51,4367.33
CAMP-0004,2025-12-04,Tablet,15230,728,164.76,35,2847.00
CAMP-0006,2025-12-04,Desktop,23879,1238,443.14,6,739.53
CAMP-0006,2025-12-04,Mobile,5796,79,73.17,4,471.18
CAMP-0006,2025-12-04,Tablet,14098,918,487.26,84,11575.95
CAMP-0007,2025-12-04,Desktop,14231,788,114.20,4,227.93
CAMP-0007,2025-12-04,Mobile,24273,161,118.96,1,74.46
CAMP-0007,2025-12-04,Tablet,18817,1373,322.44,120,7264.19
CAMP-0002,2025-12-04,Desktop,23678,559,329.13,49,3690.86
CAMP-0002,2025-12-04,Mobile,7980,445,24.75,7,968.13
CAMP-0002,2025-12-04,Tablet,20899,1191,579.07,96,4873.58
CAMP-0014,2025-12-04,Desktop,3226,158,292.98,13,653.38
CAMP-0014,2025-12-04,Mobile,19764,503,585.88,13,1054.12
CAMP-0014,2025-12-04,Tablet,2282,83,828.00,4,288.04
CAMP-0018,2025-12-04,Desktop,24449,819,569.08,58,3028.49
CAMP-0018,2025-12-04,Mobile,2546,175,173.04,15,2371.79
CAMP-0018,2025-12-04,Tablet,8114,524,599.86,53,4251.67
CAMP-0001,2025-12-04,Desktop,12990,206,641.24,17,658.33
CAMP-0001,2025-12-04,Mobile,13228,604,304.87,55,2428.04
CAMP-0001,2025-12-04,Tablet,3642,89,413.52,7,607.15
CAMP-0020,2025-12-05,Desktop,9943,260,895.49,29,1975.56
CAMP-0020,2025-12-05,Mobile,2474,29,702.86,2,98.89
CAMP-0020,2025-12-05,Tablet,16612,604,119.16,58,4838.26
CAMP-0013,2025-12-05,Desktop,3551,136,631.72,16,1503.97
CAMP-0013,2025-12-05,Mobile,3149,154,593.94,15,1506.43
CAMP-0013,2025-12-05,Tablet,8115,463,450.97,55,5557.74
CAMP-0007,2025-12-05,Desktop,3627,285,725.34,15,1849.06
CAMP-0007,2025-12-05,Mobile,2196,154,403.92,1,113.25
CAMP-0007,2025-12-05,Tablet,4451,85,200.81,0,0.00
CAMP-0004,2025-12-05,Desktop,24458,1376,572.97,117,11582.06
CAMP-0004,2025-12-05,Mobile,23311,1798,213.02,98,9764.87
CAMP-0004,2025-12-05,Tablet,2319,53,510.99,2,97.67
CAMP-0014,2025-12-05,Desktop,21323,541,809.87,34,3722.08
CAMP-0014,2025-12-05,Mobile,24884,1071,264.17,40,5572.95
CAMP-0014,2025-12-05,Tablet,1340,81,426.73,7,634.39
CAMP-0001,2025-12-05,Desktop,8080,140,889.55,11,1100.26
CAMP-0001,2025-12-05,Mobile,20532,584,243.26,16,1124.95
CAMP-0001,2025-12-05,Tablet,7567,341,585.12,10,1140.50
CAMP-0002,2025-12-05,Desktop,17512,496,494.20,57,8891.95
CAMP-0002,2025-12-05,Mobile,10350,587,719.43,26,1213.18
CAMP-0002,2025-12-05,Tablet,23427,974,32.31,54,5207.51
CAMP-0012,2025-12-05,Desktop,19126,1090,836.89,100,15451.54
CAMP-0012,2025-12-05,Mobile,17788,771,686.55,77,4485.43
CAMP-0012,2025-12-05,Tablet,19575,1240,686.40,127,18893.50
CAMP-0003,2025-12-05,Desktop,24013,1692,578.33,45,6192.17
CAMP-0003,2025-12-05,Mobile,17586,915,797.97,14,1009.77
CAMP-0003,2025-12-05,Tablet,5171,267,348.80,19,2099.13
CAMP-0005,2025-12-06,Desktop,1955,34,836.88,0,0.00
CAMP-0005,2025-12-06,Mobile,14918,1047,449.36,106,15957.90
CAMP-0005,2025-12-06,Tablet,7541,238,277.15,24,2909.25
CAMP-0014,2025-12-06,Desktop,10063,99,673.38,8,1188.01
CAMP-0014,2025-12-06,Mobile,15550,575,563.92,5,179.24
CAMP-0014,2025-12-06,Tablet,20614,986,178.25,110,8009.42
CAMP-0017,2025-12-06,Desktop,15129,439,812.86,30,1321.40
CAMP-0017,2025-12-06,Mobile,22535,706,426.98,5,415.37
CAMP-0017,2025-12-06,Tablet,7684,112,684.24,0,0.00
CAMP-0007,2025-12-06,Desktop,6270,399,222.86,22,2089.46
CAMP-0007,2025-12-06,Mobile,5121,88,333.75,4,431.51
CAMP-0007,2025-12-06,Tablet,2706,139,117.91,15,561.99
CAMP-0011,2025-12-06,Desktop,20686,499,120.98,14,1492.74
CAMP-0011,2025-12-06,Mobile,5146,284,298.67,26,2257.29
CAMP-0011,2025-12-06,Tablet,13823,246,188.41,11,1529.01
CAMP-0020,2025-12-06,Desktop,15419,375,47.35,6,898.97
CAMP-0020,2025-12-06,Mobile,11790,681,892.04,80,4387.07
CAMP-0020,2025-12-06,Tablet,9147,322,843.94,0,0.00
CAMP-0010,2025-12-06,Desktop,23032,408,144.88,34,3603.24
CAMP-0010,2025-12-06,Mobile,16921,508,346.71,10,1571.73
CAMP-0010,2025-12-06,Tablet,5251,241,561.85,7,817.37
CAMP-0003,2025-12-07,Desktop,2392,149,97.35,9,1117.90
CAMP-0003,2025-12-07,Mobile,5244,400,764.67,47,4515.48
CAMP-0003,2025-12-07,Tablet,13697,185,703.32,22,2451.92
CAMP-0013,2025-12-07,Desktop,13494,466,672.41,7,733.93
CAMP-0013,2025-12-07,Mobile,13079,76,263.47,3,445.53
CAMP-0013,2025-12-07,Tablet,9464,253,863.53,5,633.75
CAMP-0014,2025-12-07,Desktop,22096,1455,683.94,87,10588.08
CAMP-0014,2025-12-07,Mobile,18989,1048,181.21,4,170.39
CAMP-0014,2025-12-07,Tablet,5146,367,530.51,20,861.18
CAMP-0004,2025-12-07,Desktop,10762,150,266.97,16,2492.52
CAMP-0004,2025-12-07,Mobile,21341,381,217.79,29,4057.47
CAMP-0004,2025-12-07,Tablet,15427,682,351.95,26,985.52
CAMP-0018,2025-12-07,Desktop,15268,194,699.21,7,255.47
CAMP-0018,2025-12-07,Mobile,6518,473,890.74,22,1187.14
CAMP-0018,2025-12-07,Tablet,22708,1543,317.84,93,14609.00
CAMP-0011,2025-12-07,Desktop,2168,44,39.21,2,89.48
CAMP-0011,2025-12-07,Mobile,23332,1649,182.89,176,12772.10
CAMP-0011,2025-12-07,Tablet,20213,1605,640.17,40,5629.59
CAMP-0016,2025-12-07,Desktop,1685,77,211.67,4,249.42
CAMP-0016,2025-12-07,Mobile,24990,1003,618.91,92,7618.13
CAMP-0016,2025-12-07,Tablet,14398,569,253.95,29,3211.28
CAMP-0020,2025-12-07,Desktop,5528,309,726.21,30,4204.26
CAMP-0020,2025-12-07,Mobile,15429,1051,672.27,0,0.00
CAMP-0020,2025-12-07,Tablet,17139,1055,814.45,125,18466.37
CAMP-0010,2025-12-08,Desktop,18668,1138,776.76,104,4945.50
CAMP-0010,2025-12-08,Mobile,20146,151,480.67,2,162.53
CAMP-0010,2025-12-08,Tablet,9180,551,877.86,62,4869.50
CAMP-0002,2025-12-08,Desktop,20538,1404,197.87,60,7594.76
CAMP-0002,2025-12-08,Mobile,19295,683,689.57,38,2146.94
CAMP-0002,2025-12-08,Tablet,24766,1188,537.45,115,10541.90
CAMP-0001,2025-12-08,Desktop,9588,354,220.73,13,1175.40
CAMP-0001,2025-12-08,Mobile,4646,253,503.92,6,896.98
CAMP-0001,2025-12-08,Tablet,1030,56,245.72,2,216.53
CAMP-0003,2025-12-08,Desktop,13512,384,888.11,24,3834.99
CAMP-0003,2025-12-08,Mobile,6166,253,518.03,23,2139.33
CAMP-0003,2025-12-08,Tablet,24195,1371,185.65,98,5346.97
CAMP-0017,2025-12-08,Desktop,15668,559,389.78,32,2963.96
CAMP-0017,2025-12-08,Mobile,13928,335,797.34,25,3719.38
CAMP-0017,2025-12-08,Tablet,24596,1502,224.71,162,22377.19
CAMP-0014,2025-12-08,Desktop,16476,155,450.73,17,1490.69
CAMP-0014,2025-12-08,Mobile,15779,579,418.17,29,3876.36
CAMP-0014,2025-12-08,Tablet,15124,150,438.81,1,42.57
CAMP-0016,2025-12-08,Desktop,15339,892,455.52,50,4615.79
CAMP-0016,2025-12-08,Mobile,5270,192,260.31,6,276.24
CAMP-0016,2025-12-08,Tablet,1129,84,656.37,4,421.66
CAMP-0018,2025-12-08,Desktop,11336,121,380.97,4,516.97
CAMP-0018,2025-12-08,Mobile,8602,159,409.22,13,1688.06
CAMP-0018,2025-12-08,Tablet,9222,524,442.49,50,5546.24
CAMP-0008,2025-12-08,Desktop,12588,456,642.06,6,665.88
CAMP-0008,2025-12-08,Mobile,12535,816,562.64,21,2319.90
CAMP-0008,2025-12-08,Tablet,11842,123,450.54,2,236.34
CAMP-0013,2025-12-08,Desktop,4816,196,96.02,1,85.23
CAMP-0013,2025-12-08,Mobile,6453,306,791.22,10,652.44
CAMP-0013,2025-12-08,Tablet,686,25,146.25,2,219.59
CAMP-0005,2025-12-09,Desktop,7146,282,579.43,26,3470.81
CAMP-0005,2025-12-09,Mobile,8438,431,55.17,37,2942.53
CAMP-0005,2025-12-09,Tablet,1414,82,533.98,1,88.27
CAMP-0001,2025-12-09,Desktop,8548,154,506.90,5,610.76
CAMP-0001,2025-12-09,Mobile,7982,489,448.86,46,3533.52
CAMP-0001,2025-12-09,Tablet,12728,573,189.95,50,5719.57
CAMP-0004,2025-12-09,Desktop,21962,489,491.41,31,3597.25
CAMP-0004,2025-12-09,Mobile,976,65,509.91,1,110.14
CAMP-0004,2025-12-09,Tablet,12878,494,899.82,1,106.24
CAMP-0006,2025-12-09,Desktop,6645,115,531.62,9,842.18
CAMP-0006,2025-12-09,Mobile,8618,334,435.92,26,2475.85
CAMP-0006,2025-12-09,Tablet,9768,621,425.16,21,1018.96
CAMP-0018,2025-12-09,Desktop,1940,138,727.40,7,765.29
CAMP-0018,2025-12-09,Mobile,9722,62,878.02,0,0.00
CAMP-0018,2025-12-09,Tablet,6128,130,728.47,15,2195.31
CAMP-0020,2025-12-09,Desktop,18597,338,726.22,26,2560.40
CAMP-0020,2025-12-09,Mobile,14313,275,68.53,9,1047.08
CAMP-0020,2025-12-09,Tablet,6384,352,875.84,17,1642.74
CAMP-0012,2025-12-09,Desktop,10221,435,405.18,48,4832.30
CAMP-0012,2025-12-09,Mobile,832,22,80.47,1,127.79
CAMP-0012,2025-12-09,Tablet,9303,494,179.14,0,0.00
CAMP-0002,2025-12-09,Desktop,4531,328,500.03,21,2775.17
CAMP-0002,2025-12-09,Mobile,23023,909,328.72,76,10697.19
CAMP-0002,2025-12-09,Tablet,1035,18,525.47,2,215.95
CAMP-0013,2025-12-09,Desktop,20518,908,123.62,46,5094.41
CAMP-0013,2025-12-09,Mobile,20732,962,752.92,91,10807.31
CAMP-0013,2025-12-09,Tablet,24679,1701,631.59,107,9645.66
CAMP-0019,2025-12-10,Desktop,12262,86,379.84,1,119.18
CAMP-0019,2025-12-10,Mobile,14980,819,402.14,96,10060.14
CAMP-0019,2025-12-10,Tablet,18763,877,636.33,56,2784.60
CAMP-0020,2025-12-10,Desktop,12255,904,142.49,104,4567.43
CAMP-0020,2025-12-10,Mobile,15710,502,525.23,21,2895.10
CAMP-0020,2025-12-10,Tablet,17001,1161,891.55,60,5501.78
CAMP-0012,2025-12-10,Desktop,23079,698,751.04,28,1641.27
CAMP-0012,2025-12-10,Mobile,1008,69,897.02,1,144.59
CAMP-0012,2025-12-10,Tablet,4767,79,329.64,0,0.00
CAMP-0010,2025-12-10,Desktop,16113,942,124.00,103,4684.25
CAMP-0010,2025-12-10,Mobile,23751,1323,499.83,113,10154.18
CAMP-0010,2025-12-10,Tablet,1631,123,511.25,6,402.45
CAMP-0004,2025-12-11,Desktop,15539,107,63.50,5,563.93
CAMP-0004,2025-12-11,Mobile,16909,1149,566.14,93,4017.04
CAMP-0004,2025-12-11,Tablet,6222,122,517.68,6,414.59
CAMP-0014,2025-12-11,Desktop,12023,62,378.44,6,557.07
CAMP-0014,2025-12-11,Mobile,22831,595,636.60,2,113.48
CAMP-0014,2025-12-11,Tablet,11110,112,377.03,13,639.51
CAMP-0009,2025-12-11,Desktop,10891,393,227.03,30,4184.65
CAMP-0009,2025-12-11,Mobile,21232,1536,271.19,118,11354.35
CAMP-0009,2025-12-11,Tablet,19440,482,416.00,55,8519.48
CAMP-0008,2025-12-11,Desktop,12954,806,314.77,55,2375.86
CAMP-0008,2025-12-11,Mobile,8794,621,23.45,27,1819.60
CAMP-0008,2025-12-11,Tablet,3109,47,477.57,5,722.16
CAMP-0006,2025-12-11,Desktop,12611,183,344.99,3,230.84
CAMP-0006,2025-12-11,Mobile,21091,1476,420.14,112,11543.10
CAMP-0006,2025-12-11,Tablet,18369,465,502.99,53,5079.90
CAMP-0007,2025-12-11,Desktop,17466,561,625.15,66,3585.21
CAMP-0007,2025-12-11,Mobile,5359,375,573.95,9,954.62
CAMP-0007,2025-12-11,Tablet,1938,12,88.06,0,0.00
CAMP-0004,2025-12-12,Desktop,24615,891,674.85,61,4722.66
CAMP-0004,2025-12-12,Mobile,1977,30,654.27,2,153.66
CAMP-0004,2025-12-12,Tablet,15775,368,336.22,25,888.30
CAMP-0014,2025-12-12,Desktop,24221,1915,459.05,104,8445.63
CAMP-0014,2025-12-12,Mobile,6769,454,138.13,9,1091.41
CAMP-0014,2025-12-12,Tablet,2006,77,312.81,2,101.77
CAMP-0003,2025-12-12,Desktop,8637,79,644.74,7,1050.80
CAMP-0003,2025-12-12,Mobile,13319,1033,254.96,54,8316.88
CAMP-0003,2025-12-12,Tablet,16258,627,716.60,52,4873.87
CAMP-0011,2025-12-12,Desktop,5032,60,41.83,2,129.77
CAMP-0011,2025-12-12,Mobile,6146,192,565.33,21,1330.39
CAMP-0011,2025-12-12,Tablet,11702,508,728.55,10,1262.44
CAMP-0006,2025-12-12,Desktop,5652,345,313.93,35,2049.29
CAMP-0006,2025-12-12,Mobile,10267,79,878.48,3,161.94
CAMP-0006,2025-12-12,Tablet,21870,220,278.38,17,1269.22
CAMP-0017,2025-12-12,Desktop,13594,285,418.82,28,2898.95
CAMP-0017,2025-12-12,Mobile,16486,1229,488.48,56,6229.54
CAMP-0017,2025-12-12,Tablet,19199,1245,596.86,36,5232.79
CAMP-0008,2025-12-12,Desktop,19132,423,474.94,38,3689.94
CAMP-0008,2025-12-12,Mobile,17508,146,224.33,15,1274.81
CAMP-0008,2025-12-12,Tablet,8065,42,36.05,2,147.29
CAMP-0015,2025-12-12,Desktop,10280,154,865.03,0,0.00
CAMP-0015,2025-12-12,Mobile,24972,1271,372.71,132,6133.61
CAMP-0015,2025-12-12,Tablet,24932,1009,244.01,90,6282.48
CAMP-0013,2025-12-12,Desktop,14728,1099,119.03,34,3892.75
CAMP-0013,2025-12-12,Mobile,6089,380,338.23,29,2557.83
CAMP-0013,2025-12-12,Tablet,8603,490,892.59,17,964.47
CAMP-0003,2025-12-13,Desktop,14035,671,524.65,35,4279.96
CAMP-0003,2025-12-13,Mobile,15637,1008,225.02,114,14772.85
CAMP-0003,2025-12-13,Tablet,23317,1547,478.70,143,6597.40
CAMP-0016,2025-12-13,Desktop,2780,215,642.29,5,638.34
CAMP-0016,2025-12-13,Mobile,3887,222,743.88,0,0.00
CAMP-0016,2025-12-13,Tablet,11551,757,781.88,24,2209.31
CAMP-0007,2025-12-13,Desktop,21732,1474,154.00,166,19883.66
CAMP-0007,2025-12-13,Mobile,8980,276,800.58,11,551.92
CAMP-0007,2025-12-13,Tablet,19717,658,116.74,12,871.69
CAMP-0011,2025-12-13,Desktop,1059,53,185.26,3,447.21
CAMP-0011,2025-12-13,Mobile,18378,1195,341.99,51,5927.83
CAMP-0011,2025-12-13,Tablet,4049,142,694.20,3,190.77
CAMP-0004,2025-12-13,Desktop,19677,902,462.37,85,8051.50
CAMP-0004,2025-12-13,Mobile,24314,922,493.46,93,4887.37
CAMP-0004,2025-12-13,Tablet,19103,299,28.62,3,173.41
CAMP-0012,2025-12-13,Desktop,16560,713,875.86,1,92.94
CAMP-0012,2025-12-13,Mobile,20286,575,364.45,7,799.72
CAMP-0012,2025-12-13,Tablet,17523,1129,325.44,3,183.29
CAMP-0002,2025-12-13,Desktop,1052,84,355.91,5,654.78
CAMP-0002,2025-12-13,Mobile,15953,426,164.16,15,638.88
CAMP-0002,2025-12-13,Tablet,7060,335,450.40,19,1049.35
CAMP-0015,2025-12-14,Desktop,22885,1727,95.88,35,4780.42
CAMP-0015,2025-12-14,Mobile,19200,641,87.43,32,4230.60
CAMP-0015,2025-12-14,Tablet,24667,788,512.51,41,2462.91
CAMP-0018,2025-12-14,Desktop,6596,150,446.25,5,549.55
CAMP-0018,2025-12-14,Mobile,2888,127,486.04,1,107.84
CAMP-0018,2025-12-14,Tablet,850,28,363.71,0,0.00
CAMP-0009,2025-12-14,Desktop,4657,59,779.68,3,116.59
CAMP-0009,2025-12-14,Mobile,6773,422,660.43,17,1361.23
CAMP-0009,2025-12-14,Tablet,19934,748,362.83,29,2789.83
CAMP-0007,2025-12-14,Desktop,14683,497,386.31,11,395.09
CAMP-0007,2025-12-14,Mobile,17780,1249,821.46,97,7496.13
CAMP-0007,2025-12-14,Tablet,3647,100,451.94,8,291.01
CAMP-0014,2025-12-14,Desktop,3221,148,451.99,6,650.07
CAMP-0014,2025-12-14,Mobile,9887,787,346.73,82,3918.28
CAMP-0014,2025-12-14,Tablet,4202,197,588.09,23,2991.42
CAMP-0006,2025-12-14,Desktop,4044,24,838.48,2,212.50
CAMP-0006,2025-12-14,Mobile,7989,597,853.76,19,1938.91
CAMP-0006,2025-12-14,Tablet,2084,77,695.92,6,515.31
CAMP-0013,2025-12-15,Desktop,7702,372,518.94,26,1285.47
CAMP-0013,2025-12-15,Mobile,11266,636,485.55,30,3776.42
CAMP-0013,2025-12-15,Tablet,5966,123,575.83,14,951.22
CAMP-0014,2025-12-15,Desktop,18442,1448,793.34,163,16278.09
CAMP-0014,2025-12-15,Mobile,1477,30,428.51,0,0.00
CAMP-0014,2025-12-15,Tablet,24812,1142,166.30,91,14439.75
CAMP-0001,2025-12-15,Desktop,20841,815,136.32,67,10092.68
CAMP-0001,2025-12-15,Mobile,14897,746,468.51,43,5556.10
CAMP-0001,2025-12-15,Tablet,7283,271,295.39,25,2637.74
CAMP-0003,2025-12-15,Desktop,19064,1159,284.69,28,2733.92
CAMP-0003,2025-12-15,Mobile,19994,354,883.02,15,1123.31
CAMP-0003,2025-12-15,Tablet,10757,593,374.06,19,836.80
CAMP-0018,2025-12-15,Desktop,12518,797,351.37,53,3715.23
CAMP-0018,2025-12-15,Mobile,17888,1339,529.25,114,6737.69
CAMP-0018,2025-12-15,Tablet,3836,141,127.03,8,957.16
CAMP-0007,2025-12-15,Desktop,21285,751,734.93,5,284.01
CAMP-0007,2025-12-15,Mobile,8759,223,883.13,1,59.24
CAMP-0007,2025-12-15,Tablet,9499,126,84.80,5,799.89
CAMP-0009,2025-12-16,Desktop,940,32,386.68,2,210.69
CAMP-0009,2025-12-16,Mobile,11366,96,302.30,2,208.09
CAMP-0009,2025-12-16,Tablet,8368,242,533.24,11,1208.79
CAMP-0020,2025-12-16,Desktop,19166,645,570.62,58,2426.07
CAMP-0020,2025-12-16,Mobile,20889,881,534.03,5,689.16
CAMP-0020,2025-12-16,Tablet,2699,131,713.27,9,670.86
CAMP-0001,2025-12-16,Desktop,23220,1400,688.00,29,3156.16
CAMP-0001,2025-12-16,Mobile,17434,1010,479.60,32,4879.55
CAMP-0001,2025-12-16,Tablet,21749,1034,863.75,47,4168.51
CAMP-0019,2025-12-16,Desktop,24740,441,96.91,28,2975.74
CAMP-0019,2025-12-16,Mobile,16753,145,361.34,2,159.49
CAMP-0019,2025-12-16,Tablet,11433,139,436.64,0,0.00
CAMP-0016,2025-12-16,Desktop,11771,205,204.18,9,1151.99
CAMP-0016,2025-12-16,Mobile,23353,153,554.43,10,1148.01
CAMP-0016,2025-12-16,Tablet,19361,1229,533.16,56,8921.93
CAMP-0012,2025-12-16,Desktop,3949,92,450.51,4,253.90
CAMP-0012,2025-12-16,Mobile,24176,1154,717.08,3,339.59
CAMP-0012,2025-12-16,Tablet,531,22,405.26,2,313.81
CAMP-0013,2025-12-16,Desktop,6687,155,793.94,18,2070.33
CAMP-0013,2025-12-16,Mobile,12347,300,517.76,31,2441.15
CAMP-0013,2025-12-16,Tablet,2120,43,594.99,3,338.56
CAMP-0002,2025-12-16,Desktop,6450,62,77.41,5,642.55
CAMP-0002,2025-12-16,Mobile,20809,1249,735.78,32,3537.43
CAMP-0002,2025-12-16,Tablet,540,24,710.47,1,110.83
CAMP-0008,2025-12-16,Desktop,11702,492,773.55,59,7190.32
CAMP-0008,2025-12-16,Mobile,14394,934,533.52,40,5255.10
CAMP-0008,2025-12-16,Tablet,10781,296,204.07,11,555.94
CAMP-0006,2025-12-16,Desktop,8130,225,492.30,20,1412.92
CAMP-0006,2025-12-16,Mobile,5437,71,470.55,3,371.90
CAMP-0006,2025-12-16,Tablet,12157,780,615.72,70,4546.48
CAMP-0012,2025-12-17,Desktop,652,41,200.39,1,57.92
CAMP-0012,2025-12-17,Mobile,981,22,306.81,2,281.63
CAMP-0012,2025-12-17,Tablet,15948,845,676.04,36,5174.51
CAMP-0001,2025-12-17,Desktop,15151,338,741.53,25,3415.83
CAMP-0001,2025-12-17,Mobile,3887,109,674.46,7,534.68
CAMP-0001,2025-12-17,Tablet,24814,1930,97.83,5,696.60
CAMP-0017,2025-12-17,Desktop,9640,211,415.75,12,1632.56
CAMP-0017,2025-12-17,Mobile,6738,270,836.50,6,329.85
CAMP-0017,2025-12-17,Tablet,5654,303,840.21,15,974.94
CAMP-0007,2025-12-17,Desktop,3763,108,181.42,1,121.41
CAMP-0007,2025-12-17,Mobile,9672,601,427.41,20,1838.62
CAMP-0007,2025-12-17,Tablet,3532,260,749.92,20,1097.94
CAMP-0015,2025-12-17,Desktop,9285,442,466.80,42,5693.93
CAMP-0015,2025-12-17,Mobile,6407,463,763.35,1,82.46
CAMP-0015,2025-12-17,Tablet,17084,1064,219.59,29,3789.82
CAMP-0018,2025-12-17,Desktop,4664,85,54.66,6,602.07
CAMP-0018,2025-12-17,Mobile,8989,672,652.32,23,935.30
CAMP-0018,2025-12-17,Tablet,23371,484,805.45,28,2629.93
CAMP-0011,2025-12-17,Desktop,6795,72,701.70,0,0.00
CAMP-0011,2025-12-17,Mobile,8870,265,20.56,5,644.87
CAMP-0011,2025-12-17,Tablet,23910,800,854.68,50,2771.78
CAMP-0005,2025-12-17,Desktop,12793,144,241.30,17,2660.10
CAMP-0005,2025-12-17,Mobile,21121,562,835.47,46,4643.93
CAMP-0005,2025-12-17,Tablet,9360,539,525.76,38,1484.64
CAMP-0016,2025-12-18,Desktop,14684,437,560.39,9,1073.96
CAMP-0016,2025-12-18,Mobile,10849,81,802.37,7,831.99
CAMP-0016,2025-12-18,Tablet,12367,551,828.51,32,3373.57
CAMP-0006,2025-12-18,Desktop,16812,625,211.66,22,1692.06
CAMP-0006,2025-12-18,Mobile,21339,796,868.49,31,3450.41
CAMP-0006,2025-12-18,Tablet,16442,676,835.21,21,1429.66
CAMP-0005,2025-12-18,Desktop,20349,966,253.77,4,634.67
CAMP-0005,2025-12-18,Mobile,17526,1369,527.44,27,4271.68
CAMP-0005,2025-12-18,Tablet,13048,212,686.48,12,1047.33
CAMP-0012,2025-12-18,Desktop,6854,172,670.66,8,737.06
CAMP-0012,2025-12-18,Mobile,6734,444,554.54,13,974.36
CAMP-0012,2025-12-18,Tablet,7447,442,110.53,16,2479.42
CAMP-0004,2025-12-18,Desktop,3792,303,418.03,10,454.04
CAMP-0004,2025-12-18,Mobile,8400,67,67.25,1,73.31
CAMP-0004,2025-12-18,Tablet,5239,54,539.71,6,554.86
CAMP-0013,2025-12-18,Desktop,16332,1025,318.75,74,7798.46
CAMP-0013,2025-12-18,Mobile,16375,1138,248.73,19,2767.23
CAMP-0013,2025-12-18,Tablet,24810,1102,712.87,40,1506.89
CAMP-0016,2025-12-19,Desktop,20648,1474,699.06,162,13355.47
CAMP-0016,2025-12-19,Mobile,7297,46,97.29,1,107.29
CAMP-0016,2025-12-19,Tablet,6108,332,623.98,36,1332.21
CAMP-0019,2025-12-19,Desktop,16973,984,329.73,31,3181.34
CAMP-0019,2025-12-19,Mobile,20552,1596,350.30,0,0.00
CAMP-0019,2025-12-19,Tablet,23489,1587,208.65,183,7711.38
CAMP-0002,2025-12-19,Desktop,22466,1380,590.08,107,13757.88
CAMP-0002,2025-12-19,Mobile,3261,124,846.40,0,0.00
CAMP-0002,2025-12-19,Tablet,21348,1500,473.44,145,14922.82
CAMP-0013,2025-12-19,Desktop,24586,438,515.90,48,6041.07
CAMP-0013,2025-12-19,Mobile,9946,114,36.03,8,468.47
CAMP-0013,2025-12-19,Tablet,600,19,491.30,2,121.18
CAMP-0007,2025-12-19,Desktop,18036,1071,844.25,43,3165.68
CAMP-0007,2025-12-19,Mobile,19219,978,295.25,103,4081.46
CAMP-0007,2025-12-19,Tablet,22240,846,816.21,94,5376.91
CAMP-0003,2025-12-19,Desktop,4020,68,75.88,5,671.88
CAMP-0003,2025-12-19,Mobile,7879,551,192.25,23,2257.07
CAMP-0003,2025-12-19,Tablet,8579,619,613.74,30,4299.83
CAMP-0001,2025-12-19,Desktop,11073,676,246.80,36,2401.30
CAMP-0001,2025-12-19,Mobile,6256,98,333.19,7,748.67
CAMP-0001,2025-12-19,Tablet,3785,269,98.84,27,1479.04
CAMP-0008,2025-12-19,Desktop,17868,634,102.46,47,6210.24
CAMP-0008,2025-12-19,Mobile,11706,280,597.34,4,558.35
CAMP-0008,2025-12-19,Tablet,15336,677,323.07,59,8919.96
CAMP-0004,2025-12-19,Desktop,20663,527,468.14,58,5755.16
CAMP-0004,2025-12-19,Mobile,15603,377,445.00,42,6073.25
CAMP-0004,2025-12-19,Tablet,2653,155,59.78,6,295.73
CAMP-0005,2025-12-20,Desktop,5027,361,130.88,5,684.67
CAMP-0005,2025-12-20,Mobile,9980,179,201.31,12,1392.91
CAMP-0005,2025-12-20,Tablet,11347,731,175.55,29,3905.02
CAMP-0020,2025-12-20,Desktop,24723,1925,411.66,207,19829.27
CAMP-0020,2025-12-20,Mobile,7709,54,473.92,1,135.38
CAMP-0020,2025-12-20,Tablet,22764,149,860.81,4,561.44
CAMP-0015,2025-12-20,Desktop,6339,419,466.29,2,117.82
CAMP-0015,2025-12-20,Mobile,8650,544,445.26,59,5046.15
CAMP-0015,2025-12-20,Tablet,18006,1424,741.08,41,2612.42
CAMP-0012,2025-12-20,Desktop,4490,51,463.31,0,0.00
CAMP-0012,2025-12-20,Mobile,1355,7,520.11,1,121.96
CAMP-0012,2025-12-20,Tablet,754,54,837.72,5,180.67
CAMP-0013,2025-12-20,Desktop,17857,917,175.92,101,15059.57
CAMP-0013,2025-12-20,Mobile,8432,428,23.92,39,4125.80
CAMP-0013,2025-12-20,Tablet,18189,851,433.81,8,673.02
CAMP-0009,2025-12-20,Desktop,15945,1066,210.67,84,11814.78
CAMP-0009,2025-12-20,Mobile,17514,618,794.55,52,6901.91
CAMP-0009,2025-12-20,Tablet,9486,588,637.07,36,1617.75
CAMP-0019,2025-12-21,Desktop,814,16,176.03,1,156.32
CAMP-0019,2025-12-21,Mobile,19498,569,578.24,17,776.24
CAMP-0019,2025-12-21,Tablet,11818,449,73.69,9,1432.68
CAMP-0011,2025-12-21,Desktop,2312,139,604.26,8,554.33
CAMP-0011,2025-12-21,Mobile,14213,1093,611.59,121,18648.31
CAMP-0011,2025-12-21,Tablet,14836,933,482.61,64,9454.78
CAMP-0004,2025-12-21,Desktop,4718,184,114.33,14,2023.87
CAMP-0004,2025-12-21,Mobile,14526,257,851.27,3,222.96
CAMP-0004,2025-12-21,Tablet,17935,802,350.94,18,716.02
CAMP-0015,2025-12-21,Desktop,2742,107,103.50,2,116.38
CAMP-0015,2025-12-21,Mobile,22185,407,566.71,5,222.52
CAMP-0015,2025-12-21,Tablet,22249,907,150.88,14,1592.86
CAMP-0009,2025-12-21,Desktop,15013,246,498.23,15,1688.49
CAMP-0009,2025-12-21,Mobile,9457,108,336.39,4,245.35
CAMP-0009,2025-12-21,Tablet,18759,591,156.99,12,612.16
CAMP-0018,2025-12-21,Desktop,19194,445,254.90,0,0.00
CAMP-0018,2025-12-21,Mobile,23272,876,216.87,60,3347.27
CAMP-0018,2025-12-21,Tablet,14706,681,124.49,46,5544.95
CAMP-0006,2025-12-22,Desktop,11328,308,149.83,33,4704.74
CAMP-0006,2025-12-22,Mobile,4107,245,169.36,14,2149.71
CAMP-0006,2025-12-22,Tablet,12009,293,181.31,0,0.00
CAMP-0014,2025-12-22,Desktop,14421,781,590.07,75,8843.31
CAMP-0014,2025-12-22,Mobile,22668,727,494.77,70,5304.43
CAMP-0014,2025-12-22,Tablet,15596,325,28.29,22,1865.26
CAMP-0016,2025-12-22,Desktop,7837,180,619.98,4,403.61
CAMP-0016,2025-12-22,Mobile,19568,677,220.53,16,669.93
CAMP-0016,2025-12-22,Tablet,9262,474,766.38,40,4320.18
CAMP-0020,2025-12-22,Desktop,16850,695,532.10,78,4638.24
CAMP-0020,2025-12-22,Mobile,2660,193,358.94,14,716.19
CAMP-0020,2025-12-22,Tablet,17800,906,269.68,91,4030.90
CAMP-0001,2025-12-22,Desktop,20022,1062,501.81,117,14114.35
CAMP-0001,2025-12-22,Mobile,21053,554,433.98,65,4152.38
CAMP-0001,2025-12-22,Tablet,11509,257,74.89,4,363.41
CAMP-0004,2025-12-22,Desktop,2142,134,777.20,14,1912.15
CAMP-0004,2025-12-22,Mobile,17945,844,461.25,30,1134.13
CAMP-0004,2025-12-22,Tablet,17409,1315,452.73,79,12528.43
CAMP-0011,2025-12-22,Desktop,15379,321,568.53,17,1327.38
CAMP-0011,2025-12-22,Mobile,21944,1317,172.94,78,9570.73
CAMP-0011,2025-12-22,Tablet,13893,655,521.65,72,3920.22
CAMP-0007,2025-12-22,Desktop,12738,535,672.50,28,1618.98
CAMP-0007,2025-12-22,Mobile,745,37,578.79,1,106.59
CAMP-0007,2025-12-22,Tablet,13149,449,234.69,48,4332.29
CAMP-0001,2025-12-23,Desktop,19868,1247,317.57,75,8350.66
CAMP-0001,2025-12-23,Mobile,22303,1652,458.44,105,7633.79
CAMP-0001,2025-12-23,Tablet,5191,90,868.91,6,237.15
CAMP-0019,2025-12-23,Desktop,4535,83,577.87,8,366.81
CAMP-0019,2025-12-23,Mobile,22888,1390,458.27,92,12421.51
CAMP-0019,2025-12-23,Tablet,3225,140,559.83,14,1638.05
CAMP-0017,2025-12-23,Desktop,15128,518,866.75,25,2849.88
CAMP-0017,2025-12-23,Mobile,17769,158,102.38,16,1321.80
CAMP-0017,2025-12-23,Tablet,4062,42,145.22,5,494.83
CAMP-0013,2025-12-23,Desktop,3141,233,792.61,25,1598.61
CAMP-0013,2025-12-23,Mobile,22918,913,557.46,108,10612.41
CAMP-0013,2025-12-23,Tablet,16305,177,700.42,12,1903.58
CAMP-0007,2025-12-23,Desktop,19653,651,52.02,67,3402.90
CAMP-0007,2025-12-23,Mobile,21719,1293,690.54,61,9219.26
CAMP-0007,2025-12-23,Tablet,24574,990,895.07,89,8025.53
CAMP-0015,2025-12-24,Desktop,24726,1562,103.07,43,2068.50
CAMP-0015,2025-12-24,Mobile,14918,496,868.82,49,3778.08
CAMP-0015,2025-12-24,Tablet,10538,184,503.95,4,400.62
CAMP-0011,2025-12-24,Desktop,5830,394,629.30,27,1481.16
CAMP-0011,2025-12-24,Mobile,11698,485,78.34,34,4382.38
CAMP-0011,2025-12-24,Tablet,2205,16,202.46,1,146.97
CAMP-0014,2025-12-24,Desktop,18055,644,788.81,3,297.59
CAMP-0014,2025-12-24,Mobile,21803,1101,537.10,10,626.46
CAMP-0014,2025-12-24,Tablet,7246,563,846.91,63,8549.68
CAMP-0020,2025-12-24,Desktop,24358,1145,156.65,123,7944.86
CAMP-0020,2025-12-24,Mobile,22409,1737,198.51,85,4946.01
CAMP-0020,2025-12-24,Tablet,18901,1444,298.78,57,7475.34
CAMP-0019,2025-12-25,Desktop,19207,442,35.66,6,315.64
CAMP-0019,2025-12-25,Mobile,20333,112,49.59,1,116.62
CAMP-0019,2025-12-25,Tablet,16669,83,330.82,8,394.66
CAMP-0017,2025-12-25,Desktop,22271,1078,157.44,5,458.68
CAMP-0017,2025-12-25,Mobile,15237,613,642.70,0,0.00
CAMP-0017,2025-12-25,Tablet,610,12,255.62,0,0.00
CAMP-0016,2025-12-25,Desktop,21104,1176,789.60,91,13159.45
CAMP-0016,2025-12-25,Mobile,21828,1619,749.96,76,10102.69
CAMP-0016,2025-12-25,Tablet,21013,860,784.14,71,6913.02
CAMP-0007,2025-12-25,Desktop,24673,1124,220.10,87,8151.60
CAMP-0007,2025-12-25,Mobile,12156,89,315.97,8,1227.29
CAMP-0007,2025-12-25,Tablet,14732,1111,708.34,28,3149.00
CAMP-0004,2025-12-25,Desktop,15991,106,774.08,1,85.97
CAMP-0004,2025-12-25,Mobile,23608,643,496.59,42,1971.59
CAMP-0004,2025-12-25,Tablet,9803,142,810.56,4,366.31
CAMP-0013,2025-12-25,Desktop,22582,643,100.71,56,3667.56
CAMP-0013,2025-12-25,Mobile,11539,64,100.44,4,553.75
CAMP-0013,2025-12-25,Tablet,13870,688,557.92,32,3141.63
CAMP-0020,2025-12-25,Desktop,24246,378,645.41,17,597.16
CAMP-0020,2025-12-25,Mobile,3547,265,527.26,2,302.67
CAMP-0020,2025-12-25,Tablet,14465,367,668.04,8,581.55
CAMP-0008,2025-12-25,Desktop,20949,1057,727.89,49,4849.07
CAMP-0008,2025-12-25,Mobile,13897,175,173.53,3,181.56
CAMP-0008,2025-12-25,Tablet,11998,228,514.30,16,994.07
CAMP-0019,2025-12-26,Desktop,8581,313,250.73,11,1275.36
CAMP-0019,2025-12-26,Mobile,4810,236,352.45,18,2053.03
CAMP-0019,2025-12-26,Tablet,20578,884,421.23,29,4391.37
CAMP-0016,2025-12-26,Desktop,14157,110,479.24,2,245.12
CAMP-0016,2025-12-26,Mobile,18042,1373,150.05,70,9444.58
CAMP-0016,2025-12-26,Tablet,19862,1403,513.01,31,1894.74
CAMP-0007,2025-12-26,Desktop,13227,640,100.58,72,4022.75
CAMP-0007,2025-12-26,Mobile,6754,161,784.98,17,1372.17
CAMP-0007,2025-12-26,Tablet,7531,94,737.06,5,414.21
CAMP-0001,2025-12-26,Desktop,20470,977,407.39,65,5593.90
CAMP-0001,2025-12-26,Mobile,12926,871,41.17,80,8910.94
CAMP-0001,2025-12-26,Tablet,4138,107,385.47,2,239.85
CAMP-0010,2025-12-26,Desktop,2211,47,761.40,3,243.69
CAMP-0010,2025-12-26,Mobile,24826,1511,729.74,132,12277.45
CAMP-0010,2025-12-26,Tablet,6538,91,106.67,2,182.41
CAMP-0006,2025-12-26,Desktop,20851,607,75.82,64,4533.44
CAMP-0006,2025-12-26,Mobile,6440,235,336.17,19,2035.59
CAMP-0006,2025-12-26,Tablet,8192,240,219.30,19,2106.23
CAMP-0003,2025-12-26,Desktop,6328,457,604.09,35,1607.07
CAMP-0003,2025-12-26,Mobile,21351,885,413.82,79,8991.28
CAMP-0003,2025-12-26,Tablet,2098,84,182.89,10,1181.36
CAMP-0013,2025-12-26,Desktop,7046,364,544.76,18,950.75
CAMP-0013,2025-12-26,Mobile,12874,854,106.16,10,1406.50
CAMP-0013,2025-12-26,Tablet,3475,194,243.03,14,1263.34
CAMP-0004,2025-12-26,Desktop,4434,42,319.93,0,0.00
CAMP-0004,2025-12-26,Mobile,1257,31,185.49,0,0.00
CAMP-0004,2025-12-26,Tablet,5938,120,408.43,2,98.81
CAMP-0009,2025-12-27,Desktop,6352,108,280.67,5,678.38
CAMP-0009,2025-12-27,Mobile,8860,421,304.33,39,2749.91
CAMP-0009,2025-12-27,Tablet,15096,857,104.97,97,9502.73
CAMP-0018,2025-12-27,Desktop,1991,99,362.06,4,373.51
CAMP-0018,2025-12-27,Mobile,12891,910,359.00,61,7240.93
CAMP-0018,2025-12-27,Tablet,9134,709,143.55,39,1513.41
CAMP-0006,2025-12-27,Desktop,988,76,85.89,7,499.46
CAMP-0006,2025-12-27,Mobile,4078,254,36.65,11,1162.42
CAMP-0006,2025-12-27,Tablet,21505,722,417.51,11,447.50
CAMP-0019,2025-12-27,Desktop,9514,335,407.17,7,606.79
CAMP-0019,2025-12-27,Mobile,11820,509,436.33,52,8230.17
CAMP-0019,2025-12-27,Tablet,9179,724,867.01,24,1694.15
CAMP-0004,2025-12-27,Desktop,16778,531,213.38,21,2949.22
CAMP-0004,2025-12-27,Mobile,587,41,132.32,0,0.00
CAMP-0004,2025-12-27,Tablet,19145,431,747.65,12,493.55
CAMP-0003,2025-12-27,Desktop,19702,1498,307.59,14,810.75
CAMP-0003,2025-12-27,Mobile,20788,1058,600.35,75,6508.68
CAMP-0003,2025-12-27,Tablet,16523,953,777.75,45,5130.49
CAMP-0005,2025-12-28,Desktop,18428,271,23.47,32,2794.58
CAMP-0005,2025-12-28,Mobile,14292,322,233.56,25,3045.89
CAMP-0005,2025-12-28,Tablet,12655,471,358.58,9,807.82
CAMP-0001,2025-12-28,Desktop,11316,533,126.03,33,1968.81
CAMP-0001,2025-12-28,Mobile,22205,229,583.31,19,981.47
CAMP-0001,2025-12-28,Tablet,3704,18,864.20,2,203.64
CAMP-0016,2025-12-28,Desktop,11666,226,857.30,8,1238.47
CAMP-0016,2025-12-28,Mobile,23238,477,647.28,56,4928.01
CAMP-0016,2025-12-28,Tablet,21586,727,859.39,39,1922.53
CAMP-0011,2025-12-28,Desktop,11228,580,651.47,68,10443.80
CAMP-0011,2025-12-28,Mobile,9152,235,353.39,11,1691.11
CAMP-0011,2025-12-28,Tablet,9057,480,288.24,34,1550.75
CAMP-0019,2025-12-28,Desktop,1978,126,173.56,5,284.78
CAMP-0019,2025-12-28,Mobile,4530,243,658.46,13,1586.06
CAMP-0019,2025-12-28,Tablet,5299,60,383.49,4,616.38
CAMP-0017,2025-12-29,Desktop,24552,192,467.43,20,1232.85
CAMP-0017,2025-12-29,Mobile,16653,730,433.47,57,3046.00
CAMP-0017,2025-12-29,Tablet,14168,242,317.57,22,1717.66
CAMP-0014,2025-12-29,Desktop,16803,301,223.43,25,3181.96
CAMP-0014,2025-12-29,Mobile,14306,508,41.81,19,1230.46
CAMP-0014,2025-12-29,Tablet,788,10,223.82,0,0.00
CAMP-0019,2025-12-29,Desktop,17420,897,305.98,15,1388.95
CAMP-0019,2025-12-29,Mobile,7542,378,161.04,11,1328.52
CAMP-0019,2025-12-29,Tablet,12330,795,417.66,42,4871.66
CAMP-0015,2025-12-29,Desktop,10783,315,674.03,13,1273.35
CAMP-0015,2025-12-29,Mobile,13754,1080,523.68,106,7480.91
CAMP-0015,2025-12-29,Tablet,17981,1384,619.29,99,9803.31
CAMP-0020,2025-12-29,Desktop,6823,396,213.69,5,224.87
CAMP-0020,2025-12-29,Mobile,3651,134,185.46,2,207.76
CAMP-0020,2025-12-29,Tablet,15201,320,78.46,31,2301.74
CAMP-0003,2025-12-29,Desktop,9865,76,756.49,3,183.02
CAMP-0003,2025-12-29,Mobile,14473,792,226.16,93,13962.98
CAMP-0003,2025-12-29,Tablet,17761,1011,321.74,68,3192.26
CAMP-0011,2025-12-29,Desktop,12194,133,805.49,3,335.00
CAMP-0011,2025-12-29,Mobile,8361,463,467.94,23,1108.06
CAMP-0011,2025-12-29,Tablet,16224,459,659.41,35,1522.39
CAMP-0010,2025-12-29,Desktop,18393,533,561.30,54,5278.74
CAMP-0010,2025-12-29,Mobile,9866,687,315.77,56,6730.01
CAMP-0010,2025-12-29,Tablet,24606,699,582.71,16,1482.93
CAMP-0002,2025-12-29,Desktop,1377,8,155.45,0,0.00
CAMP-0002,2025-12-29,Mobile,7600,264,704.56,2,85.72
CAMP-0002,2025-12-29,Tablet,13710,873,389.90,11,1010.66
CAMP-0016,2025-12-29,Desktop,24635,516,468.58,24,2872.95
CAMP-0016,2025-12-29,Mobile,691,26,461.38,2,293.35
CAMP-0016,2025-12-29,Tablet,18735,390,426.70,39,2488.71
CAMP-0004,2025-12-30,Desktop,17049,1331,549.95,78,5362.77
CAMP-0004,2025-12-30,Mobile,1636,88,493.97,3,440.01
CAMP-0004,2025-12-30,Tablet,24320,465,599.19,38,5073.34
CAMP-0020,2025-12-30,Desktop,22088,329,263.08,24,863.27
CAMP-0020,2025-12-30,Mobile,12512,835,375.24,100,4304.69
CAMP-0020,2025-12-30,Tablet,7333,585,895.60,11,478.22
CAMP-0014,2025-12-30,Desktop,21976,1522,97.69,1,105.56
CAMP-0014,2025-12-30,Mobile,20489,1000,890.23,99,6628.74
CAMP-0014,2025-12-30,Tablet,4862,141,382.86,16,2495.01
CAMP-0001,2025-12-30,Desktop,7107,535,481.53,9,693.84
CAMP-0001,2025-12-30,Mobile,10762,815,82.85,81,12386.95
CAMP-0001,2025-12-30,Tablet,18625,1368,807.46,9,1342.10
CAMP-0012,2025-12-30,Desktop,5920,123,407.69,3,190.79
CAMP-0012,2025-12-30,Mobile,18176,961,246.34,99,14153.22
CAMP-0012,2025-12-30,Tablet,17357,1334,535.34,46,2935.25
CAMP-0007,2025-12-30,Desktop,10109,341,842.56,15,2142.03
CAMP-0007,2025-12-30,Mobile,12073,64,94.94,3,479.87
CAMP-0007,2025-12-30,Tablet,24027,579,734.57,3,381.09
CAMP-0008,2025-12-31,Desktop,9500,369,169.57,38,1673.69
CAMP-0008,2025-12-31,Mobile,10763,742,517.66,89,8214.92
CAMP-0008,2025-12-31,Tablet,16682,307,175.67,0,0.00
CAMP-0011,2025-12-31,Desktop,24175,141,736.06,10,739.19
CAMP-0011,2025-12-31,Mobile,18216,1421,35.61,144,14363.60
CAMP-0011,2025-12-31,Tablet,1325,46,715.99,0,0.00
CAMP-0016,2025-12-31,Desktop,7430,439,838.15,18,1149.50
CAMP-0016,2025-12-31,Mobile,24811,784,793.90,4,511.45
CAMP-0016,2025-12-31,Tablet,4067,64,883.79,4,206.88
CAMP-0010,2025-12-31,Desktop,15965,475,91.01,18,1320.79
CAMP-0010,2025-12-31,Mobile,23949,1707,532.86,155,18096.90
CAMP-0010,2025-12-31,Tablet,14226,229,70.44,3,165.36
CAMP-0014,2025-12-31,Desktop,5839,300,577.85,13,536.93
CAMP-0014,2025-12-31,Mobile,5737,36,51.68,2,118.45
CAMP-0014,2025-12-31,Tablet,17746,524,511.04,42,1632.77
CAMP-0001,2026-01-01,Desktop,15553,1184,141.20,119,8108.97
CAMP-0001,2026-01-01,Mobile,9730,299,413.24,10,1036.35
CAMP-0001,2026-01-01,Tablet,19068,943,238.38,93,5164.77
CAMP-0004,2026-01-01,Desktop,3595,111,390.82,12,965.12
CAMP-0004,2026-01-01,Mobile,13625,329,46.78,32,2799.83
CAMP-0004,2026-01-01,Tablet,21107,1434,545.66,132,13429.19
CAMP-0019,2026-01-01,Desktop,11503,647,561.71,68,5792.63
CAMP-0019,2026-01-01,Mobile,23663,1062,321.27,98,3871.77
CAMP-0019,2026-01-01,Tablet,24718,1683,223.52,88,9216.26
CAMP-0018,2026-01-01,Desktop,17657,1052,862.61,93,12964.84
CAMP-0018,2026-01-01,Mobile,9471,154,457.89,15,2035.79
CAMP-0018,2026-01-01,Tablet,17441,1026,827.10,105,11219.73
CAMP-0015,2026-01-01,Desktop,19048,1371,796.99,33,1225.28
CAMP-0015,2026-01-01,Mobile,24738,620,528.71,9,379.58
CAMP-0015,2026-01-01,Tablet,4761,106,402.30,4,398.66
CAMP-0011,2026-01-01,Desktop,19446,116,278.63,5,575.31
CAMP-0011,2026-01-01,Mobile,18789,703,169.25,45,2390.03
CAMP-0011,2026-01-01,Tablet,5597,141,367.90,2,207.76
CAMP-0010,2026-01-01,Desktop,2945,36,183.31,2,133.23
CAMP-0010,2026-01-01,Mobile,8801,413,828.60,10,604.64
CAMP-0010,2026-01-01,Tablet,22868,1729,610.55,10,813.04
CAMP-0005,2026-01-02,Desktop,18398,137,424.83,0,0.00
CAMP-0005,2026-01-02,Mobile,16804,1086,808.93,48,5743.61
CAMP-0005,2026-01-02,Tablet,12921,168,30.46,20,1272.32
CAMP-0018,2026-01-02,Desktop,13701,689,888.04,69,3421.71
CAMP-0018,2026-01-02,Mobile,2199,17,60.63,1,133.70
CAMP-0018,2026-01-02,Tablet,12357,686,252.54,77,7239.48
CAMP-0019,2026-01-02,Desktop,16403,852,517.75,37,1360.60
CAMP-0019,2026-01-02,Mobile,20477,463,731.58,13,836.75
CAMP-0019,2026-01-02,Tablet,20576,501,836.66,20,1215.23
CAMP-0008,2026-01-02,Desktop,18246,267,676.69,11,1064.75
CAMP-0008,2026-01-02,Mobile,2153,111,870.67,4,213.42
CAMP-0008,2026-01-02,Tablet,3468,141,720.22,14,1969.21
CAMP-0013,2026-01-02,Desktop,20128,1564,41.12,178,11551.06
CAMP-0013,2026-01-02,Mobile,4345,75,787.81,0,0.00
CAMP-0013,2026-01-02,Tablet,3336,51,59.69,1,88.30
CAMP-0015,2026-01-02,Desktop,14082,695,847.48,46,6372.96
CAMP-0015,2026-01-02,Mobile,21906,674,808.56,69,10121.53
CAMP-0015,2026-01-02,Tablet,24263,734,505.11,36,4224.69
CAMP-0001,2026-01-02,Desktop,9837,767,321.84,67,4035.63
CAMP-0001,2026-01-02,Mobile,4777,139,854.97,3,421.86
CAMP-0001,2026-01-02,Tablet,6592,56,713.11,1,61.68
CAMP-0002,2026-01-03,Desktop,9319,268,348.44,19,2151.29
CAMP-0002,2026-01-03,Mobile,6408,377,157.43,6,664.58
CAMP-0002,2026-01-03,Tablet,17387,277,288.16,1,130.12
CAMP-0009,2026-01-03,Desktop,10656,744,858.97,65,3356.48
CAMP-0009,2026-01-03,Mobile,20012,991,630.71,31,3261.44
CAMP-0009,2026-01-03,Tablet,15257,913,801.35,48,2153.66
CAMP-0010,2026-01-03,Desktop,6127,343,759.13,13,1463.90
CAMP-0010,2026-01-03,Mobile,10163,62,185.35,6,724.61
CAMP-0010,2026-01-03,Tablet,13522,632,741.47,34,2753.76
CAMP-0004,2026-01-03,Desktop,24721,1800,488.48,182,14481.51
CAMP-0004,2026-01-03,Mobile,8854,226,55.64,25,2234.34
CAMP-0004,2026-01-03,Tablet,781,6,278.94,0,0.00
CAMP-0005,2026-01-03,Desktop,17806,730,795.26,50,3446.48
CAMP-0005,2026-01-03,Mobile,18521,1287,387.99,28,1728.05
CAMP-0005,2026-01-03,Tablet,23667,926,214.89,72,8071.90
CAMP-0015,2026-01-03,Desktop,15903,1039,193.35,100,14778.21
CAMP-0015,2026-01-03,Mobile,1813,122,770.41,11,1006.57
CAMP-0015,2026-01-03,Tablet,23813,490,325.59,28,1179.10
CAMP-0011,2026-01-03,Desktop,19416,1513,788.60,133,18774.63
CAMP-0011,2026-01-03,Mobile,14912,1138,646.65,123,10184.74
CAMP-0011,2026-01-03,Tablet,11451,652,111.31,31,4288.63
CAMP-0016,2026-01-03,Desktop,18258,268,372.98,14,1432.18
CAMP-0016,2026-01-03,Mobile,4798,134,453.40,8,310.15
CAMP-0016,2026-01-03,Tablet,12833,275,659.86,29,4578.71
CAMP-0014,2026-01-03,Desktop,24019,1738,337.29,52,8260.53
CAMP-0014,2026-01-03,Mobile,16490,1129,877.43,32,4187.76
CAMP-0014,2026-01-03,Tablet,7957,496,461.42,41,3911.13
CAMP-0020,2026-01-04,Desktop,2007,62,198.81,2,222.47
CAMP-0020,2026-01-04,Mobile,22723,191,313.94,17,1378.85
CAMP-0020,2026-01-04,Tablet,3132,246,823.75,21,882.48
CAMP-0005,2026-01-04,Desktop,4291,302,348.93,29,3141.50
CAMP-0005,2026-01-04,Mobile,6076,214,776.50,22,1553.99
CAMP-0005,2026-01-04,Tablet,9889,177,494.11,11,896.27
CAMP-0009,2026-01-04,Desktop,10000,254,321.26,29,2595.10
CAMP-0009,2026-01-04,Mobile,22710,1088,221.11,118,17186.36
CAMP-0009,2026-01-04,Tablet,18240,698,779.89,1,123.46
CAMP-0016,2026-01-04,Desktop,13942,1073,547.23,72,11324.55
CAMP-0016,2026-01-04,Mobile,9298,410,845.72,8,1052.08
CAMP-0016,2026-01-04,Tablet,9237,53,140.05,3,456.27
CAMP-0019,2026-01-04,Desktop,5421,378,165.38,20,977.85
CAMP-0019,2026-01-04,Mobile,15654,464,141.26,28,1561.28
CAMP-0019,2026-01-04,Tablet,19293,171,674.25,2,128.54
CAMP-0007,2026-01-04,Desktop,7019,128,628.48,15,1850.92
CAMP-0007,2026-01-04,Mobile,3245,101,745.43,0,0.00
CAMP-0007,2026-01-04,Tablet,19187,345,831.69,37,3590.99
CAMP-0006,2026-01-05,Desktop,20278,1608,182.39,188,22671.93
CAMP-0006,2026-01-05,Mobile,8465,115,889.10,12,1482.10
CAMP-0006,2026-01-05,Tablet,13400,404,778.18,13,1632.92
CAMP-0019,2026-01-05,Desktop,19905,921,438.39,102,5678.57
CAMP-0019,2026-01-05,Mobile,12727,853,193.75,29,2986.89
CAMP-0019,2026-01-05,Tablet,4588,37,454.45,4,196.24
CAMP-0008,2026-01-05,Desktop,3585,110,739.57,10,1453.07
CAMP-0008,2026-01-05,Mobile,17091,805,255.55,83,5621.93
CAMP-0008,2026-01-05,Tablet,10241,177,396.95,14,2117.35
CAMP-0005,2026-01-05,Desktop,7461,517,461.74,51,3304.05
CAMP-0005,2026-01-05,Mobile,5508,304,174.04,12,1881.94
CAMP-0005,2026-01-05,Tablet,1740,118,534.58,14,862.21
CAMP-0011,2026-01-05,Desktop,12440,452,619.03,18,2777.79
CAMP-0011,2026-01-05,Mobile,9859,424,246.27,49,5445.03
CAMP-0011,2026-01-05,Tablet,6584,154,230.00,7,623.59
CAMP-0004,2026-01-05,Desktop,14970,105,354.24,12,1501.27
CAMP-0004,2026-01-05,Mobile,18641,1146,632.32,135,12136.29
CAMP-0004,2026-01-05,Tablet,24256,280,686.76,31,4601.19
CAMP-0002,2026-01-05,Desktop,9834,198,76.21,9,1182.71
CAMP-0002,2026-01-05,Mobile,23482,1505,654.14,7,637.19
CAMP-0002,2026-01-05,Tablet,999,72,301.20,8,842.28
CAMP-0020,2026-01-06,Desktop,22942,1212,707.83,141,20375.95
CAMP-0020,2026-01-06,Mobile,20247,792,498.30,59,7285.32
CAMP-0020,2026-01-06,Tablet,22495,1503,662.25,13,1939.15
CAMP-0009,2026-01-06,Desktop,24207,1113,780.35,0,0.00
CAMP-0009,2026-01-06,Mobile,20954,906,48.45,75,5469.01
CAMP-0009,2026-01-06,Tablet,24456,1822,407.96,136,19499.58
CAMP-0001,2026-01-06,Desktop,21450,975,263.69,74,10789.63
CAMP-0001,2026-01-06,Mobile,19854,979,289.82,110,15545.98
CAMP-0001,2026-01-06,Tablet,14275,317,470.95,5,386.67
CAMP-0018,2026-01-06,Desktop,19314,1426,611.90,64,8750.03
CAMP-0018,2026-01-06,Mobile,12075,965,271.15,35,2997.95
CAMP-0018,2026-01-06,Tablet,3427,154,651.53,1,96.88
CAMP-0019,2026-01-06,Desktop,5714,188,35.04,19,1990.77
CAMP-0019,2026-01-06,Mobile,17822,597,150.96,48,6033.70
CAMP-0019,2026-01-06,Tablet,23160,521,94.87,7,336.42
CAMP-0011,2026-01-06,Desktop,5190,392,739.71,28,1688.59
CAMP-0011,2026-01-06,Mobile,20260,1324,277.14,116,9782.90
CAMP-0011,2026-01-06,Tablet,17999,767,187.70,27,4161.73
CAMP-0003,2026-01-06,Desktop,9483,271,548.27,22,870.93
CAMP-0003,2026-01-06,Mobile,12447,969,432.38,102,12836.06
CAMP-0003,2026-01-06,Tablet,12034,572,392.74,60,7192.31
CAMP-0015,2026-01-06,Desktop,1302,53,291.43,3,295.66
CAMP-0015,2026-01-06,Mobile,8087,276,361.49,3,283.57
CAMP-0015,2026-01-06,Tablet,2586,111,538.33,1,83.37
CAMP-0002,2026-01-06,Desktop,6419,333,455.95,9,1189.32
CAMP-0002,2026-01-06,Mobile,9520,424,31.04,28,3864.44
CAMP-0002,2026-01-06,Tablet,7986,54,510.58,2,81.52
CAMP-0010,2026-01-06,Desktop,17154,1087,226.44,7,826.67
CAMP-0010,2026-01-06,Mobile,10355,614,300.74,64,2368.75
CAMP-0010,2026-01-06,Tablet,22861,956,686.99,98,5575.06
CAMP-0007,2026-01-07,Desktop,20511,1094,349.18,20,2567.08
CAMP-0007,2026-01-07,Mobile,17328,1152,94.59,100,7163.31
CAMP-0007,2026-01-07,Tablet,5461,46,78.17,5,771.04
CAMP-0015,2026-01-07,Desktop,7464,140,451.02,0,0.00
CAMP-0015,2026-01-07,Mobile,16613,752,39.39,18,2590.12
CAMP-0015,2026-01-07,Tablet,9998,718,44.21,19,2445.06
CAMP-0019,2026-01-07,Desktop,4468,72,215.87,4,628.90
CAMP-0019,2026-01-07,Mobile,2096,79,230.84,7,820.52
CAMP-0019,2026-01-07,Tablet,12935,1019,312.66,44,3682.89
CAMP-0006,2026-01-07,Desktop,11441,377,769.52,4,597.97
CAMP-0006,2026-01-07,Mobile,24453,702,325.28,48,4813.75
CAMP-0006,2026-01-07,Tablet,14517,618,53.45,54,7521.22
CAMP-0001,2026-01-08,Desktop,6309,197,592.73,3,443.90
CAMP-0001,2026-01-08,Mobile,3868,127,750.50,9,1185.92
CAMP-0001,2026-01-08,Tablet,3516,34,511.70,0,0.00
CAMP-0002,2026-01-08,Desktop,1410,45,348.42,4,510.85
CAMP-0002,2026-01-08,Mobile,14393,772,833.35,69,8299.11
CAMP-0002,2026-01-08,Tablet,24154,257,447.69,23,2167.08
CAMP-0008,2026-01-08,Desktop,7317,387,597.05,12,718.23
CAMP-0008,2026-01-08,Mobile,22977,572,71.62,26,3393.01
CAMP-0008,2026-01-08,Tablet,15625,265,879.69,4,192.01
CAMP-0006,2026-01-08,Desktop,4519,49,622.62,1,125.69
CAMP-0006,2026-01-08,Mobile,12380,984,272.84,34,3236.10
CAMP-0006,2026-01-08,Tablet,23916,1330,117.90,38,1610.72
CAMP-0010,2026-01-08,Desktop,15432,690,728.28,26,4143.51
CAMP-0010,2026-01-08,Mobile,3528,194,696.10,3,277.09
CAMP-0010,2026-01-08,Tablet,14350,833,98.67,11,647.64
CAMP-0003,2026-01-08,Desktop,9930,235,814.09,4,627.38
CAMP-0003,2026-01-08,Mobile,22288,573,883.40,5,470.33
CAMP-0003,2026-01-08,Tablet,1165,56,200.42,6,428.86
CAMP-0014,2026-01-08,Desktop,24050,650,224.35,75,3207.06
CAMP-0014,2026-01-08,Mobile,22347,798,801.19,12,853.13
CAMP-0014,2026-01-08,Tablet,9022,254,780.28,27,1696.53
CAMP-0007,2026-01-09,Desktop,21944,1235,386.30,126,6402.50
CAMP-0007,2026-01-09,Mobile,1462,32,460.27,3,308.05
CAMP-0007,2026-01-09,Tablet,23909,366,657.12,36,5040.77
CAMP-0015,2026-01-09,Desktop,5614,186,587.28,21,2158.04
CAMP-0015,2026-01-09,Mobile,1403,25,832.10,1,48.49
CAMP-0015,2026-01-09,Tablet,21453,764,349.13,56,6839.62
CAMP-0009,2026-01-09,Desktop,18686,1388,98.18,153,11687.38
CAMP-0009,2026-01-09,Mobile,11583,751,625.68,79,4050.19
CAMP-0009,2026-01-09,Tablet,1705,114,370.14,1,78.84
CAMP-0004,2026-01-09,Desktop,19184,987,388.51,10,443.44
CAMP-0004,2026-01-09,Mobile,4307,251,289.76,3,124.86
CAMP-0004,2026-01-09,Tablet,20425,559,541.63,14,1066.48
CAMP-0018,2026-01-09,Desktop,6012,156,126.76,16,725.62
CAMP-0018,2026-01-09,Mobile,22544,1698,778.40,126,10339.88
CAMP-0018,2026-01-09,Tablet,4059,323,628.67,33,2081.77
CAMP-0008,2026-01-10,Desktop,3496,211,73.26,7,312.42
CAMP-0008,2026-01-10,Mobile,15900,571,740.91,11,1592.28
CAMP-0008,2026-01-10,Tablet,12272,909,438.98,75,9141.69
CAMP-0001,2026-01-10,Desktop,2958,132,617.95,4,632.63
CAMP-0001,2026-01-10,Mobile,6724,164,725.42,0,0.00
CAMP-0001,2026-01-10,Tablet,24081,1727,869.19,36,2347.28
CAMP-0013,2026-01-10,Desktop,20294,575,777.98,16,1768.79
CAMP-0013,2026-01-10,Mobile,18617,1342,294.41,118,7346.05
CAMP-0013,2026-01-10,Tablet,15554,807,802.20,33,4936.01
CAMP-0019,2026-01-10,Desktop,9259,450,768.42,6,257.54
CAMP-0019,2026-01-10,Mobile,14753,249,316.91,9,692.05
CAMP-0019,2026-01-10,Tablet,11177,336,397.27,6,436.77
CAMP-0008,2026-01-11,Desktop,13580,270,656.56,29,2492.70
CAMP-0008,2026-01-11,Mobile,17258,1318,57.20,60,9051.52
CAMP-0008,2026-01-11,Tablet,24008,868,579.34,51,7350.22
CAMP-0019,2026-01-11,Desktop,1159,72,387.73,8,663.52
CAMP-0019,2026-01-11,Mobile,3129,41,41.52,0,0.00
CAMP-0019,2026-01-11,Tablet,2579,73,290.77,4,550.45
CAMP-0011,2026-01-11,Desktop,5132,335,660.90,32,3377.53
CAMP-0011,2026-01-11,Mobile,22443,237,242.27,21,2749.67
CAMP-0011,2026-01-11,Tablet,15283,449,187.43,34,2771.06
CAMP-0020,2026-01-11,Desktop,11362,787,859.04,13,1938.03
CAMP-0020,2026-01-11,Mobile,4696,371,95.49,5,598.37
CAMP-0020,2026-01-11,Tablet,1410,77,373.41,7,753.81
CAMP-0016,2026-01-11,Desktop,4957,391,454.25,6,934.57
CAMP-0016,2026-01-11,Mobile,2748,204,349.18,10,1574.96
CAMP-0016,2026-01-11,Tablet,10993,699,656.53,58,6602.25
CAMP-0004,2026-01-11,Desktop,8452,643,563.18,63,2652.08
CAMP-0004,2026-01-11,Mobile,17144,1180,290.33,56,5431.06
CAMP-0004,2026-01-11,Tablet,18610,135,68.72,14,1316.12
CAMP-0006,2026-01-11,Desktop,17882,1119,612.32,7,633.65
CAMP-0006,2026-01-11,Mobile,3145,107,559.43,10,1382.09
CAMP-0006,2026-01-11,Tablet,11227,860,771.25,87,9389.29
CAMP-0009,2026-01-12,Desktop,6120,241,749.30,16,1956.28
CAMP-0009,2026-01-12,Mobile,1382,23,520.48,1,46.67
CAMP-0009,2026-01-12,Tablet,22843,1664,889.10,26,2869.62
CAMP-0020,2026-01-12,Desktop,19201,1042,232.54,98,11809.55
CAMP-0020,2026-01-12,Mobile,3026,153,143.70,16,1600.95
CAMP-0020,2026-01-12,Tablet,22454,1437,379.22,136,18481.88
CAMP-0015,2026-01-12,Desktop,7325,111,461.70,5,270.20
CAMP-0015,2026-01-12,Mobile,1195,75,84.26,7,979.85
CAMP-0015,2026-01-12,Tablet,3375,148,824.92,0,0.00
CAMP-0001,2026-01-12,Desktop,10595,702,621.49,20,1095.04
CAMP-0001,2026-01-12,Mobile,3674,110,733.21,6,733.89
CAMP-0001,2026-01-12,Tablet,6286,442,484.56,45,6773.16
CAMP-0012,2026-01-12,Desktop,17234,588,811.91,10,1017.14
CAMP-0012,2026-01-12,Mobile,8067,151,876.42,12,1143.60
CAMP-0012,2026-01-12,Tablet,6515,198,24.21,1,156.05
CAMP-0008,2026-01-12,Desktop,9941,678,688.79,43,6112.28
CAMP-0008,2026-01-12,Mobile,24711,920,628.72,16,2100.81
CAMP-0008,2026-01-12,Tablet,24498,857,109.32,52,8104.92
CAMP-0004,2026-01-12,Desktop,1798,28,627.58,0,0.00
CAMP-0004,2026-01-12,Mobile,4443,291,889.33,3,339.74
CAMP-0004,2026-01-12,Tablet,2991,139,737.65,7,683.10
CAMP-0019,2026-01-12,Desktop,729,31,831.71,0,0.00
CAMP-0019,2026-01-12,Mobile,16767,1122,239.48,14,1831.36
CAMP-0019,2026-01-12,Tablet,2943,226,131.26,21,1364.12
CAMP-0005,2026-01-12,Desktop,19418,1232,75.25,57,8229.90
CAMP-0005,2026-01-12,Mobile,14026,390,821.95,31,1685.25
CAMP-0005,2026-01-12,Tablet,13039,691,23.40,70,8444.78
CAMP-0015,2026-01-13,Desktop,2228,34,321.61,1,56.81
CAMP-0015,2026-01-13,Mobile,18273,669,865.03,11,1224.00
CAMP-0015,2026-01-13,Tablet,19908,428,317.07,30,1360.00
CAMP-0013,2026-01-13,Desktop,16492,685,863.46,75,5939.02
CAMP-0013,2026-01-13,Mobile,17657,513,96.63,58,6938.43
CAMP-0013,2026-01-13,Tablet,18671,741,617.53,49,3464.01
CAMP-0007,2026-01-13,Desktop,2797,69,654.39,7,312.24
CAMP-0007,2026-01-13,Mobile,11189,443,304.36,26,2023.58
CAMP-0007,2026-01-13,Tablet,22843,1068,240.79,101,11008.88
CAMP-0019,2026-01-13,Desktop,2556,141,581.19,12,1737.76
CAMP-0019,2026-01-13,Mobile,18984,329,115.61,2,226.65
CAMP-0019,2026-01-13,Tablet,15959,137,605.33,1,70.26
CAMP-0012,2026-01-13,Desktop,6322,265,601.17,21,2401.28
CAMP-0012,2026-01-13,Mobile,6174,347,854.84,0,0.00
CAMP-0012,2026-01-13,Tablet,9966,182,342.74,14,1083.78
CAMP-0002,2026-01-13,Desktop,17145,457,420.40,11,437.06
CAMP-0002,2026-01-13,Mobile,23707,158,565.52,11,1396.96
CAMP-0002,2026-01-13,Tablet,1117,24,199.09,1,104.39
CAMP-0003,2026-01-14,Desktop,13287,509,371.94,38,4976.93
CAMP-0003,2026-01-14,Mobile,16458,557,341.55,15,2303.09
CAMP-0003,2026-01-14,Tablet,13108,600,57.78,15,1175.70
CAMP-0007,2026-01-14,Desktop,4359,291,498.60,12,760.94
CAMP-0007,2026-01-14,Mobile,15990,305,826.27,25,3919.65
CAMP-0007,2026-01-14,Tablet,15609,775,845.09,60,8705.98
CAMP-0005,2026-01-14,Desktop,4220,110,865.18,0,0.00
CAMP-0005,2026-01-14,Mobile,6504,282,522.48,7,713.28
CAMP-0005,2026-01-14,Tablet,15844,86,319.52,6,335.89
CAMP-0017,2026-01-14,Desktop,11966,937,446.80,2,91.83
CAMP-0017,2026-01-14,Mobile,22124,759,667.75,33,3948.22
CAMP-0017,2026-01-14,Tablet,13650,219,36.66,15,1932.33
CAMP-0019,2026-01-14,Desktop,575,22,338.38,1,108.34
CAMP-0019,2026-01-14,Mobile,1275,24,110.60,2,266.81
CAMP-0019,2026-01-14,Tablet,6119,243,558.70,26,4107.72
CAMP-0006,2026-01-15,Desktop,5320,43,305.46,2,187.49
CAMP-0006,2026-01-15,Mobile,19205,601,798.78,68,9154.01
CAMP-0006,2026-01-15,Tablet,7378,506,316.02,37,2467.00
CAMP-0013,2026-01-15,Desktop,6680,458,536.90,43,3969.56
CAMP-0013,2026-01-15,Mobile,13016,972,243.75,55,7320.57
CAMP-0013,2026-01-15,Tablet,19582,354,723.43,38,5215.30
CAMP-0015,2026-01-15,Desktop,4490,129,497.95,1,110.28
CAMP-0015,2026-01-15,Mobile,2487,195,600.96,14,1320.97
CAMP-0015,2026-01-15,Tablet,9947,227,165.64,26,1926.32
CAMP-0020,2026-01-15,Desktop,14931,964,880.68,54,3392.87
CAMP-0020,2026-01-15,Mobile,780,45,281.84,2,262.83
CAMP-0020,2026-01-15,Tablet,9035,376,463.91,25,1906.47
CAMP-0007,2026-01-15,Desktop,24516,1397,536.38,91,9524.61
CAMP-0007,2026-01-15,Mobile,22554,273,422.24,22,1638.64
CAMP-0007,2026-01-15,Tablet,22430,865,618.02,8,888.62
CAMP-0002,2026-01-15,Desktop,16543,888,367.32,14,1249.65
CAMP-0002,2026-01-15,Mobile,17341,431,682.27,30,3218.80
CAMP-0002,2026-01-15,Tablet,24129,918,386.04,46,1946.43
CAMP-0001,2026-01-15,Desktop,10633,607,421.00,47,2806.49
CAMP-0001,2026-01-15,Mobile,15612,928,757.80,61,6620.09
CAMP-0001,2026-01-15,Tablet,9578,327,217.75,24,3337.57
CAMP-0005,2026-01-15,Desktop,24009,772,194.35,55,8468.81
CAMP-0005,2026-01-15,Mobile,23302,350,329.43,40,2407.46
CAMP-0005,2026-01-15,Tablet,21472,1549,76.42,13,844.03
CAMP-0008,2026-01-15,Desktop,18750,327,88.95,3,199.36
CAMP-0008,2026-01-15,Mobile,552,43,114.37,5,276.51
CAMP-0008,2026-01-15,Tablet,15250,331,449.04,31,4897.47
CAMP-0020,2026-01-16,Desktop,12435,389,826.83,16,2233.53
CAMP-0020,2026-01-16,Mobile,19901,1227,577.36,79,5668.30
CAMP-0020,2026-01-16,Tablet,23676,1175,413.31,137,6117.96
CAMP-0013,2026-01-16,Desktop,3649,291,197.81,12,593.99
CAMP-0013,2026-01-16,Mobile,6840,515,752.87,29,3658.49
CAMP-0013,2026-01-16,Tablet,3987,238,425.58,19,1958.80
CAMP-0003,2026-01-16,Desktop,20452,1398,446.56,146,8101.17
CAMP-0003,2026-01-16,Mobile,4418,173,552.29,19,2205.46
CAMP-0003,2026-01-16,Tablet,7572,41,614.02,4,298.30
CAMP-0005,2026-01-16,Desktop,1429,29,497.04,3,113.17
CAMP-0005,2026-01-16,Mobile,10604,834,306.94,97,6983.48
CAMP-0005,2026-01-16,Tablet,5039,278,314.33,28,2693.74
CAMP-0007,2026-01-16,Desktop,11447,810,645.56,50,4435.39
CAMP-0007,2026-01-16,Mobile,13478,741,675.23,36,2720.45
CAMP-0007,2026-01-16,Tablet,18775,970,607.65,112,4310.08
CAMP-0006,2026-01-17,Desktop,2701,83,213.51,0,0.00
CAMP-0006,2026-01-17,Mobile,20165,168,469.60,15,1610.86
CAMP-0006,2026-01-17,Tablet,5166,72,753.61,6,762.52
CAMP-0012,2026-01-17,Desktop,6167,219,861.81,14,1506.02
CAMP-0012,2026-01-17,Mobile,24726,604,750.20,35,4642.82
CAMP-0012,2026-01-17,Tablet,7937,508,637.95,6,510.87
CAMP-0017,2026-01-17,Desktop,22733,758,712.80,70,5010.94
CAMP-0017,2026-01-17,Mobile,10721,404,541.98,7,920.54
CAMP-0017,2026-01-17,Tablet,8981,561,94.79,45,3030.05
CAMP-0002,2026-01-17,Desktop,20534,515,569.64,48,2481.29
CAMP-0002,2026-01-17,Mobile,2907,136,614.46,16,579.36
CAMP-0002,2026-01-17,Tablet,22278,1497,886.54,74,10631.06
CAMP-0013,2026-01-17,Desktop,15431,543,773.42,26,1446.67
CAMP-0013,2026-01-17,Mobile,1750,19,447.59,2,102.97
CAMP-0013,2026-01-17,Tablet,4715,170,717.82,7,253.63
CAMP-0019,2026-01-18,Desktop,14376,101,318.15,0,0.00
CAMP-0019,2026-01-18,Mobile,3759,97,512.40,3,428.82
CAMP-0019,2026-01-18,Tablet,12428,615,229.27,25,1671.38
CAMP-0012,2026-01-18,Desktop,10725,828,284.93,38,6066.46
CAMP-0012,2026-01-18,Mobile,3687,271,887.14,16,1010.08
CAMP-0012,2026-01-18,Tablet,21028,1373,87.26,53,8410.97
CAMP-0008,2026-01-18,Desktop,4959,147,230.27,17,2010.33
CAMP-0008,2026-01-18,Mobile,12189,613,659.66,48,5017.55
CAMP-0008,2026-01-18,Tablet,23470,305,541.71,14,819.14
CAMP-0004,2026-01-18,Desktop,14047,942,782.79,84,6767.30
CAMP-0004,2026-01-18,Mobile,16659,605,111.08,52,5825.66
CAMP-0004,2026-01-18,Tablet,2564,180,155.21,21,3173.78
CAMP-0005,2026-01-18,Desktop,24657,1010,666.90,27,4183.00
CAMP-0005,2026-01-18,Mobile,13974,695,433.63,0,0.00
CAMP-0005,2026-01-18,Tablet,13818,936,844.83,4,196.01
CAMP-0011,2026-01-18,Desktop,18145,263,397.92,20,2804.74
CAMP-0011,2026-01-18,Mobile,16148,833,389.10,47,3399.49
CAMP-0011,2026-01-18,Tablet,23469,747,203.41,78,8161.39
CAMP-0014,2026-01-19,Desktop,2705,107,582.02,4,247.94
CAMP-0014,2026-01-19,Mobile,1281,77,698.14,1,81.30
CAMP-0014,2026-01-19,Tablet,18637,244,563.01,25,1801.87
CAMP-0006,2026-01-19,Desktop,20235,1373,237.93,35,2613.11
CAMP-0006,2026-01-19,Mobile,9782,66,862.73,4,323.44
CAMP-0006,2026-01-19,Tablet,11711,219,410.32,17,1161.67
CAMP-0013,2026-01-19,Desktop,24662,645,763.89,46,3567.30
CAMP-0013,2026-01-19,Mobile,14871,478,366.30,57,8569.38
CAMP-0013,2026-01-19,Tablet,1554,35,279.66,1,41.39
CAMP-0005,2026-01-19,Desktop,16125,1227,287.66,106,10082.37
CAMP-0005,2026-01-19,Mobile,23448,563,840.72,57,7529.83
CAMP-0005,2026-01-19,Tablet,10621,739,27.23,24,2592.22
CAMP-0009,2026-01-20,Desktop,11393,318,222.56,0,0.00
CAMP-0009,2026-01-20,Mobile,21031,746,135.90,29,3499.17
CAMP-0009,2026-01-20,Tablet,14080,372,279.26,29,3914.26
CAMP-0001,2026-01-20,Desktop,2799,153,397.89,13,1429.76
CAMP-0001,2026-01-20,Mobile,5140,320,619.83,31,1277.90
CAMP-0001,2026-01-20,Tablet,24791,654,585.86,39,2034.08
CAMP-0005,2026-01-20,Desktop,21313,1065,548.64,126,6879.63
CAMP-0005,2026-01-20,Mobile,13371,538,335.26,38,5929.23
CAMP-0005,2026-01-20,Tablet,19772,1051,767.01,62,4649.58
CAMP-0010,2026-01-20,Desktop,22937,1332,820.65,1,41.54
CAMP-0010,2026-01-20,Mobile,8885,125,502.47,13,473.39
CAMP-0010,2026-01-20,Tablet,6894,176,886.00,4,184.56
CAMP-0016,2026-01-20,Desktop,4193,37,281.57,1,89.58
CAMP-0016,2026-01-20,Mobile,24860,420,601.13,2,251.30
CAMP-0016,2026-01-20,Tablet,4147,98,459.43,6,736.59
CAMP-0018,2026-01-20,Desktop,1946,146,614.69,14,1138.39
CAMP-0018,2026-01-20,Mobile,20398,1123,283.86,112,17767.08
CAMP-0018,2026-01-20,Tablet,19017,250,144.86,2,74.58
CAMP-0019,2026-01-21,Desktop,7477,65,172.03,5,488.07
CAMP-0019,2026-01-21,Mobile,22601,1147,714.27,60,5696.77
CAMP-0019,2026-01-21,Tablet,8331,63,362.89,5,321.90
CAMP-0007,2026-01-21,Desktop,22961,1041,414.17,60,7571.69
CAMP-0007,2026-01-21,Mobile,6949,306,141.68,8,1177.44
CAMP-0007,2026-01-21,Tablet,11422,459,391.78,19,1602.95
CAMP-0001,2026-01-21,Desktop,23548,1682,542.63,67,2495.56
CAMP-0001,2026-01-21,Mobile,19517,264,55.15,21,3329.15
CAMP-0001,2026-01-21,Tablet,6270,354,192.78,32,2029.04
CAMP-0015,2026-01-21,Desktop,23140,1549,830.09,75,10442.72
CAMP-0015,2026-01-21,Mobile,21720,206,508.75,5,606.83
CAMP-0015,2026-01-21,Tablet,8408,608,124.82,61,5725.58
CAMP-0002,2026-01-21,Desktop,19313,432,41.32,50,6887.82
CAMP-0002,2026-01-21,Mobile,11343,344,152.16,10,1500.22
CAMP-0002,2026-01-21,Tablet,13096,625,455.95,27,1489.02
CAMP-0016,2026-01-21,Desktop,7628,608,292.33,34,1474.33
CAMP-0016,2026-01-21,Mobile,2917,220,402.38,22,1204.44
CAMP-0016,2026-01-21,Tablet,7547,535,565.97,17,1656.35
CAMP-0014,2026-01-21,Desktop,4892,217,843.29,26,970.15
CAMP-0014,2026-01-21,Mobile,10545,310,599.51,21,2829.48
CAMP-0014,2026-01-21,Tablet,15489,575,276.91,17,2671.18
CAMP-0013,2026-01-21,Desktop,14479,902,762.22,29,3409.54
CAMP-0013,2026-01-21,Mobile,15453,1208,264.13,125,19434.75
CAMP-0013,2026-01-21,Tablet,20471,1035,403.33,21,1990.24
CAMP-0006,2026-01-21,Desktop,20685,1558,651.79,82,4753.29
CAMP-0006,2026-01-21,Mobile,20542,759,39.18,63,7594.09
CAMP-0006,2026-01-21,Tablet,15057,316,343.87,4,234.51
CAMP-0020,2026-01-22,Desktop,3270,17,281.27,1,145.22
CAMP-0020,2026-01-22,Mobile,6723,363,459.76,25,1924.66
CAMP-0020,2026-01-22,Tablet,12174,534,568.38,2,167.29
CAMP-0017,2026-01-22,Desktop,6082,411,699.40,5,607.97
CAMP-0017,2026-01-22,Mobile,11156,625,261.44,3,155.20
CAMP-0017,2026-01-22,Tablet,23983,598,407.77,30,3606.96
CAMP-0004,2026-01-22,Desktop,13096,823,504.48,21,2121.22
CAMP-0004,2026-01-22,Mobile,15941,263,786.25,28,2971.33
CAMP-0004,2026-01-22,Tablet,15466,766,173.53,67,6348.77
CAMP-0014,2026-01-22,Desktop,8703,377,735.42,33,4617.34
CAMP-0014,2026-01-22,Mobile,1336,98,61.43,1,37.52
CAMP-0014,2026-01-22,Tablet,17829,386,262.94,12,1706.26
CAMP-0016,2026-01-22,Desktop,9775,181,38.55,18,951.94
CAMP-0016,2026-01-22,Mobile,22794,244,604.99,23,3006.54
CAMP-0016,2026-01-22,Tablet,15393,1143,531.64,118,10960.81
CAMP-0015,2026-01-22,Desktop,10258,558,63.62,19,2924.31
CAMP-0015,2026-01-22,Mobile,13833,214,666.54,8,330.59
CAMP-0015,2026-01-22,Tablet,6012,407,857.89,18,2419.31
CAMP-0010,2026-01-23,Desktop,16716,1092,129.52,48,3804.06
CAMP-0010,2026-01-23,Mobile,12184,167,495.72,7,980.34
CAMP-0010,2026-01-23,Tablet,10359,215,230.55,20,1348.43
CAMP-0006,2026-01-23,Desktop,6838,136,705.25,6,741.21
CAMP-0006,2026-01-23,Mobile,5944,332,862.64,27,1338.14
CAMP-0006,2026-01-23,Tablet,11306,379,55.82,15,795.97
CAMP-0013,2026-01-23,Desktop,12833,829,65.85,77,3039.57
CAMP-0013,2026-01-23,Mobile,19860,585,364.14,61,7873.88
CAMP-0013,2026-01-23,Tablet,3556,105,772.75,3,228.20
CAMP-0015,2026-01-23,Desktop,3288,234,470.85,17,727.30
CAMP-0015,2026-01-23,Mobile,11166,530,511.90,1,124.49
CAMP-0015,2026-01-23,Tablet,8089,512,844.64,55,4547.23
CAMP-0016,2026-01-23,Desktop,24643,498,642.89,5,484.06
CAMP-0016,2026-01-23,Mobile,10490,331,91.09,10,808.59
CAMP-0016,2026-01-23,Tablet,21042,1234,68.18,74,11205.47
CAMP-0003,2026-01-23,Desktop,22062,1383,99.78,14,963.84
CAMP-0003,2026-01-23,Mobile,3871,22,34.72,2,140.76
CAMP-0003,2026-01-23,Tablet,20832,530,567.06,43,3389.41
CAMP-0001,2026-01-24,Desktop,21312,257,787.53,6,890.13
CAMP-0001,2026-01-24,Mobile,18200,1268,269.42,82,12048.19
CAMP-0001,2026-01-24,Tablet,24190,1153,87.75,46,2675.34
CAMP-0008,2026-01-24,Desktop,16684,181,401.27,12,1226.23
CAMP-0008,2026-01-24,Mobile,1039,66,361.68,0,0.00
CAMP-0008,2026-01-24,Tablet,8910,517,862.04,35,2596.88
CAMP-0014,2026-01-24,Desktop,2955,236,485.61,28,2028.96
CAMP-0014,2026-01-24,Mobile,4309,153,457.40,4,352.34
CAMP-0014,2026-01-24,Tablet,24926,378,392.99,8,666.35
CAMP-0013,2026-01-24,Desktop,17921,237,20.50,13,652.18
CAMP-0013,2026-01-24,Mobile,24741,775,572.94,56,5818.55
CAMP-0013,2026-01-24,Tablet,9697,535,587.22,16,651.11
CAMP-0017,2026-01-24,Desktop,3439,29,324.50,2,140.98
CAMP-0017,2026-01-24,Mobile,18509,686,653.37,68,4725.38
CAMP-0017,2026-01-24,Tablet,13605,514,49.69,44,3411.24
CAMP-0011,2026-01-24,Desktop,22346,1150,173.01,62,5196.28
CAMP-0011,2026-01-24,Mobile,21304,1253,371.40,90,8693.86
CAMP-0011,2026-01-24,Tablet,7747,117,227.85,11,1010.98
CAMP-0002,2026-01-24,Desktop,13827,455,44.91,15,1771.99
CAMP-0002,2026-01-24,Mobile,3150,36,236.46,4,329.78
CAMP-0002,2026-01-24,Tablet,14587,399,603.65,0,0.00
CAMP-0017,2026-01-25,Desktop,23051,839,152.46,83,11134.98
CAMP-0017,2026-01-25,Mobile,24364,131,149.78,14,949.42
CAMP-0017,2026-01-25,Tablet,20691,1339,683.06,62,3234.87
CAMP-0016,2026-01-25,Desktop,12402,226,311.24,1,149.82
CAMP-0016,2026-01-25,Mobile,2238,42,420.93,3,291.96
CAMP-0016,2026-01-25,Tablet,9581,206,247.47,6,575.51
CAMP-0015,2026-01-25,Desktop,19935,1470,767.58,9,941.90
CAMP-0015,2026-01-25,Mobile,13677,521,388.93,23,2431.73
CAMP-0015,2026-01-25,Tablet,5963,120,803.43,3,372.81
CAMP-0013,2026-01-25,Desktop,16400,1147,247.66,11,912.73
CAMP-0013,2026-01-25,Mobile,18035,143,297.38,3,199.79
CAMP-0013,2026-01-25,Tablet,15038,952,699.31,83,9762.05
CAMP-0011,2026-01-25,Desktop,1453,71,765.08,6,328.31
CAMP-0011,2026-01-25,Mobile,14991,651,227.42,5,673.07
CAMP-0011,2026-01-25,Tablet,20912,649,251.28,35,3693.59
CAMP-0009,2026-01-25,Desktop,17586,1320,544.99,122,17697.51
CAMP-0009,2026-01-25,Mobile,4415,48,675.44,5,555.34
CAMP-0009,2026-01-25,Tablet,19435,152,204.39,3,349.30
CAMP-0020,2026-01-25,Desktop,21896,373,351.89,5,708.81
CAMP-0020,2026-01-25,Mobile,24759,322,110.79,7,501.23
CAMP-0020,2026-01-25,Tablet,5565,223,863.66,9,433.78
CAMP-0011,2026-01-26,Desktop,19362,655,700.37,19,2517.76
CAMP-0011,2026-01-26,Mobile,12456,397,92.94,19,2326.83
CAMP-0011,2026-01-26,Tablet,19403,865,878.83,15,1393.47
CAMP-0004,2026-01-26,Desktop,24677,1923,310.76,174,14180.29
CAMP-0004,2026-01-26,Mobile,20461,1537,403.78,34,5364.82
CAMP-0004,2026-01-26,Tablet,9258,129,67.84,1,47.68
CAMP-0019,2026-01-26,Desktop,19334,179,515.26,15,1571.35
CAMP-0019,2026-01-26,Mobile,3268,167,625.14,11,772.84
CAMP-0019,2026-01-26,Tablet,642,47,596.85,1,89.27
CAMP-0017,2026-01-26,Desktop,19041,988,883.65,46,6867.51
CAMP-0017,2026-01-26,Mobile,19075,1491,381.71,162,6523.04
CAMP-0017,2026-01-26,Tablet,14941,511,681.42,27,3896.55
CAMP-0007,2026-01-26,Desktop,8216,316,316.08,9,1358.88
CAMP-0007,2026-01-26,Mobile,4539,320,293.53,21,1770.94
CAMP-0007,2026-01-26,Tablet,14960,840,475.77,67,8036.32
CAMP-0018,2026-01-26,Desktop,624,19,314.20,1,97.05
CAMP-0018,2026-01-26,Mobile,3416,72,366.80,6,450.22
CAMP-0018,2026-01-26,Tablet,4468,178,700.76,4,246.56
CAMP-0004,2026-01-27,Desktop,4450,62,164.94,6,664.34
CAMP-0004,2026-01-27,Mobile,5275,288,746.55,9,1373.91
CAMP-0004,2026-01-27,Tablet,10546,324,552.43,20,2699.39
CAMP-0016,2026-01-27,Desktop,18129,1191,693.91,75,8368.37
CAMP-0016,2026-01-27,Mobile,21651,881,334.61,62,3729.46
CAMP-0016,2026-01-27,Tablet,19115,443,601.45,6,792.21
CAMP-0005,2026-01-27,Desktop,3173,189,532.59,3,248.71
CAMP-0005,2026-01-27,Mobile,9198,483,704.83,56,8423.48
CAMP-0005,2026-01-27,Tablet,12528,509,520.62,4,195.82
CAMP-0014,2026-01-27,Desktop,3901,193,640.59,13,1819.03
CAMP-0014,2026-01-27,Mobile,5582,189,386.60,8,584.00
CAMP-0014,2026-01-27,Tablet,17095,455,420.76,32,1513.64
CAMP-0009,2026-01-28,Desktop,2514,93,574.99,9,493.16
CAMP-0009,2026-01-28,Mobile,17535,1396,147.36,100,10710.82
CAMP-0009,2026-01-28,Tablet,9015,264,730.44,4,156.10
CAMP-0016,2026-01-28,Desktop,10739,709,40.34,17,2543.42
CAMP-0016,2026-01-28,Mobile,17892,1371,896.37,63,6694.70
CAMP-0016,2026-01-28,Tablet,20529,1439,534.27,115,14486.88
CAMP-0001,2026-01-28,Desktop,6756,439,457.29,0,0.00
CAMP-0001,2026-01-28,Mobile,4028,298,435.59,13,2034.73
CAMP-0001,2026-01-28,Tablet,19593,701,24.53,19,2413.14
CAMP-0007,2026-01-28,Desktop,2294,80,873.60,3,196.54
CAMP-0007,2026-01-28,Mobile,14279,343,90.81,15,803.16
CAMP-0007,2026-01-28,Tablet,18339,1362,755.50,93,3632.62
CAMP-0004,2026-01-28,Desktop,7358,145,857.37,15,2320.56
CAMP-0004,2026-01-28,Mobile,21819,154,151.68,16,1253.66
CAMP-0004,2026-01-28,Tablet,8593,126,862.98,10,877.94
CAMP-0019,2026-01-28,Desktop,7820,444,20.03,13,1832.39
CAMP-0019,2026-01-28,Mobile,23574,1439,401.33,128,15096.83
CAMP-0019,2026-01-28,Tablet,11504,367,629.59,4,504.57
CAMP-0005,2026-01-29,Desktop,24868,1530,644.14,22,1047.88
CAMP-0005,2026-01-29,Mobile,14594,1071,270.48,33,2704.61
CAMP-0005,2026-01-29,Tablet,11156,500,810.22,31,1884.05
CAMP-0016,2026-01-29,Desktop,23519,1593,407.17,169,26590.78
CAMP-0016,2026-01-29,Mobile,23736,1590,351.99,98,9917.24
CAMP-0016,2026-01-29,Tablet,21282,185,527.47,4,241.82
CAMP-0007,2026-01-29,Desktop,16711,989,30.92,3,401.38
CAMP-0007,2026-01-29,Mobile,13772,397,842.81,3,255.99
CAMP-0007,2026-01-29,Tablet,2991,127,132.26,1,114.98
CAMP-0015,2026-01-29,Desktop,15744,772,232.46,28,3674.26
CAMP-0015,2026-01-29,Mobile,3657,208,137.36,6,352.92
CAMP-0015,2026-01-29,Tablet,8142,331,174.76,38,4252.81
CAMP-0010,2026-01-29,Desktop,12892,846,250.28,44,3171.90
CAMP-0010,2026-01-29,Mobile,22343,1715,755.16,50,2436.33
CAMP-0010,2026-01-29,Tablet,4158,70,151.74,0,0.00
CAMP-0006,2026-01-29,Desktop,22164,1356,602.80,116,15810.08
CAMP-0006,2026-01-29,Mobile,10138,598,846.73,23,869.79
CAMP-0006,2026-01-29,Tablet,24141,1612,330.75,124,10766.71
CAMP-0018,2026-01-29,Desktop,3982,167,578.31,0,0.00
CAMP-0018,2026-01-29,Mobile,13808,196,68.69,18,1039.23
CAMP-0018,2026-01-29,Tablet,833,39,584.38,0,0.00
CAMP-0015,2026-01-30,Desktop,12100,230,495.48,19,2863.08
CAMP-0015,2026-01-30,Mobile,12790,670,799.33,73,5857.78
CAMP-0015,2026-01-30,Tablet,23973,881,448.92,33,2642.54
CAMP-0016,2026-01-30,Desktop,7848,542,102.39,40,4429.71
CAMP-0016,2026-01-30,Mobile,8020,248,811.06,10,1045.42
CAMP-0016,2026-01-30,Tablet,756,38,508.42,3,228.39
CAMP-0011,2026-01-30,Desktop,10140,503,797.47,36,1965.14
CAMP-0011,2026-01-30,Mobile,7055,103,410.99,3,294.53
CAMP-0011,2026-01-30,Tablet,21092,302,640.61,16,2150.86
CAMP-0006,2026-01-30,Desktop,13741,468,211.88,52,6486.65
CAMP-0006,2026-01-30,Mobile,5468,331,586.66,37,4780.91
CAMP-0006,2026-01-30,Tablet,6699,534,880.47,22,1976.41
CAMP-0020,2026-01-30,Desktop,8917,378,287.81,34,4642.32
CAMP-0020,2026-01-30,Mobile,2812,23,273.11,2,76.27
CAMP-0020,2026-01-30,Tablet,15839,361,786.50,27,3225.33
CAMP-0020,2026-01-31,Desktop,10667,637,469.41,71,4006.22
CAMP-0020,2026-01-31,Mobile,10066,659,862.98,7,1080.32
CAMP-0020,2026-01-31,Tablet,4947,220,121.55,11,520.50
CAMP-0014,2026-01-31,Desktop,13589,774,246.95,65,7377.83
CAMP-0014,2026-01-31,Mobile,14167,914,886.05,69,6643.57
CAMP-0014,2026-01-31,Tablet,21696,712,482.60,28,2200.10
CAMP-0019,2026-01-31,Desktop,1445,110,159.92,2,182.21
CAMP-0019,2026-01-31,Mobile,20422,1244,280.05,91,9407.90
CAMP-0019,2026-01-31,Tablet,20323,720,759.09,30,1869.44
CAMP-0004,2026-01-31,Desktop,4747,187,722.82,20,2023.83
CAMP-0004,2026-01-31,Mobile,2170,161,316.20,7,1064.73
CAMP-0004,2026-01-31,Tablet,8850,320,136.04,33,1460.77
CAMP-0001,2026-01-31,Desktop,23614,841,423.88,69,6412.73
CAMP-0001,2026-01-31,Mobile,10679,218,662.46,12,1211.41
CAMP-0001,2026-01-31,Tablet,12439,168,37.48,20,2691.28
CAMP-0015,2026-01-31,Desktop,4392,155,772.60,4,243.91
CAMP-0015,2026-01-31,Mobile,23357,1666,899.11,126,14638.53
CAMP-0015,2026-01-31,Tablet,17155,399,212.34,0,0.00
CAMP-0011,2026-01-31,Desktop,601,30,723.98,3,158.98
CAMP-0011,2026-01-31,Mobile,13616,801,858.11,45,4129.05
CAMP-0011,2026-01-31,Tablet,17860,799,128.13,36,4629.64
CAMP-0013,2026-01-31,Desktop,19780,852,727.01,95,7545.80
CAMP-0013,2026-01-31,Mobile,5278,182,669.02,17,953.44
CAMP-0013,2026-01-31,Tablet,19043,111,427.24,9,323.11
CAMP-0005,2026-02-01,Desktop,22789,1730,269.10,108,9170.35
CAMP-0005,2026-02-01,Mobile,16998,206,53.04,11,832.86
CAMP-0005,2026-02-01,Tablet,6306,492,175.51,7,897.55
CAMP-0016,2026-02-01,Desktop,2340,21,287.01,1,90.40
CAMP-0016,2026-02-01,Mobile,10576,199,422.30,11,758.60
CAMP-0016,2026-02-01,Tablet,4311,41,710.31,1,82.96
CAMP-0006,2026-02-01,Desktop,8917,695,778.62,14,954.61
CAMP-0006,2026-02-01,Mobile,4519,132,530.62,3,365.21
CAMP-0006,2026-02-01,Tablet,2037,151,603.53,17,2059.63
CAMP-0004,2026-02-01,Desktop,16573,910,850.14,60,3706.63
CAMP-0004,2026-02-01,Mobile,20418,303,494.39,15,1278.98
CAMP-0004,2026-02-01,Tablet,6869,423,672.49,43,3902.26
CAMP-0008,2026-02-01,Desktop,4337,159,70.13,4,225.64
CAMP-0008,2026-02-01,Mobile,1811,20,671.56,0,0.00
CAMP-0008,2026-02-01,Tablet,18703,1423,90.31,11,462.75
CAMP-0019,2026-02-01,Desktop,14797,645,801.13,76,9891.95
CAMP-0019,2026-02-01,Mobile,10255,89,44.59,7,580.92
CAMP-0019,2026-02-01,Tablet,14981,973,507.10,57,5815.85
CAMP-0014,2026-02-01,Desktop,4427,246,28.78,8,861.64
CAMP-0014,2026-02-01,Mobile,4724,169,707.83,13,695.97
CAMP-0014,2026-02-01,Tablet,14215,407,279.42,8,1260.60
CAMP-0018,2026-02-02,Desktop,17830,1227,669.44,30,4078.14
CAMP-0018,2026-02-02,Mobile,10787,202,802.58,9,855.75
CAMP-0018,2026-02-02,Tablet,3581,252,306.25,17,1305.68
CAMP-0007,2026-02-02,Desktop,24759,1734,662.89,204,17398.41
CAMP-0007,2026-02-02,Mobile,2913,113,184.29,1,78.07
CAMP-0007,2026-02-02,Tablet,11044,693,690.06,20,1736.24
CAMP-0001,2026-02-02,Desktop,15572,1191,206.98,136,14164.90
CAMP-0001,2026-02-02,Mobile,22746,904,368.56,49,3431.67
CAMP-0001,2026-02-02,Tablet,16061,844,683.30,54,7129.27
CAMP-0004,2026-02-02,Desktop,5233,208,474.98,17,2343.68
CAMP-0004,2026-02-02,Mobile,18780,107,165.18,7,320.65
CAMP-0004,2026-02-02,Tablet,6615,196,281.66,8,949.96
CAMP-0019,2026-02-03,Desktop,24872,1636,110.92,178,11662.52
CAMP-0019,2026-02-03,Mobile,2917,54,381.48,6,513.00
CAMP-0019,2026-02-03,Tablet,4898,218,674.23,3,205.60
CAMP-0016,2026-02-03,Desktop,8351,195,563.83,1,112.59
CAMP-0016,2026-02-03,Mobile,17981,1126,740.95,88,13804.39
CAMP-0016,2026-02-03,Tablet,13183,739,374.22,43,2670.97
CAMP-0006,2026-02-03,Desktop,7352,65,809.40,6,471.41
CAMP-0006,2026-02-03,Mobile,4470,46,208.11,2,305.84
CAMP-0006,2026-02-03,Tablet,10172,699,717.23,36,4400.98
CAMP-0015,2026-02-03,Desktop,8494,510,41.14,43,2526.37
CAMP-0015,2026-02-03,Mobile,2422,155,547.52,8,1219.34
CAMP-0015,2026-02-03,Tablet,21445,275,157.90,17,2089.39
CAMP-0002,2026-02-04,Desktop,5128,377,658.15,33,3717.84
CAMP-0002,2026-02-04,Mobile,5379,352,395.21,23,3087.35
CAMP-0002,2026-02-04,Tablet,22623,355,571.73,34,2521.86
CAMP-0014,2026-02-04,Desktop,12377,966,503.85,11,1138.13
CAMP-0014,2026-02-04,Mobile,17451,337,222.65,17,1507.10
CAMP-0014,2026-02-04,Tablet,5300,400,885.93,3,258.51
CAMP-0012,2026-02-04,Desktop,12485,262,850.20,11,1247.31
CAMP-0012,2026-02-04,Mobile,13107,301,806.95,27,3795.09
CAMP-0012,2026-02-04,Tablet,12482,570,38.13,56,5414.23
CAMP-0020,2026-02-04,Desktop,20016,599,50.41,1,101.83
CAMP-0020,2026-02-04,Mobile,3943,116,731.80,12,787.39
CAMP-0020,2026-02-04,Tablet,24913,1151,848.62,114,12988.71
CAMP-0007,2026-02-04,Desktop,24981,1548,597.47,86,3563.05
CAMP-0007,2026-02-04,Mobile,14053,689,245.23,15,2244.68
CAMP-0007,2026-02-04,Tablet,1027,54,721.39,1,96.50
CAMP-0016,2026-02-04,Desktop,8066,125,480.66,13,1965.06
CAMP-0016,2026-02-04,Mobile,18712,918,681.55,61,5563.18
CAMP-0016,2026-02-04,Tablet,1047,51,639.92,4,381.52
CAMP-0005,2026-02-05,Desktop,2323,21,397.02,0,0.00
CAMP-0005,2026-02-05,Mobile,20825,658,670.74,71,3619.29
CAMP-0005,2026-02-05,Tablet,17056,1184,690.35,72,10880.43
CAMP-0019,2026-02-05,Desktop,4201,110,561.87,4,179.87
CAMP-0019,2026-02-05,Mobile,4343,24,722.07,2,250.54
CAMP-0019,2026-02-05,Tablet,23908,1392,252.36,95,12842.62
CAMP-0001,2026-02-05,Desktop,2110,149,726.25,8,610.77
CAMP-0001,2026-02-05,Mobile,8016,482,265.12,30,4302.91
CAMP-0001,2026-02-05,Tablet,14456,607,626.64,20,1138.75
CAMP-0015,2026-02-05,Desktop,8711,589,292.66,33,1665.97
CAMP-0015,2026-02-05,Mobile,22166,1225,195.54,105,10345.26
CAMP-0015,2026-02-05,Tablet,8988,331,295.99,16,2428.22
CAMP-0014,2026-02-05,Desktop,948,65,88.28,2,206.26
CAMP-0014,2026-02-05,Mobile,16659,249,358.67,24,1799.89
CAMP-0014,2026-02-05,Tablet,21281,1253,160.08,86,7984.81
CAMP-0004,2026-02-05,Desktop,5227,261,829.95,8,814.05
CAMP-0004,2026-02-05,Mobile,9491,191,822.85,11,1408.52
CAMP-0004,2026-02-05,Tablet,24728,469,355.55,0,0.00
CAMP-0010,2026-02-06,Desktop,11695,770,303.05,32,3972.18
CAMP-0010,2026-02-06,Mobile,23241,1246,332.04,145,14161.17
CAMP-0010,2026-02-06,Tablet,9093,290,511.00,1,68.12
CAMP-0006,2026-02-06,Desktop,23150,196,323.60,2,82.90
CAMP-0006,2026-02-06,Mobile,10389,141,480.50,0,0.00
CAMP-0006,2026-02-06,Tablet,21790,1451,630.57,139,7210.26
CAMP-0016,2026-02-06,Desktop,21013,244,173.32,2,124.70
CAMP-0016,2026-02-06,Mobile,19844,690,834.32,76,7126.51
CAMP-0016,2026-02-06,Tablet,9811,215,539.94,24,2921.70
CAMP-0003,2026-02-06,Desktop,2945,115,898.13,11,1133.43
CAMP-0003,2026-02-06,Mobile,23152,490,594.21,15,1409.36
CAMP-0003,2026-02-06,Tablet,13308,793,570.20,67,6331.89
CAMP-0005,2026-02-06,Desktop,15281,223,134.82,3,307.33
CAMP-0005,2026-02-06,Mobile,18939,417,424.47,10,849.09
CAMP-0005,2026-02-06,Tablet,6090,223,570.70,22,1981.04
CAMP-0020,2026-02-06,Desktop,2618,99,157.90,5,789.04
CAMP-0020,2026-02-06,Mobile,10482,602,148.30,54,5566.70
CAMP-0020,2026-02-06,Tablet,5619,443,864.68,51,6162.79
CAMP-0019,2026-02-06,Desktop,3409,17,595.74,1,129.97
CAMP-0019,2026-02-06,Mobile,6707,310,437.18,10,990.29
CAMP-0019,2026-02-06,Tablet,8128,85,387.18,1,92.05
CAMP-0015,2026-02-06,Desktop,12930,1018,702.55,63,8255.99
CAMP-0015,2026-02-06,Mobile,23291,693,365.17,37,5221.28
CAMP-0015,2026-02-06,Tablet,4233,191,148.10,14,935.35
CAMP-0002,2026-02-06,Desktop,6954,333,461.71,15,1530.64
CAMP-0002,2026-02-06,Mobile,11641,609,650.65,48,6545.81
CAMP-0002,2026-02-06,Tablet,11908,848,775.68,72,9465.13
CAMP-0013,2026-02-06,Desktop,16653,694,439.41,83,10646.10
CAMP-0013,2026-02-06,Mobile,20165,165,809.67,10,1317.24
CAMP-0013,2026-02-06,Tablet,12394,605,438.32,39,2832.30
CAMP-0004,2026-02-07,Desktop,1039,49,420.77,0,0.00
CAMP-0004,2026-02-07,Mobile,23513,253,874.00,28,1251.73
CAMP-0004,2026-02-07,Tablet,19145,1436,130.28,38,3828.80
CAMP-0016,2026-02-07,Desktop,15751,118,748.52,10,854.98
CAMP-0016,2026-02-07,Mobile,15352,373,76.88,44,6923.56
CAMP-0016,2026-02-07,Tablet,23512,1406,82.36,47,5352.50
CAMP-0010,2026-02-07,Desktop,23359,1510,319.97,43,1603.38
CAMP-0010,2026-02-07,Mobile,9279,634,165.09,25,3376.51
CAMP-0010,2026-02-07,Tablet,24250,1807,593.72,147,13770.13
CAMP-0019,2026-02-07,Desktop,16652,1223,266.81,59,3261.54
CAMP-0019,2026-02-07,Mobile,22596,281,735.54,15,835.08
CAMP-0019,2026-02-07,Tablet,20518,898,143.32,32,2746.39
CAMP-0015,2026-02-07,Desktop,6931,81,210.15,7,541.73
CAMP-0015,2026-02-07,Mobile,24152,790,359.73,50,6282.24
CAMP-0015,2026-02-07,Tablet,1531,98,534.79,2,84.32
CAMP-0006,2026-02-07,Desktop,11195,517,474.74,1,145.79
CAMP-0006,2026-02-07,Mobile,3276,206,72.06,12,1843.26
CAMP-0006,2026-02-07,Tablet,12162,298,488.67,24,1385.43
CAMP-0020,2026-02-08,Desktop,10795,728,796.53,58,8137.31
CAMP-0020,2026-02-08,Mobile,11551,239,333.56,27,4087.52
CAMP-0020,2026-02-08,Tablet,5669,149,506.42,10,1532.65
CAMP-0014,2026-02-08,Desktop,5589,429,591.12,21,2690.06
CAMP-0014,2026-02-08,Mobile,23856,692,153.65,72,9689.68
CAMP-0014,2026-02-08,Tablet,2551,90,466.15,0,0.00
CAMP-0004,2026-02-08,Desktop,10770,599,292.82,59,7938.41
CAMP-0004,2026-02-08,Mobile,23764,1203,271.79,44,1568.75
CAMP-0004,2026-02-08,Tablet,4484,332,187.56,1,115.14
CAMP-0008,2026-02-08,Desktop,2805,26,661.95,3,169.66
CAMP-0008,2026-02-08,Mobile,14746,678,251.08,40,4777.42
CAMP-0008,2026-02-08,Tablet,4406,289,413.42,15,641.70
CAMP-0017,2026-02-08,Desktop,18762,1383,366.13,65,9913.72
CAMP-0017,2026-02-08,Mobile,5191,247,617.91,0,0.00
CAMP-0017,2026-02-08,Tablet,1476,80,158.20,8,1134.79
CAMP-0012,2026-02-08,Desktop,15375,446,276.78,34,3332.84
CAMP-0012,2026-02-08,Mobile,7093,151,344.34,5,477.71
CAMP-0012,2026-02-08,Tablet,4997,42,177.59,3,352.86
CAMP-0016,2026-02-08,Desktop,22558,420,305.28,8,1186.35
CAMP-0016,2026-02-08,Mobile,14762,839,624.62,0,0.00
CAMP-0016,2026-02-08,Tablet,14284,840,852.40,70,4669.14
CAMP-0005,2026-02-08,Desktop,6322,487,192.06,47,4764.73
CAMP-0005,2026-02-08,Mobile,8758,397,811.56,17,1209.20
CAMP-0005,2026-02-08,Tablet,18939,1491,603.21,154,11184.72
CAMP-0010,2026-02-08,Desktop,13115,527,401.59,48,6954.51
CAMP-0010,2026-02-08,Mobile,12935,314,898.73,22,2120.11
CAMP-0010,2026-02-08,Tablet,4787,283,76.76,21,3074.11
CAMP-0013,2026-02-08,Desktop,17738,1253,138.13,37,4402.35
CAMP-0013,2026-02-08,Mobile,3255,192,731.16,5,359.42
CAMP-0013,2026-02-08,Tablet,15625,1122,583.98,83,8216.66
CAMP-0020,2026-02-09,Desktop,23031,1562,207.07,62,8599.41
CAMP-0020,2026-02-09,Mobile,19502,767,512.35,42,1931.85
CAMP-0020,2026-02-09,Tablet,3896,92,883.49,0,0.00
CAMP-0006,2026-02-09,Desktop,11985,756,693.97,78,4081.57
CAMP-0006,2026-02-09,Mobile,21835,933,449.04,88,13801.64
CAMP-0006,2026-02-09,Tablet,21222,1197,613.92,105,5586.81
CAMP-0010,2026-02-09,Desktop,546,39,458.64,3,303.87
CAMP-0010,2026-02-09,Mobile,23152,303,508.46,13,1230.30
CAMP-0010,2026-02-09,Tablet,3291,168,558.55,20,1994.86
CAMP-0008,2026-02-09,Desktop,984,50,857.56,6,407.09
CAMP-0008,2026-02-09,Mobile,5809,267,488.14,23,3565.03
CAMP-0008,2026-02-09,Tablet,10707,773,125.00,17,1027.56
CAMP-0017,2026-02-09,Desktop,16643,156,594.15,18,898.24
CAMP-0017,2026-02-09,Mobile,10735,332,722.36,33,1395.17
CAMP-0017,2026-02-09,Tablet,13868,860,93.06,44,2425.84
CAMP-0012,2026-02-09,Desktop,7353,370,353.94,33,1873.33
CAMP-0012,2026-02-09,Mobile,15604,414,680.91,15,866.82
CAMP-0012,2026-02-09,Tablet,24967,1929,489.92,88,7650.81
CAMP-0002,2026-02-09,Desktop,21259,1421,657.21,153,18295.36
CAMP-0002,2026-02-09,Mobile,10604,424,589.26,33,2865.62
CAMP-0002,2026-02-09,Tablet,21272,111,56.75,13,601.95
CAMP-0002,2026-02-10,Desktop,631,15,271.12,1,148.09
CAMP-0002,2026-02-10,Mobile,15998,312,672.66,37,2711.91
CAMP-0002,2026-02-10,Tablet,23603,973,439.40,47,7205.28
CAMP-0016,2026-02-10,Desktop,4746,161,503.13,17,2343.85
CAMP-0016,2026-02-10,Mobile,21594,731,390.98,48,2754.90
CAMP-0016,2026-02-10,Tablet,4302,166,424.62,4,506.37
CAMP-0018,2026-02-10,Desktop,11238,106,879.81,12,585.60
CAMP-0018,2026-02-10,Mobile,6259,456,870.72,26,1686.43
CAMP-0018,2026-02-10,Tablet,19467,207,543.28,23,1478.75
CAMP-0020,2026-02-10,Desktop,3213,102,183.25,12,1263.82
CAMP-0020,2026-02-10,Mobile,17351,283,277.48,13,1749.30
CAMP-0020,2026-02-10,Tablet,16705,301,804.75,11,791.00
CAMP-0011,2026-02-10,Desktop,20884,1263,93.20,48,5322.71
CAMP-0011,2026-02-10,Mobile,13817,320,721.76,1,155.09
CAMP-0011,2026-02-10,Tablet,6603,111,167.44,13,750.70
CAMP-0013,2026-02-10,Desktop,3071,109,570.28,5,327.82
CAMP-0013,2026-02-10,Mobile,1738,36,240.38,2,200.02
CAMP-0013,2026-02-10,Tablet,7269,157,554.28,6,684.28
CAMP-0006,2026-02-10,Desktop,20128,783,347.49,1,92.23
CAMP-0006,2026-02-10,Mobile,20170,584,796.49,64,9772.83
CAMP-0006,2026-02-10,Tablet,18778,321,262.49,6,905.50
CAMP-0010,2026-02-11,Desktop,14627,240,599.98,19,1269.77
CAMP-0010,2026-02-11,Mobile,16821,798,734.46,79,6031.05
CAMP-0010,2026-02-11,Tablet,5396,78,21.48,9,1418.74
CAMP-0005,2026-02-11,Desktop,19373,150,570.52,17,2462.96
CAMP-0005,2026-02-11,Mobile,2931,231,395.89,15,1029.87
CAMP-0005,2026-02-11,Tablet,14647,938,418.85,101,8738.79
CAMP-0007,2026-02-11,Desktop,9316,544,448.77,62,8776.14
CAMP-0007,2026-02-11,Mobile,5162,236,165.80,19,1474.90
CAMP-0007,2026-02-11,Tablet,20583,1291,359.18,102,15457.03
CAMP-0019,2026-02-11,Desktop,10477,642,294.65,62,2328.47
CAMP-0019,2026-02-11,Mobile,8825,227,200.38,0,0.00
CAMP-0019,2026-02-11,Tablet,7850,502,227.29,56,8866.27
CAMP-0006,2026-02-11,Desktop,19271,1280,669.89,103,7732.90
CAMP-0006,2026-02-11,Mobile,22160,356,114.06,31,4844.48
CAMP-0006,2026-02-11,Tablet,21843,1637,694.92,81,11345.94
CAMP-0002,2026-02-11,Desktop,11016,704,723.48,33,3776.20
CAMP-0002,2026-02-11,Mobile,6599,201,134.43,10,812.07
CAMP-0002,2026-02-11,Tablet,17191,301,44.57,23,1140.10
CAMP-0003,2026-02-11,Desktop,1435,109,725.90,10,937.85
CAMP-0003,2026-02-11,Mobile,10239,476,621.80,52,3679.33
CAMP-0003,2026-02-11,Tablet,12112,966,507.15,24,1893.20
CAMP-0009,2026-02-11,Desktop,3533,244,379.12,26,2608.53
CAMP-0009,2026-02-11,Mobile,11836,339,338.75,7,802.82
CAMP-0009,2026-02-11,Tablet,5794,200,721.61,24,2190.48
CAMP-0015,2026-02-12,Desktop,22768,1811,351.66,28,3489.72
CAMP-0015,2026-02-12,Mobile,965,51,96.16,0,0.00
CAMP-0015,2026-02-12,Tablet,19073,1039,302.67,98,13744.94
CAMP-0006,2026-02-12,Desktop,4942,220,378.07,11,1479.80
CAMP-0006,2026-02-12,Mobile,15189,447,548.40,13,865.66
CAMP-0006,2026-02-12,Tablet,9833,452,894.76,31,2097.03
CAMP-0001,2026-02-12,Desktop,19518,732,696.57,2,258.60
CAMP-0001,2026-02-12,Mobile,1396,8,689.52,1,157.54
CAMP-0001,2026-02-12,Tablet,6091,257,339.16,25,3561.91
CAMP-0003,2026-02-12,Desktop,20682,1480,288.05,12,746.26
CAMP-0003,2026-02-12,Mobile,21055,515,480.05,18,1611.48
CAMP-0003,2026-02-12,Tablet,20916,756,356.03,2,238.32
CAMP-0005,2026-02-12,Desktop,22817,1083,787.02,28,1663.31
CAMP-0005,2026-02-12,Mobile,4083,51,845.65,0,0.00
CAMP-0005,2026-02-12,Tablet,18787,336,493.89,28,3158.27
CAMP-0002,2026-02-12,Desktop,16035,984,28.40,0,0.00
CAMP-0002,2026-02-12,Mobile,23952,745,244.87,65,3849.62
CAMP-0002,2026-02-12,Tablet,10849,655,883.58,62,9361.24
CAMP-0010,2026-02-12,Desktop,8722,147,179.36,7,1115.77
CAMP-0010,2026-02-12,Mobile,24919,1971,601.23,124,9565.51
CAMP-0010,2026-02-12,Tablet,3804,223,157.58,0,0.00
CAMP-0014,2026-02-12,Desktop,20459,931,428.28,88,13467.56
CAMP-0014,2026-02-12,Mobile,21213,1511,128.73,109,7504.01
CAMP-0014,2026-02-12,Tablet,20158,808,275.93,51,4268.85
CAMP-0001,2026-02-13,Desktop,15494,99,718.32,7,694.64
CAMP-0001,2026-02-13,Mobile,17793,594,596.30,46,5733.15
CAMP-0001,2026-02-13,Tablet,13971,621,276.73,66,10374.18
CAMP-0013,2026-02-13,Desktop,5462,31,631.79,1,40.15
CAMP-0013,2026-02-13,Mobile,21717,534,415.48,45,4334.12
CAMP-0013,2026-02-13,Tablet,12609,206,627.82,9,765.63
CAMP-0019,2026-02-13,Desktop,17118,918,787.19,48,5772.78
CAMP-0019,2026-02-13,Mobile,8843,146,536.70,7,394.05
CAMP-0019,2026-02-13,Tablet,6714,64,326.77,5,406.08
CAMP-0011,2026-02-13,Desktop,21250,1207,807.55,27,4229.87
CAMP-0011,2026-02-13,Mobile,15069,843,795.54,1,75.90
CAMP-0011,2026-02-13,Tablet,20702,1240,617.05,101,8264.86
CAMP-0018,2026-02-13,Desktop,20245,1029,874.28,113,16293.53
CAMP-0018,2026-02-13,Mobile,7751,48,888.17,0,0.00
CAMP-0018,2026-02-13,Tablet,19988,1268,674.36,1,107.37
CAMP-0008,2026-02-13,Desktop,12108,104,90.49,4,506.74
CAMP-0008,2026-02-13,Mobile,8919,393,545.00,25,3555.43
CAMP-0008,2026-02-13,Tablet,17088,610,250.64,53,8247.36
CAMP-0010,2026-02-14,Desktop,20541,106,37.95,12,1917.36
CAMP-0010,2026-02-14,Mobile,6547,111,397.50,9,606.15
CAMP-0010,2026-02-14,Tablet,18392,1082,519.43,102,13545.18
CAMP-0019,2026-02-14,Desktop,14634,785,806.70,0,0.00
CAMP-0019,2026-02-14,Mobile,16699,448,881.93,51,7434.81
CAMP-0019,2026-02-14,Tablet,10785,420,265.15,36,2158.72
CAMP-0009,2026-02-14,Desktop,24791,1107,106.03,131,15365.74
CAMP-0009,2026-02-14,Mobile,18944,1364,835.87,84,9203.47
CAMP-0009,2026-02-14,Tablet,20603,1307,196.98,10,1381.61
CAMP-0011,2026-02-14,Desktop,15572,1071,74.73,128,19963.56
CAMP-0011,2026-02-14,Mobile,7540,86,624.81,5,688.65
CAMP-0011,2026-02-14,Tablet,14576,198,285.94,9,795.48
CAMP-0012,2026-02-14,Desktop,18824,373,686.33,24,2228.83
CAMP-0012,2026-02-14,Mobile,17681,374,376.61,35,1303.01
CAMP-0012,2026-02-14,Tablet,14863,639,689.00,58,4121.21
CAMP-0014,2026-02-14,Desktop,8589,589,83.26,26,1248.12
CAMP-0014,2026-02-14,Mobile,19010,1075,273.29,89,10753.43
CAMP-0014,2026-02-14,Tablet,14055,815,872.73,45,3081.96
CAMP-0006,2026-02-14,Desktop,17478,272,407.07,9,381.16
CAMP-0006,2026-02-14,Mobile,2174,138,35.90,2,279.33
CAMP-0006,2026-02-14,Tablet,13013,207,496.19,23,3601.72
CAMP-0008,2026-02-14,Desktop,4925,76,731.96,0,0.00
CAMP-0008,2026-02-14,Mobile,2454,66,581.22,2,239.97
CAMP-0008,2026-02-14,Tablet,11451,339,880.47,12,1228.78
CAMP-0005,2026-02-14,Desktop,5181,253,746.40,11,1421.68
CAMP-0005,2026-02-14,Mobile,13967,676,322.81,43,5060.29
CAMP-0005,2026-02-14,Tablet,12296,686,134.78,52,7303.52
CAMP-0002,2026-02-14,Desktop,14568,694,318.04,39,2341.69
CAMP-0002,2026-02-14,Mobile,3828,186,76.26,16,696.35
CAMP-0002,2026-02-14,Tablet,16772,908,679.42,8,442.18
CAMP-0013,2026-02-15,Desktop,23770,982,833.23,13,560.44
CAMP-0013,2026-02-15,Mobile,19065,481,863.02,24,1135.12
CAMP-0013,2026-02-15,Tablet,18279,921,395.10,66,4083.43
CAMP-0008,2026-02-15,Desktop,22257,1328,196.74,130,6316.34
CAMP-0008,2026-02-15,Mobile,11758,653,251.02,40,1774.26
CAMP-0008,2026-02-15,Tablet,11169,499,652.43,34,4665.51
CAMP-0006,2026-02-15,Desktop,3294,257,668.31,23,1461.54
CAMP-0006,2026-02-15,Mobile,8884,467,125.82,21,983.64
CAMP-0006,2026-02-15,Tablet,3839,130,565.17,0,0.00
CAMP-0017,2026-02-15,Desktop,7946,367,391.61,2,199.10
CAMP-0017,2026-02-15,Mobile,10545,453,543.32,51,7323.92
CAMP-0017,2026-02-15,Tablet,11711,611,425.50,26,3752.53
CAMP-0014,2026-02-16,Desktop,22307,1447,46.58,100,11135.83
CAMP-0014,2026-02-16,Mobile,1452,69,805.88,6,458.89
CAMP-0014,2026-02-16,Tablet,10423,548,204.41,55,5790.03
CAMP-0005,2026-02-16,Desktop,23681,509,521.97,39,3966.02
CAMP-0005,2026-02-16,Mobile,16447,462,250.31,51,7374.21
CAMP-0005,2026-02-16,Tablet,18518,1456,330.67,170,7012.54
CAMP-0002,2026-02-16,Desktop,21576,706,759.85,59,6452.54
CAMP-0002,2026-02-16,Mobile,8006,184,705.84,11,703.99
CAMP-0002,2026-02-16,Tablet,22177,114,151.25,8,1072.38
CAMP-0015,2026-02-16,Desktop,2695,182,183.35,16,2156.41
CAMP-0015,2026-02-16,Mobile,19111,1305,143.07,73,5222.58
CAMP-0015,2026-02-16,Tablet,16488,499,681.22,35,1767.83
CAMP-0009,2026-02-16,Desktop,12346,408,688.22,22,2567.80
CAMP-0009,2026-02-16,Mobile,16344,429,487.06,38,2054.70
CAMP-0009,2026-02-16,Tablet,24181,634,757.73,31,1573.93
CAMP-0008,2026-02-16,Desktop,13285,405,656.37,45,2760.00
CAMP-0008,2026-02-16,Mobile,11190,252,398.03,9,723.02
CAMP-0008,2026-02-16,Tablet,21055,863,161.51,55,4066.64
CAMP-0016,2026-02-16,Desktop,23086,1072,659.54,103,9965.44
CAMP-0016,2026-02-16,Mobile,7146,242,570.23,7,678.48
CAMP-0016,2026-02-16,Tablet,21660,231,622.88,16,2131.70
CAMP-0018,2026-02-17,Desktop,10626,364,322.57,30,4353.24
CAMP-0018,2026-02-17,Mobile,9506,462,658.38,42,2930.39
CAMP-0018,2026-02-17,Tablet,4546,74,94.34,7,508.10
CAMP-0019,2026-02-17,Desktop,9230,258,315.15,25,1558.10
CAMP-0019,2026-02-17,Mobile,11063,693,558.54,17,951.72
CAMP-0019,2026-02-17,Tablet,6370,344,171.66,39,2685.42
CAMP-0015,2026-02-17,Desktop,16072,454,235.33,46,2915.68
CAMP-0015,2026-02-17,Mobile,20033,1495,213.58,81,5248.81
CAMP-0015,2026-02-17,Tablet,10783,218,643.51,23,1972.47
CAMP-0001,2026-02-17,Desktop,12944,618,448.64,55,3519.87
CAMP-0001,2026-02-17,Mobile,8631,618,376.60,26,3235.02
CAMP-0001,2026-02-17,Tablet,9747,184,200.98,12,956.51
CAMP-0007,2026-02-17,Desktop,13610,101,638.24,11,612.29
CAMP-0007,2026-02-17,Mobile,23191,1363,134.95,114,8027.67
CAMP-0007,2026-02-17,Tablet,3113,214,493.94,25,1209.92
CAMP-0016,2026-02-17,Desktop,8942,638,810.95,42,6474.73
CAMP-0016,2026-02-17,Mobile,8961,594,149.38,61,5681.38
CAMP-0016,2026-02-17,Tablet,22301,1461,114.95,60,7654.35
CAMP-0004,2026-02-17,Desktop,17526,1077,114.27,89,4927.12
CAMP-0004,2026-02-17,Mobile,17922,943,307.92,2,314.79
CAMP-0004,2026-02-17,Tablet,1016,21,21.51,0,0.00
CAMP-0017,2026-02-17,Desktop,3398,256,130.25,21,2391.93
CAMP-0017,2026-02-17,Mobile,2124,59,450.44,0,0.00
CAMP-0017,2026-02-17,Tablet,20460,203,25.34,8,1125.09
CAMP-0003,2026-02-17,Desktop,17258,674,254.74,19,1238.57
CAMP-0003,2026-02-17,Mobile,8104,207,708.89,2,96.02
CAMP-0003,2026-02-17,Tablet,2547,82,542.91,6,545.83
CAMP-0020,2026-02-17,Desktop,24937,1444,303.94,88,3505.23
CAMP-0020,2026-02-17,Mobile,1852,48,636.47,4,176.99
CAMP-0020,2026-02-17,Tablet,19994,191,143.66,22,2677.28
CAMP-0008,2026-02-18,Desktop,13397,784,820.44,21,902.28
CAMP-0008,2026-02-18,Mobile,15161,679,871.62,3,156.45
CAMP-0008,2026-02-18,Tablet,18507,1133,876.91,33,1596.65
CAMP-0015,2026-02-18,Desktop,19926,793,219.60,5,404.77
CAMP-0015,2026-02-18,Mobile,14426,99,875.48,1,71.30
CAMP-0015,2026-02-18,Tablet,3026,112,892.46,2,266.62
CAMP-0012,2026-02-18,Desktop,13825,516,163.32,2,105.59
CAMP-0012,2026-02-18,Mobile,2903,31,583.88,3,132.56
CAMP-0012,2026-02-18,Tablet,4977,50,346.90,4,488.80
CAMP-0006,2026-02-18,Desktop,15948,424,180.08,28,1833.95
CAMP-0006,2026-02-18,Mobile,6936,357,26.35,28,3380.06
CAMP-0006,2026-02-18,Tablet,20213,887,93.96,15,2094.33
CAMP-0007,2026-02-18,Desktop,3308,231,356.94,19,1856.26
CAMP-0007,2026-02-18,Mobile,17730,1413,752.92,38,3008.47
CAMP-0007,2026-02-18,Tablet,4282,227,503.01,7,777.64
CAMP-0017,2026-02-19,Desktop,17255,1294,296.89,61,3761.35
CAMP-0017,2026-02-19,Mobile,11943,942,786.19,17,1039.21
CAMP-0017,2026-02-19,Tablet,13605,779,69.97,54,7731.51
CAMP-0015,2026-02-19,Desktop,10265,675,322.66,59,6335.82
CAMP-0015,2026-02-19,Mobile,24019,825,415.88,81,3273.46
CAMP-0015,2026-02-19,Tablet,21147,119,441.12,3,184.46
CAMP-0003,2026-02-19,Desktop,12688,205,671.73,11,690.77
CAMP-0003,2026-02-19,Mobile,10878,531,175.46,25,3876.67
CAMP-0003,2026-02-19,Tablet,1348,59,669.85,1,138.28
CAMP-0005,2026-02-19,Desktop,15428,1065,500.79,65,7309.11
CAMP-0005,2026-02-19,Mobile,3399,125,382.50,2,97.44
CAMP-0005,2026-02-19,Tablet,9100,589,96.45,6,246.91
CAMP-0011,2026-02-19,Desktop,14865,1022,494.59,91,7337.50
CAMP-0011,2026-02-19,Mobile,21420,1699,454.43,93,4220.09
CAMP-0011,2026-02-19,Tablet,12837,87,490.81,7,665.90
CAMP-0018,2026-02-19,Desktop,6290,434,320.51,34,5339.24
CAMP-0018,2026-02-19,Mobile,3963,208,116.08,10,1098.47
CAMP-0018,2026-02-19,Tablet,10805,572,26.34,56,4338.25
CAMP-0012,2026-02-19,Desktop,18753,939,894.36,5,469.11
CAMP-0012,2026-02-19,Mobile,22328,292,156.56,21,3005.59
CAMP-0012,2026-02-19,Tablet,11139,214,613.80,1,57.74
CAMP-0001,2026-02-19,Desktop,13735,821,750.26,65,6796.17
CAMP-0001,2026-02-19,Mobile,1718,56,203.66,0,0.00
CAMP-0001,2026-02-19,Tablet,17727,1353,235.35,69,3326.34
CAMP-0013,2026-02-19,Desktop,9074,425,275.40,27,2419.54
CAMP-0013,2026-02-19,Mobile,21408,1563,378.39,18,738.74
CAMP-0013,2026-02-19,Tablet,8608,326,690.11,16,1232.05
CAMP-0014,2026-02-20,Desktop,16395,1085,714.70,28,3546.64
CAMP-0014,2026-02-20,Mobile,14787,100,325.76,5,370.27
CAMP-0014,2026-02-20,Tablet,17474,172,194.66,9,1219.48
CAMP-0001,2026-02-20,Desktop,663,18,781.86,2,187.76
CAMP-0001,2026-02-20,Mobile,15281,1204,519.00,93,7486.35
CAMP-0001,2026-02-20,Tablet,7406,402,686.00,8,1067.49
CAMP-0010,2026-02-20,Desktop,1533,66,873.65,0,0.00
CAMP-0010,2026-02-20,Mobile,22374,769,695.32,66,9514.40
CAMP-0010,2026-02-20,Tablet,16132,93,66.79,3,390.14
CAMP-0004,2026-02-20,Desktop,2170,77,119.71,3,195.77
CAMP-0004,2026-02-20,Mobile,8392,585,579.94,32,3372.87
CAMP-0004,2026-02-20,Tablet,7882,134,817.48,4,242.76
CAMP-0003,2026-02-20,Desktop,15323,1155,307.88,18,1740.51
CAMP-0003,2026-02-20,Mobile,23141,1722,351.12,164,9619.64
CAMP-0003,2026-02-20,Tablet,23561,233,489.16,6,644.96
CAMP-0006,2026-02-20,Desktop,16243,82,384.13,3,131.19
CAMP-0006,2026-02-20,Mobile,24356,320,549.42,22,2977.01
CAMP-0006,2026-02-20,Tablet,6443,82,314.92,3,400.50
CAMP-0012,2026-02-20,Desktop,4413,251,354.58,14,912.94
CAMP-0012,2026-02-20,Mobile,1180,12,777.68,0,0.00
CAMP-0012,2026-02-20,Tablet,7165,521,598.53,56,5434.23
CAMP-0013,2026-02-20,Desktop,15698,564,588.54,25,2770.85
CAMP-0013,2026-02-20,Mobile,20790,1330,668.59,150,21826.34
CAMP-0013,2026-02-20,Tablet,4965,371,198.58,9,522.82
CAMP-0016,2026-02-21,Desktop,21471,952,496.24,32,1252.31
CAMP-0016,2026-02-21,Mobile,17433,549,237.01,38,1603.32
CAMP-0016,2026-02-21,Tablet,14140,834,303.83,42,4253.81
CAMP-0002,2026-02-21,Desktop,12545,504,368.83,3,239.81
CAMP-0002,2026-02-21,Mobile,7134,503,860.10,37,5465.32
CAMP-0002,2026-02-21,Tablet,18831,876,253.60,76,10521.83
CAMP-0011,2026-02-21,Desktop,8197,56,183.00,2,183.48
CAMP-0011,2026-02-21,Mobile,17990,1362,721.08,37,3503.54
CAMP-0011,2026-02-21,Tablet,9144,346,806.41,33,4343.51
CAMP-0005,2026-02-21,Desktop,21416,337,137.69,4,379.50
CAMP-0005,2026-02-21,Mobile,5243,31,565.92,1,66.17
CAMP-0005,2026-02-21,Tablet,7143,566,179.33,38,1487.84
CAMP-0014,2026-02-21,Desktop,1503,15,283.91,1,151.50
CAMP-0014,2026-02-21,Mobile,3904,135,639.76,12,1764.18
CAMP-0014,2026-02-21,Tablet,18602,368,102.88,10,444.67
CAMP-0013,2026-02-21,Desktop,14481,1085,388.14,32,2092.04
CAMP-0013,2026-02-21,Mobile,9205,63,538.49,1,77.40
CAMP-0013,2026-02-21,Tablet,12608,202,484.20,5,564.21
CAMP-0005,2026-02-22,Desktop,16622,567,319.12,21,1140.30
CAMP-0005,2026-02-22,Mobile,19643,806,249.43,36,4637.43
CAMP-0005,2026-02-22,Tablet,2064,129,502.94,2,306.16
CAMP-0013,2026-02-22,Desktop,19675,1464,712.99,119,18087.57
CAMP-0013,2026-02-22,Mobile,6638,249,230.27,4,606.80
CAMP-0013,2026-02-22,Tablet,9961,789,124.46,40,1753.17
CAMP-0011,2026-02-22,Desktop,2503,113,888.34,13,1716.48
CAMP-0011,2026-02-22,Mobile,10158,734,320.98,13,854.74
CAMP-0011,2026-02-22,Tablet,11535,761,720.29,33,2514.53
CAMP-0020,2026-02-22,Desktop,10094,597,386.30,40,2222.85
CAMP-0020,2026-02-22,Mobile,4450,270,562.26,11,1426.70
CAMP-0020,2026-02-22,Tablet,22236,1408,45.34,87,13752.63
CAMP-0003,2026-02-23,Desktop,1206,8,296.74,0,0.00
CAMP-0003,2026-02-23,Mobile,19633,579,889.77,16,2258.52
CAMP-0003,2026-02-23,Tablet,22403,1518,660.76,64,6165.82
CAMP-0004,2026-02-23,Desktop,5628,172,859.37,5,477.57
CAMP-0004,2026-02-23,Mobile,3773,208,341.89,3,231.79
CAMP-0004,2026-02-23,Tablet,21901,528,694.36,29,2943.43
CAMP-0011,2026-02-23,Desktop,21109,1345,329.15,8,999.49
CAMP-0011,2026-02-23,Mobile,20277,623,836.87,59,7061.26
CAMP-0011,2026-02-23,Tablet,15240,650,643.54,50,4827.27
CAMP-0009,2026-02-23,Desktop,12980,475,755.49,14,1962.91
CAMP-0009,2026-02-23,Mobile,12103,714,879.51,19,1147.23
CAMP-0009,2026-02-23,Tablet,9139,634,729.00,37,3248.03
CAMP-0014,2026-02-23,Desktop,9157,376,785.60,32,4719.75
CAMP-0014,2026-02-23,Mobile,3494,196,484.23,17,1433.14
CAMP-0014,2026-02-23,Tablet,7980,423,450.00,36,2629.69
CAMP-0007,2026-02-23,Desktop,676,13,636.04,0,0.00
CAMP-0007,2026-02-23,Mobile,4927,215,224.23,18,2507.97
CAMP-0007,2026-02-23,Tablet,23379,639,317.26,60,4860.50
CAMP-0016,2026-02-23,Desktop,11417,378,856.96,30,1646.60
CAMP-0016,2026-02-23,Mobile,18748,1350,290.66,91,4818.41
CAMP-0016,2026-02-23,Tablet,19462,874,427.91,48,5526.00
CAMP-0003,2026-02-24,Desktop,10694,835,320.38,85,12474.46
CAMP-0003,2026-02-24,Mobile,24712,573,88.07,66,8647.82
CAMP-0003,2026-02-24,Tablet,24784,274,798.78,32,3268.84
CAMP-0007,2026-02-24,Desktop,11695,907,72.88,20,3134.24
CAMP-0007,2026-02-24,Mobile,6527,394,140.83,34,5005.92
CAMP-0007,2026-02-24,Tablet,9741,255,380.82,21,3079.98
CAMP-0016,2026-02-24,Desktop,15594,801,728.03,27,1747.32
CAMP-0016,2026-02-24,Mobile,2227,173,570.65,9,1329.41
CAMP-0016,2026-02-24,Tablet,1793,11,134.34,1,36.24
CAMP-0001,2026-02-24,Desktop,2802,182,605.06,3,270.09
CAMP-0001,2026-02-24,Mobile,15588,1084,515.92,40,4084.00
CAMP-0001,2026-02-24,Tablet,22600,713,435.19,36,4830.61
CAMP-0019,2026-02-24,Desktop,24139,702,152.81,60,6617.08
CAMP-0019,2026-02-24,Mobile,19263,1223,279.94,41,3083.96
CAMP-0019,2026-02-24,Tablet,21015,1553,790.84,182,15626.89
CAMP-0019,2026-02-25,Desktop,12075,758,583.27,74,9995.73
CAMP-0019,2026-02-25,Mobile,5294,253,273.02,13,1057.54
CAMP-0019,2026-02-25,Tablet,11676,505,75.89,43,4764.73
CAMP-0017,2026-02-25,Desktop,10218,59,618.30,3,400.04
CAMP-0017,2026-02-25,Mobile,17235,247,265.03,25,3421.86
CAMP-0017,2026-02-25,Tablet,11344,239,191.56,3,131.83
CAMP-0008,2026-02-25,Desktop,5315,189,21.92,9,1219.86
CAMP-0008,2026-02-25,Mobile,23150,884,718.61,3,347.36
CAMP-0008,2026-02-25,Tablet,20473,417,118.31,38,6023.76
CAMP-0020,2026-02-25,Desktop,23117,468,169.78,3,368.15
CAMP-0020,2026-02-25,Mobile,24345,876,738.91,0,0.00
CAMP-0020,2026-02-25,Tablet,19254,753,299.39,80,8055.20
CAMP-0013,2026-02-26,Desktop,9739,550,128.34,14,1507.93
CAMP-0013,2026-02-26,Mobile,13114,303,745.32,20,1791.18
CAMP-0013,2026-02-26,Tablet,723,24,798.19,0,0.00
CAMP-0015,2026-02-26,Desktop,16584,916,670.16,50,2470.19
CAMP-0015,2026-02-26,Mobile,20087,181,114.67,20,1582.66
CAMP-0015,2026-02-26,Tablet,5782,80,761.24,7,310.05
CAMP-0017,2026-02-26,Desktop,20700,599,452.65,5,734.52
CAMP-0017,2026-02-26,Mobile,18393,812,803.08,13,1624.97
CAMP-0017,2026-02-26,Tablet,9715,211,305.52,10,668.93
CAMP-0018,2026-02-26,Desktop,8631,590,825.59,45,4215.01
CAMP-0018,2026-02-26,Mobile,1401,71,326.45,6,708.52
CAMP-0018,2026-02-26,Tablet,13690,872,729.44,74,7834.21
CAMP-0014,2026-02-26,Desktop,11458,518,621.71,31,3585.43
CAMP-0014,2026-02-26,Mobile,14825,1170,899.59,71,2734.12
CAMP-0014,2026-02-26,Tablet,6484,206,342.60,9,1104.00
CAMP-0003,2026-02-26,Desktop,23145,1698,292.09,101,6911.05
CAMP-0003,2026-02-26,Mobile,13508,399,440.30,16,748.34
CAMP-0003,2026-02-26,Tablet,5924,125,175.87,13,1514.09
CAMP-0009,2026-02-26,Desktop,8175,472,805.82,41,6536.75
CAMP-0009,2026-02-26,Mobile,5630,278,523.22,17,2091.63
CAMP-0009,2026-02-26,Tablet,5454,333,720.00,33,5050.47
CAMP-0009,2026-02-27,Desktop,22297,1740,326.46,87,11086.59
CAMP-0009,2026-02-27,Mobile,24736,288,707.67,30,3554.28
CAMP-0009,2026-02-27,Tablet,6521,272,195.67,21,1576.56
CAMP-0013,2026-02-27,Desktop,9822,600,113.72,31,1703.80
CAMP-0013,2026-02-27,Mobile,9983,774,363.56,85,6518.65
CAMP-0013,2026-02-27,Tablet,14154,1077,497.09,37,4196.55
CAMP-0012,2026-02-27,Desktop,22668,1624,732.74,41,4527.22
CAMP-0012,2026-02-27,Mobile,15600,457,552.85,27,3770.41
CAMP-0012,2026-02-27,Tablet,19147,1174,835.59,1,113.38
CAMP-0003,2026-02-27,Desktop,1657,22,252.21,0,0.00
CAMP-0003,2026-02-27,Mobile,24310,1631,807.12,77,9420.35
CAMP-0003,2026-02-27,Tablet,16383,738,519.02,46,7183.21
CAMP-0017,2026-02-27,Desktop,17336,533,276.69,9,1261.35
CAMP-0017,2026-02-27,Mobile,6904,354,397.51,5,790.02
CAMP-0017,2026-02-27,Tablet,7014,514,841.65,16,2419.32
CAMP-0002,2026-02-27,Desktop,8921,556,275.41,1,68.00
CAMP-0002,2026-02-27,Mobile,12120,197,452.86,8,498.36
CAMP-0002,2026-02-27,Tablet,3781,95,353.66,9,1111.87
CAMP-0003,2026-02-28,Desktop,22053,1272,480.06,84,13151.79
CAMP-0003,2026-02-28,Mobile,7562,323,895.04,8,1007.28
CAMP-0003,2026-02-28,Tablet,9565,95,895.36,0,0.00
CAMP-0018,2026-02-28,Desktop,15256,298,92.99,29,1068.61
CAMP-0018,2026-02-28,Mobile,15318,1152,702.75,67,10339.62
CAMP-0018,2026-02-28,Tablet,4417,291,252.89,2,80.12
CAMP-0013,2026-02-28,Desktop,22524,1357,302.68,78,4318.93
CAMP-0013,2026-02-28,Mobile,4336,96,678.82,10,673.49
CAMP-0013,2026-02-28,Tablet,9619,477,549.34,35,5124.58
CAMP-0019,2026-02-28,Desktop,20907,150,224.86,17,1889.72
CAMP-0019,2026-02-28,Mobile,10288,269,632.34,25,1850.32
CAMP-0019,2026-02-28,Tablet,23932,1696,286.01,174,27801.91
CAMP-0006,2026-02-28,Desktop,13023,952,450.59,62,3297.96
CAMP-0006,2026-02-28,Mobile,24524,458,491.52,29,2898.49
CAMP-0006,2026-02-28,Tablet,21044,1293,891.35,114,15177.25
CAMP-0004,2026-02-28,Desktop,6088,154,165.58,18,2343.86
CAMP-0004,2026-02-28,Mobile,3823,164,727.58,15,2395.00
CAMP-0004,2026-02-28,Tablet,11668,484,584.16,39,4079.52
CAMP-0009,2026-02-28,Desktop,3810,82,357.04,3,162.25
CAMP-0009,2026-02-28,Mobile,19019,1342,516.61,116,7624.03
CAMP-0009,2026-02-28,Tablet,21581,1511,752.35,82,8835.78
CAMP-0002,2026-02-28,Desktop,19963,506,223.64,59,3812.58
CAMP-0002,2026-02-28,Mobile,6117,260,856.34,0,0.00
CAMP-0002,2026-02-28,Tablet,20826,181,359.48,20,2770.07
CAMP-0010,2026-02-28,Desktop,18630,1128,143.79,111,16128.20
CAMP-0010,2026-02-28,Mobile,21736,424,859.42,43,3958.51
CAMP-0010,2026-02-28,Tablet,11185,592,818.76,41,5855.73
CAMP-0008,2026-03-01,Desktop,3174,85,313.79,0,0.00
CAMP-0008,2026-03-01,Mobile,9171,408,353.53,19,2099.19
CAMP-0008,2026-03-01,Tablet,10093,405,661.09,6,404.38
CAMP-0010,2026-03-01,Desktop,19903,1037,634.62,28,4145.43
CAMP-0010,2026-03-01,Mobile,2610,116,877.10,10,819.51
CAMP-0010,2026-03-01,Tablet,13068,124,831.81,12,920.64
CAMP-0020,2026-03-01,Desktop,22447,322,885.28,32,4463.54
CAMP-0020,2026-03-01,Mobile,9605,633,656.98,35,2167.05
CAMP-0020,2026-03-01,Tablet,7413,502,239.59,2,224.87
CAMP-0004,2026-03-01,Desktop,995,19,702.79,1,148.66
CAMP-0004,2026-03-01,Mobile,4902,302,618.26,23,975.21
CAMP-0004,2026-03-01,Tablet,6512,122,188.05,7,1116.69
CAMP-0012,2026-03-01,Desktop,15088,910,514.30,57,7144.19
CAMP-0012,2026-03-01,Mobile,21195,451,334.83,46,5133.71
CAMP-0012,2026-03-01,Tablet,5659,68,587.81,8,403.65
CAMP-0005,2026-03-01,Desktop,16897,157,148.96,1,71.65
CAMP-0005,2026-03-01,Mobile,21167,210,212.58,15,930.39
CAMP-0005,2026-03-01,Tablet,15205,285,557.15,28,1121.74
CAMP-0013,2026-03-01,Desktop,14011,920,852.89,11,1068.51
CAMP-0013,2026-03-01,Mobile,1494,90,700.50,6,729.82
CAMP-0013,2026-03-01,Tablet,15745,277,182.22,6,904.13
CAMP-0016,2026-03-01,Desktop,10581,662,602.11,57,3419.77
CAMP-0016,2026-03-01,Mobile,694,13,562.71,0,0.00
CAMP-0016,2026-03-01,Tablet,15004,576,688.83,10,1299.07
CAMP-0009,2026-03-01,Desktop,22264,493,387.22,6,765.24
CAMP-0009,2026-03-01,Mobile,21602,332,249.40,38,4831.78
CAMP-0009,2026-03-01,Tablet,24174,300,50.92,1,52.62
CAMP-0020,2026-03-02,Desktop,8537,198,108.36,23,1829.56
CAMP-0020,2026-03-02,Mobile,6618,477,640.07,55,5589.34
CAMP-0020,2026-03-02,Tablet,11211,568,730.64,6,593.17
CAMP-0011,2026-03-02,Desktop,19551,1304,685.11,129,19316.38
CAMP-0011,2026-03-02,Mobile,4617,62,423.52,0,0.00
CAMP-0011,2026-03-02,Tablet,11860,710,847.54,7,276.98
CAMP-0001,2026-03-02,Desktop,17320,931,350.70,11,664.04
CAMP-0001,2026-03-02,Mobile,3916,256,803.48,8,633.93
CAMP-0001,2026-03-02,Tablet,16670,639,125.95,44,5953.38
CAMP-0017,2026-03-02,Desktop,3026,31,297.05,1,55.06
CAMP-0017,2026-03-02,Mobile,20246,348,364.13,10,1443.76
CAMP-0017,2026-03-02,Tablet,1951,124,698.82,13,1252.28
CAMP-0012,2026-03-02,Desktop,22434,669,122.08,51,1787.30
CAMP-0012,2026-03-02,Mobile,13216,486,561.21,29,4517.20
CAMP-0012,2026-03-02,Tablet,9202,256,778.33,26,2730.77
CAMP-0007,2026-03-02,Desktop,10794,687,558.67,74,7214.57
CAMP-0007,2026-03-02,Mobile,6853,116,665.44,2,125.81
CAMP-0007,2026-03-02,Tablet,14775,159,248.00,8,1198.88
CAMP-0004,2026-03-03,Desktop,9057,197,825.11,2,178.21
CAMP-0004,2026-03-03,Mobile,3626,74,62.65,2,113.10
CAMP-0004,2026-03-03,Tablet,11876,905,473.17,23,2599.72
CAMP-0002,2026-03-03,Desktop,22119,1491,752.74,121,5557.01
CAMP-0002,2026-03-03,Mobile,7295,556,213.82,42,4286.51
CAMP-0002,2026-03-03,Tablet,1610,88,770.17,8,1097.17
CAMP-0009,2026-03-03,Desktop,21125,203,828.43,13,815.63
CAMP-0009,2026-03-03,Mobile,24684,375,509.92,22,1377.26
CAMP-0009,2026-03-03,Tablet,24712,1134,357.37,75,10823.12
CAMP-0014,2026-03-03,Desktop,22033,1439,757.72,121,7804.76
CAMP-0014,2026-03-03,Mobile,9531,100,305.15,8,1152.85
CAMP-0014,2026-03-03,Tablet,11323,531,398.23,6,218.51
CAMP-0005,2026-03-03,Desktop,21936,869,788.68,88,12266.58
CAMP-0005,2026-03-03,Mobile,8291,105,195.38,12,1129.22
CAMP-0005,2026-03-03,Tablet,2823,210,373.14,1,78.35
CAMP-0020,2026-03-03,Desktop,8964,638,430.07,75,10899.83
CAMP-0020,2026-03-03,Mobile,1747,96,799.61,9,338.82
CAMP-0020,2026-03-03,Tablet,11779,105,145.42,9,920.22
CAMP-0018,2026-03-03,Desktop,18613,923,784.09,9,1075.71
CAMP-0018,2026-03-03,Mobile,16187,1023,193.93,28,3106.70
CAMP-0018,2026-03-03,Tablet,17371,969,752.53,31,1846.30
CAMP-0010,2026-03-03,Desktop,13025,118,753.31,7,686.15
CAMP-0010,2026-03-03,Mobile,18834,1323,871.20,56,3398.81
CAMP-0010,2026-03-03,Tablet,24776,902,268.05,89,6665.17
CAMP-0019,2026-03-04,Desktop,4089,98,197.95,4,525.75
CAMP-0019,2026-03-04,Mobile,16683,917,117.55,20,969.95
CAMP-0019,2026-03-04,Tablet,19453,1288,804.54,113,10959.70
CAMP-0016,2026-03-04,Desktop,5928,438,256.21,45,5566.08
CAMP-0016,2026-03-04,Mobile,22837,943,782.34,94,11136.26
CAMP-0016,2026-03-04,Tablet,1084,29,131.19,3,286.09
CAMP-0005,2026-03-04,Desktop,24733,1573,688.81,159,14951.60
CAMP-0005,2026-03-04,Mobile,23355,1507,619.83,113,15959.44
CAMP-0005,2026-03-04,Tablet,16327,1261,459.26,63,9477.73
CAMP-0004,2026-03-04,Desktop,14536,963,675.26,81,3500.95
CAMP-0004,2026-03-04,Mobile,2777,136,272.77,14,1465.33
CAMP-0004,2026-03-04,Tablet,23912,1565,323.18,125,8674.96
CAMP-0013,2026-03-04,Desktop,11457,658,122.31,34,1671.45
CAMP-0013,2026-03-04,Mobile,5747,157,569.66,0,0.00
CAMP-0013,2026-03-04,Tablet,24773,1449,202.74,25,3267.58
CAMP-0001,2026-03-04,Desktop,11776,679,531.26,65,7714.87
CAMP-0001,2026-03-04,Mobile,7300,361,853.53,5,363.68
CAMP-0001,2026-03-04,Tablet,8244,189,770.34,3,454.07
CAMP-0002,2026-03-04,Desktop,12485,614,744.58,33,2771.25
CAMP-0002,2026-03-04,Mobile,7921,330,177.27,14,1462.93
CAMP-0002,2026-03-04,Tablet,19356,725,792.60,45,4672.32
CAMP-0007,2026-03-04,Desktop,9282,137,121.06,10,812.43
CAMP-0007,2026-03-04,Mobile,14800,213,62.81,19,827.66
CAMP-0007,2026-03-04,Tablet,3869,267,496.18,8,650.24
CAMP-0015,2026-03-04,Desktop,2998,216,610.70,22,3131.74
CAMP-0015,2026-03-04,Mobile,5108,210,546.10,8,747.47
CAMP-0015,2026-03-04,Tablet,12175,636,806.02,11,1706.91
CAMP-0003,2026-03-04,Desktop,2632,148,801.08,12,1053.96
CAMP-0003,2026-03-04,Mobile,12139,493,662.32,40,5590.42
CAMP-0003,2026-03-04,Tablet,21228,955,150.83,51,4079.92
CAMP-0005,2026-03-05,Desktop,13975,761,202.83,44,5595.78
CAMP-0005,2026-03-05,Mobile,16622,1273,299.84,147,12193.43
CAMP-0005,2026-03-05,Tablet,14354,293,759.30,29,2200.14
CAMP-0010,2026-03-05,Desktop,19763,373,318.05,16,561.86
CAMP-0010,2026-03-05,Mobile,17173,1363,790.69,154,19505.06
CAMP-0010,2026-03-05,Tablet,23091,137,714.51,5,260.21
CAMP-0017,2026-03-05,Desktop,7739,404,891.57,22,1267.02
CAMP-0017,2026-03-05,Mobile,24998,524,826.65,62,3784.90
CAMP-0017,2026-03-05,Tablet,18183,925,773.13,81,7845.16
CAMP-0020,2026-03-05,Desktop,4135,147,692.78,14,1874.91
CAMP-0020,2026-03-05,Mobile,15346,713,735.08,69,2935.00
CAMP-0020,2026-03-05,Tablet,6468,325,440.02,14,1055.96
CAMP-0008,2026-03-05,Desktop,3151,70,289.93,0,0.00
CAMP-0008,2026-03-05,Mobile,11591,917,87.37,89,11467.90
CAMP-0008,2026-03-05,Tablet,7061,463,223.06,15,1643.06
CAMP-0016,2026-03-05,Desktop,13232,266,311.34,21,1334.07
CAMP-0016,2026-03-05,Mobile,5382,72,115.58,5,298.03
CAMP-0016,2026-03-05,Tablet,5316,63,159.93,5,379.92
CAMP-0008,2026-03-06,Desktop,20122,389,815.74,44,1729.36
CAMP-0008,2026-03-06,Mobile,8954,270,760.65,6,959.43
CAMP-0008,2026-03-06,Tablet,21908,1383,813.36,9,552.30
CAMP-0003,2026-03-06,Desktop,23521,1338,22.84,96,10334.11
CAMP-0003,2026-03-06,Mobile,9306,270,431.86,16,562.47
CAMP-0003,2026-03-06,Tablet,7446,108,759.20,11,1401.42
CAMP-0013,2026-03-06,Desktop,1455,76,449.51,2,107.40
CAMP-0013,2026-03-06,Mobile,22712,1696,274.70,21,924.68
CAMP-0013,2026-03-06,Tablet,9681,134,271.64,0,0.00
CAMP-0006,2026-03-06,Desktop,20727,804,205.98,94,11964.46
CAMP-0006,2026-03-06,Mobile,14041,959,403.87,29,2795.69
CAMP-0006,2026-03-06,Tablet,21650,1214,687.12,38,5071.63
CAMP-0010,2026-03-06,Desktop,3900,80,420.05,9,1334.15
CAMP-0010,2026-03-06,Mobile,6855,143,694.26,12,1062.48
CAMP-0010,2026-03-06,Tablet,6006,142,686.54,7,930.14
CAMP-0013,2026-03-07,Desktop,13884,797,867.49,3,229.47
CAMP-0013,2026-03-07,Mobile,11269,434,117.36,52,4625.08
CAMP-0013,2026-03-07,Tablet,10694,608,369.81,33,1800.36
CAMP-0005,2026-03-07,Desktop,7826,247,590.27,15,2193.92
CAMP-0005,2026-03-07,Mobile,12461,425,59.06,38,2803.27
CAMP-0005,2026-03-07,Tablet,16727,580,546.51,22,2343.24
CAMP-0020,2026-03-07,Desktop,6305,231,811.16,20,2796.28
CAMP-0020,2026-03-07,Mobile,22724,867,455.44,100,11821.14
CAMP-0020,2026-03-07,Tablet,3517,32,88.83,0,0.00
CAMP-0011,2026-03-07,Desktop,21806,1607,323.79,147,12263.25
CAMP-0011,2026-03-07,Mobile,22270,1598,336.07,72,5761.40
CAMP-0011,2026-03-07,Tablet,17113,715,37.08,1,96.49
CAMP-0006,2026-03-07,Desktop,4474,59,254.76,2,150.94
CAMP-0006,2026-03-07,Mobile,16159,839,573.90,1,109.40
CAMP-0006,2026-03-07,Tablet,14157,1107,386.60,26,1030.15
CAMP-0019,2026-03-07,Desktop,22820,1107,135.54,94,14960.66
CAMP-0019,2026-03-07,Mobile,20042,657,656.04,35,1528.33
CAMP-0019,2026-03-07,Tablet,23968,347,437.08,36,3640.02
CAMP-0002,2026-03-08,Desktop,10717,243,795.78,8,847.73
CAMP-0002,2026-03-08,Mobile,22868,689,886.39,52,4575.90
CAMP-0002,2026-03-08,Tablet,22636,165,247.07,2,277.18
CAMP-0015,2026-03-08,Desktop,21529,1407,408.15,18,2020.42
CAMP-0015,2026-03-08,Mobile,20720,734,893.41,68,7080.96
CAMP-0015,2026-03-08,Tablet,18009,182,43.86,15,1470.49
CAMP-0008,2026-03-08,Desktop,16018,1228,409.22,3,191.38
CAMP-0008,2026-03-08,Mobile,23979,140,663.77,13,964.53
CAMP-0008,2026-03-08,Tablet,18842,508,264.09,56,7027.07
CAMP-0013,2026-03-08,Desktop,22398,1771,41.90,207,27005.73
CAMP-0013,2026-03-08,Mobile,17038,205,454.23,7,887.32
CAMP-0013,2026-03-08,Tablet,19688,1307,614.97,33,3388.51
CAMP-0007,2026-03-08,Desktop,1091,29,614.03,0,0.00
CAMP-0007,2026-03-08,Mobile,17135,1257,599.34,92,7914.59
CAMP-0007,2026-03-08,Tablet,4492,115,622.73,7,353.01
CAMP-0013,2026-03-09,Desktop,8572,91,855.58,0,0.00
CAMP-0013,2026-03-09,Mobile,1765,27,60.26,1,123.39
CAMP-0013,2026-03-09,Tablet,10375,292,883.41,4,591.33
CAMP-0016,2026-03-09,Desktop,18788,1135,189.02,4,258.93
CAMP-0016,2026-03-09,Mobile,19587,944,137.05,64,9374.59
CAMP-0016,2026-03-09,Tablet,11358,340,550.95,9,341.06
CAMP-0002,2026-03-09,Desktop,13343,779,894.02,85,11741.03
CAMP-0002,2026-03-09,Mobile,21694,1294,372.35,7,690.94
CAMP-0002,2026-03-09,Tablet,15307,852,883.56,35,4021.34
CAMP-0001,2026-03-09,Desktop,6940,375,850.53,35,2145.96
CAMP-0001,2026-03-09,Mobile,1751,14,306.90,1,148.89
CAMP-0001,2026-03-09,Tablet,1249,47,751.10,0,0.00
CAMP-0009,2026-03-09,Desktop,14628,878,170.55,67,3616.24
CAMP-0009,2026-03-09,Mobile,21441,862,356.17,6,658.13
CAMP-0009,2026-03-09,Tablet,19109,617,469.94,29,1456.44
CAMP-0018,2026-03-09,Desktop,10193,179,109.46,15,546.64
CAMP-0018,2026-03-09,Mobile,7573,319,553.29,14,1484.85
CAMP-0018,2026-03-09,Tablet,4351,144,145.75,1,109.47
CAMP-0014,2026-03-10,Desktop,15682,628,644.51,21,2616.31
CAMP-0014,2026-03-10,Mobile,8914,540,859.69,19,2343.34
CAMP-0014,2026-03-10,Tablet,10688,182,660.71,12,1561.70
CAMP-0017,2026-03-10,Desktop,10497,365,553.05,0,0.00
CAMP-0017,2026-03-10,Mobile,18561,190,192.51,22,1857.00
CAMP-0017,2026-03-10,Tablet,19726,155,166.37,15,1978.75
CAMP-0003,2026-03-10,Desktop,1093,5,398.44,1,64.21
CAMP-0003,2026-03-10,Mobile,9578,355,771.97,7,938.96
CAMP-0003,2026-03-10,Tablet,22413,775,861.43,23,1723.66
CAMP-0001,2026-03-10,Desktop,21674,1218,570.31,104,11246.04
CAMP-0001,2026-03-10,Mobile,1803,140,396.51,13,1961.19
CAMP-0001,2026-03-10,Tablet,844,39,331.00,3,310.17
CAMP-0012,2026-03-10,Desktop,1795,126,685.07,8,708.56
CAMP-0012,2026-03-10,Mobile,22784,509,538.13,36,1501.39
CAMP-0012,2026-03-10,Tablet,2191,41,269.74,1,136.76
CAMP-0019,2026-03-10,Desktop,8228,418,781.86,24,1049.76
CAMP-0019,2026-03-10,Mobile,10107,126,428.37,3,443.91
CAMP-0019,2026-03-10,Tablet,16865,1095,551.34,107,14463.25
CAMP-0013,2026-03-10,Desktop,24709,1497,854.88,56,3385.44
CAMP-0013,2026-03-10,Mobile,4521,28,624.13,2,77.27
CAMP-0013,2026-03-10,Tablet,16963,727,210.90,42,2637.08
CAMP-0016,2026-03-10,Desktop,14277,310,611.54,32,1601.54
CAMP-0016,2026-03-10,Mobile,948,74,839.55,8,303.98
CAMP-0016,2026-03-10,Tablet,19028,699,590.46,46,6436.97
CAMP-0015,2026-03-10,Desktop,2264,89,739.82,6,275.72
CAMP-0015,2026-03-10,Mobile,17449,669,335.19,3,341.16
CAMP-0015,2026-03-10,Tablet,1495,91,661.34,6,639.41
CAMP-0004,2026-03-11,Desktop,13612,574,536.66,12,1127.41
CAMP-0004,2026-03-11,Mobile,22432,310,35.88,16,1811.43
CAMP-0004,2026-03-11,Tablet,10652,685,584.67,64,8582.82
CAMP-0019,2026-03-11,Desktop,20720,1198,117.27,123,12802.64
CAMP-0019,2026-03-11,Mobile,12181,533,235.31,13,1381.65
CAMP-0019,2026-03-11,Tablet,14652,361,682.98,20,2137.00
CAMP-0012,2026-03-11,Desktop,20937,181,799.11,17,1518.30
CAMP-0012,2026-03-11,Mobile,13545,578,178.87,68,5568.74
CAMP-0012,2026-03-11,Tablet,7132,503,396.44,56,3872.38
CAMP-0010,2026-03-11,Desktop,12169,935,847.28,91,5353.45
CAMP-0010,2026-03-11,Mobile,21008,525,76.84,31,2721.87
CAMP-0010,2026-03-11,Tablet,24932,1604,163.32,41,3738.51
CAMP-0009,2026-03-11,Desktop,24870,1223,502.84,58,4072.97
CAMP-0009,2026-03-11,Mobile,20342,325,221.47,19,2493.72
CAMP-0009,2026-03-11,Tablet,3473,230,359.41,26,1130.05
CAMP-0001,2026-03-11,Desktop,11773,263,179.47,10,1147.04
CAMP-0001,2026-03-11,Mobile,15258,989,520.45,1,103.44
CAMP-0001,2026-03-11,Tablet,20223,760,555.91,24,2806.60
CAMP-0006,2026-03-12,Desktop,23550,1458,443.23,55,7123.18
CAMP-0006,2026-03-12,Mobile,9497,687,536.64,31,3799.07
CAMP-0006,2026-03-12,Tablet,14025,287,116.63,5,334.13
CAMP-0010,2026-03-12,Desktop,22279,573,871.58,52,7284.84
CAMP-0010,2026-03-12,Mobile,15401,274,315.22,21,1163.89
CAMP-0010,2026-03-12,Tablet,13115,1029,666.83,33,2760.72
CAMP-0002,2026-03-12,Desktop,6704,162,542.90,9,1202.34
CAMP-0002,2026-03-12,Mobile,8545,555,228.14,62,4164.89
CAMP-0002,2026-03-12,Tablet,13243,508,793.68,47,6076.82
CAMP-0015,2026-03-12,Desktop,20395,1562,266.27,38,4853.18
CAMP-0015,2026-03-12,Mobile,19522,1488,370.38,152,7037.72
CAMP-0015,2026-03-12,Tablet,10848,749,504.41,7,736.15
CAMP-0016,2026-03-12,Desktop,14498,1058,498.68,35,3046.60
CAMP-0016,2026-03-12,Mobile,15644,844,652.23,89,10011.63
CAMP-0016,2026-03-12,Tablet,15166,1199,598.56,55,7211.33
CAMP-0020,2026-03-12,Desktop,4402,332,463.55,19,1255.73
CAMP-0020,2026-03-12,Mobile,11868,764,658.82,21,3167.41
CAMP-0020,2026-03-12,Tablet,20382,1448,556.63,102,15131.86
CAMP-0005,2026-03-13,Desktop,10257,723,578.17,52,6065.24
CAMP-0005,2026-03-13,Mobile,17018,799,883.95,20,2726.65
CAMP-0005,2026-03-13,Tablet,23743,1411,783.15,67,2655.07
CAMP-0008,2026-03-13,Desktop,24199,893,84.26,13,778.60
CAMP-0008,2026-03-13,Mobile,4924,358,820.21,35,2298.47
CAMP-0008,2026-03-13,Tablet,22992,1797,629.17,133,7435.98
CAMP-0011,2026-03-13,Desktop,14157,387,705.98,14,911.22
CAMP-0011,2026-03-13,Mobile,15470,802,639.79,43,6164.36
CAMP-0011,2026-03-13,Tablet,13826,475,235.36,2,275.29
CAMP-0007,2026-03-13,Desktop,24663,395,387.89,24,3648.17
CAMP-0007,2026-03-13,Mobile,12638,453,361.78,53,8098.62
CAMP-0007,2026-03-13,Tablet,17302,1038,216.06,98,4858.31
CAMP-0014,2026-03-13,Desktop,22885,417,38.38,20,795.51
CAMP-0014,2026-03-13,Mobile,16129,343,136.40,12,1899.23
CAMP-0014,2026-03-13,Tablet,22104,1695,887.03,13,1856.42
CAMP-0003,2026-03-13,Desktop,20283,1349,274.53,96,10364.41
CAMP-0003,2026-03-13,Mobile,3056,227,564.79,19,2109.62
CAMP-0003,2026-03-13,Tablet,11024,396,108.88,24,2877.89
CAMP-0006,2026-03-13,Desktop,12261,794,354.98,81,8647.43
CAMP-0006,2026-03-13,Mobile,24733,204,697.56,4,394.35
CAMP-0006,2026-03-13,Tablet,14544,603,719.98,58,6627.12
CAMP-0002,2026-03-13,Desktop,10050,93,52.74,7,463.75
CAMP-0002,2026-03-13,Mobile,23914,1201,601.03,75,10290.73
CAMP-0002,2026-03-13,Tablet,5841,152,809.84,16,939.73
CAMP-0004,2026-03-13,Desktop,20352,802,887.03,9,667.08
CAMP-0004,2026-03-13,Mobile,3437,60,235.33,1,86.89
CAMP-0004,2026-03-13,Tablet,4949,59,307.73,7,289.37
CAMP-0005,2026-03-14,Desktop,11220,734,157.41,41,4626.61
CAMP-0005,2026-03-14,Mobile,24180,1103,600.09,98,13874.46
CAMP-0005,2026-03-14,Tablet,6969,60,361.05,3,144.84
CAMP-0004,2026-03-14,Desktop,19792,142,865.68,11,740.02
CAMP-0004,2026-03-14,Mobile,7331,77,738.99,6,956.49
CAMP-0004,2026-03-14,Tablet,18186,626,516.48,45,4644.53
CAMP-0015,2026-03-14,Desktop,11298,628,387.07,52,3431.35
CAMP-0015,2026-03-14,Mobile,15869,429,603.61,50,1927.75
CAMP-0015,2026-03-14,Tablet,18720,289,394.44,28,1579.91
CAMP-0009,2026-03-14,Desktop,13470,580,266.50,15,676.81
CAMP-0009,2026-03-14,Mobile,12045,203,241.29,20,1086.83
CAMP-0009,2026-03-14,Tablet,6622,518,491.80,39,2265.60
CAMP-0002,2026-03-14,Desktop,7058,529,467.57,24,2351.04
CAMP-0002,2026-03-14,Mobile,23800,1487,806.30,169,8175.56
CAMP-0002,2026-03-14,Tablet,5832,256,102.34,27,987.30
CAMP-0006,2026-03-14,Desktop,7602,484,40.41,40,4426.27
CAMP-0006,2026-03-14,Mobile,11294,94,421.29,0,0.00
CAMP-0006,2026-03-14,Tablet,16973,1132,735.55,41,5355.06
CAMP-0001,2026-03-15,Desktop,17716,521,711.33,25,3190.51
CAMP-0001,2026-03-15,Mobile,4966,197,707.97,10,393.38
CAMP-0001,2026-03-15,Tablet,24797,126,106.61,13,1673.16
CAMP-0019,2026-03-15,Desktop,20340,841,147.84,59,4525.74
CAMP-0019,2026-03-15,Mobile,23892,787,619.87,53,2695.77
CAMP-0019,2026-03-15,Tablet,12258,646,331.57,33,2128.19
CAMP-0002,2026-03-15,Desktop,12509,266,296.42,19,1667.74
CAMP-0002,2026-03-15,Mobile,10799,458,350.40,21,3197.09
CAMP-0002,2026-03-15,Tablet,1607,114,321.79,13,1560.06
CAMP-0004,2026-03-15,Desktop,15511,133,601.22,11,1607.72
CAMP-0004,2026-03-15,Mobile,23666,1702,463.88,187,24334.06
CAMP-0004,2026-03-15,Tablet,24247,643,810.51,22,2228.37
CAMP-0014,2026-03-15,Desktop,6699,299,382.93,35,2783.94
CAMP-0014,2026-03-15,Mobile,8658,161,393.25,9,590.08
CAMP-0014,2026-03-15,Tablet,13224,771,128.46,9,1412.77
CAMP-0018,2026-03-15,Desktop,2667,29,557.83,1,37.74
CAMP-0018,2026-03-15,Mobile,22670,924,734.05,25,2734.11
CAMP-0018,2026-03-15,Tablet,9231,420,513.94,44,6234.39
CAMP-0006,2026-03-16,Desktop,2463,74,459.16,2,96.14
CAMP-0006,2026-03-16,Mobile,19085,1330,383.43,43,3390.58
CAMP-0006,2026-03-16,Tablet,12148,815,45.95,78,5857.97
CAMP-0002,2026-03-16,Desktop,5223,112,424.71,6,659.32
CAMP-0002,2026-03-16,Mobile,20657,1100,240.03,14,1535.96
CAMP-0002,2026-03-16,Tablet,13924,972,865.90,8,401.84
CAMP-0014,2026-03-16,Desktop,805,53,292.79,3,158.57
CAMP-0014,2026-03-16,Mobile,4887,169,446.49,11,1154.42
CAMP-0014,2026-03-16,Tablet,6653,119,264.95,12,1530.45
CAMP-0017,2026-03-16,Desktop,20976,882,229.56,35,2175.35
CAMP-0017,2026-03-16,Mobile,23422,1649,321.40,99,7320.90
CAMP-0017,2026-03-16,Tablet,18962,1306,417.30,63,8030.08
CAMP-0008,2026-03-16,Desktop,22386,1259,720.34,60,6127.38
CAMP-0008,2026-03-16,Mobile,6337,420,279.90,50,4665.75
CAMP-0008,2026-03-16,Tablet,16498,793,871.35,72,10608.53
CAMP-0019,2026-03-16,Desktop,8482,635,397.38,19,945.62
CAMP-0019,2026-03-16,Mobile,8267,428,35.29,31,2280.17
CAMP-0019,2026-03-16,Tablet,16652,1200,745.72,84,8290.23
CAMP-0007,2026-03-16,Desktop,11249,422,203.04,43,1550.25
CAMP-0007,2026-03-16,Mobile,6912,492,71.89,27,3539.98
CAMP-0007,2026-03-16,Tablet,8628,650,882.49,67,5577.14
CAMP-0016,2026-03-16,Desktop,17768,761,803.14,83,12847.59
CAMP-0016,2026-03-16,Mobile,24052,508,382.79,23,3562.09
CAMP-0016,2026-03-16,Tablet,11597,792,307.02,72,10167.48
CAMP-0020,2026-03-16,Desktop,9120,598,446.91,48,5955.05
CAMP-0020,2026-03-16,Mobile,19671,1252,203.74,25,2156.20
CAMP-0020,2026-03-16,Tablet,24108,1177,661.66,42,2416.28
CAMP-0003,2026-03-17,Desktop,7619,397,675.24,32,1464.82
CAMP-0003,2026-03-17,Mobile,3840,306,71.42,6,770.27
CAMP-0003,2026-03-17,Tablet,18317,292,692.38,27,1912.54
CAMP-0007,2026-03-17,Desktop,19600,1397,559.33,166,10388.65
CAMP-0007,2026-03-17,Mobile,19677,285,102.55,2,251.82
CAMP-0007,2026-03-17,Tablet,13275,283,606.71,22,3048.13
CAMP-0018,2026-03-17,Desktop,6127,125,873.67,6,790.57
CAMP-0018,2026-03-17,Mobile,9031,83,614.19,7,392.25
CAMP-0018,2026-03-17,Tablet,3308,137,142.76,13,523.80
CAMP-0016,2026-03-17,Desktop,14688,458,295.78,43,6266.71
CAMP-0016,2026-03-17,Mobile,12701,376,690.19,12,1172.44
CAMP-0016,2026-03-17,Tablet,21374,148,670.48,0,0.00
CAMP-0019,2026-03-17,Desktop,24241,1248,883.16,41,2676.33
CAMP-0019,2026-03-17,Mobile,12624,236,342.60,12,1749.89
CAMP-0019,2026-03-17,Tablet,7427,265,32.76,1,64.94
CAMP-0011,2026-03-17,Desktop,5832,448,405.80,34,1420.01
CAMP-0011,2026-03-17,Mobile,22856,661,389.14,63,8668.13
CAMP-0011,2026-03-17,Tablet,11152,146,379.24,16,822.64
CAMP-0010,2026-03-17,Desktop,23944,397,507.45,4,423.30
CAMP-0010,2026-03-17,Mobile,19143,1382,231.71,57,7045.96
CAMP-0010,2026-03-17,Tablet,6139,319,519.12,33,3457.24
CAMP-0006,2026-03-17,Desktop,17079,1100,299.11,10,1555.76
CAMP-0006,2026-03-17,Mobile,17509,770,139.21,18,1169.10
CAMP-0006,2026-03-17,Tablet,14380,542,131.00,44,6583.43
CAMP-0008,2026-03-17,Desktop,24048,857,815.15,73,5096.58
CAMP-0008,2026-03-17,Mobile,23776,464,100.72,46,5308.35
CAMP-0008,2026-03-17,Tablet,1315,104,420.01,0,0.00
CAMP-0001,2026-03-17,Desktop,2205,105,317.16,2,284.22
CAMP-0001,2026-03-17,Mobile,11004,61,761.31,3,433.57
CAMP-0001,2026-03-17,Tablet,4764,186,112.06,21,2321.08
CAMP-0008,2026-03-18,Desktop,9500,208,155.52,22,1117.56
CAMP-0008,2026-03-18,Mobile,4753,26,757.95,3,321.68
CAMP-0008,2026-03-18,Tablet,21635,913,237.46,69,9768.65
CAMP-0016,2026-03-18,Desktop,13351,385,617.97,36,3705.20
CAMP-0016,2026-03-18,Mobile,9098,71,852.44,3,156.98
CAMP-0016,2026-03-18,Tablet,12254,801,743.71,64,8397.16
CAMP-0013,2026-03-18,Desktop,10637,804,57.70,46,2157.35
CAMP-0013,2026-03-18,Mobile,14146,174,312.84,6,761.54
CAMP-0013,2026-03-18,Tablet,20476,585,383.87,7,807.70
CAMP-0018,2026-03-18,Desktop,4893,269,563.39,25,1374.40
CAMP-0018,2026-03-18,Mobile,6704,530,708.86,16,2079.02
CAMP-0018,2026-03-18,Tablet,6893,414,201.30,5,351.80
CAMP-0014,2026-03-18,Desktop,14642,410,154.65,19,1291.97
CAMP-0014,2026-03-18,Mobile,20593,478,739.37,11,833.46
CAMP-0014,2026-03-18,Tablet,12854,137,759.56,4,312.63
CAMP-0002,2026-03-18,Desktop,7222,422,555.64,34,2056.70
CAMP-0002,2026-03-18,Mobile,15032,1051,553.09,120,15297.62
CAMP-0002,2026-03-18,Tablet,4459,76,359.95,4,306.28
CAMP-0009,2026-03-18,Desktop,1297,63,417.49,2,313.73
CAMP-0009,2026-03-18,Mobile,2781,136,601.38,14,1731.74
CAMP-0009,2026-03-18,Tablet,18335,1274,20.60,141,18331.86
CAMP-0017,2026-03-18,Desktop,13836,770,899.68,42,2799.20
CAMP-0017,2026-03-18,Mobile,3034,87,791.73,8,1040.04
CAMP-0017,2026-03-18,Tablet,22565,674,673.32,19,1146.76
CAMP-0010,2026-03-19,Desktop,17131,894,414.57,93,10827.28
CAMP-0010,2026-03-19,Mobile,7108,325,479.68,5,568.47
CAMP-0010,2026-03-19,Tablet,14939,577,223.50,9,522.68
CAMP-0006,2026-03-19,Desktop,19153,1401,615.81,17,627.11
CAMP-0006,2026-03-19,Mobile,1287,32,389.40,1,81.36
CAMP-0006,2026-03-19,Tablet,16560,1197,167.49,113,16528.26
CAMP-0002,2026-03-19,Desktop,11104,869,478.81,101,10163.63
CAMP-0002,2026-03-19,Mobile,22444,762,829.72,89,5259.10
CAMP-0002,2026-03-19,Tablet,21747,492,534.89,44,5805.65
CAMP-0018,2026-03-19,Desktop,2058,81,831.52,9,528.37
CAMP-0018,2026-03-19,Mobile,22404,1043,491.64,33,2480.37
CAMP-0018,2026-03-19,Tablet,2732,112,174.71,3,211.01
CAMP-0011,2026-03-19,Desktop,3486,228,618.47,3,226.20
CAMP-0011,2026-03-19,Mobile,2665,137,58.64,9,892.47
CAMP-0011,2026-03-19,Tablet,865,66,272.80,3,345.22
CAMP-0014,2026-03-20,Desktop,15259,814,862.22,20,2507.31
CAMP-0014,2026-03-20,Mobile,14393,750,825.73,82,11572.06
CAMP-0014,2026-03-20,Tablet,14915,647,317.34,43,2570.78
CAMP-0002,2026-03-20,Desktop,4344,168,237.14,15,2275.03
CAMP-0002,2026-03-20,Mobile,8183,371,198.67,23,3365.19
CAMP-0002,2026-03-20,Tablet,6387,263,659.61,24,2487.80
CAMP-0017,2026-03-20,Desktop,18342,495,656.01,12,1373.89
CAMP-0017,2026-03-20,Mobile,5895,322,251.20,6,650.56
CAMP-0017,2026-03-20,Tablet,2164,112,270.94,7,999.32
CAMP-0004,2026-03-20,Desktop,24270,1615,790.16,34,2968.41
CAMP-0004,2026-03-20,Mobile,13539,1025,306.85,89,10373.22
CAMP-0004,2026-03-20,Tablet,23013,1131,710.43,2,174.67
CAMP-0008,2026-03-20,Desktop,23884,712,688.30,62,2738.17
CAMP-0008,2026-03-20,Mobile,10586,242,271.73,27,1794.68
CAMP-0008,2026-03-20,Tablet,1059,24,341.24,1,156.72
CAMP-0015,2026-03-20,Desktop,21106,283,378.11,17,1590.65
CAMP-0015,2026-03-20,Mobile,15023,1087,737.56,43,2988.71
CAMP-0015,2026-03-20,Tablet,2273,63,676.70,4,255.20
CAMP-0019,2026-03-20,Desktop,15659,1048,560.07,62,3345.51
CAMP-0019,2026-03-20,Mobile,10654,287,662.60,34,3821.27
CAMP-0019,2026-03-20,Tablet,1132,49,143.72,5,571.87
CAMP-0009,2026-03-20,Desktop,14758,1038,858.05,14,1782.49
CAMP-0009,2026-03-20,Mobile,3361,52,632.08,1,148.62
CAMP-0009,2026-03-20,Tablet,5741,300,172.65,17,2630.07
CAMP-0003,2026-03-21,Desktop,7284,220,716.88,24,2039.74
CAMP-0003,2026-03-21,Mobile,16404,674,571.13,59,2797.44
CAMP-0003,2026-03-21,Tablet,21661,1436,404.37,39,2668.94
CAMP-0017,2026-03-21,Desktop,16696,903,447.54,104,6542.01
CAMP-0017,2026-03-21,Mobile,12735,584,353.74,24,3159.11
CAMP-0017,2026-03-21,Tablet,3570,130,646.65,15,1585.80
CAMP-0018,2026-03-21,Desktop,4949,86,857.56,5,374.41
CAMP-0018,2026-03-21,Mobile,8682,674,831.56,72,10184.63
CAMP-0018,2026-03-21,Tablet,24781,1063,721.43,11,977.87
CAMP-0006,2026-03-21,Desktop,9779,647,162.33,53,4212.51
CAMP-0006,2026-03-21,Mobile,5264,235,885.79,20,1579.60
CAMP-0006,2026-03-21,Tablet,21302,1449,578.33,169,19726.09
CAMP-0002,2026-03-21,Desktop,13961,675,166.69,77,3774.57
CAMP-0002,2026-03-21,Mobile,24863,1344,548.71,104,5340.02
CAMP-0002,2026-03-21,Tablet,16583,743,561.39,49,4779.39
CAMP-0003,2026-03-22,Desktop,7406,514,709.16,24,871.24
CAMP-0003,2026-03-22,Mobile,6071,192,433.41,9,1188.41
CAMP-0003,2026-03-22,Tablet,13840,554,446.24,11,809.70
CAMP-0002,2026-03-22,Desktop,14161,254,269.54,27,1337.86
CAMP-0002,2026-03-22,Mobile,7965,101,152.55,12,900.60
CAMP-0002,2026-03-22,Tablet,12706,932,23.91,108,11037.05
CAMP-0001,2026-03-22,Desktop,21582,909,116.49,17,801.60
CAMP-0001,2026-03-22,Mobile,17749,176,51.21,0,0.00
CAMP-0001,2026-03-22,Tablet,12151,175,216.48,9,602.29
CAMP-0016,2026-03-22,Desktop,8570,414,395.67,16,1985.08
CAMP-0016,2026-03-22,Mobile,15472,953,381.25,108,3825.35
CAMP-0016,2026-03-22,Tablet,22641,1330,559.07,121,16967.11
CAMP-0018,2026-03-22,Desktop,12846,776,485.87,89,6973.87
CAMP-0018,2026-03-22,Mobile,20994,1445,59.89,48,6652.62
CAMP-0018,2026-03-22,Tablet,21988,1346,114.82,110,11891.17
CAMP-0014,2026-03-22,Desktop,20908,134,194.87,7,1082.24
CAMP-0014,2026-03-22,Mobile,13191,305,608.18,12,1698.91
CAMP-0014,2026-03-22,Tablet,16478,800,545.16,38,2611.14
CAMP-0017,2026-03-22,Desktop,3441,197,771.29,0,0.00
CAMP-0017,2026-03-22,Mobile,11123,409,491.69,42,6459.66
CAMP-0017,2026-03-22,Tablet,21599,226,740.36,13,1345.52
CAMP-0017,2026-03-23,Desktop,14437,688,556.19,28,3820.38
CAMP-0017,2026-03-23,Mobile,18750,1343,753.26,155,9918.18
CAMP-0017,2026-03-23,Tablet,4030,165,66.52,2,158.72
CAMP-0008,2026-03-23,Desktop,19169,879,55.20,98,4864.53
CAMP-0008,2026-03-23,Mobile,7606,575,422.89,56,2600.95
CAMP-0008,2026-03-23,Tablet,751,7,792.45,0,0.00
CAMP-0006,2026-03-23,Desktop,24920,1033,128.09,5,686.17
CAMP-0006,2026-03-23,Mobile,2237,111,784.09,4,304.82
CAMP-0006,2026-03-23,Tablet,22703,1451,30.41,161,7219.06
CAMP-0016,2026-03-23,Desktop,3281,184,27.36,1,65.72
CAMP-0016,2026-03-23,Mobile,3928,288,542.61,26,1933.96
CAMP-0016,2026-03-23,Tablet,24497,1518,723.11,4,219.15
CAMP-0002,2026-03-23,Desktop,17271,209,677.59,22,2635.20
CAMP-0002,2026-03-23,Mobile,16314,424,144.73,27,2838.65
CAMP-0002,2026-03-23,Tablet,3003,197,733.00,13,1406.43
CAMP-0015,2026-03-23,Desktop,6531,344,806.18,1,49.03
CAMP-0015,2026-03-23,Mobile,10504,130,823.43,12,1529.66
CAMP-0015,2026-03-23,Tablet,11398,342,431.08,19,2398.13
CAMP-0011,2026-03-23,Desktop,9576,211,424.04,13,1783.14
CAMP-0011,2026-03-23,Mobile,13702,383,133.61,7,641.43
CAMP-0011,2026-03-23,Tablet,24928,877,164.26,78,6853.29
CAMP-0015,2026-03-24,Desktop,21033,139,516.84,16,2062.34
CAMP-0015,2026-03-24,Mobile,1400,50,593.65,0,0.00
CAMP-0015,2026-03-24,Tablet,23813,665,203.77,29,3638.27
CAMP-0019,2026-03-24,Desktop,18942,406,325.60,1,106.81
CAMP-0019,2026-03-24,Mobile,21952,1250,732.56,75,8447.62
CAMP-0019,2026-03-24,Tablet,6388,397,814.49,23,1979.07
CAMP-0012,2026-03-24,Desktop,4458,31,779.34,0,0.00
CAMP-0012,2026-03-24,Mobile,7628,92,253.08,2,143.11
CAMP-0012,2026-03-24,Tablet,18999,1329,858.30,126,5192.61
CAMP-0001,2026-03-24,Desktop,8476,102,486.24,8,916.11
CAMP-0001,2026-03-24,Mobile,15931,444,706.20,47,5403.45
CAMP-0001,2026-03-24,Tablet,12634,936,222.62,99,9370.10
CAMP-0011,2026-03-24,Desktop,11328,449,348.04,4,254.51
CAMP-0011,2026-03-24,Mobile,19921,1512,684.06,85,11871.78
CAMP-0011,2026-03-24,Tablet,12337,392,720.52,26,3016.00
CAMP-0018,2026-03-24,Desktop,1622,22,393.15,2,143.26
CAMP-0018,2026-03-24,Mobile,9998,496,375.76,56,2198.26
CAMP-0018,2026-03-24,Tablet,23323,190,628.08,3,411.51
CAMP-0009,2026-03-25,Desktop,19603,592,177.48,59,9379.82
CAMP-0009,2026-03-25,Mobile,24453,190,208.05,6,345.61
CAMP-0009,2026-03-25,Tablet,5937,107,801.10,10,1324.30
CAMP-0014,2026-03-25,Desktop,24079,656,847.98,59,8309.50
CAMP-0014,2026-03-25,Mobile,14287,123,858.82,7,407.75
CAMP-0014,2026-03-25,Tablet,11000,323,170.02,33,3449.90
CAMP-0013,2026-03-25,Desktop,13056,164,516.20,11,1593.28
CAMP-0013,2026-03-25,Mobile,2516,152,570.86,16,2176.28
CAMP-0013,2026-03-25,Tablet,6581,249,89.70,22,1505.15
CAMP-0020,2026-03-25,Desktop,15000,1130,531.17,7,305.05
CAMP-0020,2026-03-25,Mobile,3516,211,294.53,3,292.27
CAMP-0020,2026-03-25,Tablet,15323,702,785.54,47,4877.82
CAMP-0015,2026-03-25,Desktop,8883,135,572.87,9,1326.83
CAMP-0015,2026-03-25,Mobile,18609,1282,100.33,134,20429.66
CAMP-0015,2026-03-25,Tablet,9727,201,433.74,13,1548.74
CAMP-0005,2026-03-25,Desktop,16800,580,300.53,42,4453.88
CAMP-0005,2026-03-25,Mobile,24951,1314,111.55,97,14221.86
CAMP-0005,2026-03-25,Tablet,16673,622,316.41,64,8813.91
CAMP-0003,2026-03-25,Desktop,7948,277,387.48,11,1085.84
CAMP-0003,2026-03-25,Mobile,2463,83,664.69,8,1265.41
CAMP-0003,2026-03-25,Tablet,21598,610,686.03,9,1257.42
CAMP-0007,2026-03-26,Desktop,16745,1101,96.72,9,1033.89
CAMP-0007,2026-03-26,Mobile,11890,196,358.50,0,0.00
CAMP-0007,2026-03-26,Tablet,7888,62,114.18,6,694.51
CAMP-0005,2026-03-26,Desktop,23838,925,396.28,13,1436.07
CAMP-0005,2026-03-26,Mobile,5202,409,883.73,46,6001.39
CAMP-0005,2026-03-26,Tablet,15305,448,451.49,35,4844.38
CAMP-0004,2026-03-26,Desktop,5233,102,155.79,11,1189.45
CAMP-0004,2026-03-26,Mobile,22134,620,209.58,43,6010.65
CAMP-0004,2026-03-26,Tablet,24488,1768,323.65,104,15290.63
CAMP-0015,2026-03-26,Desktop,19241,619,67.46,56,6035.46
CAMP-0015,2026-03-26,Mobile,1313,93,221.86,3,112.30
CAMP-0015,2026-03-26,Tablet,8846,599,271.65,52,3572.27
CAMP-0001,2026-03-27,Desktop,21890,669,795.60,79,6981.36
CAMP-0001,2026-03-27,Mobile,15741,89,216.31,10,1182.07
CAMP-0001,2026-03-27,Tablet,11459,773,393.99,5,266.55
CAMP-0003,2026-03-27,Desktop,21824,1714,281.29,173,15876.20
CAMP-0003,2026-03-27,Mobile,17614,388,195.75,28,3767.48
CAMP-0003,2026-03-27,Tablet,22761,1023,842.94,4,535.69
CAMP-0009,2026-03-27,Desktop,11143,456,527.50,28,2173.71
CAMP-0009,2026-03-27,Mobile,6910,102,91.60,12,1196.04
CAMP-0009,2026-03-27,Tablet,18191,880,449.37,5,583.55
CAMP-0005,2026-03-27,Desktop,23439,1007,747.30,89,4832.23
CAMP-0005,2026-03-27,Mobile,5361,336,256.66,6,731.50
CAMP-0005,2026-03-27,Tablet,8653,234,637.16,24,2414.64
CAMP-0019,2026-03-27,Desktop,929,70,109.49,0,0.00
CAMP-0019,2026-03-27,Mobile,13608,616,571.83,61,6141.76
CAMP-0019,2026-03-27,Tablet,4119,265,352.86,29,2814.80
CAMP-0010,2026-03-27,Desktop,22589,1736,21.43,99,4251.30
CAMP-0010,2026-03-27,Mobile,7622,64,404.93,4,306.88
CAMP-0010,2026-03-27,Tablet,8242,538,806.51,22,3374.11
CAMP-0015,2026-03-27,Desktop,18637,692,36.14,6,813.22
CAMP-0015,2026-03-27,Mobile,16040,174,237.64,18,1355.16
CAMP-0015,2026-03-27,Tablet,18675,133,147.38,5,194.28
CAMP-0017,2026-03-27,Desktop,5663,365,767.69,39,2685.95
CAMP-0017,2026-03-27,Mobile,20346,875,527.66,80,8775.14
CAMP-0017,2026-03-27,Tablet,9412,748,74.10,65,2757.96
CAMP-0002,2026-03-27,Desktop,14250,834,395.64,17,1414.82
CAMP-0002,2026-03-27,Mobile,5221,328,31.24,7,621.31
CAMP-0002,2026-03-27,Tablet,662,34,232.50,1,150.37
CAMP-0015,2026-03-28,Desktop,13336,1065,244.42,54,6401.68
CAMP-0015,2026-03-28,Mobile,23064,1100,62.97,3,178.88
CAMP-0015,2026-03-28,Tablet,1628,80,737.23,8,590.17
CAMP-0010,2026-03-28,Desktop,12735,438,809.29,45,3732.93
CAMP-0010,2026-03-28,Mobile,14524,392,730.03,12,1119.19
CAMP-0010,2026-03-28,Tablet,11971,103,581.74,12,611.28
CAMP-0003,2026-03-28,Desktop,22944,237,446.23,1,133.58
CAMP-0003,2026-03-28,Mobile,2438,139,403.07,3,236.71
CAMP-0003,2026-03-28,Tablet,18927,376,211.66,19,1114.17
CAMP-0002,2026-03-28,Desktop,7998,269,405.27,12,727.91
CAMP-0002,2026-03-28,Mobile,18465,1353,768.60,34,2376.59
CAMP-0002,2026-03-28,Tablet,8978,174,255.92,14,1586.68
CAMP-0012,2026-03-28,Desktop,15179,1203,382.25,80,6106.86
CAMP-0012,2026-03-28,Mobile,12143,821,458.15,77,4678.37
CAMP-0012,2026-03-28,Tablet,13467,617,898.63,38,5159.10
CAMP-0020,2026-03-28,Desktop,5538,124,75.78,3,179.72
CAMP-0020,2026-03-28,Mobile,22524,626,465.87,71,5420.59
CAMP-0020,2026-03-28,Tablet,1050,49,410.16,4,212.89
CAMP-0004,2026-03-28,Desktop,10226,538,420.10,63,4699.36
CAMP-0004,2026-03-28,Mobile,12221,596,822.66,26,3400.96
CAMP-0004,2026-03-28,Tablet,23433,1186,777.95,20,1559.37
CAMP-0013,2026-03-28,Desktop,5656,257,338.34,3,396.37
CAMP-0013,2026-03-28,Mobile,11923,222,151.70,23,1701.39
CAMP-0013,2026-03-28,Tablet,15093,283,480.37,14,1248.32
CAMP-0006,2026-03-28,Desktop,19271,1385,109.32,139,13283.48
CAMP-0006,2026-03-28,Mobile,6339,141,232.16,13,736.95
CAMP-0006,2026-03-28,Tablet,13942,582,633.57,23,3465.66
CAMP-0014,2026-03-28,Desktop,10073,328,21.29,3,157.17
CAMP-0014,2026-03-28,Mobile,8786,179,47.39,16,585.35
CAMP-0014,2026-03-28,Tablet,5469,100,303.62,4,155.98
CAMP-0003,2026-03-29,Desktop,10159,385,814.67,34,1424.17
CAMP-0003,2026-03-29,Mobile,944,54,714.06,0,0.00
CAMP-0003,2026-03-29,Tablet,22964,579,701.65,12,1192.15
CAMP-0017,2026-03-29,Desktop,11694,236,37.45,10,725.72
CAMP-0017,2026-03-29,Mobile,22240,1462,811.14,9,688.28
CAMP-0017,2026-03-29,Tablet,19669,1044,417.06,1,79.39
CAMP-0001,2026-03-29,Desktop,4997,212,777.57,16,1325.54
CAMP-0001,2026-03-29,Mobile,21644,1084,451.61,67,2792.47
CAMP-0001,2026-03-29,Tablet,2943,179,232.17,10,562.71
CAMP-0009,2026-03-29,Desktop,22397,685,759.98,54,4870.73
CAMP-0009,2026-03-29,Mobile,2267,177,884.63,13,1324.72
CAMP-0009,2026-03-29,Tablet,4157,297,376.48,13,797.85
CAMP-0015,2026-03-29,Desktop,23727,801,805.51,10,1208.68
CAMP-0015,2026-03-29,Mobile,1155,71,175.39,3,232.29
CAMP-0015,2026-03-29,Tablet,7363,180,686.09,8,546.09
CAMP-0018,2026-03-29,Desktop,17416,315,232.29,30,2874.46
CAMP-0018,2026-03-29,Mobile,12216,911,849.88,90,4144.20
CAMP-0018,2026-03-29,Tablet,20646,1235,335.55,132,9393.39
CAMP-0006,2026-03-29,Desktop,12711,206,527.28,19,2790.56
CAMP-0006,2026-03-29,Mobile,18495,103,166.88,9,605.64
CAMP-0006,2026-03-29,Tablet,18391,1219,350.17,85,4584.53
CAMP-0012,2026-03-29,Desktop,5434,97,205.92,6,857.37
CAMP-0012,2026-03-29,Mobile,789,6,878.16,0,0.00
CAMP-0012,2026-03-29,Tablet,5099,347,443.37,40,2952.85
CAMP-0008,2026-03-30,Desktop,10217,581,226.33,0,0.00
CAMP-0008,2026-03-30,Mobile,1312,52,507.79,2,145.27
CAMP-0008,2026-03-30,Tablet,5384,77,239.16,0,0.00
CAMP-0013,2026-03-30,Desktop,4036,143,437.53,13,1509.69
CAMP-0013,2026-03-30,Mobile,13493,478,202.53,29,4582.02
CAMP-0013,2026-03-30,Tablet,3397,235,797.89,9,1357.62
CAMP-0012,2026-03-30,Desktop,8624,356,743.42,30,3678.65
CAMP-0012,2026-03-30,Mobile,24732,260,272.98,0,0.00
CAMP-0012,2026-03-30,Tablet,910,6,329.60,0,0.00
CAMP-0001,2026-03-30,Desktop,15487,1157,724.77,29,3242.32
CAMP-0001,2026-03-30,Mobile,3491,208,194.06,15,1481.09
CAMP-0001,2026-03-30,Tablet,21703,449,37.56,22,2726.82
CAMP-0011,2026-03-31,Desktop,24756,611,203.69,13,677.30
CAMP-0011,2026-03-31,Mobile,19171,456,751.74,2,102.17
CAMP-0011,2026-03-31,Tablet,10935,679,137.50,72,4614.22
CAMP-0016,2026-03-31,Desktop,19338,1411,268.63,33,3670.37
CAMP-0016,2026-03-31,Mobile,4978,65,282.14,4,291.73
CAMP-0016,2026-03-31,Tablet,12453,91,328.18,5,314.87
CAMP-0007,2026-03-31,Desktop,18982,434,127.89,19,2780.77
CAMP-0007,2026-03-31,Mobile,5997,290,456.46,34,2914.42
CAMP-0007,2026-03-31,Tablet,7789,391,842.14,24,3222.12
CAMP-0004,2026-03-31,Desktop,14907,1185,49.49,105,7344.71
CAMP-0004,2026-03-31,Mobile,9597,321,690.30,20,2083.59
CAMP-0004,2026-03-31,Tablet,6968,34,426.13,4,234.38
CAMP-0017,2026-03-31,Desktop,16298,949,745.76,111,11765.22
CAMP-0017,2026-03-31,Mobile,3189,90,718.55,1,81.79
CAMP-0017,2026-03-31,Tablet,9944,445,475.13,9,974.60
CAMP-0018,2026-03-31,Desktop,7284,282,382.58,7,788.51
CAMP-0018,2026-03-31,Mobile,23112,954,781.38,74,8484.89
CAMP-0018,2026-03-31,Tablet,23603,737,820.96,68,7421.72
CAMP-0002,2026-03-31,Desktop,6526,470,833.69,1,109.07
CAMP-0002,2026-03-31,Mobile,1541,116,296.49,10,1018.60
CAMP-0002,2026-03-31,Tablet,8975,434,551.84,31,3887.41
CAMP-0019,2026-03-31,Desktop,15066,999,635.36,15,1506.57
CAMP-0019,2026-03-31,Mobile,24420,1770,299.77,161,22826.97
CAMP-0019,2026-03-31,Tablet,15500,924,537.39,77,4416.62
CAMP-0015,2026-03-31,Desktop,20090,233,665.11,13,702.10
CAMP-0015,2026-03-31,Mobile,12829,147,433.24,3,267.27
CAMP-0015,2026-03-31,Tablet,17786,1058,205.43,9,709.71
CAMP-0013,2026-04-01,Desktop,995,37,294.27,1,159.13
CAMP-0013,2026-04-01,Mobile,13087,628,558.19,34,1978.26
CAMP-0013,2026-04-01,Tablet,6310,183,352.65,18,855.74
CAMP-0014,2026-04-01,Desktop,11512,341,704.50,32,3665.36
CAMP-0014,2026-04-01,Mobile,10787,697,890.47,12,1417.69
CAMP-0014,2026-04-01,Tablet,18384,481,461.43,27,2260.22
CAMP-0009,2026-04-01,Desktop,4292,35,278.27,2,295.57
CAMP-0009,2026-04-01,Mobile,16474,395,783.21,21,2057.97
CAMP-0009,2026-04-01,Tablet,17464,1266,116.74,70,4072.64
CAMP-0016,2026-04-01,Desktop,16698,549,732.53,54,7835.67
CAMP-0016,2026-04-01,Mobile,21210,207,741.64,10,357.70
CAMP-0016,2026-04-01,Tablet,16428,509,89.04,0,0.00
CAMP-0005,2026-04-01,Desktop,8831,365,879.39,1,84.20
CAMP-0005,2026-04-01,Mobile,15854,1181,492.67,89,12543.72
CAMP-0005,2026-04-01,Tablet,19529,1071,99.96,76,9596.43
CAMP-0001,2026-04-01,Desktop,8255,272,799.29,31,2928.42
CAMP-0001,2026-04-01,Mobile,6672,224,327.66,22,3005.63
CAMP-0001,2026-04-01,Tablet,22646,642,101.09,37,2039.22
CAMP-0012,2026-04-01,Desktop,23846,403,802.48,4,228.27
CAMP-0012,2026-04-01,Mobile,23503,1604,675.27,104,11519.80
CAMP-0012,2026-04-01,Tablet,17336,1376,885.57,16,1145.14
CAMP-0017,2026-04-02,Desktop,14347,961,71.68,43,5536.57
CAMP-0017,2026-04-02,Mobile,21156,1513,788.42,165,10863.66
CAMP-0017,2026-04-02,Tablet,5428,200,432.22,2,290.41
CAMP-0009,2026-04-02,Desktop,5187,365,388.06,37,4751.30
CAMP-0009,2026-04-02,Mobile,16692,233,461.97,8,479.70
CAMP-0009,2026-04-02,Tablet,3991,140,192.06,6,491.29
CAMP-0004,2026-04-02,Desktop,24968,473,437.71,41,4183.23
CAMP-0004,2026-04-02,Mobile,13954,166,721.32,11,1019.76
CAMP-0004,2026-04-02,Tablet,3962,182,265.71,7,412.87
CAMP-0014,2026-04-02,Desktop,9611,579,751.41,60,8773.05
CAMP-0014,2026-04-02,Mobile,5658,377,293.87,18,1641.22
CAMP-0014,2026-04-02,Tablet,19479,176,153.47,13,1980.37
CAMP-0014,2026-04-03,Desktop,19983,826,895.07,7,660.05
CAMP-0014,2026-04-03,Mobile,12002,527,353.33,49,1806.71
CAMP-0014,2026-04-03,Tablet,21396,841,731.58,95,7881.84
CAMP-0002,2026-04-03,Desktop,8876,669,829.57,19,2218.83
CAMP-0002,2026-04-03,Mobile,2551,184,321.53,9,897.45
CAMP-0002,2026-04-03,Tablet,1950,94,130.61,3,305.98
CAMP-0001,2026-04-03,Desktop,22213,1508,348.42,49,2833.00
CAMP-0001,2026-04-03,Mobile,9240,524,214.39,41,2870.66
CAMP-0001,2026-04-03,Tablet,7314,401,97.64,3,182.13
CAMP-0003,2026-04-03,Desktop,16899,1237,104.89,128,4621.29
CAMP-0003,2026-04-03,Mobile,21777,994,864.07,47,1796.01
CAMP-0003,2026-04-03,Tablet,21764,179,554.78,17,646.39
CAMP-0018,2026-04-03,Desktop,22004,1487,284.59,120,12694.86
CAMP-0018,2026-04-03,Mobile,16415,152,530.50,12,691.82
CAMP-0018,2026-04-03,Tablet,6019,47,383.77,5,452.84
CAMP-0007,2026-04-03,Desktop,4600,357,22.38,40,5128.08
CAMP-0007,2026-04-03,Mobile,24021,1573,895.38,58,5345.42
CAMP-0007,2026-04-03,Tablet,14868,507,556.67,24,1507.15
CAMP-0020,2026-04-03,Desktop,7078,173,642.88,15,1076.05
CAMP-0020,2026-04-03,Mobile,21640,1091,419.05,28,2872.23
CAMP-0020,2026-04-03,Tablet,20680,1574,87.75,43,2816.94
CAMP-0011,2026-04-03,Desktop,11582,429,179.45,12,1806.94
CAMP-0011,2026-04-03,Mobile,15029,747,460.50,79,5892.86
CAMP-0011,2026-04-03,Tablet,2083,66,832.55,5,428.84
CAMP-0015,2026-04-03,Desktop,23322,1654,366.42,6,383.93
CAMP-0015,2026-04-03,Mobile,22046,307,635.76,34,3927.97
CAMP-0015,2026-04-03,Tablet,15833,933,233.90,27,4069.21
CAMP-0004,2026-04-03,Desktop,19630,317,271.73,7,294.99
CAMP-0004,2026-04-03,Mobile,9508,646,715.83,25,2244.50
CAMP-0004,2026-04-03,Tablet,11051,114,145.75,1,143.80
CAMP-0017,2026-04-04,Desktop,13040,803,299.29,23,3245.21
CAMP-0017,2026-04-04,Mobile,22889,1669,322.02,115,13589.97
CAMP-0017,2026-04-04,Tablet,13055,682,55.94,4,273.40
CAMP-0008,2026-04-04,Desktop,9893,355,299.90,16,564.60
CAMP-0008,2026-04-04,Mobile,2584,133,658.84,15,1472.89
CAMP-0008,2026-04-04,Tablet,5921,160,344.07,13,1789.87
CAMP-0019,2026-04-04,Desktop,5118,53,147.46,6,316.26
CAMP-0019,2026-04-04,Mobile,12747,196,660.37,6,513.35
CAMP-0019,2026-04-04,Tablet,14152,910,285.17,61,3163.67
CAMP-0015,2026-04-04,Desktop,7533,356,75.59,38,1375.44
CAMP-0015,2026-04-04,Mobile,16784,1068,413.71,21,3130.77
CAMP-0015,2026-04-04,Tablet,5387,69,730.52,0,0.00
CAMP-0003,2026-04-04,Desktop,18072,1101,258.23,15,1937.16
CAMP-0003,2026-04-04,Mobile,9555,350,817.98,31,2004.98
CAMP-0003,2026-04-04,Tablet,24511,1212,399.14,142,6838.90
CAMP-0005,2026-04-04,Desktop,1506,63,357.20,2,280.41
CAMP-0005,2026-04-04,Mobile,19642,1035,855.91,119,17796.36
CAMP-0005,2026-04-04,Tablet,20271,776,24.34,88,8208.35
CAMP-0009,2026-04-04,Desktop,6780,288,618.53,2,159.46
CAMP-0009,2026-04-04,Mobile,13247,66,504.76,0,0.00
CAMP-0009,2026-04-04,Tablet,16335,946,655.26,80,3951.53
CAMP-0010,2026-04-04,Desktop,13773,102,440.87,6,378.93
CAMP-0010,2026-04-04,Mobile,9221,203,777.15,15,1012.03
CAMP-0010,2026-04-04,Tablet,9358,527,453.28,13,1990.86
CAMP-0001,2026-04-04,Desktop,16743,970,87.46,89,10406.29
CAMP-0001,2026-04-04,Mobile,8762,107,351.93,7,502.55
CAMP-0001,2026-04-04,Tablet,17716,718,136.26,64,2877.37
CAMP-0012,2026-04-05,Desktop,13406,1007,203.52,88,11160.67
CAMP-0012,2026-04-05,Mobile,14564,711,33.29,55,8717.91
CAMP-0012,2026-04-05,Tablet,740,9,692.86,1,79.10
CAMP-0001,2026-04-05,Desktop,5956,338,740.36,12,477.94
CAMP-0001,2026-04-05,Mobile,11376,629,517.06,16,1590.38
CAMP-0001,2026-04-05,Tablet,7553,185,295.14,7,884.59
CAMP-0014,2026-04-05,Desktop,8839,275,639.55,17,598.53
CAMP-0014,2026-04-05,Mobile,6137,72,295.36,8,1265.59
CAMP-0014,2026-04-05,Tablet,15858,238,563.75,24,3064.20
CAMP-0009,2026-04-05,Desktop,11252,105,96.54,9,1243.52
CAMP-0009,2026-04-05,Mobile,5418,172,67.99,6,448.97
CAMP-0009,2026-04-05,Tablet,1076,6,664.55,1,63.00
CAMP-0019,2026-04-05,Desktop,7713,433,539.16,14,1481.32
CAMP-0019,2026-04-05,Mobile,6282,298,142.96,30,2006.31
CAMP-0019,2026-04-05,Tablet,15277,983,543.62,64,5551.61
CAMP-0018,2026-04-05,Desktop,7194,272,529.93,23,1925.95
CAMP-0018,2026-04-05,Mobile,2368,90,308.94,1,46.60
CAMP-0018,2026-04-05,Tablet,18015,248,861.67,8,887.41
CAMP-0002,2026-04-05,Desktop,22104,1644,488.61,155,23410.95
CAMP-0002,2026-04-05,Mobile,13252,94,802.23,7,672.43
CAMP-0002,2026-04-05,Tablet,7309,154,487.68,8,1202.84
CAMP-0006,2026-04-05,Desktop,14586,607,73.47,36,1665.93
CAMP-0006,2026-04-05,Mobile,20718,1422,352.53,127,15758.48
CAMP-0006,2026-04-05,Tablet,21441,1630,653.64,21,1855.73
CAMP-0019,2026-04-06,Desktop,15990,951,140.93,101,12466.74
CAMP-0019,2026-04-06,Mobile,10534,549,892.80,3,445.35
CAMP-0019,2026-04-06,Tablet,15278,795,437.55,9,996.08
CAMP-0002,2026-04-06,Desktop,12175,572,115.72,31,4799.63
CAMP-0002,2026-04-06,Mobile,4419,196,878.25,14,1585.56
CAMP-0002,2026-04-06,Tablet,15006,1059,120.52,116,17421.45
CAMP-0015,2026-04-06,Desktop,12570,508,848.11,7,627.01
CAMP-0015,2026-04-06,Mobile,12945,532,450.42,50,2444.98
CAMP-0015,2026-04-06,Tablet,16938,906,50.49,11,1206.42
CAMP-0011,2026-04-06,Desktop,2663,83,640.39,6,361.62
CAMP-0011,2026-04-06,Mobile,15208,841,230.38,68,10214.59
CAMP-0011,2026-04-06,Tablet,14089,228,215.08,26,3631.60
CAMP-0008,2026-04-06,Desktop,22898,1821,778.73,52,4717.88
CAMP-0008,2026-04-06,Mobile,21792,124,663.89,14,598.41
CAMP-0008,2026-04-06,Tablet,10517,830,81.96,3,349.34
CAMP-0007,2026-04-06,Desktop,2341,144,627.09,17,1711.53
CAMP-0007,2026-04-06,Mobile,21358,723,296.61,2,199.74
CAMP-0007,2026-04-06,Tablet,6499,141,91.23,14,2077.57
CAMP-0009,2026-04-06,Desktop,21195,383,512.13,30,2389.91
CAMP-0009,2026-04-06,Mobile,2289,14,204.42,1,69.20
CAMP-0009,2026-04-06,Tablet,23173,1177,460.16,52,5686.87
CAMP-0004,2026-04-06,Desktop,20932,1600,130.76,139,12522.03
CAMP-0004,2026-04-06,Mobile,18088,487,222.65,9,799.24
CAMP-0004,2026-04-06,Tablet,24261,1152,26.29,16,2082.79
CAMP-0007,2026-04-07,Desktop,20591,375,165.97,12,687.27
CAMP-0007,2026-04-07,Mobile,7136,219,360.58,6,880.78
CAMP-0007,2026-04-07,Tablet,15475,459,232.98,46,5511.82
CAMP-0005,2026-04-07,Desktop,12403,690,624.35,15,1168.83
CAMP-0005,2026-04-07,Mobile,9312,216,544.23,7,629.40
CAMP-0005,2026-04-07,Tablet,3556,218,396.06,21,3115.96
CAMP-0009,2026-04-07,Desktop,9779,118,344.10,2,255.24
CAMP-0009,2026-04-07,Mobile,15565,352,293.75,26,3040.15
CAMP-0009,2026-04-07,Tablet,6661,433,277.29,50,1760.76
CAMP-0003,2026-04-07,Desktop,24159,1463,652.10,174,8255.84
CAMP-0003,2026-04-07,Mobile,7865,581,725.77,62,3659.69
CAMP-0003,2026-04-07,Tablet,11219,533,413.03,27,3153.36
CAMP-0017,2026-04-07,Desktop,7677,321,617.31,2,200.27
CAMP-0017,2026-04-07,Mobile,23981,1573,270.16,116,6444.10
CAMP-0017,2026-04-07,Tablet,7423,294,547.07,0,0.00
CAMP-0013,2026-04-07,Desktop,19424,1257,155.78,67,9274.23
CAMP-0013,2026-04-07,Mobile,17453,315,641.15,19,2475.02
CAMP-0013,2026-04-07,Tablet,11809,771,583.28,57,6634.31
CAMP-0001,2026-04-07,Desktop,2844,193,648.07,2,202.24
CAMP-0001,2026-04-07,Mobile,22286,615,64.48,71,10099.64
CAMP-0001,2026-04-07,Tablet,14436,351,349.48,16,1892.58
CAMP-0002,2026-04-07,Desktop,4382,271,31.02,7,361.84
CAMP-0002,2026-04-07,Mobile,8914,653,326.19,52,5418.53
CAMP-0002,2026-04-07,Tablet,2560,147,547.16,2,90.69
CAMP-0016,2026-04-07,Desktop,10898,344,54.27,6,927.83
CAMP-0016,2026-04-07,Mobile,17216,286,200.42,10,1501.74
CAMP-0016,2026-04-07,Tablet,22565,779,325.54,89,13243.42
CAMP-0010,2026-04-07,Desktop,20665,525,633.28,15,899.53
CAMP-0010,2026-04-07,Mobile,9728,386,132.20,24,2864.65
CAMP-0010,2026-04-07,Tablet,22721,1209,855.54,87,4933.42
CAMP-0009,2026-04-08,Desktop,1112,79,47.94,3,239.27
CAMP-0009,2026-04-08,Mobile,10766,324,173.22,1,43.06
CAMP-0009,2026-04-08,Tablet,21741,202,860.29,6,834.98
CAMP-0004,2026-04-08,Desktop,22975,233,462.86,14,2046.28
CAMP-0004,2026-04-08,Mobile,6808,445,207.40,4,307.22
CAMP-0004,2026-04-08,Tablet,13333,864,404.64,69,6269.27
CAMP-0011,2026-04-08,Desktop,3081,24,272.33,0,0.00
CAMP-0011,2026-04-08,Mobile,17480,294,393.06,1,75.08
CAMP-0011,2026-04-08,Tablet,23973,1859,20.20,115,10875.33
CAMP-0019,2026-04-08,Desktop,5274,127,559.70,12,1043.65
CAMP-0019,2026-04-08,Mobile,23040,1252,622.24,90,9476.61
CAMP-0019,2026-04-08,Tablet,4212,238,791.94,6,451.84
CAMP-0008,2026-04-08,Desktop,19888,1056,319.55,62,8851.26
CAMP-0008,2026-04-08,Mobile,20321,947,174.33,25,2457.16
CAMP-0008,2026-04-08,Tablet,4963,230,828.67,10,969.91
CAMP-0006,2026-04-09,Desktop,19914,1430,818.36,65,3127.57
CAMP-0006,2026-04-09,Mobile,14800,91,663.91,0,0.00
CAMP-0006,2026-04-09,Tablet,6467,72,152.90,6,926.93
CAMP-0013,2026-04-09,Desktop,1202,53,888.12,1,50.49
CAMP-0013,2026-04-09,Mobile,8858,396,72.11,19,1102.99
CAMP-0013,2026-04-09,Tablet,9743,338,107.00,38,2271.73
CAMP-0004,2026-04-09,Desktop,10269,377,761.54,2,98.01
CAMP-0004,2026-04-09,Mobile,14288,1091,808.50,81,3138.10
CAMP-0004,2026-04-09,Tablet,11169,221,657.00,18,2342.41
CAMP-0020,2026-04-09,Desktop,9542,514,535.74,7,792.97
CAMP-0020,2026-04-09,Mobile,11734,252,677.79,13,650.95
CAMP-0020,2026-04-09,Tablet,24074,1373,56.45,145,20669.19
CAMP-0016,2026-04-09,Desktop,20737,1027,202.64,80,5065.53
CAMP-0016,2026-04-09,Mobile,4587,83,433.95,1,62.17
CAMP-0016,2026-04-09,Tablet,8843,161,130.39,14,994.30
CAMP-0014,2026-04-09,Desktop,10339,139,111.29,15,1672.86
CAMP-0014,2026-04-09,Mobile,23121,939,798.45,51,3909.48
CAMP-0014,2026-04-09,Tablet,8959,113,560.24,9,354.51
CAMP-0003,2026-04-09,Desktop,1365,49,165.41,3,441.71
CAMP-0003,2026-04-09,Mobile,4766,90,117.82,7,717.29
CAMP-0003,2026-04-09,Tablet,19124,326,761.67,21,3142.14
CAMP-0002,2026-04-09,Desktop,20399,227,772.93,7,440.32
CAMP-0002,2026-04-09,Mobile,3595,76,112.18,9,574.52
CAMP-0002,2026-04-09,Tablet,11573,861,339.98,47,5645.87
CAMP-0014,2026-04-10,Desktop,13004,437,658.45,32,4456.40
CAMP-0014,2026-04-10,Mobile,18125,704,110.49,54,5412.59
CAMP-0014,2026-04-10,Tablet,4243,49,427.93,0,0.00
CAMP-0007,2026-04-10,Desktop,20705,528,844.53,49,6173.28
CAMP-0007,2026-04-10,Mobile,17484,1244,509.30,98,6519.13
CAMP-0007,2026-04-10,Tablet,2160,27,98.65,3,290.95
CAMP-0018,2026-04-10,Desktop,16572,349,553.81,9,530.48
CAMP-0018,2026-04-10,Mobile,8202,262,858.47,12,1571.78
CAMP-0018,2026-04-10,Tablet,17407,324,860.14,30,1311.94
CAMP-0003,2026-04-10,Desktop,8782,542,249.71,12,628.69
CAMP-0003,2026-04-10,Mobile,15349,390,181.94,3,209.41
CAMP-0003,2026-04-10,Tablet,6650,122,537.50,4,166.90
CAMP-0004,2026-04-10,Desktop,7057,304,343.35,34,4231.23
CAMP-0004,2026-04-10,Mobile,6153,108,666.33,6,479.59
CAMP-0004,2026-04-10,Tablet,19073,563,754.55,35,2973.12
CAMP-0009,2026-04-10,Desktop,24299,1421,399.12,119,18256.43
CAMP-0009,2026-04-10,Mobile,9580,522,581.60,21,2742.02
CAMP-0009,2026-04-10,Tablet,18256,1412,47.48,119,13058.20
CAMP-0020,2026-04-10,Desktop,16705,1119,215.13,50,5858.47
CAMP-0020,2026-04-10,Mobile,3192,90,404.17,2,161.83
CAMP-0020,2026-04-10,Tablet,17319,1263,480.77,138,14195.39
CAMP-0011,2026-04-10,Desktop,23651,839,210.56,33,3256.44
CAMP-0011,2026-04-10,Mobile,3792,276,888.96,25,3926.03
CAMP-0011,2026-04-10,Tablet,11561,691,353.35,28,1352.76
CAMP-0008,2026-04-10,Desktop,6817,541,617.10,15,1645.28
CAMP-0008,2026-04-10,Mobile,3253,177,412.63,6,494.57
CAMP-0008,2026-04-10,Tablet,8001,77,660.83,3,291.48
CAMP-0006,2026-04-10,Desktop,16426,385,441.48,45,2846.78
CAMP-0006,2026-04-10,Mobile,21784,1549,723.09,77,11229.49
CAMP-0006,2026-04-10,Tablet,13047,1028,612.70,21,1938.47
CAMP-0001,2026-04-11,Desktop,1879,103,612.79,11,1258.09
CAMP-0001,2026-04-11,Mobile,20396,1160,849.24,84,10221.79
CAMP-0001,2026-04-11,Tablet,14952,913,739.78,14,1315.61
CAMP-0004,2026-04-11,Desktop,21573,1516,716.02,107,14664.14
CAMP-0004,2026-04-11,Mobile,20155,187,887.85,20,2336.64
CAMP-0004,2026-04-11,Tablet,11942,548,511.23,35,2624.98
CAMP-0007,2026-04-11,Desktop,2646,202,529.81,12,581.24
CAMP-0007,2026-04-11,Mobile,6977,190,782.12,22,1833.48
CAMP-0007,2026-04-11,Tablet,13316,1037,397.89,87,7523.66
CAMP-0020,2026-04-11,Desktop,9435,618,793.25,65,8429.13
CAMP-0020,2026-04-11,Mobile,1510,72,769.68,3,415.23
CAMP-0020,2026-04-11,Tablet,2150,60,233.21,3,432.25
CAMP-0015,2026-04-11,Desktop,2059,98,493.51,0,0.00
CAMP-0015,2026-04-11,Mobile,14131,969,158.39,19,1691.56
CAMP-0015,2026-04-11,Tablet,19971,1162,220.17,75,6856.54
CAMP-0017,2026-04-11,Desktop,20921,924,896.28,24,1709.06
CAMP-0017,2026-04-11,Mobile,2297,171,343.83,1,143.39
CAMP-0017,2026-04-11,Tablet,5873,76,82.17,2,250.49
CAMP-0019,2026-04-11,Desktop,3000,21,420.91,1,90.31
CAMP-0019,2026-04-11,Mobile,1484,86,559.26,5,596.19
CAMP-0019,2026-04-11,Tablet,3820,162,73.95,17,2566.96
CAMP-0012,2026-04-11,Desktop,4320,51,805.34,2,171.19
CAMP-0012,2026-04-11,Mobile,1376,95,785.12,5,742.99
CAMP-0012,2026-04-11,Tablet,14291,654,707.07,16,2190.48
CAMP-0004,2026-04-12,Desktop,11422,206,586.65,2,198.54
CAMP-0004,2026-04-12,Mobile,16881,524,38.95,18,1661.99
CAMP-0004,2026-04-12,Tablet,18820,672,269.76,25,3955.63
CAMP-0003,2026-04-12,Desktop,1486,26,732.03,1,42.99
CAMP-0003,2026-04-12,Mobile,9497,151,175.74,10,550.58
CAMP-0003,2026-04-12,Tablet,16790,970,569.82,77,9790.23
CAMP-0005,2026-04-12,Desktop,4488,232,39.42,18,1502.99
CAMP-0005,2026-04-12,Mobile,11473,740,561.15,79,9552.61
CAMP-0005,2026-04-12,Tablet,4753,111,790.43,4,375.64
CAMP-0012,2026-04-12,Desktop,11351,706,214.79,28,1287.19
CAMP-0012,2026-04-12,Mobile,18209,273,718.12,12,517.97
CAMP-0012,2026-04-12,Tablet,7025,35,657.92,3,446.64
CAMP-0010,2026-04-12,Desktop,13738,254,822.57,23,2308.40
CAMP-0010,2026-04-12,Mobile,10059,435,330.44,51,2277.67
CAMP-0010,2026-04-12,Tablet,6738,52,368.08,0,0.00
CAMP-0009,2026-04-12,Desktop,17873,1077,284.87,94,14421.83
CAMP-0009,2026-04-12,Mobile,19126,1405,281.61,111,15070.61
CAMP-0009,2026-04-12,Tablet,5486,298,444.30,7,291.58
CAMP-0013,2026-04-12,Desktop,7661,274,555.87,26,2705.48
CAMP-0013,2026-04-12,Mobile,15767,357,563.86,8,1021.31
CAMP-0013,2026-04-12,Tablet,15862,468,128.36,2,277.95
CAMP-0018,2026-04-12,Desktop,24776,399,174.69,20,2526.73
CAMP-0018,2026-04-12,Mobile,1573,24,177.85,1,123.90
CAMP-0018,2026-04-12,Tablet,17485,1215,228.36,72,10435.98
CAMP-0016,2026-04-12,Desktop,19020,787,253.13,22,3336.84
CAMP-0016,2026-04-12,Mobile,15152,648,862.63,14,1604.36
CAMP-0016,2026-04-12,Tablet,8094,47,844.97,3,205.72
CAMP-0014,2026-04-12,Desktop,17032,1319,487.50,27,2659.55
CAMP-0014,2026-04-12,Mobile,12345,186,162.97,20,3058.49
CAMP-0014,2026-04-12,Tablet,24322,925,402.28,87,8643.62
CAMP-0009,2026-04-13,Desktop,13261,919,236.37,12,1013.50
CAMP-0009,2026-04-13,Mobile,4560,172,893.96,8,591.76
CAMP-0009,2026-04-13,Tablet,12525,284,218.20,4,537.75
CAMP-0003,2026-04-13,Desktop,8459,126,358.06,9,1400.96
CAMP-0003,2026-04-13,Mobile,9340,730,859.11,69,8484.03
CAMP-0003,2026-04-13,Tablet,23786,442,368.55,38,5316.37
CAMP-0015,2026-04-13,Desktop,19764,536,265.09,37,5600.39
CAMP-0015,2026-04-13,Mobile,15601,619,507.25,42,2528.16
CAMP-0015,2026-04-13,Tablet,16437,421,88.03,6,446.99
CAMP-0008,2026-04-13,Desktop,24798,1247,373.54,30,1919.52
CAMP-0008,2026-04-13,Mobile,19321,944,482.67,45,5689.67
CAMP-0008,2026-04-13,Tablet,23337,538,260.99,4,176.38
CAMP-0007,2026-04-13,Desktop,4273,322,887.27,36,4848.12
CAMP-0007,2026-04-13,Mobile,3832,125,426.93,1,80.68
CAMP-0007,2026-04-13,Tablet,8095,329,206.53,28,1162.35
CAMP-0016,2026-04-13,Desktop,1094,14,796.52,0,0.00
CAMP-0016,2026-04-13,Mobile,21384,958,795.43,12,496.46
CAMP-0016,2026-04-13,Tablet,4112,215,372.21,20,1193.24
CAMP-0006,2026-04-13,Desktop,22794,647,364.09,59,9226.83
CAMP-0006,2026-04-13,Mobile,10964,174,367.15,6,650.85
CAMP-0006,2026-04-13,Tablet,17729,523,83.10,3,210.75
CAMP-0020,2026-04-13,Desktop,19876,1395,471.05,124,5336.90
CAMP-0020,2026-04-13,Mobile,663,12,212.58,0,0.00
CAMP-0020,2026-04-13,Tablet,8551,145,140.69,4,282.11
CAMP-0002,2026-04-13,Desktop,9458,645,637.01,16,1112.64
CAMP-0002,2026-04-13,Mobile,22651,720,691.32,73,3135.68
CAMP-0002,2026-04-13,Tablet,23387,1614,313.10,171,13518.80
CAMP-0011,2026-04-14,Desktop,15854,1170,389.67,23,2622.12
CAMP-0011,2026-04-14,Mobile,24123,1679,459.84,190,18024.82
CAMP-0011,2026-04-14,Tablet,502,27,548.85,2,94.60
CAMP-0009,2026-04-14,Desktop,6514,170,435.65,11,544.78
CAMP-0009,2026-04-14,Mobile,585,15,160.46,1,126.26
CAMP-0009,2026-04-14,Tablet,24391,1066,716.68,88,12793.82
CAMP-0015,2026-04-14,Desktop,782,43,305.93,4,228.52
CAMP-0015,2026-04-14,Mobile,6029,345,417.69,14,2179.88
CAMP-0015,2026-04-14,Tablet,20349,708,473.95,9,1437.87
CAMP-0016,2026-04-14,Desktop,8840,297,152.46,11,1144.98
CAMP-0016,2026-04-14,Mobile,15341,1177,643.14,70,6293.85
CAMP-0016,2026-04-14,Tablet,7703,247,520.61,6,884.72
CAMP-0019,2026-04-14,Desktop,9347,503,683.09,4,397.53
CAMP-0019,2026-04-14,Mobile,19702,330,515.97,6,567.16
CAMP-0019,2026-04-14,Tablet,6108,137,220.37,9,1207.47
CAMP-0018,2026-04-14,Desktop,12477,206,898.80,18,2671.23
CAMP-0018,2026-04-14,Mobile,23911,1745,183.14,160,11020.91
CAMP-0018,2026-04-14,Tablet,22729,182,155.84,16,1258.67
CAMP-0001,2026-04-14,Desktop,4641,265,538.01,9,1056.21
CAMP-0001,2026-04-14,Mobile,8763,185,47.04,14,1336.39
CAMP-0001,2026-04-14,Tablet,5259,28,787.79,3,265.57
CAMP-0007,2026-04-14,Desktop,15553,670,697.03,16,2234.67
CAMP-0007,2026-04-14,Mobile,17725,1095,892.38,43,5923.77
CAMP-0007,2026-04-14,Tablet,18708,1050,838.57,9,675.97
CAMP-0001,2026-04-15,Desktop,23430,572,112.59,60,9450.78
CAMP-0001,2026-04-15,Mobile,7421,421,270.75,36,2791.69
CAMP-0001,2026-04-15,Tablet,11239,109,496.37,10,895.21
CAMP-0016,2026-04-15,Desktop,21266,1651,751.98,82,8488.01
CAMP-0016,2026-04-15,Mobile,22109,1497,786.14,57,3774.34
CAMP-0016,2026-04-15,Tablet,7172,533,561.75,39,3555.74
CAMP-0007,2026-04-15,Desktop,9246,226,320.19,9,1368.33
CAMP-0007,2026-04-15,Mobile,575,22,886.89,0,0.00
CAMP-0007,2026-04-15,Tablet,12744,799,710.27,9,516.34
CAMP-0008,2026-04-15,Desktop,9368,561,818.29,11,799.99
CAMP-0008,2026-04-15,Mobile,14047,785,181.17,27,2766.51
CAMP-0008,2026-04-15,Tablet,22983,500,541.85,0,0.00
CAMP-0009,2026-04-15,Desktop,19835,793,829.15,74,2713.42
CAMP-0009,2026-04-15,Mobile,18247,405,706.20,14,875.33
CAMP-0009,2026-04-15,Tablet,14021,499,608.38,47,3447.36
CAMP-0005,2026-04-15,Desktop,6781,436,685.77,43,6084.75
CAMP-0005,2026-04-15,Mobile,971,65,559.07,5,586.80
CAMP-0005,2026-04-15,Tablet,18350,252,696.63,19,1560.28
CAMP-0018,2026-04-15,Desktop,7314,346,184.01,23,2868.83
CAMP-0018,2026-04-15,Mobile,18275,1286,232.79,75,4088.80
CAMP-0018,2026-04-15,Tablet,2185,117,27.40,14,1357.51
CAMP-0004,2026-04-15,Desktop,7404,233,75.12,20,2754.05
CAMP-0004,2026-04-15,Mobile,16111,545,41.08,65,6874.52
CAMP-0004,2026-04-15,Tablet,7110,315,249.56,25,2184.54
CAMP-0017,2026-04-15,Desktop,11554,845,370.44,13,522.22
CAMP-0017,2026-04-15,Mobile,21345,155,33.52,13,525.37
CAMP-0017,2026-04-15,Tablet,20599,770,850.27,77,4792.46
CAMP-0004,2026-04-16,Desktop,17689,106,267.21,10,1164.32
CAMP-0004,2026-04-16,Mobile,10609,123,185.78,5,245.76
CAMP-0004,2026-04-16,Tablet,17775,1276,388.96,77,8895.67
CAMP-0008,2026-04-16,Desktop,2397,50,724.67,5,334.79
CAMP-0008,2026-04-16,Mobile,16211,183,240.66,1,74.62
CAMP-0008,2026-04-16,Tablet,2172,120,789.75,4,254.69
CAMP-0003,2026-04-16,Desktop,14655,835,511.82,27,4225.80
CAMP-0003,2026-04-16,Mobile,4114,246,145.68,14,689.89
CAMP-0003,2026-04-16,Tablet,16277,178,465.07,18,2206.89
CAMP-0019,2026-04-16,Desktop,12833,203,869.35,13,1975.19
CAMP-0019,2026-04-16,Mobile,9141,116,35.98,1,151.46
CAMP-0019,2026-04-16,Tablet,5749,431,137.21,33,4814.71
CAMP-0009,2026-04-16,Desktop,9152,685,689.01,16,1970.57
CAMP-0009,2026-04-16,Mobile,17553,1327,609.43,151,6033.82
CAMP-0009,2026-04-16,Tablet,9351,624,118.25,15,1686.40
CAMP-0015,2026-04-16,Desktop,6056,349,369.50,26,3820.97
CAMP-0015,2026-04-16,Mobile,9595,536,492.81,24,3212.93
CAMP-0015,2026-04-16,Tablet,11866,308,412.27,30,3165.64
CAMP-0006,2026-04-17,Desktop,17977,1195,373.30,76,5378.79
CAMP-0006,2026-04-17,Mobile,10466,783,148.52,73,10197.77
CAMP-0006,2026-04-17,Tablet,14520,586,792.26,8,1260.11
CAMP-0013,2026-04-17,Desktop,24215,1749,662.24,163,20630.90
CAMP-0013,2026-04-17,Mobile,20192,1170,526.64,48,6240.35
CAMP-0013,2026-04-17,Tablet,3968,172,28.06,20,1803.08
CAMP-0005,2026-04-17,Desktop,2408,56,360.31,4,156.10
CAMP-0005,2026-04-17,Mobile,14138,986,451.31,93,10458.74
CAMP-0005,2026-04-17,Tablet,21808,306,696.55,19,1781.75
CAMP-0004,2026-04-17,Desktop,19112,576,337.27,7,344.75
CAMP-0004,2026-04-17,Mobile,897,15,534.05,0,0.00
CAMP-0004,2026-04-17,Tablet,2373,81,809.85,1,75.60
CAMP-0011,2026-04-17,Desktop,12740,377,764.39,35,2567.38
CAMP-0011,2026-04-17,Mobile,17230,1365,282.91,15,608.77
CAMP-0011,2026-04-17,Tablet,7681,223,646.09,15,1787.25
CAMP-0002,2026-04-17,Desktop,6328,410,145.20,29,1339.97
CAMP-0002,2026-04-17,Mobile,22051,1364,455.13,56,7540.73
CAMP-0002,2026-04-17,Tablet,14915,645,50.94,20,1113.81
CAMP-0001,2026-04-17,Desktop,21424,929,826.00,55,7788.82
CAMP-0001,2026-04-17,Mobile,13202,392,580.67,46,7276.08
CAMP-0001,2026-04-17,Tablet,15041,650,711.88,15,732.59
CAMP-0003,2026-04-18,Desktop,3615,127,465.55,14,1670.41
CAMP-0003,2026-04-18,Mobile,9360,667,240.03,63,8516.53
CAMP-0003,2026-04-18,Tablet,1865,87,723.25,4,564.80
CAMP-0002,2026-04-18,Desktop,19015,1218,110.52,126,16120.38
CAMP-0002,2026-04-18,Mobile,11798,384,326.44,25,3720.37
CAMP-0002,2026-04-18,Tablet,4159,240,748.32,26,2506.20
CAMP-0004,2026-04-18,Desktop,551,18,516.33,0,0.00
CAMP-0004,2026-04-18,Mobile,18286,207,877.73,3,377.14
CAMP-0004,2026-04-18,Tablet,12919,945,451.62,84,3523.83
CAMP-0016,2026-04-18,Desktop,23560,1815,319.35,134,14662.77
CAMP-0016,2026-04-18,Mobile,18237,972,758.25,52,2860.70
CAMP-0016,2026-04-18,Tablet,11817,250,345.50,28,4168.16
CAMP-0019,2026-04-18,Desktop,13844,972,356.96,34,3030.32
CAMP-0019,2026-04-18,Mobile,21717,1508,840.99,130,14599.61
CAMP-0019,2026-04-18,Tablet,1812,22,841.30,1,114.10
CAMP-0013,2026-04-18,Desktop,20058,147,98.92,3,417.98
CAMP-0013,2026-04-18,Mobile,19959,929,743.62,93,4814.14
CAMP-0013,2026-04-18,Tablet,5490,403,516.22,35,3187.14
CAMP-0008,2026-04-19,Desktop,24814,1875,121.41,151,11401.45
CAMP-0008,2026-04-19,Mobile,13952,647,413.27,38,6031.19
CAMP-0008,2026-04-19,Tablet,7924,287,200.35,34,4641.70
CAMP-0002,2026-04-19,Desktop,13225,568,637.97,4,225.97
CAMP-0002,2026-04-19,Mobile,8682,124,690.24,13,997.87
CAMP-0002,2026-04-19,Tablet,20092,1145,116.70,137,21328.48
CAMP-0014,2026-04-19,Desktop,3846,164,688.62,3,385.57
CAMP-0014,2026-04-19,Mobile,14227,652,434.10,67,4113.26
CAMP-0014,2026-04-19,Tablet,8887,441,374.39,31,4909.68
CAMP-0006,2026-04-19,Desktop,24391,713,545.20,71,5494.10
CAMP-0006,2026-04-19,Mobile,14560,832,627.91,79,7879.01
CAMP-0006,2026-04-19,Tablet,18538,636,403.94,15,561.86
CAMP-0005,2026-04-19,Desktop,5093,245,62.54,29,1126.82
CAMP-0005,2026-04-19,Mobile,5178,28,827.03,2,251.62
CAMP-0005,2026-04-19,Tablet,18203,637,817.62,33,1165.57
CAMP-0020,2026-04-19,Desktop,6455,479,69.73,28,3257.58
CAMP-0020,2026-04-19,Mobile,9312,441,394.25,31,3567.11
CAMP-0020,2026-04-19,Tablet,18245,330,690.86,15,2322.03
CAMP-0008,2026-04-20,Desktop,22391,691,711.61,60,6710.30
CAMP-0008,2026-04-20,Mobile,24482,263,761.28,18,957.45
CAMP-0008,2026-04-20,Tablet,11819,252,480.77,10,1260.41
CAMP-0005,2026-04-20,Desktop,7704,516,577.91,12,1657.64
CAMP-0005,2026-04-20,Mobile,1929,132,830.75,8,315.46
CAMP-0005,2026-04-20,Tablet,22343,189,719.04,2,222.09
CAMP-0019,2026-04-20,Desktop,13258,757,863.47,8,320.50
CAMP-0019,2026-04-20,Mobile,11196,271,268.65,27,1568.31
CAMP-0019,2026-04-20,Tablet,1248,58,726.04,3,186.84
CAMP-0002,2026-04-20,Desktop,16284,924,632.60,10,1335.79
CAMP-0002,2026-04-20,Mobile,13456,685,53.36,33,4067.91
CAMP-0002,2026-04-20,Tablet,13391,354,326.23,6,303.61
CAMP-0018,2026-04-20,Desktop,8774,45,169.89,4,262.18
CAMP-0018,2026-04-20,Mobile,11819,836,758.85,15,1840.39
CAMP-0018,2026-04-20,Tablet,23813,578,598.14,19,1689.19
CAMP-0008,2026-04-21,Desktop,18293,598,496.61,40,3883.72
CAMP-0008,2026-04-21,Mobile,12294,572,231.35,36,3866.98
CAMP-0008,2026-04-21,Tablet,19805,1153,325.83,57,5371.85
CAMP-0014,2026-04-21,Desktop,9287,355,331.54,27,1923.92
CAMP-0014,2026-04-21,Mobile,2956,80,248.17,2,308.02
CAMP-0014,2026-04-21,Tablet,15385,630,551.42,9,1019.65
CAMP-0016,2026-04-21,Desktop,7332,349,647.59,29,2582.86
CAMP-0016,2026-04-21,Mobile,12493,507,770.53,32,1733.95
CAMP-0016,2026-04-21,Tablet,20258,808,561.96,7,518.64
CAMP-0018,2026-04-21,Desktop,10024,757,83.42,62,5875.95
CAMP-0018,2026-04-21,Mobile,21131,1561,770.46,61,6638.10
CAMP-0018,2026-04-21,Tablet,3795,272,661.98,7,958.59
CAMP-0015,2026-04-21,Desktop,20835,828,241.63,46,2857.04
CAMP-0015,2026-04-21,Mobile,11859,602,417.08,1,103.19
CAMP-0015,2026-04-21,Tablet,23777,537,653.73,8,940.65
CAMP-0015,2026-04-22,Desktop,15606,496,118.77,44,2815.32
CAMP-0015,2026-04-22,Mobile,9469,502,685.71,40,3852.14
CAMP-0015,2026-04-22,Tablet,5453,411,322.83,42,3637.73
CAMP-0014,2026-04-22,Desktop,22688,1814,762.82,56,5638.63
CAMP-0014,2026-04-22,Mobile,19274,722,463.80,72,7209.58
CAMP-0014,2026-04-22,Tablet,11299,697,763.37,30,3737.82
CAMP-0011,2026-04-22,Desktop,23087,764,591.30,36,2430.53
CAMP-0011,2026-04-22,Mobile,16763,825,222.02,4,613.56
CAMP-0011,2026-04-22,Tablet,18136,1271,146.67,81,7343.06
CAMP-0010,2026-04-22,Desktop,16863,355,157.98,6,754.76
CAMP-0010,2026-04-22,Mobile,4440,322,646.41,35,1866.33
CAMP-0010,2026-04-22,Tablet,21107,939,557.61,42,6638.88
CAMP-0002,2026-04-22,Desktop,23065,269,493.24,21,999.85
CAMP-0002,2026-04-22,Mobile,13315,280,693.42,22,1521.58
CAMP-0002,2026-04-22,Tablet,522,2,365.53,1,76.77
CAMP-0017,2026-04-22,Desktop,14758,99,616.43,9,1411.90
CAMP-0017,2026-04-22,Mobile,22355,1618,858.33,1,107.13
CAMP-0017,2026-04-22,Tablet,9180,707,427.17,16,1245.57
CAMP-0007,2026-04-22,Desktop,1571,17,667.20,2,162.95
CAMP-0007,2026-04-22,Mobile,5237,104,383.96,11,428.08
CAMP-0007,2026-04-22,Tablet,2926,126,198.99,0,0.00
CAMP-0012,2026-04-22,Desktop,18284,733,348.00,64,4114.12
CAMP-0012,2026-04-22,Mobile,4427,82,704.13,1,145.99
CAMP-0012,2026-04-22,Tablet,4337,50,257.65,3,299.69
CAMP-0005,2026-04-22,Desktop,3235,56,85.43,6,618.59
CAMP-0005,2026-04-22,Mobile,9081,57,64.00,6,337.55
CAMP-0005,2026-04-22,Tablet,3869,241,394.17,2,128.87
CAMP-0004,2026-04-22,Desktop,3363,17,481.84,0,0.00
CAMP-0004,2026-04-22,Mobile,23818,149,116.66,3,168.63
CAMP-0004,2026-04-22,Tablet,4914,204,491.92,6,697.50
CAMP-0003,2026-04-23,Desktop,3509,116,543.27,4,350.46
CAMP-0003,2026-04-23,Mobile,11246,712,697.73,22,1623.07
CAMP-0003,2026-04-23,Tablet,7423,107,144.18,6,504.97
CAMP-0007,2026-04-23,Desktop,11838,259,573.99,16,1924.74
CAMP-0007,2026-04-23,Mobile,8482,677,626.56,20,1261.00
CAMP-0007,2026-04-23,Tablet,21149,1026,317.61,78,7385.18
CAMP-0008,2026-04-23,Desktop,9529,475,194.20,56,4924.56
CAMP-0008,2026-04-23,Mobile,7224,520,555.63,41,3747.26
CAMP-0008,2026-04-23,Tablet,5726,375,419.10,37,5874.42
CAMP-0018,2026-04-23,Desktop,13768,974,22.20,27,1510.44
CAMP-0018,2026-04-23,Mobile,12966,925,196.74,5,416.69
CAMP-0018,2026-04-23,Tablet,2404,123,834.32,11,407.41
CAMP-0001,2026-04-23,Desktop,9879,542,551.07,58,6857.49
CAMP-0001,2026-04-23,Mobile,20844,487,273.24,19,2563.13
CAMP-0001,2026-04-23,Tablet,11976,482,766.27,34,5220.99
CAMP-0009,2026-04-23,Desktop,21036,449,371.02,33,4597.79
CAMP-0009,2026-04-23,Mobile,9483,455,491.51,20,2239.39
CAMP-0009,2026-04-23,Tablet,19907,1214,552.88,75,5781.72
CAMP-0013,2026-04-23,Desktop,13813,418,861.73,7,782.11
CAMP-0013,2026-04-23,Mobile,2702,183,55.33,19,2715.56
CAMP-0013,2026-04-23,Tablet,8800,538,420.47,62,6171.04
CAMP-0006,2026-04-23,Desktop,2011,104,194.78,1,95.66
CAMP-0006,2026-04-23,Mobile,7060,387,285.24,41,6349.21
CAMP-0006,2026-04-23,Tablet,4075,60,679.66,2,301.84
CAMP-0017,2026-04-24,Desktop,2852,126,468.65,11,1538.55
CAMP-0017,2026-04-24,Mobile,791,47,22.29,5,713.79
CAMP-0017,2026-04-24,Tablet,18530,698,610.77,59,5416.47
CAMP-0002,2026-04-24,Desktop,15628,1148,631.63,45,1843.24
CAMP-0002,2026-04-24,Mobile,12581,271,485.17,11,1145.39
CAMP-0002,2026-04-24,Tablet,21408,526,230.46,44,4877.41
CAMP-0015,2026-04-24,Desktop,707,44,312.45,4,295.67
CAMP-0015,2026-04-24,Mobile,20119,937,388.20,36,2960.74
CAMP-0015,2026-04-24,Tablet,8155,642,20.04,52,3787.55
CAMP-0008,2026-04-24,Desktop,16127,372,145.53,20,1632.54
CAMP-0008,2026-04-24,Mobile,19931,813,249.71,30,3724.72
CAMP-0008,2026-04-24,Tablet,21611,352,223.91,11,1709.84
CAMP-0012,2026-04-24,Desktop,9373,123,282.24,12,1910.66
CAMP-0012,2026-04-24,Mobile,17538,229,99.25,9,989.79
CAMP-0012,2026-04-24,Tablet,22057,941,442.66,104,9817.60
CAMP-0004,2026-04-25,Desktop,12552,299,523.43,25,1739.89
CAMP-0004,2026-04-25,Mobile,13643,734,702.81,48,3552.07
CAMP-0004,2026-04-25,Tablet,5093,149,574.44,13,1939.46
CAMP-0003,2026-04-25,Desktop,19815,827,633.12,98,4218.43
CAMP-0003,2026-04-25,Mobile,22511,1390,180.96,97,7191.73
CAMP-0003,2026-04-25,Tablet,3468,266,25.97,21,2216.86
CAMP-0002,2026-04-25,Desktop,13874,110,641.37,7,1050.46
CAMP-0002,2026-04-25,Mobile,3044,33,376.69,1,109.68
CAMP-0002,2026-04-25,Tablet,11005,241,202.89,25,3389.97
CAMP-0001,2026-04-25,Desktop,12601,898,503.92,58,6928.92
CAMP-0001,2026-04-25,Mobile,18610,1393,227.49,14,2034.66
CAMP-0001,2026-04-25,Tablet,19506,804,685.61,21,3154.59
CAMP-0010,2026-04-25,Desktop,21035,1203,691.31,134,6400.21
CAMP-0010,2026-04-25,Mobile,17062,1087,194.58,130,16670.78
CAMP-0010,2026-04-25,Tablet,10668,286,363.71,1,129.59
CAMP-0016,2026-04-25,Desktop,15868,456,648.61,46,6000.74
CAMP-0016,2026-04-25,Mobile,6789,227,790.92,2,70.39
CAMP-0016,2026-04-25,Tablet,24602,287,290.82,19,2012.40
CAMP-0006,2026-04-26,Desktop,16804,1213,788.28,135,16915.38
CAMP-0006,2026-04-26,Mobile,11610,161,282.75,9,326.21
CAMP-0006,2026-04-26,Tablet,11663,562,68.48,21,2398.85
CAMP-0005,2026-04-26,Desktop,2649,179,705.41,4,295.42
CAMP-0005,2026-04-26,Mobile,14140,489,878.98,23,1752.92
CAMP-0005,2026-04-26,Tablet,3501,238,56.22,20,841.52
CAMP-0004,2026-04-26,Desktop,12632,218,337.04,5,572.54
CAMP-0004,2026-04-26,Mobile,14571,479,84.18,49,1794.82
CAMP-0004,2026-04-26,Tablet,16496,508,139.18,49,5629.85
CAMP-0003,2026-04-26,Desktop,11174,68,462.43,1,119.89
CAMP-0003,2026-04-26,Mobile,1724,69,299.42,7,384.21
CAMP-0003,2026-04-26,Tablet,6376,83,195.30,0,0.00
CAMP-0008,2026-04-26,Desktop,18827,741,422.57,36,2530.43
CAMP-0008,2026-04-26,Mobile,3025,173,453.71,13,2026.06
CAMP-0008,2026-04-26,Tablet,1399,22,176.83,2,259.33
CAMP-0016,2026-04-26,Desktop,12587,300,307.30,17,2386.11
CAMP-0016,2026-04-26,Mobile,7081,169,99.39,18,2158.05
CAMP-0016,2026-04-26,Tablet,7056,380,70.17,4,507.77
CAMP-0016,2026-04-27,Desktop,2669,165,547.30,8,657.35
CAMP-0016,2026-04-27,Mobile,11658,803,784.98,2,92.69
CAMP-0016,2026-04-27,Tablet,5410,246,625.06,3,239.32
CAMP-0017,2026-04-27,Desktop,7399,83,371.76,0,0.00
CAMP-0017,2026-04-27,Mobile,13476,469,749.00,41,3761.04
CAMP-0017,2026-04-27,Tablet,13136,432,287.32,36,3642.24
CAMP-0019,2026-04-27,Desktop,16434,669,794.13,39,4602.37
CAMP-0019,2026-04-27,Mobile,13948,337,547.02,30,2734.00
CAMP-0019,2026-04-27,Tablet,8111,455,703.79,47,6937.64
CAMP-0004,2026-04-27,Desktop,2208,80,752.21,6,632.48
CAMP-0004,2026-04-27,Mobile,24711,375,578.47,21,2723.21
CAMP-0004,2026-04-27,Tablet,23045,802,215.27,93,4969.15
CAMP-0003,2026-04-27,Desktop,18801,1319,587.48,2,297.06
CAMP-0003,2026-04-27,Mobile,14001,603,371.60,44,6896.04
CAMP-0003,2026-04-27,Tablet,4516,208,849.14,18,2533.59
CAMP-0018,2026-04-28,Desktop,24372,569,163.41,36,3431.16
CAMP-0018,2026-04-28,Mobile,7837,467,557.68,26,975.59
CAMP-0018,2026-04-28,Tablet,13100,843,643.48,22,1800.82
CAMP-0014,2026-04-28,Desktop,13398,686,892.98,71,5844.41
CAMP-0014,2026-04-28,Mobile,9889,544,802.63,35,4415.36
CAMP-0014,2026-04-28,Tablet,14447,984,331.49,80,8409.77
CAMP-0013,2026-04-28,Desktop,24108,429,383.52,3,154.15
CAMP-0013,2026-04-28,Mobile,6014,347,389.78,10,656.46
CAMP-0013,2026-04-28,Tablet,17006,814,851.08,57,3980.06
CAMP-0017,2026-04-28,Desktop,23151,1679,874.87,85,13184.44
CAMP-0017,2026-04-28,Mobile,17169,434,690.55,50,3548.92
CAMP-0017,2026-04-28,Tablet,4025,287,248.36,10,467.82
CAMP-0010,2026-04-28,Desktop,3040,155,590.25,9,1357.59
CAMP-0010,2026-04-28,Mobile,3668,190,349.60,7,508.45
CAMP-0010,2026-04-28,Tablet,7701,94,45.51,8,367.54
CAMP-0004,2026-04-29,Desktop,11338,830,129.17,77,11686.92
CAMP-0004,2026-04-29,Mobile,24149,1147,445.47,106,10962.61
CAMP-0004,2026-04-29,Tablet,2779,203,245.15,8,535.90
CAMP-0019,2026-04-29,Desktop,1513,27,860.28,3,158.45
CAMP-0019,2026-04-29,Mobile,18466,749,681.51,34,2632.98
CAMP-0019,2026-04-29,Tablet,9227,678,603.26,8,602.48
CAMP-0011,2026-04-29,Desktop,11069,490,238.54,28,2493.65
CAMP-0011,2026-04-29,Mobile,15048,1182,238.98,28,1729.21
CAMP-0011,2026-04-29,Tablet,562,24,613.37,0,0.00
CAMP-0002,2026-04-29,Desktop,10865,711,710.44,52,2249.73
CAMP-0002,2026-04-29,Mobile,20457,714,645.49,30,3724.11
CAMP-0002,2026-04-29,Tablet,6996,557,164.31,39,4822.54
CAMP-0007,2026-04-29,Desktop,22983,1408,361.14,25,3796.54
CAMP-0007,2026-04-29,Mobile,22319,468,495.34,26,920.29
CAMP-0007,2026-04-29,Tablet,1525,118,317.43,5,707.10
CAMP-0020,2026-04-29,Desktop,10486,173,523.82,1,146.46
CAMP-0020,2026-04-29,Mobile,22244,1465,104.01,39,2699.32
CAMP-0020,2026-04-29,Tablet,3111,161,345.26,12,1608.22
CAMP-0005,2026-04-29,Desktop,15960,629,432.19,74,5240.90
CAMP-0005,2026-04-29,Mobile,14977,418,120.84,8,1200.53
CAMP-0005,2026-04-29,Tablet,1325,80,56.18,7,647.58
CAMP-0012,2026-04-29,Desktop,545,41,851.69,0,0.00
CAMP-0012,2026-04-29,Mobile,24581,1834,89.74,88,6215.84
CAMP-0012,2026-04-29,Tablet,12544,858,863.51,78,9462.42
CAMP-0008,2026-04-30,Desktop,4840,159,383.86,12,1502.31
CAMP-0008,2026-04-30,Mobile,1257,60,494.75,2,263.79
CAMP-0008,2026-04-30,Tablet,23088,215,782.53,24,2643.50
CAMP-0019,2026-04-30,Desktop,22001,1289,263.44,130,10765.21
CAMP-0019,2026-04-30,Mobile,23514,1580,667.04,66,2535.41
CAMP-0019,2026-04-30,Tablet,12187,215,270.28,5,344.55
CAMP-0001,2026-04-30,Desktop,11662,515,793.19,61,8453.25
CAMP-0001,2026-04-30,Mobile,2390,121,429.74,8,650.63
CAMP-0001,2026-04-30,Tablet,19625,1049,736.75,65,3970.43
CAMP-0016,2026-04-30,Desktop,2425,183,81.79,19,2221.38
CAMP-0016,2026-04-30,Mobile,20396,950,184.59,92,14002.38
CAMP-0016,2026-04-30,Tablet,13326,788,762.37,55,5438.07
CAMP-0015,2026-04-30,Desktop,4469,231,845.04,1,147.01
CAMP-0015,2026-04-30,Mobile,9120,448,830.33,33,4279.91
CAMP-0015,2026-04-30,Tablet,6944,321,454.25,19,2639.93
CAMP-0006,2026-04-30,Desktop,16541,1320,523.32,11,537.39
CAMP-0006,2026-04-30,Mobile,9926,210,614.32,14,1242.06
CAMP-0006,2026-04-30,Tablet,10511,259,381.93,10,1535.99
CAMP-0004,2026-04-30,Desktop,7111,540,318.32,58,5803.02
CAMP-0004,2026-04-30,Mobile,17675,818,756.67,62,2579.59
CAMP-0004,2026-04-30,Tablet,9908,111,414.55,5,261.04
CAMP-0017,2026-04-30,Desktop,8511,220,303.80,1,112.54
CAMP-0017,2026-04-30,Mobile,16436,787,517.39,46,2979.45
CAMP-0017,2026-04-30,Tablet,4146,71,866.94,5,616.38
CAMP-0020,2026-04-30,Desktop,19274,631,158.03,51,4471.76
CAMP-0020,2026-04-30,Mobile,24379,1123,818.64,110,12176.94
CAMP-0020,2026-04-30,Tablet,13761,587,267.64,28,1645.88
CAMP-0010,2026-05-01,Desktop,6508,384,414.85,8,701.52
CAMP-0010,2026-05-01,Mobile,1282,95,489.22,11,446.94
CAMP-0010,2026-05-01,Tablet,10598,708,207.83,80,5775.71
CAMP-0008,2026-05-01,Desktop,12370,128,303.15,7,635.24
CAMP-0008,2026-05-01,Mobile,9511,553,219.38,9,840.27
CAMP-0008,2026-05-01,Tablet,3418,38,663.74,2,227.22
CAMP-0003,2026-05-01,Desktop,1036,26,99.17,0,0.00
CAMP-0003,2026-05-01,Mobile,14731,525,880.87,22,1239.68
CAMP-0003,2026-05-01,Tablet,14904,846,604.09,41,2841.92
CAMP-0019,2026-05-01,Desktop,15811,731,664.12,9,1095.19
CAMP-0019,2026-05-01,Mobile,1949,116,270.53,7,299.75
CAMP-0019,2026-05-01,Tablet,17570,1033,473.85,30,2604.88
CAMP-0006,2026-05-02,Desktop,14746,618,230.26,18,2511.62
CAMP-0006,2026-05-02,Mobile,24224,1582,264.92,80,3653.03
CAMP-0006,2026-05-02,Tablet,2971,152,624.73,13,668.39
CAMP-0015,2026-05-02,Desktop,4565,59,475.15,0,0.00
CAMP-0015,2026-05-02,Mobile,15959,858,701.90,42,2857.44
CAMP-0015,2026-05-02,Tablet,21476,522,377.11,1,157.93
CAMP-0003,2026-05-02,Desktop,16378,1287,642.92,84,8718.29
CAMP-0003,2026-05-02,Mobile,17611,1080,379.97,121,19067.02
CAMP-0003,2026-05-02,Tablet,16752,606,665.36,63,3649.12
CAMP-0013,2026-05-02,Desktop,2124,60,112.61,1,88.73
CAMP-0013,2026-05-02,Mobile,1289,82,757.69,5,652.56
CAMP-0013,2026-05-02,Tablet,11712,460,88.88,16,1121.42
CAMP-0017,2026-05-02,Desktop,3585,48,557.88,2,142.24
CAMP-0017,2026-05-02,Mobile,17896,526,878.29,7,341.96
CAMP-0017,2026-05-02,Tablet,18328,1288,460.85,14,1594.65
CAMP-0005,2026-05-02,Desktop,1018,44,624.30,1,72.76
CAMP-0005,2026-05-02,Mobile,11020,731,471.36,69,7612.67
CAMP-0005,2026-05-02,Tablet,24052,1922,263.10,154,17942.72
CAMP-0020,2026-05-02,Desktop,16473,519,797.00,47,2226.54
CAMP-0020,2026-05-02,Mobile,15084,451,615.30,18,1771.95
CAMP-0020,2026-05-02,Tablet,8074,482,428.09,40,5618.77
CAMP-0018,2026-05-02,Desktop,1704,133,232.93,6,602.27
CAMP-0018,2026-05-02,Mobile,13551,745,398.66,39,5807.27
CAMP-0018,2026-05-02,Tablet,22112,1352,752.84,87,4461.12
CAMP-0001,2026-05-03,Desktop,5640,264,111.41,15,2272.54
CAMP-0001,2026-05-03,Mobile,10360,321,549.37,35,2806.23
CAMP-0001,2026-05-03,Tablet,4481,349,812.70,27,3761.69
CAMP-0020,2026-05-03,Desktop,5615,47,334.42,3,444.43
CAMP-0020,2026-05-03,Mobile,14324,1017,102.59,92,7364.41
CAMP-0020,2026-05-03,Tablet,20079,746,659.64,26,3750.50
CAMP-0015,2026-05-03,Desktop,7327,440,616.84,28,3373.76
CAMP-0015,2026-05-03,Mobile,20184,757,400.63,65,2642.84
CAMP-0015,2026-05-03,Tablet,1798,88,532.49,2,255.32
CAMP-0013,2026-05-03,Desktop,2075,122,24.96,6,949.98
CAMP-0013,2026-05-03,Mobile,18045,436,142.31,19,1065.77
CAMP-0013,2026-05-03,Tablet,21527,1088,627.88,120,11527.40
CAMP-0002,2026-05-03,Desktop,21790,332,382.08,24,1866.07
CAMP-0002,2026-05-03,Mobile,12758,721,708.36,48,4322.54
CAMP-0002,2026-05-03,Tablet,10382,757,354.62,57,7530.26
CAMP-0005,2026-05-03,Desktop,3292,259,416.91,27,2181.85
CAMP-0005,2026-05-03,Mobile,17797,533,143.78,26,2033.64
CAMP-0005,2026-05-03,Tablet,9843,235,795.98,14,1641.43
CAMP-0016,2026-05-03,Desktop,4184,96,792.19,0,0.00
CAMP-0016,2026-05-03,Mobile,17838,978,580.89,63,9888.76
CAMP-0016,2026-05-03,Tablet,13908,1059,435.23,23,1719.63
CAMP-0018,2026-05-03,Desktop,24856,1777,121.42,14,1368.49
CAMP-0018,2026-05-03,Mobile,19878,202,859.01,0,0.00
CAMP-0018,2026-05-03,Tablet,14115,782,396.19,2,254.37
CAMP-0017,2026-05-04,Desktop,17875,513,475.14,28,3847.73
CAMP-0017,2026-05-04,Mobile,19105,1346,390.09,28,2871.77
CAMP-0017,2026-05-04,Tablet,6273,321,37.48,16,1160.45
CAMP-0014,2026-05-04,Desktop,22902,399,54.66,38,1697.71
CAMP-0014,2026-05-04,Mobile,9376,413,193.03,30,3742.43
CAMP-0014,2026-05-04,Tablet,17906,468,214.15,54,4318.66
CAMP-0013,2026-05-04,Desktop,18386,853,705.46,3,407.76
CAMP-0013,2026-05-04,Mobile,9650,211,603.45,8,908.65
CAMP-0013,2026-05-04,Tablet,6423,466,797.96,20,2709.35
CAMP-0001,2026-05-04,Desktop,8294,644,619.58,77,11354.31
CAMP-0001,2026-05-04,Mobile,22755,1702,671.88,175,25782.32
CAMP-0001,2026-05-04,Tablet,12893,70,438.98,4,329.69
CAMP-0020,2026-05-04,Desktop,10329,182,228.60,14,2105.61
CAMP-0020,2026-05-04,Mobile,15844,584,619.57,34,5115.62
CAMP-0020,2026-05-04,Tablet,1738,102,275.86,9,1350.95
CAMP-0009,2026-05-04,Desktop,20287,977,641.95,5,636.22
CAMP-0009,2026-05-04,Mobile,6532,237,471.49,9,1163.98
CAMP-0009,2026-05-04,Tablet,12407,312,505.46,9,518.44
CAMP-0016,2026-05-04,Desktop,15076,244,29.47,9,1418.82
CAMP-0016,2026-05-04,Mobile,11943,414,883.39,43,5792.26
CAMP-0016,2026-05-04,Tablet,2197,125,668.26,10,689.79
CAMP-0008,2026-05-04,Desktop,14333,304,83.48,8,1047.89
CAMP-0008,2026-05-04,Mobile,9612,538,248.70,38,2192.99
CAMP-0008,2026-05-04,Tablet,3592,52,550.54,5,322.05
CAMP-0003,2026-05-04,Desktop,11213,671,510.43,50,7536.15
CAMP-0003,2026-05-04,Mobile,16851,522,345.43,24,3308.62
CAMP-0003,2026-05-04,Tablet,6967,117,241.62,10,444.20
CAMP-0010,2026-05-04,Desktop,16784,682,331.01,72,5562.78
CAMP-0010,2026-05-04,Mobile,8896,233,378.68,16,1087.82
CAMP-0010,2026-05-04,Tablet,22438,1202,244.36,92,6573.68
CAMP-0011,2026-05-05,Desktop,4984,75,317.10,4,301.45
CAMP-0011,2026-05-05,Mobile,12701,861,249.96,50,7032.43
CAMP-0011,2026-05-05,Tablet,1812,89,37.54,5,455.06
CAMP-0006,2026-05-05,Desktop,3983,139,699.29,13,581.44
CAMP-0006,2026-05-05,Mobile,591,32,302.51,0,0.00
CAMP-0006,2026-05-05,Tablet,4211,141,515.28,4,520.20
CAMP-0002,2026-05-05,Desktop,7363,452,841.11,43,1616.62
CAMP-0002,2026-05-05,Mobile,3072,181,514.64,4,546.08
CAMP-0002,2026-05-05,Tablet,19615,204,419.45,6,569.42
CAMP-0007,2026-05-05,Desktop,4703,205,509.62,10,864.89
CAMP-0007,2026-05-05,Mobile,12963,160,790.89,2,88.18
CAMP-0007,2026-05-05,Tablet,5096,314,191.81,8,650.39
CAMP-0020,2026-05-05,Desktop,23897,309,152.42,3,433.45
CAMP-0020,2026-05-05,Mobile,2585,53,580.20,6,718.33
CAMP-0020,2026-05-05,Tablet,13000,924,652.03,73,4486.79
CAMP-0020,2026-05-06,Desktop,13017,771,611.87,22,1046.25
CAMP-0020,2026-05-06,Mobile,16411,1161,661.28,64,2925.85
CAMP-0020,2026-05-06,Tablet,17488,1050,391.25,7,522.99
CAMP-0014,2026-05-06,Desktop,773,10,195.78,0,0.00
CAMP-0014,2026-05-06,Mobile,22720,374,630.36,26,2187.82
CAMP-0014,2026-05-06,Tablet,24068,1649,165.14,154,5491.71
CAMP-0018,2026-05-06,Desktop,17600,1078,363.91,84,6643.10
CAMP-0018,2026-05-06,Mobile,22447,1789,686.12,12,901.43
CAMP-0018,2026-05-06,Tablet,20793,1517,736.74,17,2573.68
CAMP-0011,2026-05-06,Desktop,13212,655,318.05,43,5411.28
CAMP-0011,2026-05-06,Mobile,5935,148,448.44,3,465.82
CAMP-0011,2026-05-06,Tablet,11866,719,653.20,50,4936.79
CAMP-0016,2026-05-07,Desktop,11113,317,573.59,7,451.58
CAMP-0016,2026-05-07,Mobile,5703,292,169.02,4,327.88
CAMP-0016,2026-05-07,Tablet,4077,99,374.96,10,545.82
CAMP-0014,2026-05-07,Desktop,23761,139,58.22,3,370.78
CAMP-0014,2026-05-07,Mobile,3568,274,572.27,18,1308.34
CAMP-0014,2026-05-07,Tablet,8306,419,728.73,25,1125.58
CAMP-0012,2026-05-07,Desktop,5528,94,698.54,5,547.48
CAMP-0012,2026-05-07,Mobile,3112,18,651.83,1,35.98
CAMP-0012,2026-05-07,Tablet,15043,897,619.54,10,354.85
CAMP-0005,2026-05-07,Desktop,8492,665,172.52,65,7462.32
CAMP-0005,2026-05-07,Mobile,23095,1117,237.85,86,8589.78
CAMP-0005,2026-05-07,Tablet,3433,107,465.52,11,1591.07
CAMP-0014,2026-05-08,Desktop,19678,273,564.68,27,2073.15
CAMP-0014,2026-05-08,Mobile,2436,61,529.10,1,151.53
CAMP-0014,2026-05-08,Tablet,8376,172,769.33,6,471.00
CAMP-0002,2026-05-08,Desktop,4595,120,143.66,9,395.82
CAMP-0002,2026-05-08,Mobile,17520,307,755.99,36,1833.41
CAMP-0002,2026-05-08,Tablet,19639,1510,829.23,174,20553.23
CAMP-0013,2026-05-08,Desktop,1207,46,517.83,4,273.67
CAMP-0013,2026-05-08,Mobile,8820,524,332.35,24,2004.34
CAMP-0013,2026-05-08,Tablet,5408,431,640.07,33,3603.60
CAMP-0007,2026-05-08,Desktop,1837,44,98.73,0,0.00
CAMP-0007,2026-05-08,Mobile,7927,106,378.06,5,181.36
CAMP-0007,2026-05-08,Tablet,23188,932,741.17,53,2718.55
CAMP-0019,2026-05-08,Desktop,23378,1826,295.69,114,13298.90
CAMP-0019,2026-05-08,Mobile,16609,176,408.56,15,670.74
CAMP-0019,2026-05-08,Tablet,9072,587,589.55,69,3980.35
CAMP-0014,2026-05-09,Desktop,14153,1010,680.50,18,2065.61
CAMP-0014,2026-05-09,Mobile,12902,963,405.53,25,1576.84
CAMP-0014,2026-05-09,Tablet,9843,276,297.87,24,3380.04
CAMP-0007,2026-05-09,Desktop,23467,590,557.81,6,728.14
CAMP-0007,2026-05-09,Mobile,8283,122,302.84,9,972.87
CAMP-0007,2026-05-09,Tablet,20382,1345,307.96,74,8464.05
CAMP-0020,2026-05-09,Desktop,18218,390,654.00,35,5300.54
CAMP-0020,2026-05-09,Mobile,22671,193,768.31,12,1896.70
CAMP-0020,2026-05-09,Tablet,628,9,34.61,0,0.00
CAMP-0005,2026-05-09,Desktop,19861,1498,893.06,101,14273.59
CAMP-0005,2026-05-09,Mobile,22542,638,780.70,7,821.51
CAMP-0005,2026-05-09,Tablet,24424,374,445.00,10,572.60
CAMP-0008,2026-05-09,Desktop,16261,874,133.42,49,6138.53
CAMP-0008,2026-05-09,Mobile,2388,66,807.82,3,279.74
CAMP-0008,2026-05-09,Tablet,23245,508,672.94,19,2263.84
CAMP-0009,2026-05-09,Desktop,19115,530,818.02,51,2787.40
CAMP-0009,2026-05-09,Mobile,16849,490,184.69,52,3422.12
CAMP-0009,2026-05-09,Tablet,14309,337,104.31,28,3257.43
CAMP-0003,2026-05-09,Desktop,12527,886,724.00,22,938.41
CAMP-0003,2026-05-09,Mobile,19429,1307,23.61,62,7071.29
CAMP-0003,2026-05-09,Tablet,1657,48,148.04,4,170.99
CAMP-0017,2026-05-09,Desktop,5352,276,651.16,9,726.52
CAMP-0017,2026-05-09,Mobile,1097,45,706.66,3,152.70
CAMP-0017,2026-05-09,Tablet,20134,1339,451.86,138,6367.44
CAMP-0011,2026-05-09,Desktop,14160,150,788.97,4,515.42
CAMP-0011,2026-05-09,Mobile,19426,1226,296.14,2,101.70
CAMP-0011,2026-05-09,Tablet,938,48,402.48,4,224.16
CAMP-0001,2026-05-09,Desktop,3919,170,498.59,16,734.75
CAMP-0001,2026-05-09,Mobile,18304,825,299.05,74,6166.53
CAMP-0001,2026-05-09,Tablet,18788,1311,306.35,86,7815.05
CAMP-0004,2026-05-10,Desktop,24976,1625,461.40,154,20170.56
CAMP-0004,2026-05-10,Mobile,6819,283,783.91,25,2643.22
CAMP-0004,2026-05-10,Tablet,21237,1143,126.73,78,5380.61
CAMP-0017,2026-05-10,Desktop,1268,10,350.13,0,0.00
CAMP-0017,2026-05-10,Mobile,18931,617,36.17,30,3600.40
CAMP-0017,2026-05-10,Tablet,22125,1511,209.09,148,5643.13
CAMP-0014,2026-05-10,Desktop,15775,493,862.87,24,1539.34
CAMP-0014,2026-05-10,Mobile,16807,1279,667.87,15,1243.29
CAMP-0014,2026-05-10,Tablet,22600,1135,602.70,103,15490.50
CAMP-0020,2026-05-10,Desktop,23546,1684,800.25,194,8297.11
CAMP-0020,2026-05-10,Mobile,10020,642,347.38,12,1321.72
CAMP-0020,2026-05-10,Tablet,16725,1323,592.77,33,3266.54
CAMP-0006,2026-05-10,Desktop,8406,293,366.32,27,4051.04
CAMP-0006,2026-05-10,Mobile,6105,83,686.55,0,0.00
CAMP-0006,2026-05-10,Tablet,6584,399,300.64,27,1854.20
CAMP-0008,2026-05-10,Desktop,9618,566,477.39,33,1668.56
CAMP-0008,2026-05-10,Mobile,22362,1002,688.99,96,10638.04
CAMP-0008,2026-05-10,Tablet,12392,668,463.24,9,541.29
CAMP-0009,2026-05-11,Desktop,21795,261,501.57,19,2078.38
CAMP-0009,2026-05-11,Mobile,1748,126,243.62,12,1205.91
CAMP-0009,2026-05-11,Tablet,3463,40,892.44,4,596.74
CAMP-0005,2026-05-11,Desktop,15961,175,92.54,4,565.17
CAMP-0005,2026-05-11,Mobile,19614,178,871.82,15,2382.36
CAMP-0005,2026-05-11,Tablet,11072,220,498.34,9,867.25
CAMP-0019,2026-05-11,Desktop,2090,69,633.38,7,273.60
CAMP-0019,2026-05-11,Mobile,23951,603,794.12,40,4650.79
CAMP-0019,2026-05-11,Tablet,1924,96,741.66,7,317.37
CAMP-0016,2026-05-11,Desktop,7035,305,339.32,28,2133.33
CAMP-0016,2026-05-11,Mobile,5359,329,705.24,12,1001.22
CAMP-0016,2026-05-11,Tablet,8685,101,345.05,10,1100.16
CAMP-0003,2026-05-11,Desktop,20379,137,345.01,12,1475.78
CAMP-0003,2026-05-11,Mobile,17142,454,359.57,50,6050.31
CAMP-0003,2026-05-11,Tablet,22064,1402,139.71,116,12236.94
CAMP-0006,2026-05-11,Desktop,23849,1287,630.76,32,1406.81
CAMP-0006,2026-05-11,Mobile,9524,277,231.78,22,1574.79
CAMP-0006,2026-05-11,Tablet,21220,129,642.31,10,962.96
CAMP-0009,2026-05-12,Desktop,17814,461,654.48,0,0.00
CAMP-0009,2026-05-12,Mobile,24650,1781,776.65,10,1158.16
CAMP-0009,2026-05-12,Tablet,3159,57,564.93,4,375.46
CAMP-0014,2026-05-12,Desktop,19161,1061,593.88,30,1730.27
CAMP-0014,2026-05-12,Mobile,8348,87,162.29,6,688.53
CAMP-0014,2026-05-12,Tablet,1359,9,493.84,0,0.00
CAMP-0018,2026-05-12,Desktop,12056,457,54.00,27,2116.98
CAMP-0018,2026-05-12,Mobile,3045,236,570.34,10,495.55
CAMP-0018,2026-05-12,Tablet,4243,251,777.44,14,557.66
CAMP-0002,2026-05-12,Desktop,15746,247,506.37,11,1142.83
CAMP-0002,2026-05-12,Mobile,20807,187,611.63,16,2310.97
CAMP-0002,2026-05-12,Tablet,21402,624,532.73,71,9091.42
CAMP-0011,2026-05-12,Desktop,18453,361,427.09,3,436.48
CAMP-0011,2026-05-12,Mobile,3091,30,859.86,2,145.72
CAMP-0011,2026-05-12,Tablet,20841,186,113.57,5,502.30
CAMP-0001,2026-05-12,Desktop,9402,737,409.87,16,1307.84
CAMP-0001,2026-05-12,Mobile,4353,49,44.37,1,72.29
CAMP-0001,2026-05-12,Tablet,1293,82,350.16,8,880.55
CAMP-0015,2026-05-12,Desktop,10641,240,231.22,25,3395.05
CAMP-0015,2026-05-12,Mobile,4258,102,36.47,9,502.85
CAMP-0015,2026-05-12,Tablet,24660,1419,663.63,80,5451.61
CAMP-0016,2026-05-12,Desktop,24707,833,602.95,36,4333.32
CAMP-0016,2026-05-12,Mobile,10404,128,213.08,0,0.00
CAMP-0016,2026-05-12,Tablet,18649,251,777.32,1,69.73
CAMP-0013,2026-05-12,Desktop,19863,231,656.81,6,931.73
CAMP-0013,2026-05-12,Mobile,12549,611,739.70,36,4103.42
CAMP-0013,2026-05-12,Tablet,14654,1078,837.79,57,8376.36
CAMP-0002,2026-05-13,Desktop,7852,367,854.17,25,1183.15
CAMP-0002,2026-05-13,Mobile,16126,766,252.63,21,1044.32
CAMP-0002,2026-05-13,Tablet,6699,124,657.94,8,865.58
CAMP-0017,2026-05-13,Desktop,1395,34,825.07,4,386.59
CAMP-0017,2026-05-13,Mobile,7559,298,168.56,18,2714.54
CAMP-0017,2026-05-13,Tablet,14073,962,203.17,104,9146.50
CAMP-0014,2026-05-13,Desktop,22813,469,825.66,13,935.26
CAMP-0014,2026-05-13,Mobile,8000,341,872.55,9,467.07
CAMP-0014,2026-05-13,Tablet,24278,645,104.74,56,5947.81
CAMP-0003,2026-05-13,Desktop,18386,1166,566.12,29,2302.16
CAMP-0003,2026-05-13,Mobile,7550,603,143.21,10,1301.95
CAMP-0003,2026-05-13,Tablet,3190,109,190.73,0,0.00
CAMP-0003,2026-05-14,Desktop,23690,221,32.90,24,1297.93
CAMP-0003,2026-05-14,Mobile,11715,266,386.55,30,4591.30
CAMP-0003,2026-05-14,Tablet,587,6,54.50,0,0.00
CAMP-0015,2026-05-14,Desktop,4177,162,320.88,13,1102.12
CAMP-0015,2026-05-14,Mobile,22335,1690,659.39,87,13719.21
CAMP-0015,2026-05-14,Tablet,19948,173,706.40,3,221.33
CAMP-0018,2026-05-14,Desktop,7922,564,72.55,32,1419.12
CAMP-0018,2026-05-14,Mobile,16985,382,307.77,8,618.84
CAMP-0018,2026-05-14,Tablet,17838,1202,725.31,37,5369.14
CAMP-0013,2026-05-14,Desktop,12176,118,617.44,0,0.00
CAMP-0013,2026-05-14,Mobile,24308,1703,49.12,2,230.08
CAMP-0013,2026-05-14,Tablet,4669,107,235.60,3,388.94
CAMP-0007,2026-05-14,Desktop,10784,228,463.68,21,3017.69
CAMP-0007,2026-05-14,Mobile,2181,61,688.93,1,143.19
CAMP-0007,2026-05-14,Tablet,15160,694,726.29,78,2874.38
CAMP-0012,2026-05-14,Desktop,625,50,120.80,6,748.58
CAMP-0012,2026-05-14,Mobile,13174,768,638.40,56,2415.03
CAMP-0012,2026-05-14,Tablet,21616,521,27.82,2,116.11
CAMP-0016,2026-05-14,Desktop,23026,970,134.00,99,6554.55
CAMP-0016,2026-05-14,Mobile,16135,725,185.81,53,7795.28
CAMP-0016,2026-05-14,Tablet,9597,703,578.23,69,4139.18
CAMP-0019,2026-05-14,Desktop,23614,206,739.99,4,296.69
CAMP-0019,2026-05-14,Mobile,4235,230,488.14,18,2159.52
CAMP-0019,2026-05-14,Tablet,11660,647,691.54,36,4467.64
CAMP-0020,2026-05-14,Desktop,15497,637,341.68,66,5317.07
CAMP-0020,2026-05-14,Mobile,9910,333,846.10,16,834.73
CAMP-0020,2026-05-14,Tablet,10613,795,395.45,40,4178.50
CAMP-0005,2026-05-15,Desktop,10242,741,611.12,1,127.91
CAMP-0005,2026-05-15,Mobile,3702,241,433.22,5,560.21
CAMP-0005,2026-05-15,Tablet,15382,548,129.82,19,2627.55
CAMP-0015,2026-05-15,Desktop,17468,695,61.84,39,2018.56
CAMP-0015,2026-05-15,Mobile,23017,198,88.81,20,1705.25
CAMP-0015,2026-05-15,Tablet,8357,552,808.66,5,511.53
CAMP-0004,2026-05-15,Desktop,9492,131,817.12,15,2182.79
CAMP-0004,2026-05-15,Mobile,11101,702,81.18,31,2635.65
CAMP-0004,2026-05-15,Tablet,20055,575,105.92,54,3755.87
CAMP-0019,2026-05-15,Desktop,19282,1371,638.78,40,1996.37
CAMP-0019,2026-05-15,Mobile,13680,554,201.70,34,2659.96
CAMP-0019,2026-05-15,Tablet,16044,260,348.74,18,1401.53
CAMP-0018,2026-05-15,Desktop,13366,627,450.72,54,6287.59
CAMP-0018,2026-05-15,Mobile,15861,711,832.59,36,5097.64
CAMP-0018,2026-05-15,Tablet,19522,790,158.08,58,8177.61
CAMP-0017,2026-05-15,Desktop,20051,484,516.67,7,621.98
CAMP-0017,2026-05-15,Mobile,9158,598,220.57,40,3744.81
CAMP-0017,2026-05-15,Tablet,21253,654,880.23,38,1341.06
CAMP-0005,2026-05-16,Desktop,2283,91,240.48,8,829.60
CAMP-0005,2026-05-16,Mobile,9339,168,347.29,15,1533.69
CAMP-0005,2026-05-16,Tablet,7994,530,253.16,60,5080.76
CAMP-0013,2026-05-16,Desktop,22709,1392,304.27,145,18554.82
CAMP-0013,2026-05-16,Mobile,16045,285,220.34,13,1463.95
CAMP-0013,2026-05-16,Tablet,21621,132,410.77,12,885.42
CAMP-0012,2026-05-16,Desktop,8474,477,285.87,52,3680.82
CAMP-0012,2026-05-16,Mobile,10648,682,137.46,26,1186.88
CAMP-0012,2026-05-16,Tablet,7573,552,620.41,31,1146.13
CAMP-0011,2026-05-16,Desktop,3147,155,343.01,0,0.00
CAMP-0011,2026-05-16,Mobile,12264,766,58.68,54,2413.74
CAMP-0011,2026-05-16,Tablet,11058,834,395.95,88,7418.72
CAMP-0001,2026-05-16,Desktop,11565,754,650.80,56,6274.87
CAMP-0001,2026-05-16,Mobile,9636,308,846.35,21,965.23
CAMP-0001,2026-05-16,Tablet,15134,516,855.62,16,582.94
CAMP-0009,2026-05-16,Desktop,12822,311,346.59,21,1895.49
CAMP-0009,2026-05-16,Mobile,12067,126,170.66,4,310.15
CAMP-0009,2026-05-16,Tablet,7307,281,640.62,23,3101.09
CAMP-0016,2026-05-16,Desktop,20339,444,775.73,13,1546.02
CAMP-0016,2026-05-16,Mobile,24046,887,818.82,89,3613.05
CAMP-0016,2026-05-16,Tablet,8905,380,845.96,10,902.71
CAMP-0003,2026-05-16,Desktop,16822,617,168.34,51,2894.95
CAMP-0003,2026-05-16,Mobile,14815,114,20.32,4,233.31
CAMP-0003,2026-05-16,Tablet,1744,64,700.28,6,648.78
CAMP-0015,2026-05-16,Desktop,8509,275,487.47,4,183.79
CAMP-0015,2026-05-16,Mobile,18832,718,189.55,10,833.28
CAMP-0015,2026-05-16,Tablet,5275,245,122.76,12,449.70
CAMP-0018,2026-05-16,Desktop,16613,989,378.69,30,1176.37
CAMP-0018,2026-05-16,Mobile,15691,1164,187.81,40,4208.36
CAMP-0018,2026-05-16,Tablet,17697,969,748.31,22,2826.69
CAMP-0014,2026-05-17,Desktop,20697,337,244.53,34,2576.67
CAMP-0014,2026-05-17,Mobile,17348,401,635.75,4,186.71
CAMP-0014,2026-05-17,Tablet,18948,1137,662.83,84,12052.80
CAMP-0007,2026-05-17,Desktop,22827,253,765.35,10,966.42
CAMP-0007,2026-05-17,Mobile,14937,362,369.42,23,1827.96
CAMP-0007,2026-05-17,Tablet,10947,487,424.71,27,2030.69
CAMP-0019,2026-05-17,Desktop,2813,201,541.52,6,780.99
CAMP-0019,2026-05-17,Mobile,10558,300,375.39,22,1176.45
CAMP-0019,2026-05-17,Tablet,10182,171,396.66,19,2969.84
CAMP-0012,2026-05-17,Desktop,21145,764,899.66,29,2516.21
CAMP-0012,2026-05-17,Mobile,7206,363,338.01,31,1755.86
CAMP-0012,2026-05-17,Tablet,17177,483,705.84,36,1786.62
CAMP-0004,2026-05-17,Desktop,16918,933,166.34,107,17012.44
CAMP-0004,2026-05-17,Mobile,20791,1289,143.00,59,3201.76
CAMP-0004,2026-05-17,Tablet,3978,282,481.68,32,1930.84
CAMP-0004,2026-05-18,Desktop,20462,804,154.43,73,10087.64
CAMP-0004,2026-05-18,Mobile,9135,343,83.57,23,3538.40
CAMP-0004,2026-05-18,Tablet,2618,154,730.32,16,812.84
CAMP-0018,2026-05-18,Desktop,16629,260,685.48,29,3681.46
CAMP-0018,2026-05-18,Mobile,20168,1433,482.20,34,2965.73
CAMP-0018,2026-05-18,Tablet,7521,164,519.46,5,629.46
CAMP-0001,2026-05-18,Desktop,16528,610,614.68,59,3225.36
CAMP-0001,2026-05-18,Mobile,4658,176,273.31,21,2749.36
CAMP-0001,2026-05-18,Tablet,10477,724,831.12,60,3503.36
CAMP-0017,2026-05-18,Desktop,18370,750,483.05,43,5899.83
CAMP-0017,2026-05-18,Mobile,8178,166,56.03,18,680.64
CAMP-0017,2026-05-18,Tablet,17771,853,459.47,79,5134.43
CAMP-0007,2026-05-19,Desktop,3048,42,757.73,4,368.51
CAMP-0007,2026-05-19,Mobile,4638,180,228.21,18,2637.53
CAMP-0007,2026-05-19,Tablet,1526,32,694.85,1,104.52
CAMP-0009,2026-05-19,Desktop,2430,38,663.35,2,193.91
CAMP-0009,2026-05-19,Mobile,23180,1058,306.00,116,9461.51
CAMP-0009,2026-05-19,Tablet,5510,405,821.62,39,5722.03
CAMP-0020,2026-05-19,Desktop,18995,1240,519.66,6,683.72
CAMP-0020,2026-05-19,Mobile,12148,617,41.16,31,3146.31
CAMP-0020,2026-05-19,Tablet,15559,933,740.65,33,4910.45
CAMP-0004,2026-05-19,Desktop,11200,285,895.82,17,781.93
CAMP-0004,2026-05-19,Mobile,21834,1442,359.17,45,4904.40
CAMP-0004,2026-05-19,Tablet,20153,238,274.03,2,209.63
CAMP-0008,2026-05-19,Desktop,16514,832,807.13,18,2611.60
CAMP-0008,2026-05-19,Mobile,24925,1156,673.38,83,6995.53
CAMP-0008,2026-05-19,Tablet,22804,280,322.22,0,0.00
CAMP-0017,2026-05-19,Desktop,21800,729,57.91,71,7314.66
CAMP-0017,2026-05-19,Mobile,17879,1261,542.41,82,7264.96
CAMP-0017,2026-05-19,Tablet,11645,414,331.48,2,175.26
CAMP-0001,2026-05-19,Desktop,24317,1323,364.25,121,9232.31
CAMP-0001,2026-05-19,Mobile,18384,1105,354.35,73,9749.81
CAMP-0001,2026-05-19,Tablet,7279,200,652.16,12,1917.72
CAMP-0014,2026-05-19,Desktop,1567,115,382.26,13,1900.45
CAMP-0014,2026-05-19,Mobile,19363,175,588.72,14,1524.90
CAMP-0014,2026-05-19,Tablet,10190,696,897.51,29,4107.43
CAMP-0006,2026-05-19,Desktop,6586,452,711.66,37,5304.18
CAMP-0006,2026-05-19,Mobile,19048,853,544.95,56,5794.26
CAMP-0006,2026-05-19,Tablet,8415,565,344.17,7,1027.80
CAMP-0002,2026-05-19,Desktop,17137,830,418.76,11,1211.40
CAMP-0002,2026-05-19,Mobile,17900,255,480.95,29,4388.43
CAMP-0002,2026-05-19,Tablet,23426,1077,596.79,6,493.04
CAMP-0016,2026-05-20,Desktop,3389,196,548.03,0,0.00
CAMP-0016,2026-05-20,Mobile,3343,199,881.59,8,301.61
CAMP-0016,2026-05-20,Tablet,14402,1119,277.40,97,4581.66
CAMP-0007,2026-05-20,Desktop,22773,991,213.51,83,8144.49
CAMP-0007,2026-05-20,Mobile,5064,94,412.65,11,1578.10
CAMP-0007,2026-05-20,Tablet,5124,223,476.18,16,2497.96
CAMP-0018,2026-05-20,Desktop,6656,187,896.54,18,2626.39
CAMP-0018,2026-05-20,Mobile,10334,336,658.45,18,928.53
CAMP-0018,2026-05-20,Tablet,8174,287,178.80,17,878.82
CAMP-0009,2026-05-20,Desktop,14526,930,449.23,77,8791.21
CAMP-0009,2026-05-20,Mobile,18647,552,325.88,38,1958.99
CAMP-0009,2026-05-20,Tablet,12772,156,887.27,13,971.68
CAMP-0011,2026-05-20,Desktop,18925,743,882.91,61,4511.47
CAMP-0011,2026-05-20,Mobile,15218,286,428.47,26,1843.52
CAMP-0011,2026-05-20,Tablet,13096,1017,726.95,0,0.00
CAMP-0014,2026-05-20,Desktop,6055,48,805.02,4,616.48
CAMP-0014,2026-05-20,Mobile,24331,1795,720.61,80,10200.29
CAMP-0014,2026-05-20,Tablet,9997,613,88.49,0,0.00
CAMP-0012,2026-05-20,Desktop,21804,940,679.99,62,4148.77
CAMP-0012,2026-05-20,Mobile,4217,173,377.38,12,1011.38
CAMP-0012,2026-05-20,Tablet,4937,49,118.60,5,245.26
CAMP-0020,2026-05-20,Desktop,20652,1362,731.91,5,537.29
CAMP-0020,2026-05-20,Mobile,11036,268,181.20,0,0.00
CAMP-0020,2026-05-20,Tablet,24627,990,451.96,66,3931.18
CAMP-0017,2026-05-20,Desktop,15333,146,783.38,16,1863.81
CAMP-0017,2026-05-20,Mobile,15268,267,107.08,11,1744.40
CAMP-0017,2026-05-20,Tablet,3650,289,338.51,15,783.15
CAMP-0008,2026-05-20,Desktop,24161,805,510.24,14,746.99
CAMP-0008,2026-05-20,Mobile,19307,1101,346.20,88,5467.65
CAMP-0008,2026-05-20,Tablet,4333,259,874.13,15,1974.69
CAMP-0002,2026-05-21,Desktop,21830,1019,79.21,51,2278.34
CAMP-0002,2026-05-21,Mobile,2460,23,357.81,1,147.76
CAMP-0002,2026-05-21,Tablet,6753,466,519.51,46,3170.12
CAMP-0006,2026-05-21,Desktop,12649,562,28.59,25,2354.29
CAMP-0006,2026-05-21,Mobile,21294,483,239.73,22,2742.37
CAMP-0006,2026-05-21,Tablet,23476,641,252.46,76,7709.30
CAMP-0008,2026-05-21,Desktop,12226,718,351.11,6,240.98
CAMP-0008,2026-05-21,Mobile,18983,1000,704.40,49,3246.12
CAMP-0008,2026-05-21,Tablet,11164,434,860.72,17,1151.15
CAMP-0014,2026-05-21,Desktop,6634,338,572.70,30,4487.98
CAMP-0014,2026-05-21,Mobile,21603,1497,292.61,91,10465.61
CAMP-0014,2026-05-21,Tablet,17900,838,108.87,52,2579.55
CAMP-0011,2026-05-21,Desktop,1542,13,336.12,0,0.00
CAMP-0011,2026-05-21,Mobile,3535,37,728.15,2,189.35
CAMP-0011,2026-05-21,Tablet,16253,941,189.02,27,2445.95
CAMP-0016,2026-05-21,Desktop,7700,552,762.79,23,1390.93
CAMP-0016,2026-05-21,Mobile,7629,580,582.49,34,4202.46
CAMP-0016,2026-05-21,Tablet,17249,1099,809.70,130,4865.55
CAMP-0020,2026-05-21,Desktop,23191,1826,640.14,100,11841.03
CAMP-0020,2026-05-21,Mobile,14258,220,538.96,13,1128.87
CAMP-0020,2026-05-21,Tablet,11678,854,424.82,48,7366.52
CAMP-0007,2026-05-21,Desktop,10193,410,751.67,40,3190.39
CAMP-0007,2026-05-21,Mobile,823,21,881.92,0,0.00
CAMP-0007,2026-05-21,Tablet,5961,77,21.44,4,431.32
CAMP-0013,2026-05-21,Desktop,598,37,150.47,0,0.00
CAMP-0013,2026-05-21,Mobile,2948,158,841.37,16,1535.76
CAMP-0013,2026-05-21,Tablet,16539,763,220.59,53,5001.06
CAMP-0019,2026-05-21,Desktop,927,71,225.99,1,66.35
CAMP-0019,2026-05-21,Mobile,21581,1636,498.78,33,3608.19
CAMP-0019,2026-05-21,Tablet,22575,828,848.44,29,1243.19
CAMP-0009,2026-05-22,Desktop,11638,811,483.91,22,2340.04
CAMP-0009,2026-05-22,Mobile,2195,28,377.27,0,0.00
CAMP-0009,2026-05-22,Tablet,11141,420,685.66,26,2149.73
CAMP-0003,2026-05-22,Desktop,11112,796,734.37,19,2855.07
CAMP-0003,2026-05-22,Mobile,9328,61,21.77,2,279.13
CAMP-0003,2026-05-22,Tablet,22486,209,685.30,10,1114.80
CAMP-0001,2026-05-22,Desktop,1535,101,293.03,9,1310.68
CAMP-0001,2026-05-22,Mobile,4754,279,779.66,15,2042.71
CAMP-0001,2026-05-22,Tablet,19878,579,825.34,53,6471.76
CAMP-0002,2026-05-22,Desktop,1209,23,115.74,2,290.75
CAMP-0002,2026-05-22,Mobile,20857,626,143.04,13,625.54
CAMP-0002,2026-05-22,Tablet,21277,1516,201.61,169,26181.47
CAMP-0006,2026-05-22,Desktop,23562,772,644.55,16,988.87
CAMP-0006,2026-05-22,Mobile,13697,197,561.75,14,948.83
CAMP-0006,2026-05-22,Tablet,4337,170,74.83,8,942.80
CAMP-0019,2026-05-22,Desktop,23306,801,25.35,81,12353.59
CAMP-0019,2026-05-22,Mobile,15175,641,781.21,65,5131.79
CAMP-0019,2026-05-22,Tablet,17031,1347,743.84,89,3971.17
CAMP-0014,2026-05-23,Desktop,1215,13,520.15,0,0.00
CAMP-0014,2026-05-23,Mobile,12295,768,451.01,52,8187.84
CAMP-0014,2026-05-23,Tablet,19267,1500,239.19,59,4023.19
CAMP-0003,2026-05-23,Desktop,2659,114,240.42,7,670.07
CAMP-0003,2026-05-23,Mobile,9767,653,131.22,39,2992.04
CAMP-0003,2026-05-23,Tablet,11151,289,296.55,26,1862.07
CAMP-0005,2026-05-23,Desktop,23455,1552,262.54,148,13922.29
CAMP-0005,2026-05-23,Mobile,12929,577,562.44,27,1690.90
CAMP-0005,2026-05-23,Tablet,23914,221,569.46,15,2229.16
CAMP-0013,2026-05-23,Desktop,10202,52,646.08,5,484.98
CAMP-0013,2026-05-23,Mobile,10605,407,511.60,1,153.66
CAMP-0013,2026-05-23,Tablet,22294,1242,376.98,123,14604.84
CAMP-0002,2026-05-23,Desktop,20997,363,265.82,43,5307.73
CAMP-0002,2026-05-23,Mobile,6305,329,676.59,30,4083.29
CAMP-0002,2026-05-23,Tablet,11467,257,292.38,24,2496.29
CAMP-0001,2026-05-24,Desktop,24736,505,199.29,29,2106.38
CAMP-0001,2026-05-24,Mobile,15131,129,490.12,13,676.78
CAMP-0001,2026-05-24,Tablet,12381,371,418.22,5,645.11
CAMP-0010,2026-05-24,Desktop,11944,844,146.04,29,1898.54
CAMP-0010,2026-05-24,Mobile,5749,120,400.78,1,42.11
CAMP-0010,2026-05-24,Tablet,678,3,564.59,0,0.00
CAMP-0015,2026-05-24,Desktop,21963,186,618.21,5,585.93
CAMP-0015,2026-05-24,Mobile,14322,998,22.55,86,5194.95
CAMP-0015,2026-05-24,Tablet,13571,651,492.98,64,10193.81
CAMP-0020,2026-05-24,Desktop,21310,464,329.64,1,121.59
CAMP-0020,2026-05-24,Mobile,11855,669,125.71,68,2699.99
CAMP-0020,2026-05-24,Tablet,6418,247,448.98,1,137.58
CAMP-0009,2026-05-24,Desktop,3294,174,762.25,17,1742.14
CAMP-0009,2026-05-24,Mobile,993,67,323.28,7,953.95
CAMP-0009,2026-05-24,Tablet,15145,1074,819.78,91,3665.02
CAMP-0013,2026-05-24,Desktop,6811,217,182.94,11,1392.92
CAMP-0013,2026-05-24,Mobile,24922,1072,80.77,78,9340.57
CAMP-0013,2026-05-24,Tablet,6733,100,205.53,9,1059.96
CAMP-0015,2026-05-25,Desktop,15373,385,400.27,31,3561.17
CAMP-0015,2026-05-25,Mobile,7976,244,218.32,13,1546.59
CAMP-0015,2026-05-25,Tablet,9677,657,517.43,3,203.49
CAMP-0004,2026-05-25,Desktop,21420,781,748.75,68,3209.80
CAMP-0004,2026-05-25,Mobile,22630,711,75.05,42,5659.23
CAMP-0004,2026-05-25,Tablet,8665,148,664.19,10,791.07
CAMP-0017,2026-05-25,Desktop,2509,95,724.09,1,96.29
CAMP-0017,2026-05-25,Mobile,24945,456,883.94,52,3252.10
CAMP-0017,2026-05-25,Tablet,6224,87,279.91,1,87.16
CAMP-0001,2026-05-25,Desktop,23719,567,730.42,41,6519.37
CAMP-0001,2026-05-25,Mobile,18483,435,441.25,48,6714.10
CAMP-0001,2026-05-25,Tablet,9200,675,522.73,72,6128.08
CAMP-0012,2026-05-25,Desktop,7900,629,290.49,41,2102.08
CAMP-0012,2026-05-25,Mobile,2255,151,380.55,17,2331.13
CAMP-0012,2026-05-25,Tablet,5500,109,713.80,1,54.54
CAMP-0014,2026-05-26,Desktop,9234,623,461.64,39,6080.51
CAMP-0014,2026-05-26,Mobile,3438,28,861.35,2,296.05
CAMP-0014,2026-05-26,Tablet,23660,176,462.57,0,0.00
CAMP-0017,2026-05-26,Desktop,1334,35,85.55,4,624.26
CAMP-0017,2026-05-26,Mobile,3449,238,74.00,11,717.14
CAMP-0017,2026-05-26,Tablet,22376,504,365.77,6,348.01
CAMP-0002,2026-05-26,Desktop,11140,435,398.17,11,1065.62
CAMP-0002,2026-05-26,Mobile,14278,472,185.38,10,777.37
CAMP-0002,2026-05-26,Tablet,11056,258,376.54,28,1939.94
CAMP-0020,2026-05-26,Desktop,2152,134,79.71,9,338.21
CAMP-0020,2026-05-26,Mobile,13854,923,280.32,108,14677.52
CAMP-0020,2026-05-26,Tablet,1156,53,623.36,2,215.33
CAMP-0001,2026-05-26,Desktop,7208,457,200.79,41,2476.79
CAMP-0001,2026-05-26,Mobile,5900,45,130.34,1,133.27
CAMP-0001,2026-05-26,Tablet,12354,620,846.82,60,2459.60
CAMP-0004,2026-05-26,Desktop,6940,468,688.18,33,2681.24
CAMP-0004,2026-05-26,Mobile,727,35,851.40,4,362.48
CAMP-0004,2026-05-26,Tablet,3359,137,882.79,6,701.03
CAMP-0019,2026-05-26,Desktop,19935,437,270.51,43,5689.58
CAMP-0019,2026-05-26,Mobile,5372,48,650.47,4,461.26
CAMP-0019,2026-05-26,Tablet,9481,473,431.40,13,1075.66
CAMP-0007,2026-05-26,Desktop,17443,264,177.80,4,226.94
CAMP-0007,2026-05-26,Mobile,14829,211,437.92,4,356.36
CAMP-0007,2026-05-26,Tablet,9236,630,225.04,22,1119.44
CAMP-0015,2026-05-26,Desktop,16625,405,157.55,17,1637.28
CAMP-0015,2026-05-26,Mobile,10595,611,317.09,60,6524.94
CAMP-0015,2026-05-26,Tablet,23027,691,481.46,24,3745.20
CAMP-0009,2026-05-26,Desktop,24475,1757,307.88,201,27975.98
CAMP-0009,2026-05-26,Mobile,19553,121,690.61,14,2099.99
CAMP-0009,2026-05-26,Tablet,5658,85,349.05,7,372.90
CAMP-0009,2026-05-27,Desktop,13979,710,193.76,37,2928.49
CAMP-0009,2026-05-27,Mobile,19317,1001,723.95,116,9895.61
CAMP-0009,2026-05-27,Tablet,12365,579,660.64,6,514.92
CAMP-0018,2026-05-27,Desktop,9941,114,665.62,9,1062.97
CAMP-0018,2026-05-27,Mobile,21544,319,260.31,11,1177.35
CAMP-0018,2026-05-27,Tablet,21825,523,785.30,15,2248.50
CAMP-0020,2026-05-27,Desktop,21453,377,619.86,18,1143.48
CAMP-0020,2026-05-27,Mobile,15451,238,563.21,17,2369.33
CAMP-0020,2026-05-27,Tablet,9807,639,703.41,30,1245.74
CAMP-0012,2026-05-27,Desktop,9208,82,454.49,8,695.91
CAMP-0012,2026-05-27,Mobile,4326,98,844.93,2,205.19
CAMP-0012,2026-05-27,Tablet,18109,358,701.43,3,123.68
CAMP-0002,2026-05-27,Desktop,19582,674,670.77,79,5107.22
CAMP-0002,2026-05-27,Mobile,3567,285,181.44,4,496.74
CAMP-0002,2026-05-27,Tablet,17334,201,460.75,9,446.02
CAMP-0008,2026-05-27,Desktop,14019,794,536.75,74,11436.78
CAMP-0008,2026-05-27,Mobile,11014,475,690.54,5,312.38
CAMP-0008,2026-05-27,Tablet,3336,169,474.52,13,978.13
CAMP-0015,2026-05-27,Desktop,4735,176,171.56,5,786.33
CAMP-0015,2026-05-27,Mobile,1357,45,717.43,1,51.19
CAMP-0015,2026-05-27,Tablet,12343,614,758.16,34,5145.15
CAMP-0004,2026-05-27,Desktop,20754,584,242.32,69,8921.75
CAMP-0004,2026-05-27,Mobile,11159,358,782.93,38,1650.58
CAMP-0004,2026-05-27,Tablet,622,42,69.80,3,444.59
CAMP-0001,2026-05-27,Desktop,21253,444,178.17,9,863.21
CAMP-0001,2026-05-27,Mobile,14337,921,809.33,66,4695.99
CAMP-0001,2026-05-27,Tablet,21660,1496,207.78,30,4146.98
CAMP-0011,2026-05-28,Desktop,23839,1808,168.13,200,13868.80
CAMP-0011,2026-05-28,Mobile,3763,51,70.15,2,290.36
CAMP-0011,2026-05-28,Tablet,19385,342,598.43,0,0.00
CAMP-0012,2026-05-28,Desktop,5938,34,557.56,4,277.10
CAMP-0012,2026-05-28,Mobile,14914,887,216.50,38,5181.00
CAMP-0012,2026-05-28,Tablet,696,23,831.76,2,123.06
CAMP-0008,2026-05-28,Desktop,18584,290,865.94,22,1486.02
CAMP-0008,2026-05-28,Mobile,6001,114,30.72,5,791.20
CAMP-0008,2026-05-28,Tablet,17892,1117,95.70,110,15906.23
CAMP-0016,2026-05-28,Desktop,9470,586,613.87,19,1709.43
CAMP-0016,2026-05-28,Mobile,21044,1238,291.40,37,1430.01
CAMP-0016,2026-05-28,Tablet,6723,495,186.21,23,3178.72
CAMP-0006,2026-05-28,Desktop,8009,637,44.15,23,3223.73
CAMP-0006,2026-05-28,Mobile,22123,1503,760.32,175,24288.50
CAMP-0006,2026-05-28,Tablet,17558,1133,542.08,130,6057.02
CAMP-0018,2026-05-28,Desktop,8645,515,300.65,14,1864.57
CAMP-0018,2026-05-28,Mobile,5684,398,76.91,3,333.23
CAMP-0018,2026-05-28,Tablet,1961,33,815.70,3,242.83
CAMP-0002,2026-05-29,Desktop,11869,725,876.70,73,5977.42
CAMP-0002,2026-05-29,Mobile,18437,634,341.23,39,5625.13
CAMP-0002,2026-05-29,Tablet,24088,1366,99.97,14,1689.10
CAMP-0019,2026-05-29,Desktop,15815,463,162.26,26,1699.84
CAMP-0019,2026-05-29,Mobile,20522,498,170.22,58,2452.23
CAMP-0019,2026-05-29,Tablet,2915,27,382.05,3,208.25
CAMP-0012,2026-05-29,Desktop,9479,287,676.12,3,381.94
CAMP-0012,2026-05-29,Mobile,24717,1707,304.74,88,12879.59
CAMP-0012,2026-05-29,Tablet,11462,670,126.09,53,7489.39
CAMP-0008,2026-05-29,Desktop,17900,531,130.40,55,6955.75
CAMP-0008,2026-05-29,Mobile,13214,513,420.41,0,0.00
CAMP-0008,2026-05-29,Tablet,20279,534,67.52,43,3594.45
CAMP-0017,2026-05-29,Desktop,21600,1452,76.66,168,9675.69
CAMP-0017,2026-05-29,Mobile,8110,234,416.87,13,597.43
CAMP-0017,2026-05-29,Tablet,24295,715,485.67,34,3505.87
CAMP-0020,2026-05-30,Desktop,5563,93,266.08,9,505.66
CAMP-0020,2026-05-30,Mobile,22381,261,248.00,7,444.12
CAMP-0020,2026-05-30,Tablet,17479,1346,501.37,114,14274.12
CAMP-0012,2026-05-30,Desktop,13606,784,838.62,5,598.23
CAMP-0012,2026-05-30,Mobile,7360,413,523.04,49,5003.24
CAMP-0012,2026-05-30,Tablet,21713,1538,338.37,175,18107.52
CAMP-0002,2026-05-30,Desktop,19390,302,355.46,33,4087.21
CAMP-0002,2026-05-30,Mobile,20330,574,853.53,31,1266.86
CAMP-0002,2026-05-30,Tablet,10606,624,836.95,32,1254.72
CAMP-0011,2026-05-30,Desktop,1906,118,576.21,4,392.41
CAMP-0011,2026-05-30,Mobile,3456,122,223.11,2,303.35
CAMP-0011,2026-05-30,Tablet,19820,1519,779.37,132,16299.99
CAMP-0013,2026-05-31,Desktop,22115,258,345.94,10,556.44
CAMP-0013,2026-05-31,Mobile,17996,341,180.28,38,5240.34
CAMP-0013,2026-05-31,Tablet,2205,20,467.30,2,283.04
CAMP-0002,2026-05-31,Desktop,3353,230,586.84,11,1244.85
CAMP-0002,2026-05-31,Mobile,5462,186,122.47,13,1407.57
CAMP-0002,2026-05-31,Tablet,5885,416,176.00,15,662.93
CAMP-0006,2026-05-31,Desktop,16344,802,881.49,62,8870.59
CAMP-0006,2026-05-31,Mobile,17814,958,791.35,15,1940.15
CAMP-0006,2026-05-31,Tablet,6413,382,154.31,12,1652.36
CAMP-0018,2026-05-31,Desktop,23492,1457,696.28,128,20467.55
CAMP-0018,2026-05-31,Mobile,1782,23,234.63,2,131.56
CAMP-0018,2026-05-31,Tablet,7892,211,603.63,0,0.00
CAMP-0019,2026-05-31,Desktop,2021,39,62.98,4,224.41
CAMP-0019,2026-05-31,Mobile,18709,348,540.43,5,371.37
CAMP-0019,2026-05-31,Tablet,10686,459,753.25,32,2648.93
CAMP-0017,2026-05-31,Desktop,14811,707,266.99,28,1033.63
CAMP-0017,2026-05-31,Mobile,8007,53,496.92,2,155.64
CAMP-0017,2026-05-31,Tablet,11079,685,574.27,11,1357.25
CAMP-0020,2026-05-31,Desktop,14373,767,25.74,49,6721.14
CAMP-0020,2026-05-31,Mobile,3781,198,442.92,20,3094.11
CAMP-0020,2026-05-31,Tablet,8695,523,357.25,25,1822.88
CAMP-0015,2026-05-31,Desktop,16440,1127,476.46,59,8315.34
CAMP-0015,2026-05-31,Mobile,11856,905,795.61,35,5510.20
CAMP-0015,2026-05-31,Tablet,21544,1573,455.97,136,13517.34
CAMP-0008,2026-06-01,Desktop,5750,277,162.87,4,198.99
CAMP-0008,2026-06-01,Mobile,11606,236,263.22,5,491.76
CAMP-0008,2026-06-01,Tablet,1562,57,523.55,1,63.58
CAMP-0015,2026-06-01,Desktop,1488,111,341.89,13,803.17
CAMP-0015,2026-06-01,Mobile,9387,741,388.02,36,2467.00
CAMP-0015,2026-06-01,Tablet,4422,149,387.92,13,516.07
CAMP-0018,2026-06-01,Desktop,19296,849,339.68,86,7535.09
CAMP-0018,2026-06-01,Mobile,24218,282,604.88,18,2172.82
CAMP-0018,2026-06-01,Tablet,23534,333,677.71,18,2039.52
CAMP-0001,2026-06-01,Desktop,12794,892,223.27,65,10264.85
CAMP-0001,2026-06-01,Mobile,22492,281,864.04,2,131.79
CAMP-0001,2026-06-01,Tablet,12721,973,633.43,42,1546.82
CAMP-0009,2026-06-02,Desktop,13030,103,304.95,2,164.28
CAMP-0009,2026-06-02,Mobile,14767,348,201.53,39,2021.30
CAMP-0009,2026-06-02,Tablet,15018,378,512.94,17,2077.33
CAMP-0020,2026-06-02,Desktop,11682,401,231.38,23,2036.84
CAMP-0020,2026-06-02,Mobile,4319,283,691.09,4,482.17
CAMP-0020,2026-06-02,Tablet,2310,50,696.21,0,0.00
CAMP-0013,2026-06-02,Desktop,14056,808,193.99,15,2393.11
CAMP-0013,2026-06-02,Mobile,24408,368,131.21,5,190.32
CAMP-0013,2026-06-02,Tablet,2923,145,712.27,2,85.98
CAMP-0007,2026-06-02,Desktop,3272,223,91.96,1,86.08
CAMP-0007,2026-06-02,Mobile,10588,805,414.64,90,13955.38
CAMP-0007,2026-06-02,Tablet,9977,759,40.40,15,529.64
CAMP-0016,2026-06-02,Desktop,7888,211,163.64,15,2016.51
CAMP-0016,2026-06-02,Mobile,14398,207,289.18,7,870.13
CAMP-0016,2026-06-02,Tablet,20415,1438,710.68,161,11474.39
CAMP-0008,2026-06-03,Desktop,5932,71,461.97,2,106.12
CAMP-0008,2026-06-03,Mobile,4473,153,467.92,6,599.82
CAMP-0008,2026-06-03,Tablet,4569,107,47.43,12,954.90
CAMP-0020,2026-06-03,Desktop,1640,16,721.66,0,0.00
CAMP-0020,2026-06-03,Mobile,11725,380,482.09,0,0.00
CAMP-0020,2026-06-03,Tablet,17814,117,56.75,7,925.10
CAMP-0009,2026-06-03,Desktop,1949,28,699.24,1,136.98
CAMP-0009,2026-06-03,Mobile,23486,1067,616.74,39,2705.59
CAMP-0009,2026-06-03,Tablet,5243,394,69.75,7,437.12
CAMP-0001,2026-06-03,Desktop,5515,30,280.57,3,153.38
CAMP-0001,2026-06-03,Mobile,24271,847,448.67,55,7223.91
CAMP-0001,2026-06-03,Tablet,4259,217,114.56,1,64.03
CAMP-0002,2026-06-03,Desktop,20088,796,383.10,95,14498.53
CAMP-0002,2026-06-03,Mobile,11200,99,877.42,3,309.99
CAMP-0002,2026-06-03,Tablet,22028,1465,119.70,104,6529.13
CAMP-0006,2026-06-03,Desktop,22339,1315,771.98,56,2800.23
CAMP-0006,2026-06-03,Mobile,1251,63,107.62,7,380.16
CAMP-0006,2026-06-03,Tablet,23743,1111,291.19,5,491.59
CAMP-0011,2026-06-03,Desktop,8517,620,178.61,65,3774.98
CAMP-0011,2026-06-03,Mobile,19442,209,880.52,14,1651.09
CAMP-0011,2026-06-03,Tablet,13938,630,369.96,10,1165.20
CAMP-0016,2026-06-03,Desktop,10709,405,284.37,20,850.29
CAMP-0016,2026-06-03,Mobile,10240,558,544.06,0,0.00
CAMP-0016,2026-06-03,Tablet,19956,595,592.53,64,8801.18
CAMP-0007,2026-06-03,Desktop,3734,25,763.03,3,118.93
CAMP-0007,2026-06-03,Mobile,9820,398,84.75,45,5072.40
CAMP-0007,2026-06-03,Tablet,5527,292,531.95,32,4195.73
CAMP-0002,2026-06-04,Desktop,15489,164,851.22,1,120.33
CAMP-0002,2026-06-04,Mobile,20903,1599,581.65,37,1924.86
CAMP-0002,2026-06-04,Tablet,23228,1009,464.66,103,8589.73
CAMP-0012,2026-06-04,Desktop,19510,178,784.99,21,2152.89
CAMP-0012,2026-06-04,Mobile,21988,637,804.07,9,1296.87
CAMP-0012,2026-06-04,Tablet,15579,709,729.19,33,3693.28
CAMP-0004,2026-06-04,Desktop,13289,803,506.70,51,2586.47
CAMP-0004,2026-06-04,Mobile,17681,356,354.44,14,672.46
CAMP-0004,2026-06-04,Tablet,22219,717,459.46,17,2533.40
CAMP-0014,2026-06-04,Desktop,14357,1148,742.72,33,2410.34
CAMP-0014,2026-06-04,Mobile,4878,377,149.82,11,1140.86
CAMP-0014,2026-06-04,Tablet,8765,487,269.06,16,1462.18
CAMP-0005,2026-06-04,Desktop,16777,1298,615.41,91,4714.31
CAMP-0005,2026-06-04,Mobile,3944,24,727.23,2,170.66
CAMP-0005,2026-06-04,Tablet,9280,131,511.21,11,1667.27
CAMP-0010,2026-06-05,Desktop,8217,370,40.62,13,702.04
CAMP-0010,2026-06-05,Mobile,22224,1759,372.07,140,13905.75
CAMP-0010,2026-06-05,Tablet,11163,695,754.96,67,5604.92
CAMP-0017,2026-06-05,Desktop,13145,661,754.45,62,6644.93
CAMP-0017,2026-06-05,Mobile,19993,1398,669.31,115,18323.58
CAMP-0017,2026-06-05,Tablet,14098,694,116.24,76,3951.64
CAMP-0007,2026-06-05,Desktop,3150,83,307.25,1,84.77
CAMP-0007,2026-06-05,Mobile,1521,116,874.70,3,250.53
CAMP-0007,2026-06-05,Tablet,9110,431,620.45,11,891.14
CAMP-0016,2026-06-05,Desktop,11843,931,102.24,103,5440.32
CAMP-0016,2026-06-05,Mobile,5114,186,462.98,10,1172.74
CAMP-0016,2026-06-05,Tablet,14530,1121,863.61,104,3988.81
CAMP-0020,2026-06-05,Desktop,17087,1023,271.84,14,1925.97
CAMP-0020,2026-06-05,Mobile,2112,14,853.12,0,0.00
CAMP-0020,2026-06-05,Tablet,7174,363,615.70,21,2682.84
CAMP-0005,2026-06-05,Desktop,3383,207,372.19,20,2313.62
CAMP-0005,2026-06-05,Mobile,5093,279,441.85,14,1107.52
CAMP-0005,2026-06-05,Tablet,20106,467,375.32,33,1177.68
CAMP-0003,2026-06-05,Desktop,21516,1227,577.98,27,1295.94
CAMP-0003,2026-06-05,Mobile,5163,289,136.93,33,2189.01
CAMP-0003,2026-06-05,Tablet,14527,335,317.18,19,1843.21
CAMP-0004,2026-06-05,Desktop,14527,706,823.91,2,281.22
CAMP-0004,2026-06-05,Mobile,5873,29,141.60,3,273.70
CAMP-0004,2026-06-05,Tablet,9285,537,515.08,13,891.47
CAMP-0001,2026-06-06,Desktop,2638,28,290.79,0,0.00
CAMP-0001,2026-06-06,Mobile,9546,337,141.85,29,2886.53
CAMP-0001,2026-06-06,Tablet,3913,286,723.89,28,3039.24
CAMP-0005,2026-06-06,Desktop,1945,93,574.94,0,0.00
CAMP-0005,2026-06-06,Mobile,5624,193,647.24,2,301.46
CAMP-0005,2026-06-06,Tablet,2323,174,204.90,0,0.00
CAMP-0002,2026-06-06,Desktop,21457,1436,713.57,9,986.96
CAMP-0002,2026-06-06,Mobile,7767,412,51.72,49,2509.91
CAMP-0002,2026-06-06,Tablet,23809,1600,515.93,172,27457.05
CAMP-0014,2026-06-06,Desktop,12300,401,426.83,3,306.24
CAMP-0014,2026-06-06,Mobile,24323,372,102.17,43,4097.34
CAMP-0014,2026-06-06,Tablet,22966,1395,197.51,28,4192.89
CAMP-0008,2026-06-06,Desktop,5049,135,891.76,13,1689.91
CAMP-0008,2026-06-06,Mobile,5708,133,404.83,4,183.34
CAMP-0008,2026-06-06,Tablet,1208,38,394.34,0,0.00
CAMP-0016,2026-06-06,Desktop,4786,79,764.13,9,1362.93
CAMP-0016,2026-06-06,Mobile,5915,365,629.89,37,5806.98
CAMP-0016,2026-06-06,Tablet,24593,1361,292.56,41,5837.64
CAMP-0019,2026-06-06,Desktop,20478,1542,171.99,104,7188.59
CAMP-0019,2026-06-06,Mobile,12652,190,657.35,16,1767.75
CAMP-0019,2026-06-06,Tablet,24784,1299,155.37,13,1562.21
CAMP-0009,2026-06-06,Desktop,5546,37,729.34,4,268.09
CAMP-0009,2026-06-06,Mobile,23080,1183,717.85,80,11448.25
CAMP-0009,2026-06-06,Tablet,16426,1217,744.44,105,6018.20
CAMP-0011,2026-06-06,Desktop,16428,146,298.96,12,901.62
CAMP-0011,2026-06-06,Mobile,13656,178,819.61,0,0.00
CAMP-0011,2026-06-06,Tablet,6107,102,859.94,4,608.30
CAMP-0006,2026-06-06,Desktop,14179,105,268.12,9,1261.07
CAMP-0006,2026-06-06,Mobile,4510,276,147.00,16,1711.71
CAMP-0006,2026-06-06,Tablet,12755,282,760.74,22,1055.01
CAMP-0008,2026-06-07,Desktop,23959,942,394.23,94,13721.60
CAMP-0008,2026-06-07,Mobile,13906,228,187.65,19,1262.16
CAMP-0008,2026-06-07,Tablet,10374,270,160.41,12,788.18
CAMP-0002,2026-06-07,Desktop,1162,13,779.23,1,155.49
CAMP-0002,2026-06-07,Mobile,13233,728,393.25,68,8048.77
CAMP-0002,2026-06-07,Tablet,14994,137,523.81,4,187.25
CAMP-0016,2026-06-07,Desktop,11309,784,395.86,28,1933.51
CAMP-0016,2026-06-07,Mobile,13470,1028,764.35,1,44.97
CAMP-0016,2026-06-07,Tablet,17602,1040,275.13,92,5744.97
CAMP-0011,2026-06-07,Desktop,4171,252,606.45,9,414.77
CAMP-0011,2026-06-07,Mobile,22627,320,323.12,25,3798.39
CAMP-0011,2026-06-07,Tablet,18899,472,480.09,20,1640.55
CAMP-0007,2026-06-07,Desktop,6858,374,847.52,43,3068.55
CAMP-0007,2026-06-07,Mobile,3046,214,653.39,22,961.84
CAMP-0007,2026-06-07,Tablet,7721,354,294.46,12,1561.60
CAMP-0014,2026-06-07,Desktop,7085,516,198.36,60,4145.25
CAMP-0014,2026-06-07,Mobile,3478,239,743.30,26,4005.57
CAMP-0014,2026-06-07,Tablet,6583,481,317.14,30,1458.41
CAMP-0001,2026-06-08,Desktop,14042,1000,83.66,80,8727.51
CAMP-0001,2026-06-08,Mobile,23545,1456,466.59,43,6661.27
CAMP-0001,2026-06-08,Tablet,5318,143,179.74,7,510.72
CAMP-0006,2026-06-08,Desktop,6377,197,682.07,12,1772.36
CAMP-0006,2026-06-08,Mobile,16259,1200,37.92,65,2701.61
CAMP-0006,2026-06-08,Tablet,13753,948,520.16,36,5132.83
CAMP-0012,2026-06-08,Desktop,21089,1031,478.77,91,10340.98
CAMP-0012,2026-06-08,Mobile,4468,99,36.52,7,983.38
CAMP-0012,2026-06-08,Tablet,11246,212,108.16,8,1003.48
CAMP-0020,2026-06-08,Desktop,7348,201,544.37,4,273.60
CAMP-0020,2026-06-08,Mobile,22652,851,414.38,70,2702.46
CAMP-0020,2026-06-08,Tablet,13862,624,738.38,72,11356.78
CAMP-0009,2026-06-08,Desktop,17438,1081,137.91,118,6116.41
CAMP-0009,2026-06-08,Mobile,2209,41,156.12,2,153.02
CAMP-0009,2026-06-08,Tablet,8132,40,126.97,0,0.00
CAMP-0014,2026-06-08,Desktop,14140,752,753.12,12,479.54
CAMP-0014,2026-06-08,Mobile,13087,306,845.82,21,2286.07
CAMP-0014,2026-06-08,Tablet,16945,485,238.08,50,6599.94
CAMP-0003,2026-06-08,Desktop,11578,794,161.40,10,1243.87
CAMP-0003,2026-06-08,Mobile,22452,1176,147.12,53,4183.85
CAMP-0003,2026-06-08,Tablet,16320,373,545.55,31,1144.30
CAMP-0010,2026-06-08,Desktop,16375,1117,787.74,4,238.15
CAMP-0010,2026-06-08,Mobile,16816,880,395.05,14,951.18
CAMP-0010,2026-06-08,Tablet,12820,197,679.15,17,1998.19
CAMP-0011,2026-06-08,Desktop,918,16,706.03,0,0.00
CAMP-0011,2026-06-08,Mobile,22559,423,818.60,42,6406.54
CAMP-0011,2026-06-08,Tablet,18249,1147,251.38,136,18298.36
CAMP-0018,2026-06-09,Desktop,10933,424,192.44,24,3680.09
CAMP-0018,2026-06-09,Mobile,13175,648,524.21,34,4054.25
CAMP-0018,2026-06-09,Tablet,1034,59,594.73,6,288.55
CAMP-0003,2026-06-09,Desktop,6208,377,524.86,16,1423.75
CAMP-0003,2026-06-09,Mobile,21345,971,110.89,91,10430.14
CAMP-0003,2026-06-09,Tablet,2280,46,107.73,3,337.87
CAMP-0009,2026-06-09,Desktop,7233,346,478.49,11,1695.12
CAMP-0009,2026-06-09,Mobile,640,24,624.24,1,106.84
CAMP-0009,2026-06-09,Tablet,16703,1261,780.69,126,11422.39
CAMP-0019,2026-06-09,Desktop,6539,55,393.38,2,139.32
CAMP-0019,2026-06-09,Mobile,8989,99,359.86,8,1277.53
CAMP-0019,2026-06-09,Tablet,21577,169,90.68,13,2020.54
CAMP-0004,2026-06-09,Desktop,20906,1009,769.44,115,17017.98
CAMP-0004,2026-06-09,Mobile,16407,1284,306.96,24,2753.58
CAMP-0004,2026-06-09,Tablet,21722,523,855.73,36,3685.27
CAMP-0001,2026-06-09,Desktop,519,15,465.30,1,74.94
CAMP-0001,2026-06-09,Mobile,24276,1902,300.72,201,18829.05
CAMP-0001,2026-06-09,Tablet,16838,1346,696.47,35,1849.46
CAMP-0020,2026-06-09,Desktop,9962,172,893.32,1,45.27
CAMP-0020,2026-06-09,Mobile,15897,199,542.82,5,424.16
CAMP-0020,2026-06-09,Tablet,19776,849,557.31,38,2294.13
CAMP-0002,2026-06-09,Desktop,3729,226,220.28,17,1174.68
CAMP-0002,2026-06-09,Mobile,14802,604,119.13,20,941.09
CAMP-0002,2026-06-09,Tablet,21530,360,246.72,8,607.24
CAMP-0011,2026-06-09,Desktop,7253,397,327.93,45,6688.97
CAMP-0011,2026-06-09,Mobile,2247,160,792.36,17,1068.78
CAMP-0011,2026-06-09,Tablet,10091,646,48.27,49,4451.80
CAMP-0014,2026-06-09,Desktop,19874,1363,86.70,131,17651.55
CAMP-0014,2026-06-09,Mobile,23593,737,580.40,73,10576.41
CAMP-0014,2026-06-09,Tablet,4406,119,775.04,14,1519.66
CAMP-0012,2026-06-10,Desktop,19779,982,807.15,86,6490.74
CAMP-0012,2026-06-10,Mobile,16766,592,310.45,68,6080.77
CAMP-0012,2026-06-10,Tablet,24847,979,775.34,91,10798.93
CAMP-0018,2026-06-10,Desktop,21559,118,774.92,2,209.19
CAMP-0018,2026-06-10,Mobile,5855,96,60.19,1,74.58
CAMP-0018,2026-06-10,Tablet,16678,557,854.81,40,4313.35
CAMP-0009,2026-06-10,Desktop,4198,307,770.79,22,836.10
CAMP-0009,2026-06-10,Mobile,8860,357,365.01,30,3010.33
CAMP-0009,2026-06-10,Tablet,22465,467,638.80,45,6813.56
CAMP-0001,2026-06-10,Desktop,16774,472,55.94,50,4199.63
CAMP-0001,2026-06-10,Mobile,8319,401,736.46,27,3514.14
CAMP-0001,2026-06-10,Tablet,7270,110,175.30,6,598.10
CAMP-0002,2026-06-10,Desktop,10349,737,860.01,72,5874.56
CAMP-0002,2026-06-10,Mobile,7207,178,674.30,9,339.09
CAMP-0002,2026-06-10,Tablet,5619,359,65.98,34,2044.95
CAMP-0010,2026-06-10,Desktop,2097,128,192.28,7,591.38
CAMP-0010,2026-06-10,Mobile,1436,29,897.22,1,140.59
CAMP-0010,2026-06-10,Tablet,24718,1002,798.41,86,13294.67
CAMP-0011,2026-06-10,Desktop,17675,580,162.35,27,2648.52
CAMP-0011,2026-06-10,Mobile,24938,693,802.75,38,2446.42
CAMP-0011,2026-06-10,Tablet,1348,72,688.56,5,796.61
CAMP-0015,2026-06-10,Desktop,17830,1383,617.57,124,17770.85
CAMP-0015,2026-06-10,Mobile,4993,149,97.48,15,1281.59
CAMP-0015,2026-06-10,Tablet,18969,1231,857.70,74,3371.83
CAMP-0003,2026-06-10,Desktop,13282,908,171.23,43,2149.48
CAMP-0003,2026-06-10,Mobile,5100,206,495.48,12,1110.32
CAMP-0003,2026-06-10,Tablet,16000,686,109.51,51,5068.97
CAMP-0011,2026-06-11,Desktop,4360,203,760.34,0,0.00
CAMP-0011,2026-06-11,Mobile,3133,19,485.66,2,106.23
CAMP-0011,2026-06-11,Tablet,24747,1683,356.73,199,28360.41
CAMP-0015,2026-06-11,Desktop,3927,124,819.66,3,149.33
CAMP-0015,2026-06-11,Mobile,7378,252,89.40,18,2090.76
CAMP-0015,2026-06-11,Tablet,4943,199,775.37,4,440.21
CAMP-0018,2026-06-11,Desktop,1378,86,176.30,1,141.12
CAMP-0018,2026-06-11,Mobile,8296,185,385.47,10,554.32
CAMP-0018,2026-06-11,Tablet,23044,639,282.39,47,2472.59
CAMP-0009,2026-06-11,Desktop,3486,59,784.48,2,307.35
CAMP-0009,2026-06-11,Mobile,5654,323,856.14,38,3047.02
CAMP-0009,2026-06-11,Tablet,24919,1032,609.92,92,4327.19
CAMP-0001,2026-06-12,Desktop,21827,1199,824.75,138,9767.98
CAMP-0001,2026-06-12,Mobile,20010,1520,270.94,47,2866.05
CAMP-0001,2026-06-12,Tablet,11990,292,461.60,7,692.70
CAMP-0004,2026-06-12,Desktop,2382,131,170.59,3,237.44
CAMP-0004,2026-06-12,Mobile,2718,148,22.54,9,625.55
CAMP-0004,2026-06-12,Tablet,15548,964,534.12,65,9490.40
CAMP-0010,2026-06-12,Desktop,9341,689,48.09,22,856.38
CAMP-0010,2026-06-12,Mobile,3629,116,88.48,9,630.37
CAMP-0010,2026-06-12,Tablet,19268,307,252.58,3,270.90
CAMP-0020,2026-06-12,Desktop,10938,261,683.52,22,2020.47
CAMP-0020,2026-06-12,Mobile,6155,113,202.43,3,475.22
CAMP-0020,2026-06-12,Tablet,10952,421,336.28,22,2895.08
CAMP-0006,2026-06-12,Desktop,3763,97,351.81,4,543.17
CAMP-0006,2026-06-12,Mobile,21127,483,87.19,55,1945.98
CAMP-0006,2026-06-12,Tablet,8066,496,459.19,0,0.00
CAMP-0018,2026-06-12,Desktop,4169,322,616.20,31,2106.64
CAMP-0018,2026-06-12,Mobile,7854,627,652.45,66,7410.08
CAMP-0018,2026-06-12,Tablet,22993,541,99.52,52,5401.77
CAMP-0002,2026-06-12,Desktop,8286,57,161.80,2,105.52
CAMP-0002,2026-06-12,Mobile,1622,63,100.53,2,83.19
CAMP-0002,2026-06-12,Tablet,17888,504,294.00,25,3735.61
CAMP-0019,2026-06-12,Desktop,17269,192,592.66,15,714.66
CAMP-0019,2026-06-12,Mobile,13629,910,283.20,54,3855.64
CAMP-0019,2026-06-12,Tablet,21190,540,526.05,25,2015.59
CAMP-0003,2026-06-12,Desktop,1288,15,163.33,0,0.00
CAMP-0003,2026-06-12,Mobile,22100,1509,205.15,66,4305.95
CAMP-0003,2026-06-12,Tablet,3010,39,238.88,1,99.48
CAMP-0009,2026-06-13,Desktop,8313,394,27.55,33,4795.17
CAMP-0009,2026-06-13,Mobile,17586,960,326.20,7,791.79
CAMP-0009,2026-06-13,Tablet,21504,1416,246.93,121,10415.74
CAMP-0007,2026-06-13,Desktop,11709,750,861.37,23,1395.48
CAMP-0007,2026-06-13,Mobile,5729,283,768.64,13,1201.63
CAMP-0007,2026-06-13,Tablet,17770,317,374.25,19,2251.93
CAMP-0012,2026-06-13,Desktop,10329,255,472.69,11,470.01
CAMP-0012,2026-06-13,Mobile,22128,278,183.21,20,2211.84
CAMP-0012,2026-06-13,Tablet,24080,208,795.26,20,2155.65
CAMP-0003,2026-06-13,Desktop,5500,29,598.96,3,178.26
CAMP-0003,2026-06-13,Mobile,24653,549,519.67,26,2712.30
CAMP-0003,2026-06-13,Tablet,5039,168,766.71,13,558.64
CAMP-0005,2026-06-13,Desktop,6610,106,889.90,9,528.62
CAMP-0005,2026-06-13,Mobile,2751,94,826.02,5,465.80
CAMP-0005,2026-06-13,Tablet,6376,393,524.33,38,5856.02
CAMP-0020,2026-06-13,Desktop,6369,335,321.33,15,1287.84
CAMP-0020,2026-06-13,Mobile,15391,578,60.94,11,713.27
CAMP-0020,2026-06-13,Tablet,19008,319,60.96,29,3275.15
CAMP-0006,2026-06-14,Desktop,20390,1003,695.21,9,868.07
CAMP-0006,2026-06-14,Mobile,5480,83,540.40,7,528.90
CAMP-0006,2026-06-14,Tablet,18007,262,241.29,25,2526.29
CAMP-0015,2026-06-14,Desktop,7267,221,652.37,0,0.00
CAMP-0015,2026-06-14,Mobile,23679,159,69.73,6,284.01
CAMP-0015,2026-06-14,Tablet,2511,96,158.85,10,740.84
CAMP-0005,2026-06-14,Desktop,13716,738,229.44,4,397.84
CAMP-0005,2026-06-14,Mobile,4058,32,57.32,1,76.08
CAMP-0005,2026-06-14,Tablet,5741,440,264.99,30,3931.64
CAMP-0016,2026-06-14,Desktop,14959,323,530.38,2,209.38
CAMP-0016,2026-06-14,Mobile,13954,379,304.96,45,6513.09
CAMP-0016,2026-06-14,Tablet,9791,350,721.24,2,74.74
CAMP-0017,2026-06-14,Desktop,12379,249,691.47,29,4453.39
CAMP-0017,2026-06-14,Mobile,11329,572,143.08,58,6084.78
CAMP-0017,2026-06-14,Tablet,22435,474,543.76,48,5228.51
CAMP-0014,2026-06-14,Desktop,6711,389,759.72,6,273.01
CAMP-0014,2026-06-14,Mobile,13171,166,194.87,19,937.58
CAMP-0014,2026-06-14,Tablet,18915,757,830.62,31,3621.07
CAMP-0004,2026-06-14,Desktop,12855,678,208.38,80,11317.70
CAMP-0004,2026-06-14,Mobile,15920,945,552.77,47,2256.65
CAMP-0004,2026-06-14,Tablet,18743,707,346.86,29,2572.65
CAMP-0011,2026-06-14,Desktop,19145,1165,584.87,94,6466.08
CAMP-0011,2026-06-14,Mobile,11632,117,402.71,1,122.65
CAMP-0011,2026-06-14,Tablet,1506,13,223.04,1,47.71
CAMP-0012,2026-06-14,Desktop,12666,676,713.78,31,2991.83
CAMP-0012,2026-06-14,Mobile,8638,541,570.52,52,5613.30
CAMP-0012,2026-06-14,Tablet,16067,545,533.32,29,3897.44
CAMP-0020,2026-06-14,Desktop,3252,197,373.79,6,708.42
CAMP-0020,2026-06-14,Mobile,6882,174,299.17,9,406.36
CAMP-0020,2026-06-14,Tablet,11672,503,406.46,51,2727.88
CAMP-0016,2026-06-15,Desktop,7779,269,854.56,10,946.64
CAMP-0016,2026-06-15,Mobile,5459,276,285.95,5,295.46
CAMP-0016,2026-06-15,Tablet,22609,883,161.42,25,3964.21
CAMP-0007,2026-06-15,Desktop,13691,933,496.12,9,1401.58
CAMP-0007,2026-06-15,Mobile,7588,573,26.04,66,6253.95
CAMP-0007,2026-06-15,Tablet,1366,32,105.07,2,107.44
CAMP-0012,2026-06-15,Desktop,18568,244,860.92,29,3148.10
CAMP-0012,2026-06-15,Mobile,4573,22,736.19,0,0.00
CAMP-0012,2026-06-15,Tablet,24188,1276,747.65,111,17427.69
CAMP-0017,2026-06-15,Desktop,20080,139,474.14,7,635.52
CAMP-0017,2026-06-15,Mobile,13722,1046,412.26,36,5522.30
CAMP-0017,2026-06-15,Tablet,11539,298,189.92,18,2768.26
CAMP-0008,2026-06-15,Desktop,22489,662,663.24,0,0.00
CAMP-0008,2026-06-15,Mobile,8260,438,767.21,28,1062.87
CAMP-0008,2026-06-15,Tablet,24979,1476,692.43,166,24259.59
CAMP-0019,2026-06-15,Desktop,1719,60,113.98,3,280.98
CAMP-0019,2026-06-15,Mobile,13473,821,542.74,27,1685.91
CAMP-0019,2026-06-15,Tablet,7417,90,237.25,2,199.63
CAMP-0010,2026-06-15,Desktop,5910,387,578.16,11,1354.72
CAMP-0010,2026-06-15,Mobile,4600,86,700.29,4,152.53
CAMP-0010,2026-06-15,Tablet,13966,74,289.17,4,622.54
CAMP-0011,2026-06-15,Desktop,5570,235,290.41,7,249.35
CAMP-0011,2026-06-15,Mobile,21361,1686,38.20,72,5937.52
CAMP-0011,2026-06-15,Tablet,20324,548,781.94,28,2820.57
CAMP-0003,2026-06-15,Desktop,815,14,443.12,1,47.24
CAMP-0003,2026-06-15,Mobile,12871,94,231.75,4,279.78
CAMP-0003,2026-06-15,Tablet,1011,54,285.40,6,789.99
CAMP-0002,2026-06-16,Desktop,3019,95,382.14,2,269.94
CAMP-0002,2026-06-16,Mobile,13666,925,722.22,87,6201.01
CAMP-0002,2026-06-16,Tablet,23748,1058,491.64,116,8629.11
CAMP-0014,2026-06-16,Desktop,12414,120,604.16,2,294.60
CAMP-0014,2026-06-16,Mobile,4151,212,574.60,6,870.39
CAMP-0014,2026-06-16,Tablet,3825,41,678.44,0,0.00
CAMP-0003,2026-06-16,Desktop,20435,1060,144.93,19,1925.73
CAMP-0003,2026-06-16,Mobile,1206,79,890.10,3,455.40
CAMP-0003,2026-06-16,Tablet,15046,1106,55.62,16,819.31
CAMP-0019,2026-06-16,Desktop,21368,129,70.48,1,125.08
CAMP-0019,2026-06-16,Mobile,1542,22,347.17,0,0.00
CAMP-0019,2026-06-16,Tablet,6220,77,490.35,6,915.92
CAMP-0020,2026-06-16,Desktop,6613,452,448.22,16,2115.95
CAMP-0020,2026-06-16,Mobile,20333,1516,24.96,12,1100.56
CAMP-0020,2026-06-16,Tablet,14389,474,281.88,52,2239.41
CAMP-0011,2026-06-16,Desktop,14240,774,109.56,60,4772.16
CAMP-0011,2026-06-16,Mobile,907,64,603.18,1,129.87
CAMP-0011,2026-06-16,Tablet,11978,165,660.17,7,374.15
CAMP-0018,2026-06-16,Desktop,22752,1739,834.81,83,5258.04
CAMP-0018,2026-06-16,Mobile,19906,824,104.20,63,6438.39
CAMP-0018,2026-06-16,Tablet,24968,658,770.77,20,841.48
CAMP-0008,2026-06-17,Desktop,21831,1330,466.62,48,5387.41
CAMP-0008,2026-06-17,Mobile,24152,1120,793.74,60,6113.11
CAMP-0008,2026-06-17,Tablet,20970,983,842.16,33,4444.97
CAMP-0014,2026-06-17,Desktop,16849,1211,522.64,6,401.76
CAMP-0014,2026-06-17,Mobile,15426,860,250.84,82,6238.42
CAMP-0014,2026-06-17,Tablet,4961,310,320.96,14,1464.06
CAMP-0012,2026-06-17,Desktop,21367,153,348.77,0,0.00
CAMP-0012,2026-06-17,Mobile,21861,211,679.86,3,193.58
CAMP-0012,2026-06-17,Tablet,9291,346,52.67,23,1882.19
CAMP-0011,2026-06-17,Desktop,18771,932,89.43,106,7082.84
CAMP-0011,2026-06-17,Mobile,17936,182,662.26,12,1091.36
CAMP-0011,2026-06-17,Tablet,15838,968,884.88,39,5224.83
CAMP-0006,2026-06-17,Desktop,9079,324,645.44,35,3873.07
CAMP-0006,2026-06-17,Mobile,24813,1327,708.12,130,9822.96
CAMP-0006,2026-06-17,Tablet,18255,719,118.78,45,3861.10
CAMP-0004,2026-06-17,Desktop,21827,754,852.34,22,899.65
CAMP-0004,2026-06-17,Mobile,5300,241,774.53,13,1802.46
CAMP-0004,2026-06-17,Tablet,12177,68,160.24,3,214.93
CAMP-0007,2026-06-18,Desktop,5498,295,243.79,19,1576.21
CAMP-0007,2026-06-18,Mobile,13867,637,522.75,49,2737.68
CAMP-0007,2026-06-18,Tablet,1785,27,30.12,2,128.57
CAMP-0012,2026-06-18,Desktop,9594,119,888.49,10,1375.55
CAMP-0012,2026-06-18,Mobile,8079,171,70.50,0,0.00
CAMP-0012,2026-06-18,Tablet,3051,62,283.73,1,83.57
CAMP-0009,2026-06-18,Desktop,12168,672,455.57,63,4612.02
CAMP-0009,2026-06-18,Mobile,4076,171,601.05,9,697.84
CAMP-0009,2026-06-18,Tablet,8217,213,315.78,18,1473.11
CAMP-0008,2026-06-18,Desktop,18660,1177,633.11,3,332.41
CAMP-0008,2026-06-18,Mobile,14330,338,300.77,18,1532.65
CAMP-0008,2026-06-18,Tablet,10467,825,399.75,79,3598.16
CAMP-0016,2026-06-19,Desktop,13720,601,388.72,4,501.29
CAMP-0016,2026-06-19,Mobile,24823,1368,807.81,105,16473.65
CAMP-0016,2026-06-19,Tablet,15062,1203,210.66,35,4461.85
CAMP-0012,2026-06-19,Desktop,16977,647,828.37,61,3854.11
CAMP-0012,2026-06-19,Mobile,3217,229,66.57,12,542.48
CAMP-0012,2026-06-19,Tablet,5102,309,663.07,10,806.73
CAMP-0014,2026-06-19,Desktop,15600,1231,616.04,7,469.12
CAMP-0014,2026-06-19,Mobile,1421,47,734.61,5,681.34
CAMP-0014,2026-06-19,Tablet,5022,131,544.25,2,243.75
CAMP-0013,2026-06-19,Desktop,1702,83,392.97,9,1174.01
CAMP-0013,2026-06-19,Mobile,23748,1633,823.13,138,21972.89
CAMP-0013,2026-06-19,Tablet,5159,198,803.88,6,498.80
CAMP-0018,2026-06-19,Desktop,14397,357,419.06,7,344.32
CAMP-0018,2026-06-19,Mobile,17392,981,133.24,47,6672.40
CAMP-0018,2026-06-19,Tablet,17806,159,750.21,1,124.44
CAMP-0001,2026-06-19,Desktop,11745,706,785.03,55,5758.81
CAMP-0001,2026-06-19,Mobile,600,27,280.40,3,389.60
CAMP-0001,2026-06-19,Tablet,23148,730,443.77,9,441.91
CAMP-0004,2026-06-19,Desktop,15696,645,325.76,39,4735.29
CAMP-0004,2026-06-19,Mobile,7404,564,784.37,61,2660.02
CAMP-0004,2026-06-19,Tablet,3196,85,133.56,10,633.61
CAMP-0003,2026-06-19,Desktop,15889,401,85.90,20,882.79
CAMP-0003,2026-06-19,Mobile,19868,413,203.00,16,1007.07
CAMP-0003,2026-06-19,Tablet,22040,768,886.21,69,8056.11
CAMP-0002,2026-06-20,Desktop,15501,359,890.33,12,895.16
CAMP-0002,2026-06-20,Mobile,13744,515,102.61,38,4077.80
CAMP-0002,2026-06-20,Tablet,19765,276,441.58,19,2612.49
CAMP-0011,2026-06-20,Desktop,16101,1163,737.46,17,2148.16
CAMP-0011,2026-06-20,Mobile,23687,920,207.12,31,4865.52
CAMP-0011,2026-06-20,Tablet,20748,1174,892.09,64,9077.79
CAMP-0016,2026-06-20,Desktop,6110,165,32.03,3,172.51
CAMP-0016,2026-06-20,Mobile,6410,319,706.96,6,601.27
CAMP-0016,2026-06-20,Tablet,24227,293,175.96,28,4409.76
CAMP-0001,2026-06-20,Desktop,16034,1197,579.38,41,4006.10
CAMP-0001,2026-06-20,Mobile,5707,53,122.58,4,503.75
CAMP-0001,2026-06-20,Tablet,24425,1884,462.32,161,24620.32
CAMP-0005,2026-06-20,Desktop,1654,18,560.43,0,0.00
CAMP-0005,2026-06-20,Mobile,22398,1030,396.46,90,5213.56
CAMP-0005,2026-06-20,Tablet,22089,330,884.44,2,306.81
CAMP-0013,2026-06-20,Desktop,14223,447,167.33,40,3070.48
CAMP-0013,2026-06-20,Mobile,13242,945,58.13,92,6707.48
CAMP-0013,2026-06-20,Tablet,17162,677,122.67,16,737.48
CAMP-0019,2026-06-20,Desktop,22338,1230,425.73,88,7064.82
CAMP-0019,2026-06-20,Mobile,16042,131,474.66,1,56.55
CAMP-0019,2026-06-20,Tablet,5672,180,603.99,17,1657.44
CAMP-0008,2026-06-20,Desktop,8818,376,637.67,8,596.39
CAMP-0008,2026-06-20,Mobile,5905,270,287.68,9,547.07
CAMP-0008,2026-06-20,Tablet,8873,141,893.00,7,818.47
CAMP-0010,2026-06-20,Desktop,13142,223,660.48,4,396.90
CAMP-0010,2026-06-20,Mobile,16360,1230,292.23,142,5094.43
CAMP-0010,2026-06-20,Tablet,7163,164,551.91,16,1292.15
CAMP-0004,2026-06-20,Desktop,23893,1391,812.12,38,3094.26
CAMP-0004,2026-06-20,Mobile,4751,284,862.53,0,0.00
CAMP-0004,2026-06-20,Tablet,12610,962,844.01,5,274.85
CAMP-0020,2026-06-21,Desktop,24462,738,399.59,7,449.31
CAMP-0020,2026-06-21,Mobile,16068,922,91.67,60,5076.72
CAMP-0020,2026-06-21,Tablet,4598,200,498.39,21,1693.68
CAMP-0001,2026-06-21,Desktop,16024,1144,406.57,6,879.62
CAMP-0001,2026-06-21,Mobile,17324,1208,627.48,10,1154.42
CAMP-0001,2026-06-21,Tablet,22490,1282,497.38,4,207.37
CAMP-0018,2026-06-21,Desktop,1341,95,191.27,2,293.18
CAMP-0018,2026-06-21,Mobile,20071,1526,288.99,64,5156.92
CAMP-0018,2026-06-21,Tablet,6246,423,301.21,8,854.00
CAMP-0013,2026-06-21,Desktop,13179,305,708.31,0,0.00
CAMP-0013,2026-06-21,Mobile,1455,105,611.41,12,649.47
CAMP-0013,2026-06-21,Tablet,11369,302,539.17,22,2354.91
CAMP-0017,2026-06-21,Desktop,6892,383,338.50,41,3334.61
CAMP-0017,2026-06-21,Mobile,7721,236,646.31,6,519.72
CAMP-0017,2026-06-21,Tablet,22590,1064,193.74,122,11103.58
CAMP-0019,2026-06-21,Desktop,18447,402,85.67,16,985.82
CAMP-0019,2026-06-21,Mobile,2578,28,506.04,2,256.18
CAMP-0019,2026-06-21,Tablet,19959,445,172.47,25,3003.44
CAMP-0005,2026-06-21,Desktop,24117,763,683.74,29,2818.03
CAMP-0005,2026-06-21,Mobile,19092,148,686.20,10,397.20
CAMP-0005,2026-06-21,Tablet,10346,679,314.12,23,1399.94
CAMP-0002,2026-06-22,Desktop,10653,735,791.51,75,3332.14
CAMP-0002,2026-06-22,Mobile,5054,258,773.38,14,1986.30
CAMP-0002,2026-06-22,Tablet,12120,294,555.22,10,1024.95
CAMP-0008,2026-06-22,Desktop,5496,31,122.88,3,371.47
CAMP-0008,2026-06-22,Mobile,3648,207,246.23,22,2182.74
CAMP-0008,2026-06-22,Tablet,20745,1581,632.57,0,0.00
CAMP-0003,2026-06-22,Desktop,23537,1194,63.00,115,7088.02
CAMP-0003,2026-06-22,Mobile,2024,41,231.24,2,145.59
CAMP-0003,2026-06-22,Tablet,2092,157,582.51,5,749.54
CAMP-0005,2026-06-22,Desktop,13972,1103,100.47,44,2783.99
CAMP-0005,2026-06-22,Mobile,13475,668,796.40,46,6812.22
CAMP-0005,2026-06-22,Tablet,17913,276,163.90,23,3574.94
CAMP-0001,2026-06-22,Desktop,4555,207,723.70,12,1774.32
CAMP-0001,2026-06-22,Mobile,1792,97,522.61,11,1727.10
CAMP-0001,2026-06-22,Tablet,7828,330,419.73,2,318.62
CAMP-0019,2026-06-22,Desktop,6655,215,667.43,21,3034.91
CAMP-0019,2026-06-22,Mobile,13170,606,106.97,4,170.13
CAMP-0019,2026-06-22,Tablet,24497,374,784.18,34,4711.37
CAMP-0014,2026-06-22,Desktop,1253,86,811.29,9,1244.09
CAMP-0014,2026-06-22,Mobile,839,55,198.86,4,326.66
CAMP-0014,2026-06-22,Tablet,14460,1114,212.47,24,1115.24
CAMP-0013,2026-06-22,Desktop,21595,428,556.17,7,380.83
CAMP-0013,2026-06-22,Mobile,16011,1095,225.65,64,3947.31
CAMP-0013,2026-06-22,Tablet,21156,608,336.16,43,5555.33
CAMP-0018,2026-06-22,Desktop,17943,504,689.43,46,2895.67
CAMP-0018,2026-06-22,Mobile,23929,960,571.84,99,7286.51
CAMP-0018,2026-06-22,Tablet,11505,381,683.68,30,3564.78
CAMP-0012,2026-06-23,Desktop,12682,927,752.85,42,4562.05
CAMP-0012,2026-06-23,Mobile,16987,773,431.31,24,3084.89
CAMP-0012,2026-06-23,Tablet,7779,270,625.66,25,3837.58
CAMP-0020,2026-06-23,Desktop,11693,260,286.01,4,597.98
CAMP-0020,2026-06-23,Mobile,7180,60,586.96,7,629.56
CAMP-0020,2026-06-23,Tablet,17124,1106,749.26,6,907.22
CAMP-0014,2026-06-23,Desktop,11800,926,575.27,24,1013.40
CAMP-0014,2026-06-23,Mobile,19528,663,218.58,3,287.82
CAMP-0014,2026-06-23,Tablet,878,7,607.41,0,0.00
CAMP-0011,2026-06-23,Desktop,24887,613,505.29,29,2700.57
CAMP-0011,2026-06-23,Mobile,20085,202,41.21,1,60.95
CAMP-0011,2026-06-23,Tablet,7521,599,735.51,63,4917.51
CAMP-0013,2026-06-23,Desktop,18483,1290,819.38,0,0.00
CAMP-0013,2026-06-23,Mobile,7898,416,700.34,2,150.58
CAMP-0013,2026-06-23,Tablet,10341,491,527.96,1,124.61
CAMP-0002,2026-06-23,Desktop,2904,199,492.71,23,2784.77
CAMP-0002,2026-06-23,Mobile,8581,624,769.73,0,0.00
CAMP-0002,2026-06-23,Tablet,13681,713,63.70,74,5255.93
CAMP-0016,2026-06-23,Desktop,1044,21,191.84,2,287.59
CAMP-0016,2026-06-23,Mobile,7502,92,685.31,1,62.40
CAMP-0016,2026-06-23,Tablet,24299,485,655.95,0,0.00
CAMP-0015,2026-06-23,Desktop,10813,277,102.40,22,990.64
CAMP-0015,2026-06-23,Mobile,16208,1190,71.71,105,3711.08
CAMP-0015,2026-06-23,Tablet,24799,1084,47.02,35,4962.91
CAMP-0010,2026-06-23,Desktop,10637,508,354.77,28,4002.37
CAMP-0010,2026-06-23,Mobile,10164,549,775.38,44,6231.86
CAMP-0010,2026-06-23,Tablet,11785,385,522.10,42,5890.10
CAMP-0009,2026-06-24,Desktop,1695,101,329.60,12,1352.17
CAMP-0009,2026-06-24,Mobile,7485,432,674.55,10,807.78
CAMP-0009,2026-06-24,Tablet,18152,260,205.43,4,471.37
CAMP-0001,2026-06-24,Desktop,22443,949,725.11,47,4545.37
CAMP-0001,2026-06-24,Mobile,15285,436,49.66,33,2707.38
CAMP-0001,2026-06-24,Tablet,1935,35,474.56,2,215.57
CAMP-0016,2026-06-24,Desktop,4551,334,561.27,33,3478.21
CAMP-0016,2026-06-24,Mobile,8206,163,399.06,18,1402.74
CAMP-0016,2026-06-24,Tablet,17519,804,755.51,61,7177.37
CAMP-0008,2026-06-24,Desktop,14407,816,30.73,6,504.36
CAMP-0008,2026-06-24,Mobile,20683,1061,595.38,0,0.00
CAMP-0008,2026-06-24,Tablet,17109,912,722.14,10,950.23
CAMP-0020,2026-06-24,Desktop,14241,325,329.38,19,3026.16
CAMP-0020,2026-06-24,Mobile,15065,701,425.46,74,6804.56
CAMP-0020,2026-06-24,Tablet,16531,644,578.92,12,556.27
CAMP-0017,2026-06-24,Desktop,24237,1311,659.27,156,23135.83
CAMP-0017,2026-06-24,Mobile,9632,528,29.67,15,1145.72
CAMP-0017,2026-06-24,Tablet,8279,431,605.41,13,1135.20
CAMP-0013,2026-06-24,Desktop,1325,6,148.21,1,86.70
CAMP-0013,2026-06-24,Mobile,11047,697,38.21,0,0.00
CAMP-0013,2026-06-24,Tablet,23113,1593,691.53,56,4436.23
CAMP-0002,2026-06-24,Desktop,19530,1456,464.42,1,110.10
CAMP-0002,2026-06-24,Mobile,24842,199,533.38,5,543.43
CAMP-0002,2026-06-24,Tablet,11722,620,707.13,30,1470.40
CAMP-0012,2026-06-24,Desktop,9495,732,309.12,2,293.20
CAMP-0012,2026-06-24,Mobile,15743,267,217.04,18,1951.82
CAMP-0012,2026-06-24,Tablet,9485,390,451.05,39,5680.37
CAMP-0010,2026-06-24,Desktop,10246,459,348.85,46,7110.70
CAMP-0010,2026-06-24,Mobile,680,12,759.09,0,0.00
CAMP-0010,2026-06-24,Tablet,3706,210,713.31,9,866.25
CAMP-0017,2026-06-25,Desktop,11679,184,824.44,8,1033.93
CAMP-0017,2026-06-25,Mobile,6961,293,346.16,15,1667.08
CAMP-0017,2026-06-25,Tablet,3793,177,216.23,1,39.67
CAMP-0011,2026-06-25,Desktop,5311,52,279.96,1,130.74
CAMP-0011,2026-06-25,Mobile,21287,980,647.79,71,10094.68
CAMP-0011,2026-06-25,Tablet,19496,181,757.70,5,545.85
CAMP-0010,2026-06-25,Desktop,8336,235,290.27,28,3305.18
CAMP-0010,2026-06-25,Mobile,3029,69,245.72,8,643.33
CAMP-0010,2026-06-25,Tablet,7109,49,681.86,1,141.77
CAMP-0012,2026-06-25,Desktop,12769,833,327.01,89,7282.22
CAMP-0012,2026-06-25,Mobile,3963,90,40.33,1,153.05
CAMP-0012,2026-06-25,Tablet,2427,164,678.91,2,313.80
CAMP-0017,2026-06-26,Desktop,3870,47,864.74,1,116.15
CAMP-0017,2026-06-26,Mobile,12726,431,44.70,31,1247.92
CAMP-0017,2026-06-26,Tablet,11917,110,728.55,0,0.00
CAMP-0012,2026-06-26,Desktop,8470,188,490.27,14,1157.32
CAMP-0012,2026-06-26,Mobile,2940,109,670.34,7,530.79
CAMP-0012,2026-06-26,Tablet,15008,739,709.86,77,4615.88
CAMP-0008,2026-06-26,Desktop,9112,454,297.80,34,3956.46
CAMP-0008,2026-06-26,Mobile,16893,99,578.11,2,121.66
CAMP-0008,2026-06-26,Tablet,14975,374,751.85,20,1581.01
CAMP-0020,2026-06-26,Desktop,8256,451,206.89,38,1669.13
CAMP-0020,2026-06-26,Mobile,15150,651,157.73,47,6098.63
CAMP-0020,2026-06-26,Tablet,12754,788,311.94,35,5331.87
CAMP-0010,2026-06-26,Desktop,12909,791,358.39,72,10369.09
CAMP-0010,2026-06-26,Mobile,7331,300,857.71,22,1962.25
CAMP-0010,2026-06-26,Tablet,4129,109,58.50,13,1555.61
CAMP-0018,2026-06-26,Desktop,12852,825,452.55,49,5545.16
CAMP-0018,2026-06-26,Mobile,991,37,798.81,2,173.93
CAMP-0018,2026-06-26,Tablet,19014,644,213.16,30,2673.59
CAMP-0004,2026-06-27,Desktop,23153,1465,721.32,6,875.23
CAMP-0004,2026-06-27,Mobile,16010,198,299.56,7,356.32
CAMP-0004,2026-06-27,Tablet,6521,80,235.90,9,1168.03
CAMP-0017,2026-06-27,Desktop,19793,490,392.87,7,307.12
CAMP-0017,2026-06-27,Mobile,9936,569,585.67,40,3196.95
CAMP-0017,2026-06-27,Tablet,6945,454,61.10,16,1179.99
CAMP-0018,2026-06-27,Desktop,4430,192,605.36,6,415.11
CAMP-0018,2026-06-27,Mobile,22809,1635,756.10,75,2797.52
CAMP-0018,2026-06-27,Tablet,19350,423,174.46,14,2042.71
CAMP-0006,2026-06-27,Desktop,24052,414,738.72,13,1304.15
CAMP-0006,2026-06-27,Mobile,23120,674,732.16,19,2748.34
CAMP-0006,2026-06-27,Tablet,16754,396,765.19,13,1638.69
CAMP-0019,2026-06-27,Desktop,21975,984,519.23,107,12631.86
CAMP-0019,2026-06-27,Mobile,8555,615,221.12,0,0.00
CAMP-0019,2026-06-27,Tablet,1557,97,853.44,5,605.84
CAMP-0003,2026-06-27,Desktop,20403,763,815.31,32,5065.88
CAMP-0003,2026-06-27,Mobile,6246,64,428.97,2,148.49
CAMP-0003,2026-06-27,Tablet,5938,242,582.30,19,1789.60
CAMP-0007,2026-06-27,Desktop,20939,408,684.13,5,726.12
CAMP-0007,2026-06-27,Mobile,18081,279,258.73,9,568.77
CAMP-0007,2026-06-27,Tablet,17960,869,128.08,100,12284.76
CAMP-0016,2026-06-27,Desktop,4510,327,190.62,23,2119.48
CAMP-0016,2026-06-27,Mobile,3759,289,856.58,11,1667.75
CAMP-0016,2026-06-27,Tablet,3009,203,23.20,15,2131.11
CAMP-0011,2026-06-27,Desktop,18182,216,220.78,5,540.61
CAMP-0011,2026-06-27,Mobile,2035,47,337.44,1,45.12
CAMP-0011,2026-06-27,Tablet,9710,732,301.43,33,2708.82
CAMP-0009,2026-06-28,Desktop,20702,1333,379.59,124,7960.53
CAMP-0009,2026-06-28,Mobile,8184,644,538.13,20,2970.92
CAMP-0009,2026-06-28,Tablet,19337,143,494.84,1,133.33
CAMP-0020,2026-06-28,Desktop,5028,61,851.49,5,363.00
CAMP-0020,2026-06-28,Mobile,22163,115,552.68,6,351.24
CAMP-0020,2026-06-28,Tablet,19259,277,860.31,11,1573.06
CAMP-0012,2026-06-28,Desktop,20603,1417,806.43,145,20259.01
CAMP-0012,2026-06-28,Mobile,18419,803,687.99,42,2113.68
CAMP-0012,2026-06-28,Tablet,23651,330,632.14,4,537.93
CAMP-0008,2026-06-28,Desktop,5131,367,687.15,39,3391.38
CAMP-0008,2026-06-28,Mobile,17617,813,805.00,3,349.67
CAMP-0008,2026-06-28,Tablet,22900,1636,489.98,196,25729.64
CAMP-0014,2026-06-28,Desktop,19247,201,259.00,4,179.69
CAMP-0014,2026-06-28,Mobile,17877,1177,28.56,112,4743.94
CAMP-0014,2026-06-28,Tablet,3969,90,602.89,8,567.09
CAMP-0003,2026-06-28,Desktop,15313,389,182.43,11,785.44
CAMP-0003,2026-06-28,Mobile,13732,219,79.73,15,2335.64
CAMP-0003,2026-06-28,Tablet,24895,1653,376.16,160,16310.07
CAMP-0004,2026-06-28,Desktop,15492,314,644.57,18,2192.99
CAMP-0004,2026-06-28,Mobile,15389,87,788.83,2,110.93
CAMP-0004,2026-06-28,Tablet,20516,1403,276.91,83,3428.28
CAMP-0010,2026-06-29,Desktop,15432,730,607.56,77,9123.79
CAMP-0010,2026-06-29,Mobile,17290,832,63.31,64,6802.08
CAMP-0010,2026-06-29,Tablet,6269,186,619.29,13,794.38
CAMP-0015,2026-06-29,Desktop,11365,251,35.49,4,266.32
CAMP-0015,2026-06-29,Mobile,1475,113,137.20,9,895.08
CAMP-0015,2026-06-29,Tablet,8642,102,689.81,6,594.19
CAMP-0018,2026-06-29,Desktop,10798,684,847.19,26,2575.57
CAMP-0018,2026-06-29,Mobile,9191,335,787.38,27,1820.79
CAMP-0018,2026-06-29,Tablet,8632,484,729.33,8,1250.36
CAMP-0014,2026-06-29,Desktop,12518,359,532.35,27,2329.53
CAMP-0014,2026-06-29,Mobile,22023,622,689.43,69,8500.70
CAMP-0014,2026-06-29,Tablet,1281,39,510.03,1,120.53
CAMP-0007,2026-06-29,Desktop,21102,402,601.92,23,1668.30
CAMP-0007,2026-06-29,Mobile,9604,65,833.19,1,103.93
CAMP-0007,2026-06-29,Tablet,23368,1102,175.44,24,2518.10
CAMP-0003,2026-06-30,Desktop,20058,458,369.32,40,2434.32
CAMP-0003,2026-06-30,Mobile,7510,289,97.31,0,0.00
CAMP-0003,2026-06-30,Tablet,13388,729,645.42,61,2181.70
CAMP-0002,2026-06-30,Desktop,10506,414,545.85,35,1560.92
CAMP-0002,2026-06-30,Mobile,24044,995,741.09,27,1781.66
CAMP-0002,2026-06-30,Tablet,13239,217,321.86,26,1663.87
CAMP-0014,2026-06-30,Desktop,11717,635,407.96,24,1381.15
CAMP-0014,2026-06-30,Mobile,16741,863,174.00,46,1746.03
CAMP-0014,2026-06-30,Tablet,21206,455,777.81,7,533.57
CAMP-0009,2026-06-30,Desktop,17229,1118,241.28,128,7380.57
CAMP-0009,2026-06-30,Mobile,8515,283,438.09,24,3567.74
CAMP-0009,2026-06-30,Tablet,19533,1330,171.26,65,5608.04
CAMP-0019,2026-06-30,Desktop,16998,1281,373.05,133,16469.85
CAMP-0019,2026-06-30,Mobile,5392,137,129.13,11,982.47
CAMP-0019,2026-06-30,Tablet,1199,75,128.28,8,1048.67
CAMP-0007,2026-06-30,Desktop,6616,304,21.07,33,2291.32
CAMP-0007,2026-06-30,Mobile,10058,109,84.89,4,503.28
CAMP-0007,2026-06-30,Tablet,6112,246,83.04,1,78.87
CAMP-0011,2026-06-30,Desktop,20064,1027,548.91,15,886.40
CAMP-0011,2026-06-30,Mobile,14549,1029,581.21,96,8054.84
CAMP-0011,2026-06-30,Tablet,9060,580,631.03,23,867.89
CAMP-0015,2026-06-30,Desktop,15949,163,842.29,5,630.01
CAMP-0015,2026-06-30,Mobile,18976,247,652.71,27,2356.93
CAMP-0015,2026-06-30,Tablet,23814,456,209.30,21,1725.23
