source_order_id,purchase_datetime,last_update_datetime,currency,order_status,fulfillment_type,subtotal,tax_amount,shipping_amount,discount_amount,order_total
AM-0000000003,2025-11-27T21:23:00,2025-12-02T20:09:00,USD,Delivered,Merchant,332.96,24.84,4.99,17.11,345.68
AM-0000000006,2026-01-07T11:07:00,2026-01-12T09:43:00,USD,Cancelled,Merchant,29.18,1.23,12.99,0.42,42.98
AM-0000000008,2026-05-19T11:03:00,2026-05-22T12:53:00,USD,Delivered,Merchant,58.16,4.58,4.99,5.70,62.03
AM-0000000016,2026-04-24T08:52:00,2026-04-24T10:46:00,USD,Delivered,FBA,216.13,15.58,0.00,4.26,227.45
AM-0000000018,2026-06-06T15:06:00,2026-06-06T14:25:00,USD,Delivered,FBA,1274.83,76.50,0.00,75.27,1276.06
AM-0000000019,2026-03-09T12:33:00,2026-03-12T08:48:00,USD,Delivered,FBA,153.24,7.77,4.99,10.13,155.87
AM-0000000023,2025-09-27T11:13:00,2025-09-30T17:59:00,USD,Delivered,Merchant,1364.56,78.42,12.99,103.39,1352.58
AM-0000000024,2026-06-26T10:21:00,2026-06-29T16:34:00,USD,Delivered,FBA,655.44,35.23,0.00,35.87,654.80
AM-0000000030,2026-03-23T18:17:00,2026-03-25T13:35:00,USD,Delivered,FBA,587.78,32.79,0.00,32.47,588.10
AM-0000000032,2025-10-13T22:45:00,2025-10-18T19:59:00,USD,Delivered,Merchant,563.22,31.73,0.00,37.23,557.72
AM-0000000033,2025-10-17T20:31:00,2025-10-21T13:24:00,USD,Delivered,FBA,815.94,46.89,0.00,50.52,812.31
AM-0000000034,2026-04-03T16:42:00,2026-04-06T21:18:00,USD,Delivered,Merchant,800.42,43.07,0.00,38.48,805.01
AM-0000000035,2026-05-13T11:10:00,2026-05-18T16:30:00,USD,Delivered,FBA,304.35,14.33,12.99,25.99,305.68
AM-0000000041,2026-05-29T12:00:00,2026-06-02T09:10:00,USD,Delivered,FBA,2825.10,155.92,7.99,237.71,2751.30
AM-0000000044,2026-05-16T16:44:00,2026-05-18T22:17:00,USD,Delivered,FBA,65.38,4.48,7.99,5.77,72.08
AM-0000000047,2026-02-24T13:11:00,2026-02-27T15:59:00,USD,Shipped,FBA,362.57,23.20,7.99,38.43,355.33
AM-0000000048,2025-08-28T10:25:00,2025-08-30T18:48:00,USD,Shipped,FBA,312.32,27.55,4.99,4.93,339.93
AM-0000000051,2025-12-14T19:16:00,2025-12-15T14:50:00,USD,Delivered,FBA,927.11,53.01,7.99,32.30,955.81
AM-0000000055,2025-12-18T21:18:00,2025-12-20T15:49:00,USD,Delivered,FBA,1482.96,94.36,0.00,57.82,1519.50
AM-0000000063,2026-01-04T16:21:00,2026-01-08T12:32:00,USD,Delivered,FBA,350.67,17.46,12.99,25.20,355.92
AM-0000000066,2025-12-03T10:39:00,2025-12-04T19:27:00,USD,Delivered,Merchant,1064.36,60.89,12.99,84.20,1054.04
AM-0000000080,2025-11-13T20:33:00,2025-11-15T16:21:00,USD,Shipped,Merchant,1173.06,72.95,12.99,82.78,1176.22
AM-0000000082,2026-02-01T11:17:00,2026-02-04T20:03:00,USD,Delivered,FBA,188.28,12.73,4.99,15.96,190.04
AM-0000000083,2026-05-26T18:30:00,2026-05-26T11:00:00,USD,Delivered,FBA,255.46,15.73,0.00,9.91,261.28
AM-0000000093,2026-01-08T21:10:00,2026-01-12T08:51:00,USD,Delivered,Merchant,322.20,21.82,4.99,10.54,338.47
AM-0000000100,2026-02-28T17:50:00,2026-03-02T10:19:00,USD,Delivered,Merchant,425.55,19.59,12.99,35.79,422.34
AM-0000000101,2026-04-07T13:30:00,2026-04-07T15:40:00,USD,Shipped,Merchant,209.27,9.99,12.99,16.47,215.78
AM-0000000103,2026-03-11T16:03:00,2026-03-16T14:34:00,USD,Delivered,FBA,66.95,3.94,7.99,0.93,77.95
AM-0000000105,2026-06-11T09:54:00,2026-06-16T20:28:00,USD,Delivered,FBA,299.20,21.52,4.99,31.40,294.31
AM-0000000109,2026-04-19T16:02:00,2026-04-21T22:50:00,USD,Delivered,FBA,16.52,1.42,12.99,0.44,30.49
AM-0000000110,2025-11-05T09:15:00,2025-11-08T20:57:00,USD,Delivered,FBA,902.78,60.91,12.99,69.96,906.72
AM-0000000117,2025-11-23T13:19:00,2025-11-25T08:10:00,USD,Delivered,Merchant,255.53,9.91,12.99,29.97,248.46
AM-0000000125,2026-03-05T22:42:00,2026-03-08T13:14:00,USD,Delivered,FBA,304.57,16.04,0.00,16.54,304.07
AM-0000000129,2026-03-07T09:36:00,2026-03-07T16:45:00,USD,Delivered,FBA,625.19,39.48,7.99,13.38,659.28
AM-0000000132,2025-12-06T16:10:00,2025-12-10T08:40:00,USD,Shipped,FBA,187.57,11.13,0.00,0.81,197.89
AM-0000000136,2025-11-27T20:53:00,2025-12-02T09:01:00,USD,Delivered,Merchant,914.01,54.43,12.99,41.81,939.62
AM-0000000141,2025-10-15T10:00:00,2025-10-17T10:24:00,USD,Delivered,Merchant,532.99,32.04,4.99,19.40,550.62
AM-0000000143,2026-03-30T14:02:00,2026-04-01T13:51:00,USD,Delivered,FBA,1875.14,120.61,4.99,153.53,1847.21
AM-0000000144,2026-04-09T09:53:00,2026-04-14T18:49:00,USD,Delivered,Merchant,800.34,45.50,12.99,60.30,798.53
AM-0000000145,2026-02-11T09:37:00,2026-02-12T11:52:00,USD,Delivered,FBA,746.45,52.88,0.00,58.86,740.47
AM-0000000149,2025-11-11T17:16:00,2025-11-16T11:21:00,USD,Delivered,FBA,1300.00,63.80,4.99,130.50,1238.29
AM-0000000153,2025-10-09T15:16:00,2025-10-10T12:59:00,USD,Delivered,FBA,25.49,1.05,0.00,0.81,25.73
AM-0000000154,2025-10-31T08:52:00,2025-11-02T14:15:00,USD,Delivered,Merchant,564.78,37.41,7.99,35.86,574.32
AM-0000000160,2026-01-16T14:11:00,2026-01-21T14:39:00,USD,Processing,Merchant,31.58,1.51,12.99,3.34,42.74
AM-0000000161,2026-04-10T19:15:00,2026-04-11T14:01:00,USD,Delivered,Merchant,33.02,1.37,0.00,2.97,31.42
AM-0000000166,2026-06-14T10:48:00,2026-06-15T18:24:00,USD,Processing,FBA,370.14,26.98,12.99,22.07,388.04
AM-0000000167,2025-12-23T09:24:00,2025-12-25T18:58:00,USD,Delivered,Merchant,1520.80,84.11,0.00,135.28,1469.63
AM-0000000173,2026-02-28T09:18:00,2026-03-03T14:31:00,USD,Delivered,FBA,582.58,39.56,4.99,34.63,592.50
AM-0000000181,2026-01-18T22:25:00,2026-01-21T08:07:00,USD,Shipped,Merchant,65.59,4.47,4.99,2.90,72.15
AM-0000000185,2025-11-29T22:38:00,2025-12-02T13:43:00,USD,Delivered,FBA,201.93,10.04,12.99,16.13,208.83
AM-0000000186,2026-01-02T13:14:00,2026-01-02T10:02:00,USD,Delivered,FBA,1337.50,72.41,0.00,54.71,1355.20
AM-0000000187,2025-12-24T10:38:00,2025-12-25T15:31:00,USD,Cancelled,FBA,795.00,47.23,0.00,51.69,790.54
AM-0000000190,2026-01-25T09:01:00,2026-01-26T14:23:00,USD,Delivered,Merchant,280.06,14.96,0.00,22.61,272.41
AM-0000000195,2026-04-20T16:57:00,2026-04-23T14:39:00,USD,Delivered,Merchant,414.32,25.90,0.00,31.65,408.57
AM-0000000200,2025-07-05T12:05:00,2025-07-05T11:43:00,USD,Delivered,Merchant,1070.88,75.19,0.00,120.17,1025.90
AM-0000000202,2026-03-24T13:46:00,2026-03-27T21:06:00,USD,Shipped,Merchant,236.06,9.95,0.00,12.71,233.30
AM-0000000206,2026-06-01T11:16:00,2026-06-05T16:10:00,USD,Shipped,FBA,262.93,18.09,7.99,20.95,268.06
AM-0000000213,2026-06-03T13:38:00,2026-06-06T18:25:00,USD,Delivered,FBA,765.64,37.21,0.00,9.75,793.10
AM-0000000214,2025-12-28T20:54:00,2026-01-01T14:02:00,USD,Delivered,FBA,201.95,12.76,4.99,4.66,215.04
AM-0000000215,2025-09-17T19:15:00,2025-09-21T20:49:00,USD,Delivered,Merchant,96.67,3.45,7.99,10.80,97.31
AM-0000000216,2026-04-03T12:40:00,2026-04-05T14:48:00,USD,Shipped,FBA,643.56,42.73,12.99,6.77,692.51
AM-0000000219,2025-08-24T20:53:00,2025-08-27T15:03:00,USD,Delivered,FBA,348.03,19.37,0.00,32.53,334.87
AM-0000000220,2025-11-05T08:23:00,2025-11-08T14:29:00,USD,Cancelled,Merchant,90.55,4.22,12.99,7.70,100.06
AM-0000000221,2025-07-21T17:02:00,2025-07-21T13:08:00,USD,Delivered,Merchant,941.88,49.27,12.99,80.19,923.95
AM-0000000224,2025-09-23T14:12:00,2025-09-24T10:45:00,USD,Shipped,Merchant,2262.38,184.41,7.99,54.46,2400.32
AM-0000000225,2026-03-16T15:13:00,2026-03-16T17:02:00,USD,Shipped,Merchant,81.21,6.08,7.99,1.12,94.16
AM-0000000227,2026-03-16T21:41:00,2026-03-18T08:26:00,USD,Delivered,FBA,307.58,17.13,0.00,25.00,299.71
AM-0000000230,2026-05-15T16:05:00,2026-05-18T09:55:00,USD,Shipped,FBA,282.14,18.29,7.99,5.15,303.27
AM-0000000231,2025-07-10T13:30:00,2025-07-10T10:39:00,USD,Shipped,Merchant,289.62,21.90,12.99,23.81,300.70
AM-0000000233,2025-10-21T14:19:00,2025-10-22T11:14:00,USD,Delivered,Merchant,314.89,27.59,0.00,6.28,336.20
AM-0000000237,2025-12-02T10:45:00,2025-12-03T11:49:00,USD,Delivered,Merchant,1204.14,90.62,4.99,21.21,1278.54
AM-0000000239,2025-09-13T12:39:00,2025-09-18T10:04:00,USD,Shipped,Merchant,64.02,5.20,4.99,6.09,68.12
AM-0000000242,2026-05-22T22:14:00,2026-05-26T22:59:00,USD,Processing,Merchant,182.33,11.60,4.99,3.28,195.64
AM-0000000244,2026-05-01T21:56:00,2026-05-04T21:24:00,USD,Delivered,FBA,2263.14,153.06,12.99,121.34,2307.85
AM-0000000246,2026-05-17T22:10:00,2026-05-18T22:48:00,USD,Cancelled,FBA,355.90,26.01,0.00,29.39,352.52
AM-0000000247,2025-10-31T17:28:00,2025-11-05T13:17:00,USD,Delivered,FBA,187.02,13.60,0.00,4.36,196.26
AM-0000000249,2025-10-29T19:12:00,2025-10-29T10:24:00,USD,Delivered,Merchant,388.17,25.37,12.99,5.16,421.37
AM-0000000251,2026-06-10T10:04:00,2026-06-10T13:46:00,USD,Processing,FBA,188.14,9.24,12.99,8.23,202.14
AM-0000000254,2025-10-29T09:52:00,2025-11-03T16:39:00,USD,Shipped,FBA,114.69,6.37,0.00,11.80,109.26
AM-0000000258,2026-01-27T13:14:00,2026-01-31T17:04:00,USD,Shipped,Merchant,793.85,63.63,0.00,29.62,827.86
AM-0000000262,2026-01-22T22:20:00,2026-01-25T14:55:00,USD,Delivered,Merchant,572.76,41.96,7.99,0.73,621.98
AM-0000000269,2025-10-14T22:27:00,2025-10-19T08:50:00,USD,Delivered,FBA,675.88,35.31,0.00,56.76,654.43
AM-0000000271,2026-04-14T21:28:00,2026-04-17T08:11:00,USD,Processing,Merchant,1263.40,92.46,12.99,10.31,1358.54
AM-0000000280,2025-09-13T15:18:00,2025-09-17T17:42:00,USD,Processing,Merchant,349.86,16.87,4.99,13.30,358.42
AM-0000000284,2025-12-18T10:19:00,2025-12-18T14:50:00,USD,Delivered,FBA,787.83,36.68,12.99,35.39,802.11
AM-0000000285,2025-09-17T19:20:00,2025-09-17T17:56:00,USD,Delivered,FBA,1036.22,56.29,4.99,41.56,1055.94
AM-0000000287,2026-02-08T12:00:00,2026-02-09T17:08:00,USD,Delivered,FBA,180.15,13.50,0.00,11.17,182.48
AM-0000000290,2026-02-05T11:41:00,2026-02-07T08:27:00,USD,Delivered,Merchant,136.85,9.14,4.99,1.28,149.70
AM-0000000291,2026-05-23T12:55:00,2026-05-27T15:49:00,USD,Delivered,Merchant,282.04,14.63,4.99,3.82,297.84
AM-0000000292,2025-10-21T14:48:00,2025-10-22T22:12:00,USD,Delivered,FBA,814.62,33.74,7.99,64.11,792.24
AM-0000000293,2025-09-03T22:52:00,2025-09-03T11:24:00,USD,Delivered,FBA,528.56,35.07,4.99,31.03,537.59
AM-0000000294,2026-03-23T13:41:00,2026-03-25T13:30:00,USD,Delivered,Merchant,139.88,7.46,7.99,13.48,141.85
AM-0000000297,2026-05-24T09:06:00,2026-05-25T14:59:00,USD,Shipped,FBA,495.55,36.56,0.00,36.85,495.26
AM-0000000298,2026-03-11T09:25:00,2026-03-16T15:09:00,USD,Delivered,Merchant,73.79,5.67,0.00,3.04,76.42
AM-0000000299,2026-04-28T17:36:00,2026-05-01T13:21:00,USD,Delivered,Merchant,49.90,3.18,0.00,4.88,48.20
AM-0000000300,2025-12-16T13:07:00,2025-12-16T20:19:00,USD,Delivered,Merchant,249.26,19.28,0.00,6.53,262.01
AM-0000000304,2026-05-17T12:19:00,2026-05-21T19:24:00,USD,Delivered,Merchant,605.72,34.99,12.99,30.31,623.39
AM-0000000307,2026-02-01T16:24:00,2026-02-02T16:42:00,USD,Delivered,FBA,867.97,56.40,0.00,55.04,869.33
AM-0000000310,2025-09-22T10:01:00,2025-09-22T14:27:00,USD,Processing,FBA,778.49,37.73,12.99,73.74,755.47
AM-0000000311,2025-12-29T15:05:00,2026-01-03T14:35:00,USD,Delivered,Merchant,667.08,44.45,0.00,57.94,653.59
AM-0000000315,2026-05-05T15:08:00,2026-05-08T19:11:00,USD,Delivered,FBA,442.86,17.94,12.99,28.21,445.58
AM-0000000316,2026-01-03T16:49:00,2026-01-03T14:40:00,USD,Delivered,Merchant,3472.95,215.09,7.99,278.67,3417.36
AM-0000000321,2025-11-21T14:33:00,2025-11-22T10:02:00,USD,Delivered,FBA,521.68,20.25,0.00,60.70,481.23
AM-0000000323,2026-01-14T08:19:00,2026-01-15T20:24:00,USD,Shipped,FBA,897.77,71.27,0.00,68.24,900.80
AM-0000000327,2026-02-08T08:34:00,2026-02-09T20:24:00,USD,Delivered,FBA,226.97,12.69,12.99,14.21,238.44
AM-0000000337,2025-09-23T22:05:00,2025-09-24T17:12:00,USD,Delivered,Merchant,636.53,33.24,12.99,25.61,657.15
AM-0000000339,2026-04-04T09:09:00,2026-04-06T18:52:00,USD,Delivered,Merchant,99.21,5.98,0.00,4.59,100.60
AM-0000000340,2026-03-02T13:30:00,2026-03-06T15:35:00,USD,Shipped,FBA,305.44,19.26,7.99,11.12,321.57
AM-0000000344,2025-07-24T12:25:00,2025-07-28T21:03:00,USD,Delivered,FBA,227.93,14.47,0.00,20.85,221.55
AM-0000000346,2025-08-02T18:55:00,2025-08-07T22:17:00,USD,Shipped,FBA,811.35,44.26,0.00,38.16,817.45
AM-0000000350,2025-08-24T10:16:00,2025-08-24T10:23:00,USD,Delivered,Merchant,164.02,9.36,7.99,8.83,172.54
AM-0000000354,2025-09-05T15:25:00,2025-09-05T21:28:00,USD,Delivered,Merchant,141.87,6.19,4.99,1.44,151.61
AM-0000000368,2025-07-15T19:54:00,2025-07-18T18:05:00,USD,Delivered,Merchant,188.50,12.02,7.99,20.38,188.13
AM-0000000369,2026-04-29T22:58:00,2026-04-30T08:01:00,USD,Delivered,FBA,645.26,37.88,12.99,33.20,662.93
AM-0000000374,2025-12-07T11:38:00,2025-12-08T16:25:00,USD,Delivered,FBA,1601.06,90.71,4.99,118.54,1578.22
AM-0000000376,2026-05-20T13:31:00,2026-05-20T10:29:00,USD,Delivered,FBA,452.36,36.15,7.99,21.64,474.86
AM-0000000377,2026-06-16T18:39:00,2026-06-21T18:34:00,USD,Shipped,FBA,251.04,19.48,0.00,27.91,242.61
AM-0000000378,2026-02-02T18:06:00,2026-02-07T18:51:00,USD,Delivered,FBA,610.93,40.76,0.00,35.25,616.44
AM-0000000380,2025-08-16T22:28:00,2025-08-21T20:11:00,USD,Shipped,FBA,336.92,17.17,0.00,3.17,350.92
AM-0000000381,2026-03-13T17:18:00,2026-03-16T16:40:00,USD,Shipped,Merchant,88.01,6.16,0.00,3.04,91.13
AM-0000000394,2026-05-11T08:09:00,2026-05-13T22:20:00,USD,Delivered,Merchant,16.01,1.12,0.00,1.00,16.13
AM-0000000395,2026-04-21T09:33:00,2026-04-25T17:06:00,USD,Delivered,Merchant,599.23,36.78,7.99,56.33,587.67
AM-0000000398,2026-06-14T13:25:00,2026-06-18T13:31:00,USD,Delivered,Merchant,661.73,40.86,4.99,19.37,688.21
AM-0000000401,2025-10-27T13:56:00,2025-10-27T11:59:00,USD,Delivered,FBA,176.88,14.22,0.00,15.79,175.31
AM-0000000403,2025-12-06T08:01:00,2025-12-06T19:45:00,USD,Delivered,FBA,112.98,5.89,0.00,0.03,118.84
AM-0000000404,2025-09-13T18:39:00,2025-09-13T20:52:00,USD,Delivered,Merchant,587.65,34.45,7.99,55.26,574.83
AM-0000000405,2026-03-15T11:32:00,2026-03-18T08:45:00,USD,Delivered,FBA,16.23,0.87,12.99,1.03,29.06
AM-0000000406,2025-09-12T16:15:00,2025-09-14T11:58:00,USD,Delivered,Merchant,1070.64,40.84,7.99,105.14,1014.33
AM-0000000410,2026-06-19T17:29:00,2026-06-21T16:26:00,USD,Delivered,Merchant,309.24,12.58,4.99,35.12,291.69
AM-0000000411,2025-07-25T22:22:00,2025-07-29T19:27:00,USD,Delivered,FBA,256.45,19.42,0.00,20.71,255.16
AM-0000000416,2026-04-21T20:00:00,2026-04-24T12:06:00,USD,Shipped,Merchant,31.37,1.66,0.00,3.19,29.84
AM-0000000429,2026-01-27T11:47:00,2026-01-31T08:30:00,USD,Processing,FBA,745.49,41.95,0.00,39.30,748.14
AM-0000000430,2026-05-24T12:09:00,2026-05-25T18:41:00,USD,Delivered,FBA,585.46,34.38,12.99,33.53,599.30
AM-0000000433,2026-01-21T22:04:00,2026-01-24T21:37:00,USD,Shipped,FBA,778.02,55.96,0.00,81.72,752.26
AM-0000000438,2026-04-06T17:18:00,2026-04-09T12:01:00,USD,Delivered,Merchant,215.92,17.73,12.99,9.81,236.83
AM-0000000441,2025-09-05T11:21:00,2025-09-10T22:04:00,USD,Delivered,Merchant,842.25,53.46,4.99,81.50,819.20
AM-0000000447,2025-07-30T17:52:00,2025-08-02T10:11:00,USD,Delivered,Merchant,758.07,42.86,0.00,54.37,746.56
AM-0000000448,2025-12-01T21:08:00,2025-12-05T11:32:00,USD,Shipped,FBA,142.32,11.25,0.00,8.32,145.25
AM-0000000450,2026-04-26T20:54:00,2026-04-26T17:02:00,USD,Delivered,FBA,16.34,0.93,0.00,0.25,17.02
AM-0000000451,2026-06-23T18:38:00,2026-06-23T19:42:00,USD,Delivered,FBA,336.78,14.17,0.00,22.66,328.29
AM-0000000462,2026-06-15T13:53:00,2026-06-19T09:28:00,USD,Delivered,Merchant,427.31,24.24,12.99,8.71,455.83
AM-0000000463,2025-09-19T19:21:00,2025-09-24T10:23:00,USD,Delivered,FBA,1379.01,104.10,12.99,35.09,1461.01
AM-0000000465,2025-07-30T22:10:00,2025-07-30T22:43:00,USD,Delivered,FBA,270.23,20.59,0.00,16.10,274.72
AM-0000000467,2026-02-06T14:30:00,2026-02-09T20:09:00,USD,Delivered,FBA,378.50,25.62,12.99,14.83,402.28
AM-0000000468,2026-01-15T18:30:00,2026-01-16T21:32:00,USD,Delivered,FBA,178.03,9.80,4.99,5.53,187.29
AM-0000000469,2026-04-21T14:11:00,2026-04-24T20:44:00,USD,Delivered,Merchant,732.39,52.79,12.99,57.07,741.10
AM-0000000475,2025-07-06T13:06:00,2025-07-06T12:19:00,USD,Delivered,FBA,525.27,23.32,12.99,34.91,526.67
AM-0000000477,2025-09-17T08:29:00,2025-09-20T12:13:00,USD,Delivered,FBA,417.81,24.41,0.00,17.18,425.04
AM-0000000480,2026-01-23T21:45:00,2026-01-26T16:36:00,USD,Delivered,Merchant,567.34,41.95,7.99,9.57,607.71
AM-0000000481,2026-04-04T20:37:00,2026-04-08T15:03:00,USD,Delivered,FBA,784.28,45.78,7.99,37.47,800.58
AM-0000000484,2025-10-17T20:45:00,2025-10-20T11:26:00,USD,Shipped,Merchant,91.15,4.57,0.00,0.77,94.95
AM-0000000485,2026-03-10T09:35:00,2026-03-13T19:40:00,USD,Delivered,FBA,404.54,25.76,12.99,23.65,419.64
AM-0000000486,2025-11-25T15:04:00,2025-11-27T15:17:00,USD,Delivered,FBA,723.30,40.33,0.00,36.63,727.00
AM-0000000487,2026-02-20T17:10:00,2026-02-24T13:40:00,USD,Delivered,Merchant,229.45,15.73,4.99,3.80,246.37
AM-0000000489,2026-02-28T18:09:00,2026-03-03T09:56:00,USD,Shipped,Merchant,149.81,8.36,0.00,13.29,144.88
AM-0000000491,2025-07-31T14:13:00,2025-08-04T08:47:00,USD,Delivered,Merchant,320.00,18.44,0.00,35.45,302.99
AM-0000000493,2025-07-09T11:50:00,2025-07-11T11:56:00,USD,Delivered,Merchant,1238.80,85.70,7.99,92.82,1239.67
AM-0000000494,2025-10-29T11:32:00,2025-10-29T19:33:00,USD,Delivered,FBA,206.10,15.04,4.99,3.69,222.44
AM-0000000501,2025-12-05T13:19:00,2025-12-10T10:18:00,USD,Processing,Merchant,97.43,6.40,4.99,9.59,99.23
AM-0000000503,2025-07-09T15:02:00,2025-07-11T22:40:00,USD,Shipped,Merchant,374.00,30.37,0.00,13.72,390.65
AM-0000000504,2025-10-22T13:36:00,2025-10-25T21:34:00,USD,Delivered,Merchant,1729.39,104.34,4.99,89.17,1749.55
AM-0000000506,2026-04-01T11:16:00,2026-04-03T14:46:00,USD,Shipped,Merchant,493.94,26.88,7.99,21.95,506.86
AM-0000000508,2025-09-27T17:55:00,2025-10-01T20:45:00,USD,Processing,Merchant,278.18,20.90,4.99,0.94,303.13
AM-0000000509,2026-06-06T20:01:00,2026-06-07T15:45:00,USD,Delivered,Merchant,1305.80,70.14,0.00,96.69,1279.25
AM-0000000515,2025-09-12T09:49:00,2025-09-14T12:35:00,USD,Delivered,FBA,1134.05,64.06,7.99,78.51,1127.59
AM-0000000516,2026-02-05T15:52:00,2026-02-10T11:22:00,USD,Delivered,Merchant,161.65,12.02,0.00,12.36,161.31
AM-0000000518,2026-03-31T19:09:00,2026-04-05T20:43:00,USD,Processing,Merchant,252.04,18.87,12.99,11.86,272.04
AM-0000000521,2026-03-22T14:36:00,2026-03-24T17:49:00,USD,Shipped,FBA,665.72,44.29,0.00,48.24,661.77
AM-0000000526,2026-02-21T18:47:00,2026-02-25T09:29:00,USD,Delivered,FBA,302.97,11.76,0.00,22.63,292.10
AM-0000000532,2025-07-09T22:59:00,2025-07-12T21:03:00,USD,Delivered,FBA,1063.63,66.18,0.00,72.10,1057.71
AM-0000000533,2026-03-23T09:46:00,2026-03-23T19:20:00,USD,Shipped,FBA,203.74,10.45,0.00,7.86,206.33
AM-0000000535,2025-10-12T09:38:00,2025-10-14T14:22:00,USD,Delivered,Merchant,786.66,60.73,0.00,9.68,837.71
AM-0000000538,2025-10-18T12:07:00,2025-10-19T12:50:00,USD,Delivered,Merchant,69.98,3.99,0.00,5.16,68.81
AM-0000000542,2025-08-14T11:38:00,2025-08-16T15:35:00,USD,Delivered,FBA,89.70,4.11,7.99,7.93,93.87
AM-0000000545,2025-09-05T12:05:00,2025-09-08T20:36:00,USD,Delivered,FBA,1159.28,68.61,7.99,76.69,1159.19
AM-0000000550,2026-03-16T19:49:00,2026-03-21T20:17:00,USD,Cancelled,Merchant,616.54,43.70,12.99,27.99,645.24
AM-0000000551,2026-05-17T08:31:00,2026-05-17T21:48:00,USD,Shipped,Merchant,662.25,32.42,7.99,57.78,644.88
AM-0000000552,2025-07-30T16:04:00,2025-08-01T16:59:00,USD,Shipped,Merchant,291.96,14.95,12.99,9.49,310.41
AM-0000000554,2026-05-08T21:56:00,2026-05-13T09:51:00,USD,Delivered,Merchant,291.24,16.80,0.00,22.45,285.59
AM-0000000563,2026-01-17T22:25:00,2026-01-22T10:42:00,USD,Delivered,FBA,32.16,1.72,0.00,0.74,33.14
AM-0000000564,2025-12-13T19:52:00,2025-12-15T15:46:00,USD,Delivered,Merchant,116.17,7.56,0.00,11.05,112.68
AM-0000000566,2025-09-22T13:41:00,2025-09-22T22:26:00,USD,Delivered,Merchant,463.20,37.48,0.00,16.47,484.21
AM-0000000567,2025-09-13T21:14:00,2025-09-18T16:38:00,USD,Delivered,Merchant,99.48,6.63,7.99,8.14,105.96
AM-0000000570,2026-06-19T21:44:00,2026-06-23T11:54:00,USD,Shipped,Merchant,587.88,45.02,0.00,11.07,621.83
AM-0000000572,2026-06-10T21:53:00,2026-06-11T17:14:00,USD,Delivered,FBA,1796.84,119.49,0.00,106.57,1809.76
AM-0000000575,2026-02-02T16:43:00,2026-02-06T18:58:00,USD,Delivered,FBA,442.33,20.75,0.00,28.45,434.63
AM-0000000578,2025-08-26T18:58:00,2025-08-30T09:01:00,USD,Processing,FBA,946.80,64.78,0.00,54.27,957.31
AM-0000000579,2026-05-08T19:47:00,2026-05-08T19:04:00,USD,Delivered,Merchant,64.97,4.58,0.00,3.95,65.60
AM-0000000580,2025-08-17T13:39:00,2025-08-18T11:58:00,USD,Delivered,Merchant,299.84,16.25,0.00,25.26,290.83
AM-0000000583,2025-10-09T17:21:00,2025-10-14T09:14:00,USD,Delivered,FBA,486.86,19.41,7.99,7.49,506.77
AM-0000000586,2025-12-14T17:40:00,2025-12-19T09:44:00,USD,Processing,Merchant,461.78,21.87,0.00,16.76,466.89
AM-0000000589,2026-04-26T08:42:00,2026-05-01T09:17:00,USD,Delivered,FBA,1199.74,81.33,12.99,46.70,1247.36
AM-0000000591,2026-03-17T14:45:00,2026-03-17T08:47:00,USD,Delivered,Merchant,64.72,3.79,7.99,0.16,76.34
AM-0000000593,2025-10-26T13:11:00,2025-10-30T10:07:00,USD,Delivered,Merchant,921.57,43.09,4.99,70.20,899.45
AM-0000000596,2025-08-22T11:43:00,2025-08-26T15:10:00,USD,Shipped,FBA,172.16,9.74,12.99,7.30,187.59
AM-0000000600,2026-01-17T19:37:00,2026-01-20T13:27:00,USD,Delivered,FBA,534.68,21.92,7.99,0.05,564.54
AM-0000000603,2026-04-21T09:24:00,2026-04-21T09:01:00,USD,Processing,FBA,739.53,38.10,0.00,30.39,747.24
AM-0000000604,2026-01-29T17:43:00,2026-01-30T22:22:00,USD,Delivered,FBA,31.62,2.20,0.00,0.31,33.51
AM-0000000605,2026-03-08T21:57:00,2026-03-12T16:37:00,USD,Cancelled,FBA,204.63,8.96,4.99,15.97,202.61
AM-0000000609,2025-10-14T14:46:00,2025-10-15T14:14:00,USD,Delivered,FBA,1894.78,113.90,7.99,141.03,1875.64
AM-0000000613,2025-12-21T22:00:00,2025-12-21T14:06:00,USD,Processing,Merchant,129.58,8.88,0.00,3.35,135.11
AM-0000000619,2026-04-06T09:05:00,2026-04-10T21:15:00,USD,Delivered,FBA,862.79,40.97,0.00,38.09,865.67
AM-0000000621,2026-03-11T08:10:00,2026-03-14T15:13:00,USD,Shipped,Merchant,388.06,25.02,4.99,34.37,383.70
AM-0000000622,2026-06-07T15:33:00,2026-06-11T21:02:00,USD,Shipped,Merchant,924.42,74.87,0.00,45.40,953.89
AM-0000000623,2025-07-20T12:26:00,2025-07-20T20:07:00,USD,Delivered,FBA,400.52,32.18,12.99,5.47,440.22
AM-0000000624,2025-09-28T18:53:00,2025-09-28T13:21:00,USD,Delivered,FBA,1373.68,71.38,12.99,85.40,1372.65
AM-0000000627,2025-10-04T20:28:00,2025-10-08T11:48:00,USD,Delivered,Merchant,931.94,64.19,12.99,88.58,920.54
AM-0000000628,2026-05-26T19:04:00,2026-05-27T12:34:00,USD,Processing,FBA,446.22,29.60,0.00,29.26,446.56
AM-0000000633,2026-06-07T17:59:00,2026-06-12T09:29:00,USD,Shipped,FBA,26.75,2.37,0.00,0.13,28.99
AM-0000000639,2026-01-18T18:09:00,2026-01-23T19:48:00,USD,Delivered,Merchant,588.45,38.70,0.00,53.15,574.00
AM-0000000643,2026-06-23T11:26:00,2026-06-27T09:06:00,USD,Delivered,Merchant,117.55,5.40,7.99,13.68,117.26
AM-0000000646,2026-04-29T21:43:00,2026-05-03T22:08:00,USD,Processing,FBA,391.90,25.48,0.00,4.54,412.84
AM-0000000650,2025-07-04T14:06:00,2025-07-06T20:28:00,USD,Delivered,FBA,555.85,44.63,4.99,31.14,574.33
AM-0000000653,2026-06-30T20:36:00,2026-06-30T17:21:00,USD,Shipped,FBA,864.32,52.95,12.99,32.73,897.53
AM-0000000661,2026-04-24T12:51:00,2026-04-26T08:46:00,USD,Delivered,FBA,340.08,25.93,4.99,14.09,356.91
AM-0000000662,2026-05-25T16:32:00,2026-05-25T12:21:00,USD,Delivered,FBA,126.33,7.86,0.00,10.84,123.35
AM-0000000664,2026-02-21T09:50:00,2026-02-25T10:11:00,USD,Delivered,Merchant,347.32,21.21,12.99,23.57,357.95
AM-0000000666,2026-01-06T18:42:00,2026-01-11T21:09:00,USD,Delivered,FBA,563.57,35.75,12.99,42.26,570.05
AM-0000000667,2025-09-09T20:28:00,2025-09-11T20:17:00,USD,Cancelled,Merchant,908.48,53.66,7.99,75.87,894.26
AM-0000000670,2025-12-04T10:46:00,2025-12-08T18:06:00,USD,Delivered,FBA,75.67,4.30,7.99,6.62,81.34
AM-0000000671,2025-10-02T10:15:00,2025-10-04T19:17:00,USD,Processing,Merchant,903.40,67.24,7.99,54.93,923.70
AM-0000000677,2026-06-04T16:47:00,2026-06-05T21:25:00,USD,Shipped,FBA,803.88,49.84,7.99,56.71,805.00
AM-0000000678,2025-11-29T08:27:00,2025-12-01T13:43:00,USD,Processing,Merchant,242.00,16.30,0.00,8.73,249.57
AM-0000000679,2026-04-03T20:23:00,2026-04-08T15:23:00,USD,Delivered,Merchant,690.57,40.83,0.00,30.61,700.79
AM-0000000682,2026-02-27T11:11:00,2026-02-28T20:30:00,USD,Delivered,FBA,360.02,19.64,7.99,11.80,375.85
AM-0000000685,2025-08-01T13:21:00,2025-08-01T14:42:00,USD,Delivered,FBA,379.36,29.12,0.00,16.66,391.82
AM-0000000688,2026-06-19T19:19:00,2026-06-24T12:38:00,USD,Delivered,FBA,167.80,8.45,4.99,4.35,176.89
AM-0000000693,2025-09-03T19:50:00,2025-09-07T18:57:00,USD,Delivered,Merchant,157.83,10.68,12.99,13.60,167.90
AM-0000000695,2025-08-11T16:56:00,2025-08-16T19:51:00,USD,Delivered,Merchant,1044.90,74.43,0.00,102.48,1016.85
AM-0000000701,2025-07-09T12:00:00,2025-07-09T09:31:00,USD,Processing,FBA,1445.50,94.81,4.99,78.65,1466.65
AM-0000000703,2026-06-21T16:43:00,2026-06-22T17:34:00,USD,Delivered,FBA,171.83,11.08,0.00,5.22,177.69
AM-0000000705,2025-07-20T14:05:00,2025-07-22T12:54:00,USD,Delivered,Merchant,525.29,41.29,4.99,31.06,540.51
AM-0000000709,2025-12-07T15:49:00,2025-12-08T17:34:00,USD,Shipped,FBA,410.40,25.60,4.99,12.96,428.03
AM-0000000711,2025-08-15T18:25:00,2025-08-19T16:20:00,USD,Delivered,Merchant,454.01,36.78,7.99,3.17,495.61
AM-0000000712,2026-03-31T21:54:00,2026-04-02T09:10:00,USD,Delivered,Merchant,753.00,53.20,7.99,43.81,770.38
AM-0000000718,2026-02-18T20:59:00,2026-02-22T10:47:00,USD,Delivered,Merchant,269.69,12.65,7.99,27.43,262.90
AM-0000000726,2025-11-29T10:36:00,2025-12-01T09:06:00,USD,Processing,FBA,169.83,8.05,0.00,17.31,160.57
AM-0000000727,2025-07-07T15:00:00,2025-07-09T08:36:00,USD,Delivered,Merchant,430.13,30.26,0.00,25.57,434.82
AM-0000000728,2026-01-13T09:49:00,2026-01-13T09:52:00,USD,Delivered,Merchant,401.34,31.79,12.99,6.22,439.90
AM-0000000731,2026-04-18T10:56:00,2026-04-23T19:02:00,USD,Shipped,Merchant,593.52,34.83,4.99,32.19,601.15
AM-0000000732,2026-01-22T12:03:00,2026-01-27T09:02:00,USD,Delivered,Merchant,745.94,36.33,4.99,37.69,749.57
AM-0000000733,2025-09-13T18:13:00,2025-09-14T09:53:00,USD,Delivered,FBA,671.91,37.10,0.00,29.49,679.52
AM-0000000735,2026-02-04T14:44:00,2026-02-08T12:33:00,USD,Delivered,Merchant,622.46,30.17,7.99,23.88,636.74
AM-0000000736,2025-12-14T09:20:00,2025-12-14T13:57:00,USD,Shipped,Merchant,153.66,11.87,12.99,2.96,175.56
AM-0000000739,2026-05-26T08:49:00,2026-05-27T19:27:00,USD,Delivered,Merchant,864.20,63.77,0.00,61.50,866.47
AM-0000000741,2025-09-21T15:27:00,2025-09-23T15:23:00,USD,Delivered,Merchant,794.85,38.41,0.00,44.15,789.11
AM-0000000742,2026-05-27T22:11:00,2026-05-28T20:59:00,USD,Delivered,Merchant,1348.45,89.75,0.00,121.86,1316.34
AM-0000000743,2025-10-07T11:00:00,2025-10-07T21:37:00,USD,Delivered,FBA,722.54,54.47,12.99,53.44,736.56
AM-0000000744,2025-08-21T15:35:00,2025-08-25T13:42:00,USD,Delivered,FBA,259.07,21.37,12.99,4.71,288.72
AM-0000000746,2025-07-22T21:18:00,2025-07-25T09:21:00,USD,Delivered,Merchant,102.41,5.67,0.00,2.51,105.57
AM-0000000748,2025-11-27T14:22:00,2025-11-29T14:51:00,USD,Delivered,Merchant,227.56,18.19,0.00,11.50,234.25
AM-0000000749,2025-11-02T16:26:00,2025-11-03T08:23:00,USD,Shipped,Merchant,1006.12,55.47,12.99,54.36,1020.22
AM-0000000750,2026-04-14T18:08:00,2026-04-19T14:32:00,USD,Delivered,Merchant,1030.77,57.72,7.99,8.22,1088.26
AM-0000000751,2025-10-18T20:44:00,2025-10-20T13:58:00,USD,Delivered,Merchant,178.92,12.57,7.99,16.90,182.58
AM-0000000752,2026-05-12T22:42:00,2026-05-16T14:31:00,USD,Delivered,Merchant,471.24,19.26,12.99,45.04,458.45
AM-0000000753,2026-03-25T14:58:00,2026-03-29T20:59:00,USD,Delivered,FBA,468.66,25.05,7.99,27.73,473.97
AM-0000000755,2026-06-27T14:48:00,2026-06-30T10:39:00,USD,Shipped,FBA,1131.00,80.68,12.99,93.91,1130.76
AM-0000000756,2025-10-14T22:52:00,2025-10-19T14:58:00,USD,Delivered,Merchant,324.40,15.34,0.00,18.89,320.85
AM-0000000758,2025-11-09T18:45:00,2025-11-13T21:42:00,USD,Delivered,FBA,900.09,67.36,4.99,70.66,901.78
AM-0000000764,2025-09-07T21:56:00,2025-09-11T11:35:00,USD,Delivered,FBA,263.90,20.70,7.99,9.23,283.36
AM-0000000772,2025-09-15T18:42:00,2025-09-20T21:26:00,USD,Processing,FBA,968.42,50.89,12.99,53.07,979.23
AM-0000000773,2025-12-15T20:45:00,2025-12-18T13:48:00,USD,Delivered,FBA,93.02,7.80,12.99,3.69,110.12
AM-0000000778,2025-10-07T12:19:00,2025-10-09T18:32:00,USD,Delivered,Merchant,1549.32,100.19,12.99,77.31,1585.19
AM-0000000782,2026-06-26T09:06:00,2026-06-28T14:24:00,USD,Delivered,Merchant,721.04,36.55,0.00,37.26,720.33
AM-0000000786,2026-03-31T19:02:00,2026-04-04T13:51:00,USD,Delivered,FBA,194.08,12.82,0.00,3.60,203.30
AM-0000000796,2026-05-13T17:00:00,2026-05-15T20:56:00,USD,Delivered,FBA,664.54,31.18,0.00,31.48,664.24
AM-0000000801,2025-10-24T17:58:00,2025-10-29T11:25:00,USD,Shipped,FBA,1184.46,82.68,0.00,80.76,1186.38
AM-0000000805,2026-04-26T09:29:00,2026-04-26T14:05:00,USD,Delivered,Merchant,763.00,55.85,12.99,49.00,782.84
AM-0000000810,2026-01-10T12:19:00,2026-01-13T16:18:00,USD,Delivered,FBA,675.90,27.92,0.00,56.85,646.97
AM-0000000818,2026-03-31T18:35:00,2026-04-03T22:08:00,USD,Delivered,Merchant,464.59,25.84,12.99,21.31,482.11
AM-0000000819,2025-10-31T18:37:00,2025-11-01T12:48:00,USD,Shipped,Merchant,526.73,34.07,0.00,47.17,513.63
AM-0000000826,2025-12-21T16:44:00,2025-12-25T08:36:00,USD,Shipped,FBA,1003.17,54.53,0.00,59.00,998.70
AM-0000000827,2026-02-21T09:04:00,2026-02-23T14:11:00,USD,Processing,FBA,376.97,26.06,4.99,10.26,397.76
AM-0000000828,2026-01-04T10:36:00,2026-01-04T19:09:00,USD,Shipped,FBA,475.26,36.54,12.99,12.73,512.06
AM-0000000831,2026-05-05T19:08:00,2026-05-10T10:30:00,USD,Delivered,FBA,156.44,9.33,0.00,3.63,162.14
AM-0000000833,2025-11-01T09:22:00,2025-11-04T13:28:00,USD,Delivered,FBA,358.75,22.62,0.00,31.49,349.88
AM-0000000838,2026-04-30T15:52:00,2026-04-30T10:49:00,USD,Shipped,Merchant,659.55,43.16,0.00,27.27,675.44
AM-0000000840,2026-04-15T20:48:00,2026-04-16T15:06:00,USD,Delivered,FBA,885.39,66.74,7.99,86.47,873.65
AM-0000000843,2026-04-03T19:55:00,2026-04-04T12:03:00,USD,Delivered,FBA,199.52,16.97,7.99,2.48,222.00
AM-0000000847,2026-01-21T18:09:00,2026-01-26T14:17:00,USD,Delivered,Merchant,1202.85,62.91,12.99,0.26,1278.49
AM-0000000851,2025-09-21T13:06:00,2025-09-21T13:53:00,USD,Shipped,Merchant,23.77,1.29,7.99,1.78,31.27
AM-0000000852,2025-12-05T09:00:00,2025-12-08T11:57:00,USD,Processing,Merchant,1556.82,76.61,7.99,80.08,1561.34
AM-0000000854,2025-09-17T08:31:00,2025-09-17T11:41:00,USD,Cancelled,FBA,666.34,30.20,0.00,37.38,659.16
AM-0000000860,2026-04-26T15:22:00,2026-04-26T19:04:00,USD,Delivered,Merchant,301.92,22.13,7.99,17.72,314.32
AM-0000000862,2025-09-11T20:44:00,2025-09-14T16:22:00,USD,Delivered,FBA,109.46,6.61,0.00,8.23,107.84
AM-0000000865,2025-11-22T12:43:00,2025-11-26T15:28:00,USD,Delivered,Merchant,1084.05,59.18,0.00,27.34,1115.89
AM-0000000870,2025-08-04T09:26:00,2025-08-08T09:05:00,USD,Delivered,FBA,692.94,39.38,0.00,25.27,707.05
AM-0000000877,2025-10-14T16:19:00,2025-10-16T18:57:00,USD,Processing,FBA,649.32,33.71,0.00,43.14,639.89
AM-0000000880,2026-06-24T17:45:00,2026-06-27T15:26:00,USD,Shipped,FBA,47.70,3.25,7.99,0.89,58.05
AM-0000000884,2026-02-07T18:29:00,2026-02-11T12:23:00,USD,Delivered,FBA,448.36,28.57,7.99,34.95,449.97
AM-0000000887,2026-05-17T16:20:00,2026-05-20T20:43:00,USD,Delivered,Merchant,731.27,40.01,7.99,79.51,699.76
AM-0000000889,2026-01-07T15:16:00,2026-01-12T19:38:00,USD,Delivered,FBA,22.41,1.68,4.99,2.63,26.45
AM-0000000893,2026-04-30T13:53:00,2026-05-02T22:04:00,USD,Delivered,FBA,98.76,6.47,0.00,6.41,98.82
AM-0000000898,2025-12-15T11:39:00,2025-12-20T15:01:00,USD,Delivered,Merchant,1138.97,61.86,7.99,78.37,1130.45
AM-0000000899,2026-05-15T14:26:00,2026-05-17T08:33:00,USD,Delivered,Merchant,222.48,10.92,4.99,13.86,224.53
AM-0000000903,2025-09-09T16:42:00,2025-09-13T18:28:00,USD,Delivered,FBA,495.25,36.65,0.00,21.64,510.26
AM-0000000905,2026-02-13T20:06:00,2026-02-13T12:46:00,USD,Delivered,FBA,1559.12,96.19,0.00,43.11,1612.20
AM-0000000908,2026-01-29T19:51:00,2026-02-03T11:03:00,USD,Delivered,Merchant,314.77,14.49,7.99,36.66,300.59
AM-0000000909,2025-07-23T13:25:00,2025-07-27T08:11:00,USD,Shipped,Merchant,1366.50,86.10,12.99,132.99,1332.60
AM-0000000913,2026-05-31T20:32:00,2026-06-04T19:51:00,USD,Delivered,Merchant,316.30,18.26,12.99,26.74,320.81
AM-0000000914,2026-01-13T14:24:00,2026-01-16T09:15:00,USD,Processing,Merchant,163.65,10.13,7.99,19.09,162.68
AM-0000000917,2025-10-28T11:56:00,2025-10-31T19:01:00,USD,Delivered,Merchant,369.41,24.53,12.99,7.64,399.29
AM-0000000920,2026-01-21T11:04:00,2026-01-25T08:04:00,USD,Delivered,Merchant,476.11,33.32,12.99,9.62,512.80
AM-0000000921,2026-01-14T10:23:00,2026-01-17T12:50:00,USD,Delivered,FBA,542.74,38.85,4.99,12.01,574.57
AM-0000000928,2025-12-03T20:30:00,2025-12-05T17:33:00,USD,Delivered,Merchant,407.65,22.49,7.99,15.01,423.12
AM-0000000936,2025-12-06T13:36:00,2025-12-07T16:48:00,USD,Delivered,Merchant,563.77,32.36,0.00,38.55,557.58
AM-0000000941,2025-11-03T21:22:00,2025-11-03T11:32:00,USD,Delivered,Merchant,30.44,1.57,0.00,0.76,31.25
AM-0000000943,2025-11-16T13:45:00,2025-11-19T16:57:00,USD,Delivered,Merchant,153.48,6.95,12.99,0.44,172.98
AM-0000000948,2025-09-14T18:08:00,2025-09-19T20:22:00,USD,Processing,FBA,139.54,5.28,7.99,12.11,140.70
AM-0000000949,2025-11-01T22:06:00,2025-11-02T20:44:00,USD,Cancelled,Merchant,239.58,12.49,0.00,15.50,236.57
AM-0000000956,2026-03-21T20:07:00,2026-03-26T12:22:00,USD,Delivered,Merchant,495.90,37.54,0.00,38.73,494.71
AM-0000000960,2025-12-28T10:01:00,2025-12-28T14:53:00,USD,Delivered,Merchant,1976.87,135.83,4.99,32.44,2085.25
AM-0000000961,2026-04-24T21:02:00,2026-04-27T08:56:00,USD,Shipped,FBA,763.51,56.24,7.99,33.50,794.24
AM-0000000962,2025-12-06T20:36:00,2025-12-07T13:35:00,USD,Shipped,FBA,863.46,40.38,4.99,53.29,855.54
AM-0000000965,2026-01-22T11:34:00,2026-01-27T09:44:00,USD,Processing,FBA,510.80,28.31,4.99,10.38,533.72
AM-0000000966,2025-10-16T08:50:00,2025-10-21T18:09:00,USD,Delivered,FBA,1009.48,62.27,4.99,52.89,1023.85
AM-0000000970,2026-03-18T18:22:00,2026-03-22T09:25:00,USD,Delivered,Merchant,634.93,38.00,7.99,48.90,632.02
AM-0000000971,2025-10-17T22:22:00,2025-10-18T21:11:00,USD,Delivered,Merchant,24.76,1.20,4.99,1.96,28.99
AM-0000000972,2025-07-02T10:49:00,2025-07-07T09:59:00,USD,Delivered,Merchant,32.72,1.69,12.99,2.45,44.95
AM-0000000981,2026-03-23T11:53:00,2026-03-24T17:08:00,USD,Delivered,Merchant,924.01,44.25,0.00,61.34,906.92
AM-0000000985,2026-05-18T13:16:00,2026-05-19T15:19:00,USD,Delivered,Merchant,1263.06,74.22,7.99,124.45,1220.82
AM-0000000986,2026-04-14T13:47:00,2026-04-16T19:27:00,USD,Delivered,FBA,173.85,7.63,0.00,10.84,170.64
AM-0000000987,2025-10-25T12:48:00,2025-10-27T08:03:00,USD,Delivered,FBA,773.83,33.24,0.00,31.36,775.71
AM-0000000988,2026-06-18T20:02:00,2026-06-18T12:43:00,USD,Delivered,Merchant,524.60,29.75,4.99,48.68,510.66
AM-0000000991,2025-07-27T20:30:00,2025-08-01T15:30:00,USD,Delivered,FBA,373.10,15.62,0.00,1.67,387.05
AM-0000000994,2026-04-19T18:13:00,2026-04-22T16:11:00,USD,Delivered,Merchant,1208.79,84.43,0.00,82.36,1210.86
AM-0000000996,2025-08-14T16:05:00,2025-08-16T20:36:00,USD,Delivered,Merchant,1091.36,65.55,12.99,27.56,1142.34
AM-0000001008,2025-10-04T21:07:00,2025-10-04T18:28:00,USD,Delivered,Merchant,24.93,1.90,0.00,1.85,24.98
AM-0000001013,2026-05-23T11:45:00,2026-05-28T22:04:00,USD,Delivered,FBA,126.61,6.08,4.99,7.34,130.34
AM-0000001018,2026-05-02T10:52:00,2026-05-05T09:34:00,USD,Delivered,FBA,653.79,49.26,7.99,19.82,691.22
AM-0000001020,2026-01-25T17:54:00,2026-01-30T11:51:00,USD,Delivered,FBA,855.75,55.92,0.00,53.11,858.56
AM-0000001021,2026-04-26T11:16:00,2026-05-01T09:00:00,USD,Processing,Merchant,512.13,30.40,4.99,32.97,514.55
AM-0000001024,2026-06-14T19:56:00,2026-06-18T14:33:00,USD,Shipped,FBA,1829.26,143.33,4.99,130.59,1846.99
AM-0000001026,2025-10-19T16:11:00,2025-10-22T09:33:00,USD,Delivered,Merchant,1282.36,82.57,4.99,70.40,1299.52
AM-0000001027,2025-07-08T10:33:00,2025-07-08T19:58:00,USD,Delivered,FBA,920.16,67.70,0.00,73.80,914.06
AM-0000001032,2025-10-31T14:46:00,2025-11-04T15:50:00,USD,Shipped,FBA,202.60,12.58,0.00,11.02,204.16
AM-0000001034,2026-03-18T08:12:00,2026-03-21T11:15:00,USD,Delivered,Merchant,686.24,46.91,4.99,63.77,674.37
AM-0000001035,2025-12-29T21:39:00,2025-12-29T08:06:00,USD,Shipped,Merchant,728.66,48.27,12.99,48.55,741.37
AM-0000001036,2026-06-25T17:54:00,2026-06-27T10:47:00,USD,Shipped,Merchant,1088.30,47.97,0.00,89.44,1046.83
AM-0000001039,2026-03-25T19:27:00,2026-03-26T10:08:00,USD,Delivered,Merchant,207.18,10.67,0.00,3.15,214.70
AM-0000001042,2025-11-20T19:12:00,2025-11-24T17:40:00,USD,Delivered,FBA,968.28,70.60,7.99,47.29,999.58
AM-0000001045,2026-05-12T19:28:00,2026-05-16T22:29:00,USD,Delivered,FBA,125.63,5.99,4.99,11.34,125.27
AM-0000001052,2025-08-27T09:04:00,2025-08-27T12:09:00,USD,Delivered,Merchant,1088.10,70.78,4.99,62.07,1101.80
AM-0000001059,2026-06-01T17:34:00,2026-06-04T16:22:00,USD,Delivered,Merchant,451.11,27.62,4.99,49.49,434.23
AM-0000001061,2025-07-26T10:09:00,2025-07-28T19:22:00,USD,Delivered,Merchant,42.69,3.38,0.00,3.43,42.64
AM-0000001062,2025-09-26T15:53:00,2025-09-30T10:15:00,USD,Shipped,Merchant,1639.90,104.73,0.00,155.60,1589.03
AM-0000001063,2025-12-15T22:29:00,2025-12-17T13:26:00,USD,Delivered,Merchant,117.16,5.00,0.00,3.05,119.11
AM-0000001064,2025-11-28T11:33:00,2025-12-01T17:52:00,USD,Delivered,FBA,954.56,49.76,12.99,46.98,970.33
AM-0000001067,2025-11-26T14:47:00,2025-11-26T08:20:00,USD,Delivered,Merchant,767.56,30.72,0.00,72.04,726.24
AM-0000001072,2025-07-02T10:58:00,2025-07-06T18:15:00,USD,Delivered,Merchant,125.12,7.07,0.00,6.84,125.35
AM-0000001073,2026-02-28T14:00:00,2026-03-03T17:31:00,USD,Delivered,FBA,2070.03,148.90,12.99,205.94,2025.98
AM-0000001074,2025-08-08T22:20:00,2025-08-09T10:51:00,USD,Processing,Merchant,373.14,19.16,12.99,31.03,374.26
AM-0000001077,2025-07-28T17:51:00,2025-07-29T14:11:00,USD,Cancelled,FBA,379.52,19.00,4.99,13.59,389.92
AM-0000001089,2026-04-07T20:41:00,2026-04-08T09:15:00,USD,Shipped,FBA,219.30,9.63,4.99,18.53,215.39
AM-0000001090,2026-05-07T22:54:00,2026-05-08T08:44:00,USD,Delivered,Merchant,949.17,56.42,0.00,40.23,965.36
AM-0000001099,2026-05-14T22:09:00,2026-05-15T10:19:00,USD,Delivered,FBA,1168.18,72.00,7.99,81.56,1166.61
AM-0000001102,2025-08-16T12:17:00,2025-08-17T16:33:00,USD,Delivered,Merchant,909.45,43.73,12.99,13.47,952.70
AM-0000001104,2025-12-03T22:58:00,2025-12-03T21:04:00,USD,Shipped,FBA,517.02,34.10,7.99,33.03,526.08
AM-0000001109,2025-09-30T22:35:00,2025-10-03T13:43:00,USD,Delivered,Merchant,1592.15,81.50,0.00,75.13,1598.52
AM-0000001112,2025-10-13T15:22:00,2025-10-14T15:12:00,USD,Shipped,Merchant,353.70,24.15,0.00,21.64,356.21
AM-0000001114,2025-12-12T14:37:00,2025-12-12T17:25:00,USD,Delivered,Merchant,1295.91,76.23,4.99,64.72,1312.41
AM-0000001115,2025-09-16T11:07:00,2025-09-16T11:36:00,USD,Delivered,Merchant,838.55,33.39,12.99,32.84,852.09
AM-0000001117,2025-10-29T12:44:00,2025-10-30T10:10:00,USD,Delivered,Merchant,1057.69,55.50,4.99,98.11,1020.07
AM-0000001118,2025-07-13T17:44:00,2025-07-17T08:11:00,USD,Delivered,Merchant,95.16,4.69,4.99,2.15,102.69
AM-0000001121,2025-08-14T08:17:00,2025-08-18T20:27:00,USD,Delivered,FBA,438.43,30.90,7.99,18.31,459.01
AM-0000001122,2025-10-26T13:12:00,2025-10-26T09:36:00,USD,Delivered,FBA,376.20,16.37,0.00,22.64,369.93
AM-0000001123,2025-12-09T22:20:00,2025-12-13T11:49:00,USD,Delivered,FBA,32.67,1.99,4.99,2.66,36.99
AM-0000001124,2026-01-26T10:26:00,2026-01-26T13:19:00,USD,Delivered,FBA,680.62,33.47,0.00,41.62,672.47
AM-0000001127,2026-01-15T12:58:00,2026-01-19T16:54:00,USD,Delivered,FBA,145.50,12.56,7.99,4.33,161.72
AM-0000001128,2026-02-25T20:49:00,2026-02-26T08:04:00,USD,Shipped,Merchant,612.94,47.59,0.00,4.31,656.22
AM-0000001134,2026-05-04T10:19:00,2026-05-08T08:04:00,USD,Processing,Merchant,29.04,1.22,0.00,1.41,28.85
AM-0000001136,2026-01-08T19:40:00,2026-01-11T13:58:00,USD,Shipped,FBA,582.28,28.61,4.99,34.72,581.16
AM-0000001137,2026-02-26T20:23:00,2026-02-28T19:48:00,USD,Delivered,FBA,1202.48,73.53,12.99,60.92,1228.08
AM-0000001139,2025-12-31T15:13:00,2026-01-02T22:20:00,USD,Delivered,Merchant,654.31,40.65,7.99,27.64,675.31
AM-0000001142,2025-08-15T14:40:00,2025-08-19T12:31:00,USD,Delivered,FBA,513.85,19.35,7.99,34.83,506.36
AM-0000001144,2026-03-21T17:39:00,2026-03-26T09:24:00,USD,Processing,FBA,574.44,45.33,4.99,9.49,615.27
AM-0000001146,2026-05-29T20:19:00,2026-06-01T17:20:00,USD,Delivered,Merchant,901.28,56.50,7.99,74.75,891.02
AM-0000001149,2025-11-26T18:54:00,2025-11-27T21:24:00,USD,Delivered,FBA,1591.64,101.60,4.99,85.41,1612.82
AM-0000001152,2025-08-17T18:53:00,2025-08-18T09:29:00,USD,Delivered,Merchant,373.02,15.84,7.99,10.32,386.53
AM-0000001154,2025-10-21T22:32:00,2025-10-26T16:28:00,USD,Delivered,FBA,804.94,56.01,0.00,49.10,811.85
AM-0000001161,2025-07-03T13:33:00,2025-07-05T12:55:00,USD,Delivered,FBA,1298.29,61.49,0.00,80.40,1279.38
AM-0000001162,2026-03-25T17:43:00,2026-03-27T19:55:00,USD,Delivered,FBA,432.98,25.48,4.99,17.92,445.53
AM-0000001171,2025-10-26T09:18:00,2025-10-28T22:30:00,USD,Delivered,FBA,259.18,16.93,7.99,15.41,268.69
AM-0000001173,2026-04-07T13:34:00,2026-04-07T17:04:00,USD,Delivered,Merchant,80.52,6.00,0.00,7.50,79.02
AM-0000001179,2025-09-28T15:29:00,2025-10-02T09:26:00,USD,Shipped,FBA,95.13,4.49,4.99,2.18,102.43
AM-0000001180,2025-08-06T22:33:00,2025-08-10T13:02:00,USD,Shipped,FBA,636.25,45.51,12.99,21.50,673.25
AM-0000001186,2025-10-31T11:32:00,2025-11-03T09:18:00,USD,Delivered,FBA,1487.47,103.97,12.99,20.19,1584.24
AM-0000001189,2025-10-06T19:51:00,2025-10-09T15:51:00,USD,Shipped,Merchant,768.20,42.15,0.00,56.03,754.32
AM-0000001195,2026-01-26T14:31:00,2026-01-29T15:52:00,USD,Delivered,Merchant,1271.15,70.30,0.00,77.80,1263.65
AM-0000001197,2025-10-08T16:19:00,2025-10-13T22:40:00,USD,Delivered,Merchant,97.32,6.59,0.00,4.46,99.45
AM-0000001199,2025-12-18T18:41:00,2025-12-21T12:50:00,USD,Delivered,FBA,909.21,61.95,0.00,30.40,940.76
AM-0000001204,2026-02-18T12:21:00,2026-02-19T08:11:00,USD,Delivered,FBA,69.97,2.80,0.00,2.54,70.23
AM-0000001205,2026-02-16T08:46:00,2026-02-19T09:27:00,USD,Shipped,Merchant,15.25,0.84,12.99,1.60,27.48
AM-0000001218,2025-11-12T22:33:00,2025-11-16T16:10:00,USD,Shipped,FBA,718.62,42.50,0.00,46.51,714.61
AM-0000001221,2025-09-08T14:07:00,2025-09-13T21:46:00,USD,Delivered,FBA,116.07,8.04,4.99,5.38,123.72
AM-0000001222,2025-08-24T12:31:00,2025-08-29T14:20:00,USD,Shipped,Merchant,533.12,30.79,0.00,22.28,541.63
AM-0000001226,2025-08-27T21:26:00,2025-08-29T10:59:00,USD,Delivered,Merchant,179.96,9.69,4.99,4.46,190.18
AM-0000001228,2026-06-30T11:10:00,2026-06-30T10:46:00,USD,Delivered,FBA,650.34,48.15,0.00,39.48,659.01
AM-0000001230,2025-12-25T18:36:00,2025-12-25T14:14:00,USD,Cancelled,FBA,729.69,29.89,4.99,71.17,693.40
AM-0000001231,2026-06-16T16:55:00,2026-06-21T08:25:00,USD,Delivered,Merchant,72.33,5.40,7.99,1.73,83.99
AM-0000001233,2026-06-01T16:51:00,2026-06-02T18:36:00,USD,Delivered,FBA,23.98,0.95,0.00,2.31,22.62
AM-0000001235,2026-03-06T16:46:00,2026-03-06T15:28:00,USD,Delivered,Merchant,540.10,28.05,7.99,25.55,550.59
AM-0000001246,2026-01-13T14:44:00,2026-01-13T13:53:00,USD,Processing,Merchant,491.57,32.27,0.00,15.50,508.34
AM-0000001247,2026-02-23T11:11:00,2026-02-26T16:30:00,USD,Delivered,FBA,850.78,53.12,0.00,35.73,868.17
AM-0000001252,2025-09-11T18:36:00,2025-09-12T21:17:00,USD,Shipped,FBA,141.70,10.59,0.00,9.53,142.76
AM-0000001253,2025-08-09T11:05:00,2025-08-09T20:37:00,USD,Delivered,Merchant,536.28,26.62,0.00,27.31,535.59
AM-0000001275,2025-09-25T16:03:00,2025-09-30T15:21:00,USD,Delivered,Merchant,985.44,50.19,0.00,69.22,966.41
AM-0000001282,2026-04-27T11:56:00,2026-05-02T21:08:00,USD,Shipped,FBA,279.24,16.44,0.00,12.09,283.59
AM-0000001286,2026-01-20T22:21:00,2026-01-24T20:06:00,USD,Shipped,FBA,436.56,25.38,7.99,6.92,463.01
AM-0000001290,2025-11-17T15:15:00,2025-11-22T15:35:00,USD,Shipped,FBA,595.67,32.78,12.99,29.69,611.75
AM-0000001291,2025-09-17T14:31:00,2025-09-18T17:38:00,USD,Cancelled,Merchant,226.81,10.01,4.99,0.18,241.63
AM-0000001292,2026-06-08T09:19:00,2026-06-13T17:38:00,USD,Shipped,FBA,444.45,29.29,4.99,8.76,469.97
AM-0000001293,2025-12-28T08:36:00,2025-12-31T09:40:00,USD,Delivered,FBA,330.72,23.75,0.00,23.65,330.82
AM-0000001297,2026-02-18T09:26:00,2026-02-21T15:19:00,USD,Delivered,Merchant,121.91,8.33,12.99,9.45,133.78
AM-0000001303,2025-08-27T22:06:00,2025-08-28T21:45:00,USD,Processing,Merchant,73.57,3.19,12.99,6.91,82.84
AM-0000001307,2025-12-05T11:46:00,2025-12-06T14:18:00,USD,Delivered,Merchant,457.51,33.72,0.00,14.39,476.84
AM-0000001311,2026-02-13T21:36:00,2026-02-18T12:01:00,USD,Delivered,FBA,536.87,29.78,12.99,32.68,546.96
AM-0000001316,2025-08-07T13:03:00,2025-08-07T12:06:00,USD,Delivered,FBA,396.34,19.55,0.00,8.24,407.65
AM-0000001317,2025-11-02T21:32:00,2025-11-07T22:12:00,USD,Delivered,FBA,672.87,42.82,0.00,45.01,670.68
AM-0000001318,2025-09-21T14:55:00,2025-09-26T19:22:00,USD,Delivered,FBA,2187.69,143.58,4.99,192.21,2144.05
AM-0000001322,2025-09-02T17:11:00,2025-09-04T21:31:00,USD,Delivered,Merchant,70.12,5.19,7.99,6.20,77.10
AM-0000001323,2025-10-15T22:11:00,2025-10-15T21:01:00,USD,Delivered,FBA,396.22,24.15,12.99,22.03,411.33
AM-0000001324,2025-12-24T18:47:00,2025-12-27T19:20:00,USD,Delivered,FBA,966.93,59.00,4.99,47.70,983.22
AM-0000001326,2026-05-20T09:10:00,2026-05-22T18:32:00,USD,Delivered,FBA,744.24,47.01,4.99,34.82,761.42
AM-0000001329,2026-02-15T19:26:00,2026-02-20T20:38:00,USD,Delivered,FBA,258.19,14.87,0.00,0.48,272.58
AM-0000001337,2025-12-19T22:51:00,2025-12-24T09:07:00,USD,Shipped,FBA,31.96,1.95,0.00,0.60,33.31
AM-0000001338,2025-09-01T14:28:00,2025-09-02T22:14:00,USD,Delivered,FBA,362.17,26.68,7.99,0.32,396.52
AM-0000001341,2026-03-08T22:12:00,2026-03-10T08:14:00,USD,Delivered,Merchant,30.36,2.64,12.99,0.28,45.71
AM-0000001342,2025-07-05T14:44:00,2025-07-09T11:45:00,USD,Delivered,Merchant,677.87,45.92,0.00,28.99,694.80
AM-0000001343,2025-10-01T16:59:00,2025-10-03T19:25:00,USD,Delivered,FBA,336.84,22.61,7.99,31.11,336.33
AM-0000001345,2025-12-13T12:45:00,2025-12-13T16:39:00,USD,Shipped,FBA,223.91,12.03,7.99,16.08,227.85
AM-0000001348,2026-03-31T08:46:00,2026-04-04T17:11:00,USD,Cancelled,FBA,70.32,3.63,4.99,0.21,78.73
AM-0000001350,2025-10-07T10:39:00,2025-10-08T13:04:00,USD,Delivered,Merchant,271.23,23.20,0.00,11.11,283.32
AM-0000001358,2025-10-12T21:50:00,2025-10-12T21:47:00,USD,Delivered,Merchant,574.97,32.73,7.99,42.05,573.64
AM-0000001361,2026-03-08T12:52:00,2026-03-13T16:10:00,USD,Delivered,Merchant,96.56,4.43,0.00,10.84,90.15
AM-0000001362,2025-08-08T13:10:00,2025-08-10T09:03:00,USD,Shipped,Merchant,214.79,14.73,0.00,6.55,222.97
AM-0000001366,2025-11-21T13:16:00,2025-11-23T09:29:00,USD,Delivered,FBA,263.18,11.29,0.00,25.20,249.27
AM-0000001367,2025-08-30T15:59:00,2025-08-30T14:42:00,USD,Delivered,Merchant,927.54,56.09,0.00,96.38,887.25
AM-0000001373,2025-09-23T12:09:00,2025-09-28T15:31:00,USD,Delivered,FBA,410.82,23.28,0.00,24.97,409.13
AM-0000001379,2026-06-04T09:53:00,2026-06-06T13:52:00,USD,Delivered,FBA,632.12,31.90,0.00,43.26,620.76
AM-0000001385,2025-07-10T20:46:00,2025-07-15T16:35:00,USD,Shipped,FBA,55.44,3.23,12.99,2.83,68.83
AM-0000001388,2026-04-21T11:50:00,2026-04-21T14:52:00,USD,Delivered,FBA,230.00,15.77,7.99,5.10,248.66
AM-0000001390,2025-07-19T11:17:00,2025-07-22T20:03:00,USD,Shipped,FBA,30.80,2.28,7.99,0.74,40.33
AM-0000001396,2026-04-13T13:11:00,2026-04-18T12:58:00,USD,Delivered,Merchant,251.75,15.52,12.99,8.79,271.47
AM-0000001397,2026-02-26T18:03:00,2026-03-02T20:21:00,USD,Shipped,Merchant,786.51,53.64,0.00,46.65,793.50
AM-0000001398,2026-01-26T20:55:00,2026-01-30T20:22:00,USD,Delivered,FBA,100.90,7.12,0.00,8.57,99.45
AM-0000001401,2025-10-21T12:50:00,2025-10-26T18:04:00,USD,Delivered,FBA,154.94,5.88,7.99,14.32,154.49
AM-0000001402,2025-10-31T10:59:00,2025-10-31T18:12:00,USD,Delivered,Merchant,663.13,45.98,4.99,41.26,672.84
AM-0000001403,2025-11-08T12:42:00,2025-11-08T12:57:00,USD,Delivered,FBA,643.80,44.32,0.00,30.79,657.33
AM-0000001405,2026-03-15T16:07:00,2026-03-20T11:11:00,USD,Cancelled,Merchant,114.39,9.19,0.00,9.28,114.30
AM-0000001411,2025-07-31T13:17:00,2025-08-05T18:01:00,USD,Delivered,FBA,896.35,56.94,12.99,63.41,902.87
AM-0000001417,2025-10-01T20:30:00,2025-10-06T13:39:00,USD,Delivered,FBA,460.97,31.46,4.99,11.25,486.17
AM-0000001418,2025-08-16T10:35:00,2025-08-20T16:23:00,USD,Delivered,FBA,55.68,4.24,4.99,0.24,64.67
AM-0000001419,2025-07-21T09:05:00,2025-07-21T10:00:00,USD,Delivered,FBA,733.85,41.56,12.99,39.47,748.93
AM-0000001423,2025-10-02T13:10:00,2025-10-04T17:47:00,USD,Delivered,FBA,912.33,61.43,0.00,40.52,933.24
AM-0000001424,2025-09-15T22:31:00,2025-09-16T10:19:00,USD,Shipped,Merchant,442.85,33.39,0.00,13.73,462.51
AM-0000001425,2025-07-16T19:18:00,2025-07-16T20:52:00,USD,Processing,FBA,863.60,69.70,7.99,20.12,921.17
AM-0000001428,2025-10-27T08:32:00,2025-10-30T10:44:00,USD,Delivered,FBA,196.69,11.50,4.99,15.90,197.28
AM-0000001435,2026-05-11T08:52:00,2026-05-11T19:32:00,USD,Delivered,Merchant,1026.05,75.20,4.99,48.17,1058.07
AM-0000001437,2026-01-26T19:10:00,2026-01-27T11:18:00,USD,Shipped,Merchant,77.11,4.03,12.99,5.83,88.30
AM-0000001438,2025-11-04T20:38:00,2025-11-09T10:25:00,USD,Delivered,Merchant,326.40,25.21,4.99,20.50,336.10
AM-0000001440,2026-04-03T14:34:00,2026-04-07T19:30:00,USD,Delivered,FBA,445.98,20.43,0.00,33.37,433.04
AM-0000001444,2026-06-01T11:24:00,2026-06-05T08:25:00,USD,Delivered,FBA,318.17,14.88,0.00,26.80,306.25
AM-0000001447,2025-09-23T09:18:00,2025-09-25T17:22:00,USD,Delivered,Merchant,1590.13,81.28,0.00,108.35,1563.06
AM-0000001450,2025-07-05T12:19:00,2025-07-05T08:09:00,USD,Delivered,FBA,370.93,15.94,12.99,41.25,358.61
AM-0000001456,2026-01-19T09:03:00,2026-01-19T08:24:00,USD,Shipped,FBA,302.23,25.90,0.00,0.61,327.52
AM-0000001458,2026-01-04T18:01:00,2026-01-04T19:33:00,USD,Processing,Merchant,982.56,49.83,0.00,97.60,934.79
AM-0000001460,2025-07-28T14:53:00,2025-08-02T17:51:00,USD,Delivered,Merchant,499.56,39.76,0.00,40.66,498.66
AM-0000001463,2026-04-05T19:51:00,2026-04-06T15:28:00,USD,Delivered,FBA,477.66,33.48,7.99,33.52,485.61
AM-0000001465,2025-09-06T16:23:00,2025-09-08T08:31:00,USD,Delivered,Merchant,260.76,17.84,7.99,4.61,281.98
AM-0000001468,2025-07-14T13:50:00,2025-07-16T13:42:00,USD,Processing,FBA,318.35,16.20,4.99,2.58,336.96
AM-0000001471,2026-05-28T13:00:00,2026-06-01T20:17:00,USD,Delivered,FBA,220.01,11.64,0.00,20.69,210.96
AM-0000001473,2026-03-12T21:40:00,2026-03-15T14:09:00,USD,Delivered,FBA,1089.81,65.99,0.00,66.08,1089.72
AM-0000001476,2025-09-07T13:08:00,2025-09-11T13:50:00,USD,Delivered,Merchant,1306.53,75.41,12.99,79.92,1315.01
AM-0000001477,2026-06-22T16:12:00,2026-06-23T20:53:00,USD,Shipped,FBA,45.60,2.24,4.99,3.18,49.65
AM-0000001478,2026-03-10T09:24:00,2026-03-15T09:17:00,USD,Delivered,FBA,285.45,14.11,12.99,29.78,282.77
AM-0000001488,2025-12-07T11:46:00,2025-12-10T15:17:00,USD,Delivered,Merchant,461.80,30.34,12.99,7.36,497.77
AM-0000001490,2025-07-14T20:12:00,2025-07-18T14:27:00,USD,Delivered,FBA,63.27,2.99,12.99,0.42,78.83
AM-0000001493,2026-05-05T10:00:00,2026-05-09T09:25:00,USD,Delivered,Merchant,743.50,43.45,12.99,73.57,726.37
AM-0000001495,2025-12-16T11:15:00,2025-12-21T18:08:00,USD,Processing,Merchant,159.67,9.40,4.99,16.06,158.00
AM-0000001496,2026-05-03T12:35:00,2026-05-03T22:33:00,USD,Delivered,Merchant,805.18,58.50,0.00,42.75,820.93
AM-0000001497,2026-03-31T19:47:00,2026-04-05T10:39:00,USD,Delivered,FBA,268.90,17.92,0.00,14.30,272.52
AM-0000001499,2025-07-31T16:52:00,2025-08-02T10:00:00,USD,Delivered,Merchant,2244.00,102.32,0.00,196.57,2149.75
AM-0000001503,2026-06-13T10:21:00,2026-06-13T10:01:00,USD,Delivered,Merchant,704.68,37.21,4.99,54.57,692.31
AM-0000001505,2026-05-04T13:06:00,2026-05-05T15:07:00,USD,Delivered,FBA,1412.89,90.87,7.99,87.92,1423.83
AM-0000001508,2025-08-13T18:15:00,2025-08-14T19:19:00,USD,Cancelled,FBA,57.58,4.91,0.00,2.56,59.93
AM-0000001509,2025-12-21T09:19:00,2025-12-26T21:19:00,USD,Processing,FBA,508.42,34.08,4.99,48.67,498.82
AM-0000001515,2026-02-18T17:20:00,2026-02-22T17:37:00,USD,Shipped,Merchant,919.07,42.94,7.99,29.10,940.90
AM-0000001519,2025-12-31T21:48:00,2026-01-03T09:53:00,USD,Delivered,FBA,347.60,24.91,7.99,17.94,362.56
AM-0000001520,2026-03-17T19:25:00,2026-03-21T18:52:00,USD,Shipped,FBA,537.71,25.39,0.00,30.29,532.81
AM-0000001522,2026-01-21T22:20:00,2026-01-21T20:57:00,USD,Shipped,FBA,2341.10,114.15,0.00,150.48,2304.77
AM-0000001528,2026-06-18T18:35:00,2026-06-19T09:32:00,USD,Delivered,Merchant,298.72,17.02,0.00,4.71,311.03
AM-0000001529,2025-09-30T15:47:00,2025-10-02T16:55:00,USD,Delivered,Merchant,78.84,5.99,12.99,5.21,92.61
AM-0000001531,2025-10-30T16:12:00,2025-11-04T17:19:00,USD,Shipped,FBA,227.74,13.86,7.99,10.48,239.11
AM-0000001532,2026-04-02T17:06:00,2026-04-06T10:16:00,USD,Processing,FBA,801.36,34.19,4.99,82.96,757.58
AM-0000001536,2025-09-24T14:42:00,2025-09-25T10:39:00,USD,Shipped,FBA,391.47,18.11,12.99,29.27,393.30
AM-0000001537,2026-06-18T12:41:00,2026-06-19T19:49:00,USD,Shipped,Merchant,695.82,35.22,0.00,65.35,665.69
AM-0000001538,2025-10-14T22:49:00,2025-10-15T19:25:00,USD,Delivered,FBA,144.67,10.14,12.99,10.29,157.51
AM-0000001540,2026-03-22T17:50:00,2026-03-23T22:24:00,USD,Processing,FBA,851.69,40.96,0.00,81.74,810.91
AM-0000001542,2025-11-14T10:55:00,2025-11-18T11:30:00,USD,Delivered,Merchant,297.59,22.96,12.99,25.29,308.25
AM-0000001543,2025-08-10T19:44:00,2025-08-11T20:12:00,USD,Delivered,Merchant,504.56,32.73,12.99,42.94,507.34
AM-0000001545,2025-07-11T17:29:00,2025-07-13T08:43:00,USD,Processing,Merchant,201.08,16.75,7.99,0.94,224.88
AM-0000001553,2025-08-25T18:53:00,2025-08-26T20:07:00,USD,Processing,Merchant,674.52,41.42,4.99,64.63,656.30
AM-0000001561,2025-11-12T20:27:00,2025-11-14T18:35:00,USD,Delivered,Merchant,1212.46,67.73,0.00,66.79,1213.40
AM-0000001566,2025-09-18T16:41:00,2025-09-18T09:37:00,USD,Delivered,Merchant,392.22,19.40,0.00,37.96,373.66
AM-0000001567,2026-02-27T18:32:00,2026-03-04T10:29:00,USD,Delivered,Merchant,198.84,10.70,4.99,10.64,203.89
AM-0000001568,2025-12-05T16:30:00,2025-12-08T19:02:00,USD,Processing,FBA,942.15,45.53,7.99,29.05,966.62
AM-0000001575,2026-02-05T10:46:00,2026-02-09T19:01:00,USD,Delivered,FBA,940.52,70.33,0.00,79.40,931.45
AM-0000001576,2025-11-14T21:04:00,2025-11-16T10:01:00,USD,Delivered,Merchant,744.64,40.02,0.00,13.44,771.22
AM-0000001578,2026-03-23T15:01:00,2026-03-25T11:03:00,USD,Delivered,FBA,1656.01,118.61,7.99,134.18,1648.43
AM-0000001583,2025-08-29T09:44:00,2025-08-30T17:33:00,USD,Delivered,FBA,558.74,33.94,0.00,38.79,553.89
AM-0000001585,2025-07-15T22:35:00,2025-07-16T17:09:00,USD,Processing,FBA,221.16,14.64,0.00,18.81,216.99
AM-0000001587,2025-08-09T14:49:00,2025-08-12T08:28:00,USD,Delivered,Merchant,487.22,21.29,4.99,26.45,487.05
AM-0000001596,2026-06-09T13:26:00,2026-06-09T22:07:00,USD,Shipped,Merchant,1386.56,97.03,0.00,74.67,1408.92
AM-0000001600,2026-04-13T16:20:00,2026-04-15T11:47:00,USD,Delivered,FBA,145.01,7.57,7.99,8.34,152.23
AM-0000001601,2026-02-19T15:59:00,2026-02-24T11:23:00,USD,Delivered,FBA,1357.33,78.37,0.00,36.05,1399.65
AM-0000001603,2025-11-06T17:54:00,2025-11-10T19:26:00,USD,Delivered,FBA,316.68,15.54,7.99,8.68,331.53
AM-0000001606,2026-06-08T12:33:00,2026-06-10T20:36:00,USD,Delivered,Merchant,594.12,43.79,7.99,59.65,586.25
AM-0000001607,2026-03-17T12:18:00,2026-03-17T18:30:00,USD,Delivered,Merchant,942.15,50.69,12.99,38.96,966.87
AM-0000001608,2025-10-31T13:37:00,2025-11-04T08:11:00,USD,Delivered,FBA,133.22,9.94,0.00,12.53,130.63
AM-0000001609,2025-08-29T19:37:00,2025-09-01T19:30:00,USD,Shipped,Merchant,123.29,9.36,12.99,1.68,143.96
AM-0000001616,2026-06-30T12:01:00,2026-06-30T15:03:00,USD,Shipped,Merchant,292.35,19.51,0.00,13.06,298.80
AM-0000001625,2026-03-10T21:58:00,2026-03-13T11:05:00,USD,Delivered,FBA,186.31,11.14,4.99,16.04,186.40
AM-0000001638,2026-03-04T09:25:00,2026-03-08T14:03:00,USD,Delivered,Merchant,211.78,13.48,4.99,20.00,210.25
AM-0000001645,2026-05-20T15:27:00,2026-05-24T13:17:00,USD,Shipped,FBA,492.10,27.54,0.00,52.74,466.90
AM-0000001647,2026-01-15T10:36:00,2026-01-20T08:31:00,USD,Delivered,Merchant,1704.10,85.88,0.00,142.30,1647.68
AM-0000001648,2025-11-14T10:34:00,2025-11-19T16:42:00,USD,Cancelled,Merchant,476.94,28.27,4.99,23.01,487.19
AM-0000001649,2025-12-17T10:37:00,2025-12-19T13:13:00,USD,Cancelled,Merchant,1514.50,100.48,4.99,66.76,1553.21
AM-0000001652,2025-10-30T19:40:00,2025-10-31T10:36:00,USD,Delivered,Merchant,21.02,1.70,7.99,1.04,29.67
AM-0000001654,2026-06-25T22:26:00,2026-06-30T09:35:00,USD,Delivered,Merchant,2341.20,144.26,0.00,141.83,2343.63
AM-0000001655,2025-07-27T15:12:00,2025-07-31T22:44:00,USD,Delivered,FBA,1127.56,48.98,0.00,94.53,1082.01
AM-0000001657,2026-03-16T15:54:00,2026-03-17T15:42:00,USD,Delivered,FBA,306.65,19.27,0.00,17.25,308.67
AM-0000001658,2025-10-06T09:51:00,2025-10-06T09:03:00,USD,Delivered,Merchant,742.56,41.08,4.99,23.07,765.56
AM-0000001661,2025-10-24T17:47:00,2025-10-28T10:13:00,USD,Processing,Merchant,124.74,7.26,4.99,10.57,126.42
AM-0000001663,2025-12-13T17:44:00,2025-12-17T18:48:00,USD,Shipped,Merchant,2795.85,130.23,12.99,175.75,2763.32
AM-0000001665,2026-01-09T08:24:00,2026-01-14T18:07:00,USD,Delivered,Merchant,229.01,18.12,4.99,15.33,236.79
AM-0000001669,2025-10-14T13:45:00,2025-10-15T14:00:00,USD,Shipped,FBA,63.95,2.48,0.00,7.34,59.09
AM-0000001673,2026-05-19T15:33:00,2026-05-24T19:50:00,USD,Delivered,Merchant,423.84,21.67,4.99,36.61,413.89
AM-0000001679,2026-03-08T14:02:00,2026-03-08T10:39:00,USD,Processing,Merchant,893.78,49.68,0.00,35.00,908.46
AM-0000001682,2025-08-08T08:15:00,2025-08-10T13:58:00,USD,Shipped,FBA,290.12,12.89,7.99,13.76,297.24
AM-0000001683,2025-12-15T20:14:00,2025-12-18T14:13:00,USD,Delivered,Merchant,899.07,43.84,12.99,81.82,874.08
AM-0000001684,2026-02-23T12:18:00,2026-02-24T22:40:00,USD,Delivered,Merchant,869.80,41.09,12.99,26.57,897.31
AM-0000001688,2026-04-01T11:02:00,2026-04-02T09:24:00,USD,Delivered,FBA,749.67,61.52,0.00,36.20,774.99
AM-0000001691,2025-12-28T08:11:00,2026-01-01T09:17:00,USD,Delivered,Merchant,492.86,27.77,7.99,11.52,517.10
AM-0000001696,2025-08-08T22:09:00,2025-08-10T14:28:00,USD,Delivered,Merchant,165.28,11.41,0.00,19.19,157.50
AM-0000001697,2025-09-07T13:14:00,2025-09-10T13:38:00,USD,Delivered,Merchant,978.19,53.60,0.00,57.09,974.70
AM-0000001701,2026-06-20T09:48:00,2026-06-22T14:20:00,USD,Shipped,FBA,126.13,9.02,4.99,12.30,127.84
AM-0000001707,2025-08-29T19:24:00,2025-09-01T08:29:00,USD,Delivered,FBA,161.99,8.51,4.99,12.96,162.53
AM-0000001710,2026-01-08T22:07:00,2026-01-12T17:36:00,USD,Delivered,Merchant,1991.81,83.27,12.99,47.96,2040.11
AM-0000001711,2025-12-15T22:43:00,2025-12-19T15:18:00,USD,Delivered,FBA,710.93,39.01,0.00,36.25,713.69
AM-0000001712,2026-05-20T21:29:00,2026-05-22T18:35:00,USD,Delivered,FBA,895.64,44.73,0.00,71.68,868.69
AM-0000001713,2025-07-21T09:23:00,2025-07-24T10:40:00,USD,Delivered,Merchant,713.84,49.12,12.99,21.14,754.81
AM-0000001714,2025-10-26T15:06:00,2025-10-28T19:43:00,USD,Shipped,Merchant,1397.59,62.18,0.00,52.87,1406.90
AM-0000001716,2026-06-13T09:09:00,2026-06-15T19:30:00,USD,Delivered,Merchant,171.92,13.87,4.99,7.04,183.74
AM-0000001717,2026-04-06T19:27:00,2026-04-10T14:50:00,USD,Delivered,Merchant,1481.92,95.34,4.99,119.41,1462.84
AM-0000001718,2025-11-20T17:42:00,2025-11-24T21:50:00,USD,Shipped,FBA,505.33,27.98,0.00,38.44,494.87
AM-0000001720,2025-10-08T20:02:00,2025-10-09T15:35:00,USD,Delivered,Merchant,241.44,18.85,7.99,2.82,265.46
AM-0000001723,2025-10-25T08:59:00,2025-10-27T09:09:00,USD,Delivered,Merchant,491.84,27.61,7.99,41.12,486.32
AM-0000001724,2025-12-28T15:15:00,2025-12-30T08:10:00,USD,Delivered,FBA,319.38,18.05,12.99,5.78,344.64
AM-0000001725,2025-10-21T13:26:00,2025-10-22T20:28:00,USD,Shipped,FBA,479.58,22.94,12.99,20.55,494.96
AM-0000001726,2025-08-26T14:42:00,2025-08-31T14:07:00,USD,Delivered,Merchant,138.24,9.07,0.00,12.02,135.29
AM-0000001729,2025-11-17T10:59:00,2025-11-18T13:39:00,USD,Delivered,FBA,24.69,1.41,0.00,1.93,24.17
AM-0000001731,2026-02-06T17:20:00,2026-02-06T20:11:00,USD,Delivered,FBA,419.92,35.54,12.99,7.45,461.00
AM-0000001738,2025-10-18T17:05:00,2025-10-22T17:47:00,USD,Delivered,FBA,1327.50,77.27,12.99,67.70,1350.06
AM-0000001739,2025-11-02T11:27:00,2025-11-07T21:44:00,USD,Delivered,FBA,67.25,2.59,0.00,5.11,64.73
AM-0000001740,2025-08-24T21:28:00,2025-08-27T19:40:00,USD,Delivered,Merchant,253.94,11.98,7.99,14.57,259.34
AM-0000001741,2025-12-03T19:30:00,2025-12-06T22:26:00,USD,Delivered,FBA,475.96,25.88,0.00,23.73,478.11
AM-0000001743,2025-09-24T16:14:00,2025-09-27T15:12:00,USD,Delivered,Merchant,380.59,23.43,7.99,24.53,387.48
AM-0000001747,2026-04-01T14:54:00,2026-04-02T22:43:00,USD,Delivered,FBA,96.85,4.80,4.99,8.99,97.65
AM-0000001748,2026-05-09T17:33:00,2026-05-14T20:41:00,USD,Delivered,Merchant,377.94,27.95,7.99,18.50,395.38
AM-0000001751,2026-02-13T14:51:00,2026-02-16T10:14:00,USD,Delivered,FBA,598.79,43.30,4.99,22.62,624.46
AM-0000001752,2025-10-02T15:07:00,2025-10-04T09:26:00,USD,Delivered,FBA,48.59,2.58,4.99,3.33,52.83
AM-0000001758,2025-07-31T11:19:00,2025-08-02T15:36:00,USD,Delivered,FBA,157.89,11.03,0.00,4.44,164.48
AM-0000001761,2026-01-10T08:46:00,2026-01-12T09:37:00,USD,Delivered,FBA,1027.04,46.87,0.00,107.70,966.21
AM-0000001764,2025-11-04T22:05:00,2025-11-06T16:26:00,USD,Delivered,FBA,870.06,49.14,7.99,67.13,860.06
AM-0000001766,2026-03-14T20:44:00,2026-03-15T22:00:00,USD,Delivered,FBA,330.74,13.11,7.99,37.54,314.30
AM-0000001767,2026-04-18T19:26:00,2026-04-22T11:11:00,USD,Delivered,FBA,1332.45,84.91,4.99,87.01,1335.34
AM-0000001772,2026-05-16T09:14:00,2026-05-20T14:04:00,USD,Delivered,FBA,835.45,41.24,12.99,56.07,833.61
AM-0000001780,2026-05-05T11:32:00,2026-05-09T08:24:00,USD,Shipped,Merchant,1668.45,115.91,0.00,130.88,1653.48
AM-0000001783,2026-03-27T19:56:00,2026-03-29T19:51:00,USD,Delivered,Merchant,863.26,65.01,12.99,94.37,846.89
AM-0000001792,2025-12-07T11:21:00,2025-12-12T18:10:00,USD,Shipped,Merchant,484.93,32.35,7.99,25.11,500.16
AM-0000001798,2026-04-04T16:01:00,2026-04-07T12:37:00,USD,Delivered,Merchant,261.42,17.51,4.99,7.24,276.68
AM-0000001799,2025-10-12T09:16:00,2025-10-12T20:00:00,USD,Delivered,FBA,1090.95,64.51,7.99,92.30,1071.15
AM-0000001801,2025-10-08T19:11:00,2025-10-11T22:15:00,USD,Delivered,FBA,156.70,9.41,4.99,3.61,167.49
AM-0000001803,2025-07-17T08:13:00,2025-07-20T18:35:00,USD,Delivered,Merchant,854.08,55.77,7.99,22.67,895.17
AM-0000001812,2025-12-01T10:24:00,2025-12-06T17:01:00,USD,Delivered,FBA,206.76,12.15,4.99,9.68,214.22
AM-0000001813,2025-08-07T18:46:00,2025-08-08T15:51:00,USD,Delivered,FBA,129.98,7.51,0.00,14.35,123.14
AM-0000001819,2026-05-07T16:24:00,2026-05-07T12:02:00,USD,Shipped,Merchant,669.73,40.49,7.99,24.96,693.25
AM-0000001820,2025-10-26T19:49:00,2025-10-28T11:03:00,USD,Shipped,Merchant,281.61,14.58,0.00,25.39,270.80
AM-0000001831,2025-08-29T08:05:00,2025-08-30T11:03:00,USD,Shipped,FBA,64.07,5.37,4.99,1.81,72.62
AM-0000001835,2025-09-02T08:03:00,2025-09-04T19:52:00,USD,Delivered,Merchant,540.00,46.30,12.99,10.34,588.95
AM-0000001836,2025-08-26T19:35:00,2025-08-27T11:16:00,USD,Delivered,Merchant,29.42,2.25,7.99,2.02,37.64
AM-0000001839,2026-05-09T10:37:00,2026-05-09T09:13:00,USD,Delivered,Merchant,899.55,56.09,7.99,29.21,934.42
AM-0000001840,2026-05-16T20:50:00,2026-05-20T17:29:00,USD,Delivered,FBA,194.14,13.82,4.99,19.29,193.66
AM-0000001844,2026-01-08T20:12:00,2026-01-08T20:55:00,USD,Delivered,Merchant,758.05,46.66,4.99,66.19,743.51
AM-0000001850,2026-02-04T08:40:00,2026-02-08T19:01:00,USD,Delivered,FBA,47.01,2.57,4.99,3.29,51.28
AM-0000001853,2025-12-28T22:35:00,2026-01-02T12:17:00,USD,Delivered,FBA,588.10,35.78,12.99,30.28,606.59
AM-0000001856,2025-11-07T09:15:00,2025-11-08T12:40:00,USD,Cancelled,FBA,632.35,42.64,0.00,21.12,653.87
AM-0000001858,2026-01-30T21:59:00,2026-02-02T14:10:00,USD,Delivered,Merchant,263.97,18.06,7.99,16.77,273.25
AM-0000001859,2025-08-24T15:15:00,2025-08-28T19:13:00,USD,Delivered,FBA,742.88,42.95,0.00,30.05,755.78
AM-0000001860,2026-03-16T17:17:00,2026-03-16T16:09:00,USD,Shipped,FBA,136.00,9.78,12.99,5.52,153.25
AM-0000001861,2025-11-02T13:00:00,2025-11-02T20:49:00,USD,Delivered,Merchant,57.54,2.59,12.99,0.57,72.55
AM-0000001866,2025-10-10T11:05:00,2025-10-12T16:58:00,USD,Delivered,FBA,430.60,17.70,4.99,49.71,403.58
AM-0000001873,2026-01-15T14:35:00,2026-01-18T20:54:00,USD,Delivered,Merchant,253.59,16.47,0.00,13.98,256.08
AM-0000001876,2025-08-08T10:53:00,2025-08-09T12:29:00,USD,Delivered,Merchant,224.19,10.91,12.99,20.10,227.99
AM-0000001879,2025-09-29T17:04:00,2025-10-03T14:34:00,USD,Processing,FBA,371.30,15.29,4.99,14.00,377.58
AM-0000001881,2026-03-12T11:19:00,2026-03-16T17:25:00,USD,Delivered,Merchant,47.61,3.78,0.00,0.83,50.56
AM-0000001884,2026-05-03T10:26:00,2026-05-07T18:27:00,USD,Delivered,Merchant,1040.31,39.84,0.00,56.61,1023.54
AM-0000001888,2026-06-26T19:58:00,2026-06-26T19:00:00,USD,Shipped,Merchant,56.59,4.81,0.00,1.30,60.10
AM-0000001891,2025-11-23T11:05:00,2025-11-28T13:27:00,USD,Shipped,FBA,634.26,40.87,12.99,21.34,666.78
AM-0000001903,2026-01-20T14:56:00,2026-01-20T17:35:00,USD,Delivered,Merchant,904.04,57.87,4.99,54.80,912.10
AM-0000001904,2025-08-03T16:40:00,2025-08-04T21:03:00,USD,Shipped,Merchant,1614.60,99.97,12.99,86.06,1641.50
AM-0000001905,2026-04-19T09:27:00,2026-04-19T14:10:00,USD,Delivered,FBA,839.11,66.68,4.99,34.33,876.45
AM-0000001912,2026-02-21T11:23:00,2026-02-21T16:39:00,USD,Delivered,FBA,249.16,17.66,12.99,8.63,271.18
AM-0000001914,2025-10-20T16:58:00,2025-10-22T08:55:00,USD,Delivered,Merchant,649.83,48.88,7.99,18.04,688.66
AM-0000001917,2025-11-22T12:13:00,2025-11-23T08:13:00,USD,Shipped,Merchant,282.64,19.03,0.00,32.67,269.00
AM-0000001918,2026-03-16T18:11:00,2026-03-19T12:31:00,USD,Processing,Merchant,1104.95,84.65,4.99,40.44,1154.15
AM-0000001920,2026-01-11T19:10:00,2026-01-16T19:51:00,USD,Delivered,FBA,162.56,10.28,4.99,1.42,176.41
AM-0000001926,2026-01-28T16:35:00,2026-01-31T10:27:00,USD,Delivered,Merchant,483.08,19.97,0.00,10.17,492.88
AM-0000001927,2025-08-28T08:29:00,2025-08-28T18:28:00,USD,Delivered,FBA,406.11,29.01,0.00,41.27,393.85
AM-0000001932,2026-03-09T20:41:00,2026-03-14T11:55:00,USD,Delivered,FBA,262.62,15.04,12.99,13.91,276.74
AM-0000001935,2025-11-30T18:22:00,2025-12-03T21:40:00,USD,Delivered,Merchant,654.66,49.10,7.99,40.39,671.36
AM-0000001936,2025-09-26T18:34:00,2025-09-26T12:27:00,USD,Delivered,FBA,1081.88,60.53,0.00,58.44,1083.97
AM-0000001937,2025-10-05T18:01:00,2025-10-06T21:49:00,USD,Delivered,FBA,419.71,17.87,12.99,37.59,412.98
AM-0000001942,2026-04-18T13:26:00,2026-04-22T11:11:00,USD,Shipped,FBA,433.51,24.61,7.99,36.92,429.19
AM-0000001944,2025-12-03T13:36:00,2025-12-05T09:00:00,USD,Delivered,FBA,800.68,48.01,4.99,50.77,802.91
AM-0000001946,2026-01-15T09:27:00,2026-01-20T18:06:00,USD,Delivered,Merchant,381.24,24.92,0.00,18.79,387.37
AM-0000001947,2025-09-15T16:45:00,2025-09-16T10:15:00,USD,Delivered,FBA,442.48,19.53,7.99,46.23,423.77
AM-0000001948,2026-05-28T20:16:00,2026-05-30T09:28:00,USD,Delivered,FBA,386.60,29.84,0.00,16.72,399.72
AM-0000001958,2025-08-26T13:36:00,2025-08-30T19:29:00,USD,Processing,FBA,231.65,18.67,0.00,7.36,242.96
AM-0000001959,2026-06-14T09:54:00,2026-06-15T15:19:00,USD,Delivered,FBA,633.46,27.78,7.99,58.05,611.18
AM-0000001962,2026-04-30T15:02:00,2026-04-30T19:32:00,USD,Cancelled,FBA,334.58,17.72,0.00,22.11,330.19
AM-0000001963,2025-11-20T22:46:00,2025-11-25T19:03:00,USD,Delivered,Merchant,314.25,25.21,0.00,11.09,328.37
AM-0000001964,2025-09-15T20:06:00,2025-09-20T12:37:00,USD,Delivered,Merchant,1108.80,68.93,0.00,75.08,1102.65
AM-0000001966,2025-11-19T11:57:00,2025-11-24T09:51:00,USD,Shipped,FBA,273.18,13.42,7.99,19.93,274.66
AM-0000001970,2025-11-16T09:12:00,2025-11-16T21:55:00,USD,Delivered,FBA,2109.05,117.52,12.99,150.74,2088.82
AM-0000001973,2025-11-16T14:01:00,2025-11-19T08:35:00,USD,Delivered,FBA,413.57,24.18,7.99,20.57,425.17
AM-0000001981,2026-06-13T17:29:00,2026-06-14T20:15:00,USD,Shipped,Merchant,275.64,15.48,12.99,17.41,286.70
AM-0000001982,2026-04-03T09:56:00,2026-04-04T13:51:00,USD,Shipped,Merchant,1011.54,50.63,7.99,81.01,989.15
AM-0000002000,2025-07-30T11:12:00,2025-07-30T18:56:00,USD,Shipped,Merchant,570.59,42.84,0.00,24.95,588.48
AM-0000002004,2026-01-11T13:46:00,2026-01-16T09:22:00,USD,Delivered,FBA,327.95,17.42,0.00,27.08,318.29
AM-0000002008,2026-01-13T10:24:00,2026-01-18T19:28:00,USD,Shipped,FBA,167.95,11.33,7.99,17.15,170.12
AM-0000002010,2025-09-23T12:36:00,2025-09-27T15:02:00,USD,Delivered,FBA,336.03,15.04,0.00,35.91,315.16
AM-0000002013,2025-12-02T17:18:00,2025-12-06T13:53:00,USD,Processing,FBA,223.62,16.15,12.99,10.94,241.82
AM-0000002015,2026-05-17T18:16:00,2026-05-20T13:36:00,USD,Shipped,FBA,506.75,33.73,12.99,30.39,523.08
AM-0000002018,2026-03-23T19:10:00,2026-03-26T09:56:00,USD,Delivered,Merchant,364.91,23.39,4.99,23.73,369.56
AM-0000002022,2026-03-22T19:07:00,2026-03-26T08:45:00,USD,Shipped,FBA,108.88,7.64,12.99,11.82,117.69
AM-0000002025,2026-03-12T08:09:00,2026-03-17T14:12:00,USD,Processing,Merchant,1109.22,89.45,4.99,25.66,1178.00
AM-0000002033,2025-09-10T19:31:00,2025-09-10T20:55:00,USD,Delivered,Merchant,29.13,1.20,0.00,0.78,29.55
AM-0000002045,2025-11-03T16:34:00,2025-11-07T14:50:00,USD,Shipped,Merchant,287.18,22.14,0.00,22.07,287.25
AM-0000002052,2025-10-01T14:48:00,2025-10-06T13:39:00,USD,Delivered,Merchant,1022.24,76.05,7.99,90.10,1016.18
AM-0000002059,2025-12-31T13:24:00,2026-01-02T10:14:00,USD,Shipped,FBA,1635.11,90.55,12.99,84.87,1653.78
AM-0000002077,2025-07-27T11:31:00,2025-07-29T11:26:00,USD,Delivered,Merchant,973.31,69.38,0.00,100.29,942.40
AM-0000002082,2026-02-10T09:20:00,2026-02-13T10:52:00,USD,Delivered,FBA,603.57,30.08,0.00,37.36,596.29
AM-0000002084,2025-08-27T11:04:00,2025-08-30T10:27:00,USD,Delivered,FBA,1507.69,75.79,0.00,155.55,1427.93
AM-0000002088,2026-05-08T20:43:00,2026-05-09T20:09:00,USD,Delivered,Merchant,111.47,5.38,0.00,6.14,110.71
AM-0000002094,2026-02-10T21:05:00,2026-02-12T21:01:00,USD,Delivered,FBA,505.95,33.01,0.00,26.77,512.19
AM-0000002098,2025-11-03T19:49:00,2025-11-08T21:57:00,USD,Delivered,Merchant,472.41,37.51,0.00,1.80,508.12
AM-0000002099,2025-10-26T18:17:00,2025-10-29T12:48:00,USD,Cancelled,FBA,356.87,15.77,7.99,31.34,349.29
AM-0000002100,2025-10-29T08:45:00,2025-11-02T12:39:00,USD,Delivered,Merchant,605.34,29.25,0.00,40.67,593.92
AM-0000002102,2026-04-22T09:32:00,2026-04-25T14:46:00,USD,Delivered,FBA,18.85,1.12,4.99,1.49,23.47
AM-0000002111,2025-08-08T12:14:00,2025-08-13T21:44:00,USD,Processing,FBA,479.78,26.34,0.00,41.85,464.27
AM-0000002112,2025-10-08T21:48:00,2025-10-12T11:05:00,USD,Delivered,Merchant,105.32,5.09,4.99,5.67,109.73
AM-0000002113,2026-06-03T22:15:00,2026-06-05T12:45:00,USD,Delivered,FBA,69.08,2.77,7.99,5.33,74.51
AM-0000002114,2025-08-30T10:29:00,2025-08-31T19:21:00,USD,Delivered,Merchant,106.00,5.19,4.99,10.28,105.90
AM-0000002117,2025-07-07T16:18:00,2025-07-08T13:22:00,USD,Delivered,Merchant,259.76,14.89,7.99,3.10,279.54
AM-0000002119,2025-09-25T21:17:00,2025-09-27T17:33:00,USD,Shipped,FBA,159.98,5.91,4.99,14.00,156.88
AM-0000002121,2026-03-30T17:49:00,2026-04-04T21:12:00,USD,Delivered,FBA,916.90,50.82,12.99,28.75,951.96
AM-0000002124,2025-11-05T13:53:00,2025-11-09T19:32:00,USD,Processing,FBA,588.10,42.83,4.99,29.66,606.26
AM-0000002127,2025-09-18T19:13:00,2025-09-18T11:31:00,USD,Delivered,FBA,561.55,22.55,0.00,32.81,551.29
AM-0000002128,2026-03-17T13:13:00,2026-03-19T08:02:00,USD,Shipped,Merchant,149.43,10.99,12.99,2.39,171.02
AM-0000002130,2025-10-13T11:26:00,2025-10-16T20:18:00,USD,Delivered,Merchant,174.90,14.59,4.99,12.14,182.34
AM-0000002133,2025-07-01T09:56:00,2025-07-05T18:15:00,USD,Delivered,FBA,289.73,12.09,0.00,9.89,291.93
AM-0000002135,2026-04-14T09:10:00,2026-04-17T19:18:00,USD,Delivered,Merchant,1268.06,93.80,4.99,50.90,1315.95
AM-0000002139,2026-03-27T20:10:00,2026-03-31T18:36:00,USD,Delivered,Merchant,1265.27,77.99,0.00,89.20,1254.06
AM-0000002141,2025-10-04T15:35:00,2025-10-09T10:50:00,USD,Cancelled,FBA,279.09,11.98,7.99,15.80,283.26
AM-0000002142,2026-05-03T20:45:00,2026-05-06T17:21:00,USD,Delivered,Merchant,147.94,6.88,12.99,4.38,163.43
AM-0000002143,2026-03-05T17:58:00,2026-03-07T21:47:00,USD,Delivered,Merchant,307.64,25.72,12.99,13.01,333.34
AM-0000002145,2025-11-29T19:48:00,2025-12-04T19:07:00,USD,Delivered,FBA,1191.97,67.35,0.00,107.92,1151.40
AM-0000002150,2025-08-25T10:26:00,2025-08-28T14:06:00,USD,Delivered,Merchant,32.05,2.59,7.99,2.77,39.86
AM-0000002154,2026-01-02T09:36:00,2026-01-07T12:14:00,USD,Delivered,FBA,225.51,17.74,7.99,15.64,235.60
AM-0000002155,2025-10-02T21:38:00,2025-10-03T15:29:00,USD,Processing,Merchant,1050.85,70.42,4.99,79.21,1047.05
AM-0000002157,2025-11-17T14:19:00,2025-11-20T09:24:00,USD,Processing,FBA,146.85,10.93,4.99,14.08,148.69
AM-0000002158,2026-04-24T12:29:00,2026-04-26T19:32:00,USD,Delivered,Merchant,1655.97,84.15,0.00,135.48,1604.64
AM-0000002159,2025-09-07T15:42:00,2025-09-12T18:44:00,USD,Delivered,Merchant,705.69,49.87,12.99,38.53,730.02
AM-0000002161,2026-03-06T13:45:00,2026-03-06T11:46:00,USD,Delivered,FBA,2366.11,141.35,0.00,184.05,2323.41
AM-0000002169,2025-11-12T08:53:00,2025-11-12T21:14:00,USD,Processing,Merchant,1282.42,65.30,12.99,98.95,1261.76
AM-0000002170,2025-11-01T16:32:00,2025-11-04T22:06:00,USD,Delivered,Merchant,2181.57,136.63,4.99,162.25,2160.94
AM-0000002172,2025-12-03T17:31:00,2025-12-05T20:02:00,USD,Delivered,FBA,368.57,23.33,0.00,10.58,381.32
AM-0000002173,2025-10-26T11:48:00,2025-10-27T21:12:00,USD,Delivered,Merchant,881.93,48.19,12.99,15.69,927.42
AM-0000002174,2026-02-14T21:16:00,2026-02-17T17:49:00,USD,Delivered,FBA,1013.82,66.60,7.99,56.76,1031.65
AM-0000002175,2025-10-28T21:40:00,2025-10-29T09:15:00,USD,Delivered,FBA,474.09,31.51,4.99,5.39,505.20
AM-0000002176,2026-03-09T08:30:00,2026-03-11T15:31:00,USD,Shipped,FBA,677.22,33.80,7.99,49.64,669.37
AM-0000002178,2025-08-26T20:00:00,2025-08-30T16:08:00,USD,Delivered,Merchant,87.37,6.77,4.99,0.57,98.56
AM-0000002179,2025-09-20T14:27:00,2025-09-21T11:31:00,USD,Delivered,Merchant,1147.72,62.53,7.99,70.25,1147.99
AM-0000002184,2025-11-25T10:52:00,2025-11-30T09:26:00,USD,Delivered,Merchant,270.10,19.45,0.00,5.38,284.17
AM-0000002188,2025-09-29T15:20:00,2025-10-01T22:25:00,USD,Delivered,FBA,138.77,6.86,7.99,10.47,143.15
AM-0000002189,2026-04-01T16:08:00,2026-04-02T13:29:00,USD,Delivered,FBA,1460.46,83.04,4.99,115.79,1432.70
AM-0000002191,2025-07-12T19:13:00,2025-07-15T09:22:00,USD,Delivered,Merchant,1216.30,70.33,12.99,94.52,1205.10
AM-0000002194,2026-02-18T10:29:00,2026-02-23T15:33:00,USD,Delivered,FBA,599.78,27.80,0.00,52.43,575.15
AM-0000002198,2026-03-03T10:13:00,2026-03-06T19:53:00,USD,Delivered,Merchant,888.66,66.02,12.99,52.17,915.50
AM-0000002200,2026-06-20T10:45:00,2026-06-22T19:00:00,USD,Delivered,FBA,117.41,5.00,7.99,9.57,120.83
AM-0000002204,2026-01-06T09:38:00,2026-01-11T14:25:00,USD,Delivered,FBA,1310.02,76.65,0.00,55.02,1331.65
AM-0000002205,2025-11-23T18:23:00,2025-11-28T22:54:00,USD,Delivered,Merchant,343.40,22.57,0.00,2.30,363.67
AM-0000002206,2025-08-04T12:09:00,2025-08-06T09:36:00,USD,Delivered,Merchant,69.15,5.18,12.99,6.15,81.17
AM-0000002212,2026-03-27T22:34:00,2026-03-28T14:41:00,USD,Delivered,FBA,165.97,8.17,0.00,10.32,163.82
AM-0000002215,2025-09-05T11:20:00,2025-09-06T09:22:00,USD,Delivered,FBA,359.69,28.94,4.99,19.47,374.15
AM-0000002217,2026-03-19T08:35:00,2026-03-22T22:04:00,USD,Cancelled,Merchant,372.23,18.14,7.99,21.34,377.02
AM-0000002221,2026-05-25T08:19:00,2026-05-30T18:16:00,USD,Delivered,Merchant,1293.42,88.56,7.99,92.77,1297.20
AM-0000002224,2025-12-20T08:01:00,2025-12-25T16:06:00,USD,Delivered,Merchant,674.35,46.56,0.00,35.56,685.35
AM-0000002226,2026-01-02T08:57:00,2026-01-07T08:05:00,USD,Delivered,FBA,258.87,17.02,0.00,1.23,274.66
AM-0000002227,2026-03-11T13:38:00,2026-03-16T09:05:00,USD,Shipped,Merchant,887.10,61.09,4.99,59.81,893.37
AM-0000002228,2025-08-11T15:59:00,2025-08-11T16:48:00,USD,Delivered,Merchant,690.22,42.39,0.00,62.51,670.10
AM-0000002230,2025-10-27T12:53:00,2025-10-27T12:15:00,USD,Delivered,Merchant,396.33,28.24,7.99,4.33,428.23
AM-0000002233,2025-09-07T09:57:00,2025-09-08T21:20:00,USD,Delivered,FBA,517.43,25.57,12.99,49.53,506.46
AM-0000002235,2025-12-20T15:58:00,2025-12-24T17:03:00,USD,Delivered,Merchant,366.40,18.31,0.00,16.93,367.78
AM-0000002236,2025-12-27T22:03:00,2025-12-30T13:47:00,USD,Delivered,FBA,245.92,17.18,0.00,5.93,257.17
AM-0000002239,2026-03-09T08:16:00,2026-03-10T14:55:00,USD,Shipped,FBA,1099.88,83.43,0.00,73.87,1109.44
AM-0000002240,2026-06-21T20:01:00,2026-06-23T16:13:00,USD,Delivered,Merchant,444.42,35.81,7.99,24.36,463.86
AM-0000002242,2026-02-25T13:46:00,2026-02-28T08:09:00,USD,Delivered,FBA,94.27,3.77,0.00,1.53,96.51
AM-0000002243,2026-05-19T11:32:00,2026-05-21T16:11:00,USD,Delivered,FBA,277.10,19.06,4.99,23.22,277.93
AM-0000002248,2026-03-31T21:38:00,2026-04-02T12:21:00,USD,Delivered,FBA,1354.80,58.32,4.99,113.08,1305.03
AM-0000002250,2026-05-11T20:07:00,2026-05-13T13:34:00,USD,Delivered,Merchant,106.88,6.19,7.99,11.48,109.58
AM-0000002252,2025-09-30T09:17:00,2025-10-04T18:07:00,USD,Delivered,Merchant,858.51,47.04,7.99,91.73,821.81
AM-0000002254,2026-05-02T08:22:00,2026-05-06T18:57:00,USD,Shipped,FBA,1068.43,50.56,7.99,13.58,1113.40
AM-0000002256,2025-09-08T12:04:00,2025-09-11T13:21:00,USD,Delivered,Merchant,984.42,40.60,0.00,68.42,956.60
AM-0000002266,2026-06-30T11:22:00,2026-06-30T08:12:00,USD,Delivered,FBA,948.03,43.16,7.99,48.76,950.42
AM-0000002267,2026-01-07T20:59:00,2026-01-09T10:05:00,USD,Delivered,FBA,212.17,9.90,4.99,10.49,216.57
AM-0000002270,2026-05-15T09:45:00,2026-05-16T18:47:00,USD,Shipped,Merchant,589.75,28.27,4.99,31.70,591.31
AM-0000002271,2025-10-17T10:56:00,2025-10-17T10:51:00,USD,Delivered,Merchant,173.87,9.09,0.00,8.36,174.60
AM-0000002277,2026-01-20T22:13:00,2026-01-20T11:50:00,USD,Delivered,FBA,526.26,20.95,12.99,59.17,501.03
AM-0000002280,2025-10-31T13:37:00,2025-11-04T16:26:00,USD,Delivered,FBA,102.55,7.08,7.99,9.58,108.04
AM-0000002282,2026-01-09T20:31:00,2026-01-11T22:18:00,USD,Delivered,FBA,152.08,10.99,0.00,4.02,159.05
AM-0000002283,2025-12-15T15:04:00,2025-12-19T16:11:00,USD,Shipped,Merchant,699.54,41.60,7.99,68.10,681.03
AM-0000002284,2025-07-05T15:03:00,2025-07-08T08:34:00,USD,Delivered,FBA,54.08,2.17,0.00,4.80,51.45
AM-0000002286,2026-04-09T18:18:00,2026-04-11T18:54:00,USD,Shipped,Merchant,219.78,18.09,7.99,13.49,232.37
AM-0000002287,2025-08-01T15:26:00,2025-08-02T14:14:00,USD,Delivered,FBA,552.57,26.82,0.00,6.67,572.72
AM-0000002293,2025-08-14T21:55:00,2025-08-14T13:39:00,USD,Delivered,Merchant,777.52,60.08,4.99,2.59,840.00
AM-0000002296,2025-07-04T13:21:00,2025-07-04T20:51:00,USD,Processing,FBA,153.80,8.87,4.99,15.50,152.16
AM-0000002300,2025-11-15T19:44:00,2025-11-16T12:18:00,USD,Delivered,FBA,316.08,24.60,0.00,34.12,306.56
AM-0000002304,2026-03-11T22:32:00,2026-03-14T21:58:00,USD,Delivered,Merchant,1165.71,74.51,12.99,72.39,1180.82
AM-0000002306,2026-02-05T22:37:00,2026-02-07T09:31:00,USD,Shipped,Merchant,86.44,3.55,0.00,7.24,82.75
AM-0000002308,2026-04-07T17:05:00,2026-04-09T11:12:00,USD,Delivered,Merchant,198.58,13.76,4.99,10.55,206.78
AM-0000002309,2026-04-22T17:13:00,2026-04-27T10:41:00,USD,Delivered,FBA,683.05,44.24,12.99,52.95,687.33
AM-0000002310,2026-04-11T16:28:00,2026-04-15T18:02:00,USD,Delivered,Merchant,631.70,27.83,7.99,60.24,607.28
AM-0000002315,2025-12-25T21:49:00,2025-12-25T16:04:00,USD,Processing,Merchant,248.19,20.27,4.99,5.91,267.54
AM-0000002316,2025-12-27T16:09:00,2025-12-27T13:57:00,USD,Delivered,Merchant,395.19,28.19,7.99,24.41,406.96
AM-0000002317,2026-04-19T17:20:00,2026-04-24T21:29:00,USD,Delivered,Merchant,138.29,7.74,7.99,5.84,148.18
AM-0000002319,2026-03-07T19:05:00,2026-03-10T15:27:00,USD,Delivered,FBA,873.70,62.81,0.00,90.35,846.16
AM-0000002322,2025-09-05T21:49:00,2025-09-07T11:03:00,USD,Delivered,Merchant,695.30,39.42,0.00,14.61,720.11
AM-0000002324,2026-02-01T14:42:00,2026-02-01T18:48:00,USD,Processing,Merchant,407.17,26.67,7.99,8.94,432.89
AM-0000002328,2025-08-31T14:54:00,2025-09-03T22:37:00,USD,Shipped,Merchant,321.13,18.99,0.00,1.66,338.46
AM-0000002331,2026-06-11T22:29:00,2026-06-16T17:03:00,USD,Delivered,Merchant,599.79,34.90,0.00,59.70,574.99
AM-0000002335,2026-02-24T08:38:00,2026-02-25T17:13:00,USD,Delivered,FBA,370.44,16.32,0.00,6.64,380.12
AM-0000002340,2026-06-20T09:56:00,2026-06-20T10:58:00,USD,Delivered,Merchant,946.01,59.35,7.99,76.13,937.22
AM-0000002347,2026-02-24T18:24:00,2026-02-24T09:08:00,USD,Delivered,FBA,818.64,39.71,12.99,37.62,833.72
AM-0000002349,2025-07-19T20:32:00,2025-07-21T20:33:00,USD,Processing,Merchant,930.69,66.28,4.99,39.64,962.32
AM-0000002350,2026-06-25T19:06:00,2026-06-28T10:09:00,USD,Cancelled,FBA,624.70,49.09,7.99,23.88,657.90
AM-0000002351,2026-03-22T12:12:00,2026-03-24T13:34:00,USD,Delivered,Merchant,435.77,25.82,4.99,40.25,426.33
AM-0000002353,2025-09-17T17:48:00,2025-09-20T17:25:00,USD,Delivered,Merchant,983.82,73.65,12.99,63.63,1006.83
AM-0000002355,2026-06-20T18:39:00,2026-06-20T10:51:00,USD,Delivered,FBA,1007.11,48.32,4.99,69.42,991.00
AM-0000002356,2025-12-31T12:46:00,2026-01-04T18:13:00,USD,Delivered,Merchant,268.58,18.03,7.99,5.26,289.34
AM-0000002364,2025-08-09T18:21:00,2025-08-09T11:58:00,USD,Delivered,Merchant,298.27,16.80,12.99,16.31,311.75
AM-0000002374,2026-04-14T17:25:00,2026-04-15T17:48:00,USD,Delivered,Merchant,1083.44,73.76,7.99,108.75,1056.44
AM-0000002379,2025-10-27T21:22:00,2025-10-31T13:52:00,USD,Delivered,Merchant,614.04,40.38,0.00,30.77,623.65
AM-0000002382,2025-12-25T11:00:00,2025-12-25T15:21:00,USD,Delivered,Merchant,676.20,32.27,0.00,43.65,664.82
AM-0000002385,2025-08-04T17:39:00,2025-08-07T10:33:00,USD,Delivered,Merchant,338.33,24.81,12.99,5.65,370.48
AM-0000002391,2025-08-14T20:13:00,2025-08-17T20:08:00,USD,Processing,FBA,889.51,53.51,4.99,49.91,898.10
AM-0000002395,2025-07-11T15:30:00,2025-07-16T17:04:00,USD,Processing,FBA,555.12,31.34,7.99,60.26,534.19
AM-0000002396,2025-10-06T18:47:00,2025-10-08T08:26:00,USD,Shipped,FBA,364.93,21.76,0.00,17.23,369.46
AM-0000002399,2025-11-15T16:42:00,2025-11-20T20:28:00,USD,Delivered,FBA,235.30,15.07,7.99,12.38,245.98
AM-0000002401,2026-04-17T14:38:00,2026-04-19T08:34:00,USD,Shipped,Merchant,240.68,18.76,4.99,4.53,259.90
AM-0000002406,2025-09-28T11:45:00,2025-10-01T14:55:00,USD,Delivered,FBA,369.28,20.51,7.99,24.23,373.55
AM-0000002413,2026-04-25T09:59:00,2026-04-30T09:55:00,USD,Delivered,FBA,668.30,49.15,0.00,32.88,684.57
AM-0000002415,2025-11-04T11:34:00,2025-11-07T22:42:00,USD,Delivered,Merchant,599.90,35.11,7.99,13.20,629.80
AM-0000002416,2025-12-27T15:19:00,2025-12-28T12:56:00,USD,Delivered,Merchant,85.79,3.35,4.99,4.49,89.64
AM-0000002418,2026-03-06T08:27:00,2026-03-10T12:17:00,USD,Delivered,FBA,1796.27,106.47,4.99,72.79,1834.94
AM-0000002426,2026-06-09T15:46:00,2026-06-13T10:55:00,USD,Shipped,FBA,676.60,32.17,12.99,24.56,697.20
AM-0000002429,2026-05-02T12:40:00,2026-05-04T11:27:00,USD,Delivered,FBA,434.38,27.37,0.00,50.78,410.97
AM-0000002430,2026-05-04T16:28:00,2026-05-07T09:07:00,USD,Delivered,FBA,745.46,57.18,7.99,46.11,764.52
AM-0000002432,2025-08-11T09:24:00,2025-08-15T19:45:00,USD,Delivered,FBA,318.20,19.91,4.99,26.43,316.67
AM-0000002433,2025-08-08T17:10:00,2025-08-10T17:29:00,USD,Delivered,FBA,247.15,19.75,12.99,8.22,271.67
AM-0000002435,2025-10-27T10:27:00,2025-10-30T13:37:00,USD,Delivered,FBA,2144.83,137.43,12.99,210.59,2084.66
AM-0000002438,2026-06-15T20:27:00,2026-06-20T09:40:00,USD,Delivered,FBA,413.40,22.87,4.99,20.35,420.91
AM-0000002439,2025-08-02T18:38:00,2025-08-05T22:59:00,USD,Delivered,FBA,713.72,44.04,0.00,22.84,734.92
AM-0000002443,2026-02-16T12:28:00,2026-02-18T11:43:00,USD,Shipped,Merchant,325.22,21.34,0.00,27.82,318.74
AM-0000002444,2025-12-17T12:02:00,2025-12-17T10:35:00,USD,Delivered,FBA,939.27,57.52,12.99,20.18,989.60
AM-0000002445,2025-10-25T09:00:00,2025-10-28T17:41:00,USD,Delivered,FBA,247.38,10.06,0.00,22.60,234.84
AM-0000002447,2026-01-16T10:39:00,2026-01-17T14:35:00,USD,Shipped,FBA,250.85,14.92,4.99,17.25,253.51
AM-0000002448,2025-07-31T13:50:00,2025-08-02T11:13:00,USD,Cancelled,Merchant,753.72,48.49,0.00,62.08,740.13
AM-0000002449,2026-01-05T22:52:00,2026-01-10T12:26:00,USD,Delivered,FBA,936.77,50.57,0.00,63.94,923.40
AM-0000002453,2025-10-15T14:59:00,2025-10-17T10:50:00,USD,Delivered,FBA,191.21,15.86,4.99,7.87,204.19
AM-0000002457,2026-04-19T14:31:00,2026-04-20T12:47:00,USD,Delivered,Merchant,1082.04,54.47,12.99,67.00,1082.50
AM-0000002463,2025-11-20T16:08:00,2025-11-21T21:47:00,USD,Shipped,FBA,825.40,33.12,0.00,53.87,804.65
AM-0000002464,2026-05-27T13:37:00,2026-06-01T22:39:00,USD,Processing,Merchant,152.68,11.70,0.00,4.59,159.79
AM-0000002465,2025-09-07T09:20:00,2025-09-08T19:35:00,USD,Delivered,Merchant,261.93,15.68,12.99,21.33,269.27
AM-0000002466,2025-07-07T11:48:00,2025-07-12T10:05:00,USD,Delivered,FBA,1338.13,78.83,4.99,114.97,1306.98
AM-0000002467,2025-12-01T08:58:00,2025-12-04T11:26:00,USD,Delivered,Merchant,99.41,7.58,12.99,2.94,117.04
AM-0000002471,2025-07-19T14:49:00,2025-07-21T19:41:00,USD,Processing,Merchant,131.75,9.21,4.99,2.95,143.00
AM-0000002473,2026-02-08T20:31:00,2026-02-09T22:27:00,USD,Delivered,FBA,1234.36,82.40,12.99,66.07,1263.68
AM-0000002474,2026-05-25T19:28:00,2026-05-30T10:36:00,USD,Shipped,FBA,602.62,26.58,12.99,36.34,605.85
AM-0000002475,2026-01-20T20:33:00,2026-01-23T10:53:00,USD,Cancelled,Merchant,314.30,16.71,0.00,12.74,318.27
AM-0000002476,2025-08-07T14:03:00,2025-08-10T16:03:00,USD,Delivered,Merchant,418.42,37.45,0.00,2.29,453.58
AM-0000002484,2025-07-12T12:19:00,2025-07-16T15:34:00,USD,Delivered,FBA,89.78,6.70,7.99,4.74,99.73
AM-0000002485,2026-05-31T14:21:00,2026-06-04T11:06:00,USD,Shipped,FBA,1353.79,90.46,0.00,68.91,1375.34
AM-0000002487,2025-11-25T18:31:00,2025-11-29T20:18:00,USD,Delivered,Merchant,402.08,27.45,0.00,34.29,395.24
AM-0000002488,2026-01-16T08:55:00,2026-01-17T10:20:00,USD,Delivered,FBA,720.82,48.75,0.00,54.76,714.81
AM-0000002489,2025-12-09T14:45:00,2025-12-12T20:42:00,USD,Processing,FBA,639.62,53.17,0.00,15.25,677.54
AM-0000002491,2025-09-28T11:58:00,2025-10-02T11:16:00,USD,Delivered,FBA,129.71,7.19,4.99,1.67,140.22
AM-0000002492,2025-07-29T20:11:00,2025-07-31T14:27:00,USD,Delivered,FBA,41.48,2.93,0.00,4.74,39.67
AM-0000002494,2025-10-04T09:06:00,2025-10-06T11:38:00,USD,Delivered,Merchant,33.33,2.82,12.99,0.23,48.91
AM-0000002495,2026-01-03T19:07:00,2026-01-05T22:42:00,USD,Shipped,FBA,711.91,46.06,12.99,30.04,740.92
AM-0000002496,2025-10-22T10:25:00,2025-10-27T11:16:00,USD,Delivered,FBA,985.85,40.72,0.00,69.52,957.05
AM-0000002498,2025-09-21T19:30:00,2025-09-23T21:19:00,USD,Delivered,Merchant,672.90,44.71,0.00,64.59,653.02
AM-0000002502,2025-12-24T22:28:00,2025-12-29T09:54:00,USD,Delivered,Merchant,242.84,18.49,0.00,20.21,241.12
AM-0000002507,2025-08-06T21:59:00,2025-08-11T15:17:00,USD,Delivered,FBA,263.23,18.10,12.99,11.87,282.45
AM-0000002508,2025-10-21T18:02:00,2025-10-26T08:18:00,USD,Delivered,FBA,675.12,45.62,0.00,15.49,705.25
AM-0000002514,2025-08-21T13:34:00,2025-08-22T09:56:00,USD,Delivered,Merchant,772.17,45.19,4.99,26.73,795.62
AM-0000002515,2025-07-14T19:00:00,2025-07-18T21:30:00,USD,Delivered,Merchant,1629.57,100.77,7.99,70.00,1668.33
AM-0000002516,2025-10-09T09:40:00,2025-10-14T21:32:00,USD,Cancelled,Merchant,697.20,48.75,0.00,55.20,690.75
AM-0000002518,2025-12-29T16:34:00,2025-12-30T13:07:00,USD,Shipped,Merchant,642.68,46.79,0.00,39.80,649.67
AM-0000002524,2025-09-24T20:56:00,2025-09-25T17:49:00,USD,Shipped,FBA,344.74,18.48,0.00,29.64,333.58
AM-0000002526,2026-01-28T12:30:00,2026-01-28T22:33:00,USD,Delivered,Merchant,1307.72,95.29,0.00,47.87,1355.14
AM-0000002532,2025-12-14T09:38:00,2025-12-14T13:26:00,USD,Delivered,FBA,75.50,4.35,4.99,7.81,77.03
AM-0000002534,2025-08-10T20:02:00,2025-08-12T15:26:00,USD,Delivered,Merchant,317.25,14.34,12.99,14.60,329.98
AM-0000002535,2026-05-01T09:01:00,2026-05-05T19:18:00,USD,Delivered,FBA,457.80,20.34,0.00,36.80,441.34
AM-0000002541,2026-05-15T14:41:00,2026-05-16T15:21:00,USD,Shipped,FBA,341.67,25.44,4.99,24.31,347.79
AM-0000002543,2025-09-07T22:25:00,2025-09-11T08:59:00,USD,Delivered,Merchant,395.04,24.31,0.00,44.27,375.08
AM-0000002547,2025-09-30T13:36:00,2025-10-04T18:01:00,USD,Delivered,FBA,557.92,36.39,7.99,29.44,572.86
AM-0000002549,2025-09-08T12:39:00,2025-09-12T20:36:00,USD,Delivered,Merchant,569.91,32.55,0.00,47.09,555.37
AM-0000002552,2026-04-06T14:08:00,2026-04-08T14:51:00,USD,Delivered,FBA,468.60,30.90,0.00,46.17,453.33
AM-0000002556,2026-01-18T11:02:00,2026-01-21T21:17:00,USD,Delivered,Merchant,246.59,12.32,7.99,11.73,255.17
AM-0000002559,2025-12-15T12:30:00,2025-12-20T14:54:00,USD,Shipped,FBA,83.30,6.14,4.99,1.63,92.80
AM-0000002563,2025-08-08T10:39:00,2025-08-13T21:16:00,USD,Cancelled,Merchant,95.66,4.23,0.00,1.67,98.22
AM-0000002565,2025-08-18T15:27:00,2025-08-18T12:21:00,USD,Shipped,Merchant,505.58,27.11,0.00,19.25,513.44
AM-0000002566,2026-06-30T09:39:00,2026-06-30T10:28:00,USD,Delivered,FBA,299.34,17.64,4.99,21.12,300.85
AM-0000002568,2025-07-20T16:44:00,2025-07-20T22:53:00,USD,Delivered,FBA,416.94,32.13,0.00,23.50,425.57
AM-0000002571,2025-09-08T19:45:00,2025-09-12T13:22:00,USD,Delivered,FBA,142.25,6.37,12.99,15.19,146.42
AM-0000002578,2026-05-06T13:03:00,2026-05-07T17:57:00,USD,Delivered,FBA,802.00,46.30,7.99,59.48,796.81
AM-0000002581,2025-07-02T20:56:00,2025-07-04T17:25:00,USD,Delivered,FBA,375.12,24.71,4.99,33.84,370.98
AM-0000002587,2025-09-01T11:33:00,2025-09-02T14:54:00,USD,Delivered,Merchant,1632.38,84.03,0.00,93.46,1622.95
AM-0000002588,2025-08-02T19:47:00,2025-08-06T17:57:00,USD,Delivered,FBA,51.96,3.66,0.00,3.85,51.77
AM-0000002589,2026-06-02T09:40:00,2026-06-05T17:30:00,USD,Delivered,FBA,875.81,64.42,7.99,32.05,916.17
AM-0000002591,2026-03-16T10:43:00,2026-03-17T11:03:00,USD,Shipped,FBA,227.19,10.62,4.99,12.00,230.80
AM-0000002592,2025-07-22T22:05:00,2025-07-25T14:20:00,USD,Delivered,Merchant,652.72,48.52,7.99,16.99,692.24
AM-0000002593,2025-11-09T15:36:00,2025-11-13T13:24:00,USD,Delivered,Merchant,917.87,41.78,4.99,45.97,918.67
AM-0000002594,2025-09-14T13:08:00,2025-09-16T22:45:00,USD,Delivered,FBA,164.28,6.62,12.99,13.69,170.20
AM-0000002595,2025-09-02T08:49:00,2025-09-02T08:08:00,USD,Delivered,FBA,96.67,7.06,4.99,5.96,102.76
AM-0000002596,2025-08-18T14:05:00,2025-08-23T15:56:00,USD,Delivered,FBA,591.14,27.92,0.00,43.01,576.05
AM-0000002598,2025-09-18T12:03:00,2025-09-23T13:56:00,USD,Delivered,Merchant,77.00,5.85,7.99,7.66,83.18
AM-0000002602,2025-10-20T13:48:00,2025-10-21T14:51:00,USD,Delivered,FBA,176.82,8.89,0.00,13.11,172.60
AM-0000002606,2025-07-15T12:10:00,2025-07-15T08:39:00,USD,Shipped,Merchant,298.78,19.77,4.99,20.00,303.54
AM-0000002609,2026-04-28T15:52:00,2026-04-29T16:09:00,USD,Delivered,FBA,1220.54,51.79,0.00,42.14,1230.19
AM-0000002617,2025-08-01T16:51:00,2025-08-02T20:31:00,USD,Delivered,Merchant,559.29,38.24,7.99,32.80,572.72
AM-0000002625,2025-11-02T11:39:00,2025-11-06T12:51:00,USD,Shipped,Merchant,231.58,17.54,0.00,12.59,236.53
AM-0000002633,2025-11-08T21:31:00,2025-11-11T14:32:00,USD,Shipped,FBA,533.08,41.46,12.99,48.88,538.65
AM-0000002639,2026-04-21T12:49:00,2026-04-21T09:32:00,USD,Delivered,Merchant,204.54,16.47,4.99,1.38,224.62
AM-0000002643,2026-03-31T10:46:00,2026-04-04T19:13:00,USD,Delivered,FBA,923.36,76.73,0.00,31.42,968.67
AM-0000002650,2025-10-18T11:58:00,2025-10-18T22:57:00,USD,Delivered,FBA,329.69,22.43,0.00,19.89,332.23
AM-0000002653,2026-01-08T22:34:00,2026-01-10T12:02:00,USD,Delivered,Merchant,225.98,16.42,0.00,5.81,236.59
AM-0000002656,2026-05-06T15:54:00,2026-05-08T09:17:00,USD,Delivered,FBA,632.80,29.45,0.00,56.54,605.71
AM-0000002657,2026-02-10T11:26:00,2026-02-11T08:39:00,USD,Shipped,FBA,175.56,14.09,4.99,14.05,180.59
AM-0000002658,2025-11-22T12:38:00,2025-11-26T19:41:00,USD,Delivered,FBA,596.24,42.36,4.99,3.71,639.88
AM-0000002670,2026-05-16T19:12:00,2026-05-17T19:26:00,USD,Delivered,FBA,28.05,1.45,0.00,1.31,28.19
AM-0000002671,2026-03-29T10:23:00,2026-03-29T17:39:00,USD,Delivered,FBA,678.17,48.48,4.99,54.66,676.98
AM-0000002672,2025-08-21T13:54:00,2025-08-21T18:03:00,USD,Delivered,FBA,863.21,56.64,0.00,52.63,867.22
AM-0000002673,2026-04-21T18:09:00,2026-04-23T20:31:00,USD,Delivered,FBA,418.96,27.52,0.00,41.08,405.40
AM-0000002674,2025-12-20T17:16:00,2025-12-24T08:56:00,USD,Delivered,FBA,229.84,16.44,4.99,10.06,241.21
AM-0000002679,2026-06-10T17:43:00,2026-06-15T21:34:00,USD,Shipped,Merchant,1198.20,71.64,0.00,84.19,1185.65
AM-0000002684,2025-07-09T15:29:00,2025-07-12T19:01:00,USD,Delivered,FBA,271.68,11.15,12.99,22.42,273.40
AM-0000002686,2025-08-24T20:44:00,2025-08-24T13:58:00,USD,Delivered,Merchant,1767.83,124.73,0.00,118.23,1774.33
AM-0000002692,2026-04-13T22:52:00,2026-04-17T13:11:00,USD,Shipped,FBA,472.60,19.74,12.99,16.56,488.77
AM-0000002696,2025-12-03T15:16:00,2025-12-05T21:17:00,USD,Delivered,FBA,122.35,6.04,12.99,10.28,131.10
AM-0000002698,2025-08-15T13:45:00,2025-08-20T14:43:00,USD,Delivered,FBA,341.77,15.14,0.00,18.84,338.07
AM-0000002701,2026-04-23T18:06:00,2026-04-24T21:23:00,USD,Delivered,FBA,211.25,13.17,7.99,3.28,229.13
AM-0000002702,2026-04-02T18:31:00,2026-04-03T11:37:00,USD,Delivered,Merchant,204.96,10.00,0.00,7.61,207.35
AM-0000002710,2026-04-11T20:24:00,2026-04-11T13:05:00,USD,Delivered,Merchant,516.86,25.41,0.00,30.03,512.24
AM-0000002712,2025-07-07T14:31:00,2025-07-07T19:29:00,USD,Shipped,Merchant,202.08,15.26,12.99,23.31,207.02
AM-0000002715,2025-11-20T09:17:00,2025-11-22T18:38:00,USD,Cancelled,Merchant,304.06,18.46,7.99,10.81,319.70
AM-0000002717,2025-09-03T15:27:00,2025-09-03T17:42:00,USD,Delivered,Merchant,139.11,8.44,0.00,12.23,135.32
AM-0000002718,2026-05-06T19:29:00,2026-05-07T20:07:00,USD,Delivered,Merchant,26.66,1.10,12.99,1.07,39.68
AM-0000002719,2025-07-20T14:48:00,2025-07-24T20:47:00,USD,Delivered,FBA,1538.72,96.90,0.00,105.74,1529.88
AM-0000002728,2025-10-13T08:30:00,2025-10-18T22:09:00,USD,Delivered,Merchant,255.04,12.74,12.99,7.66,273.11
AM-0000002730,2026-06-30T14:12:00,2026-06-30T09:20:00,USD,Delivered,FBA,252.59,11.83,0.00,13.16,251.26
AM-0000002739,2026-03-25T17:53:00,2026-03-25T18:30:00,USD,Delivered,FBA,684.26,47.79,0.00,0.09,731.96
AM-0000002741,2025-11-17T13:04:00,2025-11-21T21:01:00,USD,Processing,FBA,210.27,12.33,0.00,10.54,212.06
AM-0000002746,2025-12-16T10:37:00,2025-12-19T10:27:00,USD,Delivered,Merchant,165.70,7.75,0.00,0.83,172.62
AM-0000002749,2026-04-01T15:57:00,2026-04-02T18:44:00,USD,Delivered,FBA,470.51,21.92,12.99,27.54,477.88
AM-0000002750,2026-02-25T10:30:00,2026-02-26T09:58:00,USD,Delivered,Merchant,530.80,39.72,4.99,44.28,531.23
AM-0000002751,2026-02-16T15:13:00,2026-02-16T18:24:00,USD,Shipped,FBA,33.30,1.74,7.99,3.17,39.86
AM-0000002759,2026-03-25T22:37:00,2026-03-29T21:34:00,USD,Delivered,FBA,735.00,47.97,12.99,31.76,764.20
AM-0000002761,2026-03-17T13:26:00,2026-03-22T11:28:00,USD,Delivered,Merchant,220.43,15.53,0.00,5.77,230.19
AM-0000002764,2025-08-30T10:42:00,2025-08-30T11:47:00,USD,Processing,Merchant,481.46,34.44,0.00,23.97,491.93
AM-0000002765,2025-09-10T21:15:00,2025-09-12T22:38:00,USD,Delivered,FBA,485.64,25.67,0.00,44.75,466.56
AM-0000002768,2026-06-04T17:32:00,2026-06-09T12:24:00,USD,Delivered,Merchant,105.23,6.63,4.99,6.20,110.65
AM-0000002772,2026-02-17T20:47:00,2026-02-21T22:44:00,USD,Processing,Merchant,303.88,22.59,0.00,16.37,310.10
AM-0000002773,2025-07-11T19:31:00,2025-07-13T22:24:00,USD,Shipped,FBA,336.77,14.69,7.99,39.73,319.72
AM-0000002775,2025-08-28T22:16:00,2025-09-02T19:08:00,USD,Delivered,Merchant,287.15,17.66,0.00,4.47,300.34
AM-0000002777,2026-02-22T20:14:00,2026-02-22T11:00:00,USD,Delivered,FBA,255.22,13.59,0.00,8.55,260.26
AM-0000002779,2026-05-25T10:34:00,2026-05-25T11:19:00,USD,Delivered,Merchant,1475.32,112.50,4.99,118.86,1473.95
AM-0000002780,2025-09-09T18:01:00,2025-09-13T12:54:00,USD,Delivered,Merchant,47.74,3.76,0.00,3.16,48.34
AM-0000002783,2026-04-06T20:03:00,2026-04-06T12:42:00,USD,Delivered,Merchant,384.26,26.44,0.00,12.25,398.45
AM-0000002786,2026-02-14T09:40:00,2026-02-15T16:46:00,USD,Delivered,Merchant,1210.82,92.66,4.99,45.31,1263.16
AM-0000002787,2026-03-08T16:46:00,2026-03-10T20:34:00,USD,Delivered,FBA,687.40,34.04,0.00,66.17,655.27
AM-0000002789,2025-08-08T18:58:00,2025-08-12T22:37:00,USD,Delivered,Merchant,370.64,26.67,0.00,9.16,388.15
AM-0000002790,2026-05-12T10:38:00,2026-05-16T20:57:00,USD,Processing,FBA,242.77,13.48,7.99,6.90,257.34
AM-0000002791,2025-10-06T21:58:00,2025-10-09T09:16:00,USD,Delivered,Merchant,194.46,10.03,0.00,22.02,182.47
AM-0000002794,2025-10-28T08:24:00,2025-10-31T19:14:00,USD,Delivered,Merchant,518.36,37.39,0.00,51.00,504.75
AM-0000002797,2026-04-16T18:47:00,2026-04-17T19:56:00,USD,Delivered,FBA,1044.92,43.77,12.99,97.15,1004.53
AM-0000002803,2025-08-07T18:06:00,2025-08-11T13:21:00,USD,Delivered,Merchant,773.32,43.80,0.00,36.15,780.97
AM-0000002806,2025-11-18T20:02:00,2025-11-18T11:45:00,USD,Cancelled,FBA,566.13,29.82,0.00,22.57,573.38
AM-0000002807,2025-10-18T17:49:00,2025-10-20T10:31:00,USD,Processing,Merchant,914.95,56.46,0.00,59.41,912.00
AM-0000002808,2026-03-11T08:27:00,2026-03-13T12:32:00,USD,Delivered,Merchant,284.36,16.56,0.00,28.92,272.00
AM-0000002809,2025-11-11T17:10:00,2025-11-13T22:45:00,USD,Delivered,Merchant,94.88,4.51,4.99,6.37,98.01
AM-0000002811,2026-01-24T16:53:00,2026-01-29T12:38:00,USD,Shipped,Merchant,176.59,15.14,4.99,8.07,188.65
AM-0000002815,2025-11-17T16:09:00,2025-11-21T12:50:00,USD,Delivered,FBA,190.89,11.45,7.99,8.56,201.77
AM-0000002818,2026-06-24T10:01:00,2026-06-29T16:11:00,USD,Delivered,FBA,27.20,1.47,12.99,1.82,39.84
AM-0000002819,2025-07-15T20:23:00,2025-07-16T16:48:00,USD,Cancelled,FBA,765.84,53.59,7.99,59.96,767.46
AM-0000002820,2026-04-05T09:53:00,2026-04-08T15:59:00,USD,Shipped,FBA,212.89,11.07,12.99,17.13,219.82
AM-0000002831,2026-02-24T19:56:00,2026-02-28T12:07:00,USD,Delivered,FBA,808.97,47.88,0.00,23.02,833.83
AM-0000002833,2026-03-20T19:22:00,2026-03-20T19:07:00,USD,Shipped,FBA,237.60,12.24,4.99,2.44,252.39
AM-0000002837,2026-06-19T13:30:00,2026-06-21T16:33:00,USD,Delivered,Merchant,327.70,14.17,0.00,11.24,330.63
AM-0000002844,2026-06-29T21:29:00,2026-06-29T09:24:00,USD,Delivered,FBA,396.52,24.45,4.99,33.30,392.66
AM-0000002845,2025-11-02T17:44:00,2025-11-02T13:07:00,USD,Delivered,Merchant,550.86,41.89,7.99,12.78,587.96
AM-0000002848,2026-04-09T12:07:00,2026-04-11T10:19:00,USD,Delivered,Merchant,449.78,27.25,7.99,22.64,462.38
AM-0000002849,2026-03-26T22:20:00,2026-03-31T10:19:00,USD,Delivered,Merchant,43.11,2.14,0.00,4.04,41.21
AM-0000002851,2025-12-25T14:14:00,2025-12-25T08:37:00,USD,Delivered,Merchant,167.44,7.85,0.00,4.97,170.32
AM-0000002855,2025-12-21T19:52:00,2025-12-26T20:38:00,USD,Delivered,FBA,992.62,59.00,0.00,75.78,975.84
AM-0000002857,2025-09-15T18:39:00,2025-09-15T20:41:00,USD,Shipped,Merchant,330.62,26.86,12.99,22.24,348.23
AM-0000002860,2026-04-02T11:22:00,2026-04-07T13:36:00,USD,Delivered,FBA,1062.24,44.59,0.00,105.03,1001.80
AM-0000002862,2025-08-28T10:25:00,2025-08-29T11:01:00,USD,Delivered,FBA,645.96,39.68,0.00,73.87,611.77
AM-0000002863,2025-11-29T16:52:00,2025-11-30T13:33:00,USD,Processing,FBA,724.47,50.05,7.99,40.97,741.54
AM-0000002866,2025-09-04T09:27:00,2025-09-07T11:20:00,USD,Delivered,Merchant,850.75,45.54,4.99,64.46,836.82
AM-0000002867,2026-03-02T10:20:00,2026-03-04T21:13:00,USD,Processing,Merchant,227.69,9.65,7.99,20.39,224.94
AM-0000002871,2026-05-11T15:09:00,2026-05-12T17:22:00,USD,Delivered,Merchant,275.42,13.31,0.00,8.88,279.85
AM-0000002872,2026-03-04T11:13:00,2026-03-08T19:14:00,USD,Delivered,FBA,303.60,21.18,7.99,9.74,323.03
AM-0000002875,2025-09-20T21:39:00,2025-09-21T16:41:00,USD,Shipped,FBA,1459.48,95.26,4.99,156.66,1403.07
AM-0000002881,2025-08-02T21:21:00,2025-08-03T16:30:00,USD,Shipped,Merchant,368.75,19.15,0.00,33.85,354.05
AM-0000002882,2026-03-21T18:47:00,2026-03-21T08:11:00,USD,Delivered,FBA,461.74,36.86,0.00,12.58,486.02
AM-0000002885,2026-01-07T16:38:00,2026-01-08T12:40:00,USD,Delivered,Merchant,172.38,15.28,0.00,0.50,187.16
AM-0000002895,2026-06-02T12:09:00,2026-06-06T16:47:00,USD,Delivered,Merchant,1278.26,79.84,0.00,32.24,1325.86
AM-0000002901,2026-01-11T21:46:00,2026-01-14T09:35:00,USD,Delivered,FBA,890.01,61.51,0.00,82.49,869.03
AM-0000002906,2026-03-12T13:58:00,2026-03-17T15:38:00,USD,Delivered,Merchant,153.43,5.82,0.00,14.25,145.00
AM-0000002909,2026-01-03T12:39:00,2026-01-07T20:13:00,USD,Shipped,Merchant,463.18,34.52,12.99,29.57,481.12
AM-0000002913,2025-10-09T09:54:00,2025-10-14T13:38:00,USD,Delivered,FBA,799.17,38.96,0.00,47.69,790.44
AM-0000002921,2026-02-04T11:25:00,2026-02-08T12:02:00,USD,Delivered,FBA,449.34,21.67,4.99,41.16,434.84
AM-0000002922,2025-07-23T19:47:00,2025-07-23T17:45:00,USD,Delivered,Merchant,276.64,17.30,12.99,23.88,283.05
AM-0000002925,2026-03-17T10:46:00,2026-03-21T10:57:00,USD,Delivered,FBA,339.29,17.17,0.00,24.99,331.47
AM-0000002928,2026-01-30T18:48:00,2026-01-30T13:57:00,USD,Delivered,FBA,926.09,42.27,0.00,48.49,919.87
AM-0000002929,2026-04-09T20:23:00,2026-04-11T17:30:00,USD,Shipped,Merchant,216.45,13.67,0.00,25.38,204.74
AM-0000002935,2026-05-10T11:15:00,2026-05-11T09:44:00,USD,Delivered,Merchant,152.83,8.46,4.99,9.73,156.55
AM-0000002936,2026-05-16T12:06:00,2026-05-16T21:35:00,USD,Shipped,FBA,152.20,7.35,4.99,7.00,157.54
AM-0000002940,2026-04-20T15:56:00,2026-04-23T19:31:00,USD,Shipped,FBA,520.17,33.26,7.99,34.19,527.23
AM-0000002943,2025-07-13T15:12:00,2025-07-15T19:40:00,USD,Cancelled,FBA,615.80,45.04,4.99,28.25,637.58
AM-0000002948,2025-07-18T21:34:00,2025-07-23T13:04:00,USD,Delivered,Merchant,652.22,43.40,0.00,8.45,687.17
AM-0000002949,2026-05-25T20:59:00,2026-05-30T20:04:00,USD,Shipped,FBA,462.70,27.78,0.00,38.68,451.80
AM-0000002951,2026-03-14T15:57:00,2026-03-16T14:23:00,USD,Delivered,FBA,468.04,34.73,7.99,13.92,496.84
AM-0000002952,2026-06-11T10:17:00,2026-06-12T19:55:00,USD,Shipped,FBA,639.71,38.49,7.99,53.06,633.13
AM-0000002953,2026-04-23T20:10:00,2026-04-27T13:38:00,USD,Delivered,Merchant,685.61,50.34,7.99,47.15,696.79
AM-0000002960,2025-12-04T15:45:00,2025-12-06T08:42:00,USD,Shipped,FBA,309.46,19.81,4.99,17.39,316.87
AM-0000002962,2025-10-22T18:52:00,2025-10-25T10:04:00,USD,Delivered,FBA,702.67,45.33,7.99,58.09,697.90
AM-0000002963,2026-05-24T14:18:00,2026-05-26T20:41:00,USD,Shipped,FBA,342.88,16.69,12.99,10.58,361.98
AM-0000002967,2026-04-01T12:45:00,2026-04-02T17:55:00,USD,Processing,FBA,716.44,41.95,7.99,56.86,709.52
AM-0000002968,2026-03-13T12:51:00,2026-03-13T09:26:00,USD,Delivered,Merchant,292.21,14.02,12.99,2.68,316.54
AM-0000002971,2026-04-20T20:49:00,2026-04-22T19:49:00,USD,Shipped,Merchant,420.04,28.02,12.99,3.03,458.02
AM-0000002981,2026-03-24T08:38:00,2026-03-27T22:05:00,USD,Delivered,FBA,124.89,9.22,4.99,1.87,137.23
AM-0000002982,2026-05-16T21:12:00,2026-05-16T08:58:00,USD,Delivered,FBA,1098.25,58.28,4.99,73.00,1088.52
AM-0000002983,2025-12-21T20:47:00,2025-12-22T18:07:00,USD,Shipped,FBA,324.99,24.17,12.99,32.04,330.11
AM-0000002990,2025-09-04T15:33:00,2025-09-08T09:45:00,USD,Shipped,FBA,108.52,7.80,0.00,6.60,109.72
AM-0000002991,2026-04-04T14:41:00,2026-04-05T21:18:00,USD,Delivered,FBA,735.73,44.90,4.99,14.25,771.37
AM-0000002997,2026-04-27T17:51:00,2026-05-01T10:47:00,USD,Processing,Merchant,80.50,6.48,0.00,4.13,82.85
AM-0000003001,2025-09-14T09:40:00,2025-09-16T16:44:00,USD,Delivered,FBA,166.41,10.24,7.99,11.23,173.41
AM-0000003002,2026-04-24T09:44:00,2026-04-26T16:27:00,USD,Processing,Merchant,1078.98,69.02,0.00,44.91,1103.09
AM-0000003004,2026-06-01T19:59:00,2026-06-06T14:06:00,USD,Delivered,Merchant,118.62,8.75,12.99,6.22,134.14
AM-0000003007,2025-09-24T16:54:00,2025-09-26T16:49:00,USD,Delivered,FBA,218.88,15.94,7.99,18.20,224.61
AM-0000003009,2026-06-01T21:12:00,2026-06-05T13:57:00,USD,Delivered,Merchant,482.57,33.82,12.99,10.34,519.04
AM-0000003010,2025-10-06T14:25:00,2025-10-10T12:59:00,USD,Processing,FBA,147.96,12.04,12.99,2.81,170.18
AM-0000003011,2026-05-16T11:25:00,2026-05-19T12:18:00,USD,Delivered,Merchant,273.29,18.77,0.00,5.43,286.63
AM-0000003016,2026-05-08T19:40:00,2026-05-11T22:16:00,USD,Delivered,FBA,1235.42,66.93,12.99,77.82,1237.52
AM-0000003022,2026-04-21T08:19:00,2026-04-24T13:35:00,USD,Delivered,FBA,1766.34,109.94,0.00,119.29,1756.99
AM-0000003023,2025-09-15T21:56:00,2025-09-15T21:43:00,USD,Shipped,FBA,1440.33,92.46,4.99,78.22,1459.56
AM-0000003024,2026-06-06T16:15:00,2026-06-08T18:36:00,USD,Delivered,Merchant,600.40,23.55,4.99,31.20,597.74
AM-0000003031,2025-12-23T12:48:00,2025-12-28T20:24:00,USD,Delivered,FBA,1124.49,47.72,0.00,58.78,1113.43
AM-0000003034,2026-02-15T17:55:00,2026-02-16T21:07:00,USD,Shipped,FBA,520.44,39.78,4.99,49.51,515.70
AM-0000003037,2026-01-02T20:00:00,2026-01-04T15:44:00,USD,Delivered,FBA,222.68,12.94,4.99,12.52,228.09
AM-0000003039,2025-12-08T09:28:00,2025-12-12T19:55:00,USD,Delivered,Merchant,48.14,3.10,0.00,5.15,46.09
AM-0000003041,2025-07-02T09:31:00,2025-07-06T14:06:00,USD,Delivered,FBA,209.40,11.39,0.00,6.64,214.15
AM-0000003042,2025-08-03T11:16:00,2025-08-04T21:35:00,USD,Processing,Merchant,784.95,49.60,12.99,53.01,794.53
AM-0000003044,2025-08-11T19:25:00,2025-08-12T10:59:00,USD,Delivered,Merchant,633.83,39.08,4.99,11.27,666.63
AM-0000003045,2026-01-23T12:58:00,2026-01-26T12:18:00,USD,Delivered,Merchant,507.88,26.79,0.00,46.29,488.38
AM-0000003046,2025-07-21T18:42:00,2025-07-21T22:02:00,USD,Shipped,FBA,155.25,10.59,0.00,11.77,154.07
AM-0000003047,2026-01-11T12:19:00,2026-01-13T20:12:00,USD,Shipped,Merchant,1418.88,97.37,0.00,88.77,1427.48
AM-0000003050,2025-12-15T20:34:00,2025-12-15T16:39:00,USD,Delivered,FBA,923.56,55.32,0.00,37.56,941.32
AM-0000003054,2025-11-05T08:33:00,2025-11-07T14:39:00,USD,Delivered,FBA,270.58,21.21,12.99,6.12,298.66
AM-0000003056,2025-12-28T11:27:00,2026-01-01T19:16:00,USD,Delivered,Merchant,102.17,6.44,0.00,12.16,96.45
AM-0000003059,2025-11-11T11:29:00,2025-11-11T17:07:00,USD,Delivered,FBA,581.70,31.23,0.00,18.00,594.93
AM-0000003060,2026-01-27T13:49:00,2026-01-28T14:21:00,USD,Delivered,FBA,455.01,20.26,7.99,43.45,439.81
AM-0000003061,2025-12-15T12:13:00,2025-12-18T16:07:00,USD,Processing,Merchant,1813.14,118.45,0.00,37.16,1894.43
AM-0000003062,2025-11-24T18:27:00,2025-11-24T08:42:00,USD,Processing,Merchant,455.28,27.72,7.99,6.81,484.18
AM-0000003063,2026-03-16T17:35:00,2026-03-20T13:59:00,USD,Delivered,Merchant,575.84,39.90,7.99,25.09,598.64
AM-0000003065,2026-01-10T21:54:00,2026-01-10T22:55:00,USD,Delivered,Merchant,2180.58,130.19,7.99,206.91,2111.85
AM-0000003066,2026-01-03T22:07:00,2026-01-03T18:59:00,USD,Delivered,Merchant,170.87,10.62,4.99,1.11,185.37
AM-0000003068,2025-11-15T13:36:00,2025-11-20T12:00:00,USD,Delivered,Merchant,69.60,3.64,12.99,1.77,84.46
AM-0000003074,2026-04-09T21:37:00,2026-04-14T18:45:00,USD,Delivered,Merchant,542.60,31.97,0.00,49.33,525.24
AM-0000003075,2025-11-02T11:23:00,2025-11-03T13:24:00,USD,Delivered,FBA,957.76,77.83,7.99,1.49,1042.09
AM-0000003080,2025-09-11T18:00:00,2025-09-11T21:48:00,USD,Delivered,Merchant,901.88,73.18,4.99,54.37,925.68
AM-0000003091,2026-06-29T19:00:00,2026-06-30T22:06:00,USD,Shipped,FBA,549.42,36.31,0.00,26.72,559.01
AM-0000003093,2025-08-18T16:39:00,2025-08-20T12:26:00,USD,Processing,Merchant,233.23,9.48,4.99,15.95,231.75
AM-0000003094,2026-02-05T11:32:00,2026-02-09T11:53:00,USD,Delivered,Merchant,1894.50,143.56,12.99,46.62,2004.43
AM-0000003097,2026-05-21T12:11:00,2026-05-25T15:48:00,USD,Delivered,FBA,158.72,9.33,7.99,11.13,164.91
AM-0000003099,2026-01-12T19:57:00,2026-01-15T15:37:00,USD,Delivered,FBA,675.52,46.13,7.99,41.32,688.32
AM-0000003108,2025-08-09T14:18:00,2025-08-13T10:43:00,USD,Delivered,FBA,1873.83,128.32,7.99,181.41,1828.73
AM-0000003110,2026-01-28T11:34:00,2026-01-31T09:17:00,USD,Delivered,Merchant,1499.69,100.45,4.99,103.22,1501.91
AM-0000003111,2025-11-30T11:44:00,2025-11-30T12:12:00,USD,Delivered,FBA,428.32,20.21,7.99,36.81,419.71
AM-0000003112,2025-07-19T17:49:00,2025-07-21T19:39:00,USD,Delivered,FBA,1081.93,69.48,4.99,61.09,1095.31
AM-0000003113,2026-06-05T08:42:00,2026-06-08T19:17:00,USD,Delivered,FBA,306.57,22.68,0.00,24.42,304.83
AM-0000003115,2025-08-19T18:08:00,2025-08-23T15:31:00,USD,Delivered,Merchant,348.86,26.77,12.99,16.06,372.56
AM-0000003117,2026-05-09T18:37:00,2026-05-14T08:08:00,USD,Delivered,Merchant,191.59,14.49,4.99,11.14,199.93
AM-0000003118,2025-09-25T16:26:00,2025-09-30T09:44:00,USD,Delivered,FBA,184.30,13.40,12.99,19.50,191.19
AM-0000003126,2026-03-12T10:32:00,2026-03-12T12:26:00,USD,Delivered,Merchant,1967.10,123.42,12.99,89.69,2013.82
AM-0000003128,2026-01-25T17:23:00,2026-01-26T14:24:00,USD,Delivered,Merchant,366.47,22.69,0.00,18.61,370.55
AM-0000003132,2025-12-12T18:48:00,2025-12-12T10:56:00,USD,Delivered,Merchant,70.93,3.61,12.99,2.02,85.51
AM-0000003137,2026-03-28T10:11:00,2026-04-01T11:46:00,USD,Delivered,Merchant,539.28,21.11,4.99,53.10,512.28
AM-0000003138,2025-10-30T15:58:00,2025-11-04T20:01:00,USD,Processing,Merchant,230.37,9.39,12.99,23.75,229.00
AM-0000003148,2026-05-24T10:02:00,2026-05-28T11:19:00,USD,Shipped,Merchant,49.35,1.85,0.00,4.14,47.06
AM-0000003154,2025-08-05T22:23:00,2025-08-10T09:46:00,USD,Delivered,FBA,580.95,33.01,12.99,44.62,582.33
AM-0000003161,2026-03-07T17:20:00,2026-03-10T11:54:00,USD,Delivered,Merchant,527.40,41.84,4.99,37.83,536.40
AM-0000003162,2025-07-29T17:31:00,2025-07-30T09:16:00,USD,Delivered,FBA,272.49,12.09,0.00,17.36,267.22
AM-0000003166,2026-02-26T14:48:00,2026-02-26T18:18:00,USD,Delivered,Merchant,566.70,33.74,7.99,61.37,547.06
AM-0000003168,2026-04-05T12:56:00,2026-04-06T16:35:00,USD,Delivered,FBA,102.71,5.08,0.00,9.29,98.50
AM-0000003170,2025-10-27T10:01:00,2025-10-30T18:00:00,USD,Delivered,Merchant,541.71,25.83,0.00,40.61,526.93
AM-0000003177,2026-02-24T21:09:00,2026-02-27T20:19:00,USD,Delivered,Merchant,219.70,16.90,12.99,5.33,244.26
AM-0000003180,2025-07-08T11:16:00,2025-07-10T14:40:00,USD,Delivered,FBA,67.04,3.46,12.99,0.08,83.41
AM-0000003183,2026-03-19T20:10:00,2026-03-22T11:12:00,USD,Delivered,FBA,111.23,4.97,12.99,9.74,119.45
AM-0000003186,2025-07-09T19:04:00,2025-07-14T08:24:00,USD,Delivered,FBA,378.30,25.43,4.99,29.72,379.00
AM-0000003188,2025-07-01T15:27:00,2025-07-06T21:57:00,USD,Processing,FBA,216.00,13.44,0.00,12.72,216.72
AM-0000003199,2026-02-03T16:55:00,2026-02-04T15:34:00,USD,Delivered,Merchant,70.25,5.43,12.99,4.68,83.99
AM-0000003201,2026-06-22T20:51:00,2026-06-23T10:37:00,USD,Processing,FBA,1253.25,79.06,0.00,95.03,1237.28
AM-0000003204,2026-04-28T14:11:00,2026-05-03T19:08:00,USD,Delivered,FBA,1270.58,95.74,12.99,70.16,1309.15
AM-0000003205,2025-09-07T12:14:00,2025-09-09T22:36:00,USD,Shipped,FBA,2292.97,120.69,12.99,175.15,2251.50
AM-0000003206,2026-06-04T16:33:00,2026-06-04T08:15:00,USD,Shipped,Merchant,557.80,32.93,4.99,41.31,554.41
AM-0000003209,2025-12-19T11:12:00,2025-12-21T17:42:00,USD,Delivered,FBA,714.31,34.48,12.99,59.28,702.50
AM-0000003212,2026-06-19T15:02:00,2026-06-23T19:40:00,USD,Delivered,FBA,492.20,26.85,4.99,6.22,517.82
AM-0000003213,2025-08-31T13:02:00,2025-08-31T13:27:00,USD,Delivered,FBA,1124.34,77.92,4.99,34.24,1173.01
AM-0000003214,2026-03-24T13:27:00,2026-03-27T14:24:00,USD,Delivered,Merchant,693.74,47.34,12.99,15.02,739.05
AM-0000003224,2025-08-01T22:34:00,2025-08-04T19:24:00,USD,Processing,FBA,693.29,37.42,4.99,3.28,732.42
AM-0000003225,2026-05-13T22:53:00,2026-05-18T15:06:00,USD,Delivered,FBA,1250.60,59.17,7.99,16.86,1300.90
AM-0000003229,2026-04-27T21:30:00,2026-04-28T08:53:00,USD,Delivered,FBA,419.73,25.26,4.99,17.26,432.72
AM-0000003233,2025-10-31T14:20:00,2025-10-31T09:01:00,USD,Delivered,Merchant,119.46,9.30,0.00,10.08,118.68
AM-0000003234,2026-06-08T21:11:00,2026-06-08T17:27:00,USD,Shipped,Merchant,449.14,23.73,4.99,39.58,438.28
AM-0000003236,2026-05-18T20:18:00,2026-05-18T19:02:00,USD,Delivered,Merchant,1080.40,67.66,0.00,51.11,1096.95
AM-0000003237,2025-11-07T11:16:00,2025-11-11T18:27:00,USD,Delivered,Merchant,1155.39,65.80,7.99,44.30,1184.88
AM-0000003241,2025-12-20T15:15:00,2025-12-24T21:03:00,USD,Shipped,Merchant,285.37,19.53,12.99,9.48,308.41
AM-0000003244,2026-06-15T12:48:00,2026-06-20T10:41:00,USD,Delivered,Merchant,421.65,31.69,4.99,37.89,420.44
AM-0000003247,2025-12-31T18:54:00,2026-01-05T21:33:00,USD,Delivered,FBA,270.24,16.67,12.99,15.59,284.31
AM-0000003251,2026-03-30T12:18:00,2026-03-31T20:38:00,USD,Delivered,FBA,373.88,20.01,0.00,36.48,357.41
AM-0000003256,2026-05-14T15:43:00,2026-05-14T10:50:00,USD,Delivered,Merchant,463.23,29.40,0.00,41.40,451.23
AM-0000003257,2026-03-31T10:17:00,2026-04-01T08:03:00,USD,Shipped,FBA,95.00,6.89,0.00,6.12,95.77
AM-0000003258,2026-05-03T14:33:00,2026-05-05T08:37:00,USD,Delivered,Merchant,27.90,1.35,0.00,3.22,26.03
AM-0000003259,2026-06-17T14:17:00,2026-06-22T15:52:00,USD,Processing,Merchant,525.04,21.32,4.99,17.90,533.45
AM-0000003261,2026-04-02T19:59:00,2026-04-05T12:34:00,USD,Delivered,Merchant,777.06,38.58,4.99,63.92,756.71
AM-0000003264,2025-10-21T17:59:00,2025-10-22T08:30:00,USD,Delivered,FBA,493.81,32.79,0.00,32.41,494.19
AM-0000003265,2026-01-01T19:29:00,2026-01-01T14:03:00,USD,Processing,Merchant,1658.29,81.06,4.99,77.66,1666.68
AM-0000003269,2026-02-17T08:09:00,2026-02-21T16:08:00,USD,Delivered,Merchant,1280.30,75.26,7.99,83.21,1280.34
AM-0000003270,2026-05-24T21:48:00,2026-05-24T20:18:00,USD,Delivered,Merchant,865.33,55.83,4.99,52.46,873.69
AM-0000003275,2026-02-09T10:21:00,2026-02-13T08:29:00,USD,Delivered,Merchant,88.67,6.02,0.00,3.86,90.83
AM-0000003278,2025-07-29T18:33:00,2025-07-30T09:06:00,USD,Delivered,FBA,473.71,33.97,0.00,44.51,463.17
AM-0000003279,2026-02-08T15:39:00,2026-02-13T12:38:00,USD,Delivered,FBA,369.88,26.80,7.99,27.41,377.26
AM-0000003280,2025-08-29T11:31:00,2025-08-31T17:54:00,USD,Delivered,Merchant,339.20,28.96,0.00,2.64,365.52
AM-0000003282,2026-05-13T22:40:00,2026-05-18T11:51:00,USD,Shipped,Merchant,123.54,8.17,7.99,7.22,132.48
AM-0000003283,2026-03-02T12:31:00,2026-03-05T12:01:00,USD,Processing,Merchant,234.41,14.99,4.99,6.34,248.05
AM-0000003286,2025-09-07T09:25:00,2025-09-10T18:54:00,USD,Delivered,Merchant,162.51,13.08,4.99,6.96,173.62
AM-0000003290,2026-03-22T13:08:00,2026-03-24T20:16:00,USD,Delivered,FBA,517.45,29.35,12.99,45.09,514.70
AM-0000003291,2026-06-28T19:34:00,2026-06-30T16:34:00,USD,Delivered,Merchant,635.53,34.21,12.99,38.39,644.34
AM-0000003297,2026-03-03T10:26:00,2026-03-04T16:44:00,USD,Delivered,Merchant,22.61,1.53,0.00,0.31,23.83
AM-0000003307,2026-05-02T08:36:00,2026-05-03T22:17:00,USD,Delivered,Merchant,170.64,7.70,12.99,10.69,180.64
AM-0000003310,2025-08-11T21:38:00,2025-08-11T19:35:00,USD,Delivered,FBA,235.96,19.64,4.99,10.25,250.34
AM-0000003313,2025-08-20T22:56:00,2025-08-20T15:25:00,USD,Shipped,FBA,1808.20,114.05,0.00,89.47,1832.78
AM-0000003325,2025-09-01T22:19:00,2025-09-05T20:23:00,USD,Delivered,FBA,207.88,12.77,7.99,21.47,207.17
AM-0000003330,2025-08-22T10:54:00,2025-08-27T22:13:00,USD,Delivered,Merchant,298.12,25.78,12.99,10.54,326.35
AM-0000003332,2025-08-25T08:13:00,2025-08-26T12:54:00,USD,Delivered,FBA,29.61,2.04,0.00,3.55,28.10
AM-0000003335,2026-01-15T10:24:00,2026-01-15T15:17:00,USD,Processing,FBA,517.60,22.75,7.99,17.82,530.52
AM-0000003338,2026-06-23T22:42:00,2026-06-25T22:32:00,USD,Delivered,FBA,327.17,21.62,4.99,33.25,320.53
AM-0000003340,2025-12-22T10:57:00,2025-12-26T09:30:00,USD,Delivered,Merchant,477.25,24.66,4.99,5.20,501.70
AM-0000003344,2025-12-16T10:59:00,2025-12-20T13:43:00,USD,Delivered,FBA,378.56,26.71,7.99,22.29,390.97
AM-0000003350,2026-06-13T20:27:00,2026-06-18T21:42:00,USD,Delivered,FBA,1221.66,49.11,4.99,74.98,1200.78
AM-0000003351,2025-10-21T10:45:00,2025-10-22T15:51:00,USD,Delivered,FBA,552.68,34.67,7.99,36.66,558.68
AM-0000003352,2025-08-24T15:48:00,2025-08-27T09:01:00,USD,Delivered,Merchant,25.52,1.88,0.00,2.10,25.30
AM-0000003360,2026-01-06T09:49:00,2026-01-10T15:24:00,USD,Delivered,FBA,492.72,33.04,0.00,32.73,493.03
AM-0000003362,2026-04-08T22:14:00,2026-04-09T13:05:00,USD,Delivered,FBA,986.06,50.96,4.99,30.92,1011.09
AM-0000003364,2025-11-04T21:47:00,2025-11-06T11:45:00,USD,Delivered,FBA,518.95,34.36,12.99,20.16,546.14
AM-0000003367,2025-11-03T14:30:00,2025-11-04T09:12:00,USD,Delivered,FBA,1667.24,90.27,7.99,144.41,1621.09
AM-0000003370,2025-09-05T20:03:00,2025-09-05T15:19:00,USD,Delivered,FBA,623.14,25.73,12.99,32.23,629.63
AM-0000003376,2025-08-02T21:54:00,2025-08-02T19:31:00,USD,Delivered,FBA,332.82,18.42,12.99,11.48,352.75
AM-0000003385,2026-03-11T18:41:00,2026-03-13T09:46:00,USD,Delivered,Merchant,1106.05,86.34,0.00,39.11,1153.28
AM-0000003386,2026-06-28T19:37:00,2026-06-30T15:00:00,USD,Delivered,FBA,577.76,38.77,12.99,41.12,588.40
AM-0000003395,2026-03-15T10:36:00,2026-03-17T19:14:00,USD,Shipped,Merchant,994.36,79.01,4.99,109.87,968.49
AM-0000003400,2026-01-24T15:19:00,2026-01-26T20:13:00,USD,Delivered,Merchant,269.03,16.69,12.99,27.52,271.19
AM-0000003403,2025-11-01T12:26:00,2025-11-01T08:28:00,USD,Delivered,FBA,1644.51,77.76,12.99,102.16,1633.10
AM-0000003405,2026-05-17T22:46:00,2026-05-18T15:43:00,USD,Delivered,FBA,245.81,14.40,7.99,13.86,254.34
AM-0000003406,2026-02-21T14:10:00,2026-02-26T08:43:00,USD,Delivered,Merchant,162.43,6.59,0.00,4.08,164.94
AM-0000003407,2026-06-25T20:55:00,2026-06-27T18:28:00,USD,Processing,FBA,277.94,14.07,4.99,28.80,268.20
AM-0000003411,2026-06-24T19:24:00,2026-06-26T12:18:00,USD,Cancelled,FBA,1126.60,64.80,0.00,16.91,1174.49
AM-0000003417,2025-10-24T20:49:00,2025-10-29T09:47:00,USD,Delivered,Merchant,1157.72,83.91,0.00,76.06,1165.57
AM-0000003419,2025-10-14T15:15:00,2025-10-19T13:39:00,USD,Delivered,FBA,283.82,15.74,0.00,21.82,277.74
AM-0000003421,2025-10-29T09:27:00,2025-10-30T14:40:00,USD,Delivered,Merchant,69.37,3.67,0.00,4.73,68.31
AM-0000003423,2025-07-18T17:51:00,2025-07-18T22:21:00,USD,Delivered,FBA,318.84,22.23,0.00,8.13,332.94
AM-0000003424,2026-04-01T16:10:00,2026-04-05T09:12:00,USD,Delivered,FBA,469.73,30.85,0.00,19.04,481.54
AM-0000003430,2025-12-30T15:12:00,2026-01-03T09:20:00,USD,Delivered,Merchant,679.29,36.73,0.00,56.62,659.40
AM-0000003431,2025-11-27T08:45:00,2025-11-27T13:52:00,USD,Delivered,Merchant,1175.41,81.17,7.99,75.85,1188.72
AM-0000003434,2026-02-22T12:32:00,2026-02-26T20:38:00,USD,Delivered,FBA,150.79,6.46,4.99,1.05,161.19
AM-0000003435,2025-12-04T21:57:00,2025-12-07T09:36:00,USD,Delivered,FBA,697.72,28.34,0.00,68.26,657.80
AM-0000003436,2026-05-21T21:59:00,2026-05-25T21:13:00,USD,Delivered,Merchant,194.72,9.23,12.99,7.30,209.64
AM-0000003440,2025-09-26T16:38:00,2025-10-01T09:02:00,USD,Delivered,Merchant,107.67,6.19,4.99,10.74,108.11
AM-0000003441,2025-09-28T08:43:00,2025-09-30T17:24:00,USD,Delivered,FBA,590.62,35.97,12.99,37.21,602.37
AM-0000003443,2026-02-21T17:10:00,2026-02-23T15:57:00,USD,Shipped,Merchant,509.68,39.64,0.00,27.68,521.64
AM-0000003446,2026-05-20T11:39:00,2026-05-25T11:05:00,USD,Delivered,FBA,1964.21,106.26,0.00,139.03,1931.44
AM-0000003448,2026-01-24T11:55:00,2026-01-24T17:51:00,USD,Cancelled,Merchant,321.12,27.48,4.99,9.67,343.92
AM-0000003453,2026-02-14T13:47:00,2026-02-19T16:53:00,USD,Delivered,Merchant,320.75,17.82,12.99,20.13,331.43
AM-0000003456,2026-02-19T22:56:00,2026-02-22T14:55:00,USD,Delivered,FBA,933.42,77.27,12.99,57.25,966.43
AM-0000003457,2025-12-05T14:41:00,2025-12-08T16:59:00,USD,Delivered,Merchant,526.38,37.93,4.99,47.23,522.07
AM-0000003458,2025-08-03T08:49:00,2025-08-04T12:50:00,USD,Delivered,FBA,217.38,10.53,12.99,18.77,222.13
AM-0000003459,2026-05-21T14:59:00,2026-05-24T08:34:00,USD,Delivered,FBA,1110.12,93.89,0.00,28.18,1175.83
AM-0000003462,2026-02-04T09:29:00,2026-02-05T19:23:00,USD,Shipped,FBA,115.14,8.04,7.99,8.93,122.24
AM-0000003468,2025-12-18T17:50:00,2025-12-22T11:42:00,USD,Delivered,FBA,477.54,22.32,7.99,40.50,467.35
AM-0000003470,2026-02-02T16:05:00,2026-02-06T11:57:00,USD,Delivered,FBA,562.94,25.62,0.00,58.48,530.08
AM-0000003474,2025-09-22T17:08:00,2025-09-27T20:57:00,USD,Delivered,FBA,1883.05,81.18,7.99,60.05,1912.17
AM-0000003477,2026-01-07T14:27:00,2026-01-10T10:15:00,USD,Delivered,FBA,291.62,22.94,0.00,2.34,312.22
AM-0000003480,2026-05-23T13:05:00,2026-05-27T19:23:00,USD,Delivered,FBA,276.30,21.98,0.00,18.99,279.29
AM-0000003481,2026-03-26T20:02:00,2026-03-31T11:40:00,USD,Shipped,FBA,81.01,3.16,4.99,6.27,82.89
AM-0000003484,2026-01-12T15:42:00,2026-01-14T17:31:00,USD,Shipped,Merchant,100.72,5.15,0.00,6.52,99.35
AM-0000003485,2025-11-17T08:42:00,2025-11-20T17:17:00,USD,Shipped,Merchant,846.48,53.49,0.00,48.38,851.59
AM-0000003487,2026-03-21T12:16:00,2026-03-21T20:31:00,USD,Shipped,Merchant,553.31,39.32,7.99,50.33,550.29
AM-0000003492,2026-01-01T17:00:00,2026-01-05T10:42:00,USD,Delivered,FBA,939.41,76.44,7.99,31.59,992.25
AM-0000003494,2025-10-30T13:06:00,2025-11-01T17:25:00,USD,Shipped,FBA,850.11,64.14,0.00,40.56,873.69
AM-0000003498,2026-04-08T20:34:00,2026-04-08T11:40:00,USD,Delivered,Merchant,614.91,31.69,4.99,23.96,627.63
AM-0000003503,2025-10-08T16:42:00,2025-10-12T10:25:00,USD,Delivered,Merchant,357.42,22.65,7.99,31.77,356.29
AM-0000003507,2025-10-15T15:59:00,2025-10-18T20:40:00,USD,Delivered,Merchant,477.64,34.31,0.00,26.74,485.21
AM-0000003508,2026-06-02T08:35:00,2026-06-03T10:11:00,USD,Processing,Merchant,51.50,2.84,12.99,5.48,61.85
AM-0000003509,2026-04-24T22:12:00,2026-04-28T15:14:00,USD,Shipped,FBA,228.36,14.61,12.99,20.04,235.92
AM-0000003515,2025-08-26T13:40:00,2025-08-26T15:49:00,USD,Delivered,FBA,135.66,9.68,0.00,5.09,140.25
AM-0000003520,2025-11-13T17:16:00,2025-11-14T17:04:00,USD,Processing,FBA,927.93,47.19,7.99,63.31,919.80
AM-0000003521,2026-01-24T09:28:00,2026-01-24T11:21:00,USD,Delivered,Merchant,253.32,15.10,0.00,5.09,263.33
AM-0000003522,2025-08-25T18:03:00,2025-08-27T09:12:00,USD,Shipped,FBA,1412.33,89.43,12.99,87.91,1426.84
AM-0000003524,2026-03-13T15:39:00,2026-03-16T19:34:00,USD,Delivered,Merchant,720.74,55.78,0.00,9.18,767.34
AM-0000003527,2025-07-15T09:09:00,2025-07-18T10:45:00,USD,Delivered,Merchant,1065.26,67.54,4.99,35.31,1102.48
AM-0000003529,2025-12-29T14:45:00,2026-01-03T08:57:00,USD,Delivered,Merchant,100.96,7.70,0.00,8.33,100.33
AM-0000003535,2026-06-23T15:30:00,2026-06-28T14:18:00,USD,Delivered,Merchant,766.10,36.74,4.99,70.02,737.81
AM-0000003536,2026-02-28T15:24:00,2026-03-02T11:02:00,USD,Delivered,Merchant,64.84,2.58,0.00,5.41,62.01
AM-0000003548,2026-06-15T21:31:00,2026-06-20T17:37:00,USD,Delivered,FBA,535.08,39.40,4.99,18.09,561.38
AM-0000003552,2025-07-19T18:42:00,2025-07-19T13:10:00,USD,Delivered,FBA,1264.14,64.70,0.00,108.53,1220.31
AM-0000003555,2025-09-14T14:25:00,2025-09-15T11:32:00,USD,Delivered,Merchant,880.47,43.89,4.99,31.23,898.12
AM-0000003562,2026-03-24T16:00:00,2026-03-24T20:17:00,USD,Delivered,Merchant,31.02,2.53,0.00,0.91,32.64
AM-0000003563,2025-08-27T13:56:00,2025-09-01T18:04:00,USD,Delivered,Merchant,249.60,10.51,0.00,21.45,238.66
AM-0000003564,2026-05-06T19:01:00,2026-05-06T11:36:00,USD,Delivered,FBA,765.57,55.72,0.00,41.81,779.48
AM-0000003576,2026-02-26T21:35:00,2026-03-01T10:41:00,USD,Processing,Merchant,480.87,18.72,0.00,47.60,451.99
AM-0000003578,2025-08-24T20:38:00,2025-08-26T17:20:00,USD,Delivered,FBA,897.80,33.85,0.00,64.96,866.69
AM-0000003579,2026-06-13T20:39:00,2026-06-16T19:02:00,USD,Delivered,FBA,630.36,34.99,7.99,0.40,672.94
AM-0000003580,2025-11-20T10:14:00,2025-11-25T15:34:00,USD,Delivered,FBA,530.44,23.89,4.99,30.82,528.50
AM-0000003585,2026-06-25T17:43:00,2026-06-28T10:00:00,USD,Delivered,Merchant,844.24,59.45,0.00,61.85,841.84
AM-0000003596,2025-09-21T19:12:00,2025-09-22T12:51:00,USD,Delivered,FBA,879.89,46.32,4.99,38.37,892.83
AM-0000003597,2025-08-27T09:24:00,2025-08-29T15:15:00,USD,Delivered,Merchant,184.62,9.31,7.99,18.29,183.63
AM-0000003599,2026-02-26T15:51:00,2026-02-28T21:05:00,USD,Delivered,Merchant,668.07,51.71,7.99,25.86,701.91
AM-0000003600,2026-02-05T08:12:00,2026-02-08T10:49:00,USD,Delivered,FBA,1032.91,74.27,7.99,85.39,1029.78
AM-0000003604,2026-06-28T19:41:00,2026-06-28T10:05:00,USD,Delivered,FBA,582.20,23.38,12.99,39.76,578.81
AM-0000003607,2025-10-23T15:41:00,2025-10-23T20:47:00,USD,Cancelled,Merchant,306.57,14.35,0.00,30.60,290.32
AM-0000003611,2025-07-11T20:37:00,2025-07-16T14:16:00,USD,Processing,Merchant,340.82,27.10,12.99,21.60,359.31
AM-0000003620,2026-04-01T20:45:00,2026-04-05T16:54:00,USD,Delivered,Merchant,474.38,26.52,0.00,36.06,464.84
AM-0000003622,2025-08-28T16:16:00,2025-09-02T20:11:00,USD,Delivered,FBA,719.92,36.63,4.99,83.08,678.46
AM-0000003623,2025-12-12T09:53:00,2025-12-14T19:12:00,USD,Delivered,FBA,260.07,20.46,0.00,0.94,279.59
AM-0000003625,2026-06-11T15:53:00,2026-06-12T21:55:00,USD,Shipped,Merchant,321.54,22.12,0.00,36.17,307.49
AM-0000003627,2025-12-30T09:20:00,2025-12-30T13:06:00,USD,Delivered,Merchant,476.90,30.53,0.00,30.09,477.34
AM-0000003633,2026-04-10T14:24:00,2026-04-11T15:22:00,USD,Delivered,Merchant,585.54,25.03,12.99,17.02,606.54
AM-0000003634,2026-01-19T22:17:00,2026-01-23T18:55:00,USD,Delivered,FBA,2071.79,113.81,7.99,163.18,2030.41
AM-0000003639,2026-02-21T21:36:00,2026-02-26T22:38:00,USD,Delivered,FBA,30.51,2.09,0.00,3.32,29.28
AM-0000003641,2025-11-30T09:42:00,2025-12-04T16:43:00,USD,Delivered,Merchant,696.01,45.16,0.00,61.48,679.69
AM-0000003643,2026-04-15T13:21:00,2026-04-17T18:00:00,USD,Delivered,Merchant,1612.60,91.75,0.00,95.38,1608.97
AM-0000003645,2026-03-02T10:17:00,2026-03-03T11:05:00,USD,Delivered,Merchant,218.92,13.54,7.99,1.39,239.06
AM-0000003649,2025-08-06T22:59:00,2025-08-07T20:51:00,USD,Delivered,Merchant,231.57,14.62,7.99,7.59,246.59
AM-0000003654,2026-05-02T15:00:00,2026-05-05T22:36:00,USD,Delivered,FBA,260.66,10.47,7.99,9.31,269.81
AM-0000003670,2025-10-05T18:50:00,2025-10-09T13:58:00,USD,Delivered,FBA,1267.34,84.75,4.99,48.44,1308.64
AM-0000003676,2026-03-19T15:54:00,2026-03-20T08:53:00,USD,Delivered,Merchant,1240.44,60.80,0.00,91.50,1209.74
AM-0000003679,2026-04-14T13:10:00,2026-04-15T08:19:00,USD,Shipped,FBA,287.19,11.90,0.00,26.65,272.44
AM-0000003683,2025-07-27T18:08:00,2025-07-30T14:27:00,USD,Delivered,Merchant,244.97,10.61,12.99,18.85,249.72
AM-0000003688,2025-12-16T21:13:00,2025-12-19T16:37:00,USD,Cancelled,Merchant,1290.73,62.89,7.99,11.50,1350.11
AM-0000003692,2025-08-30T16:33:00,2025-09-01T12:28:00,USD,Shipped,Merchant,125.46,10.45,12.99,1.65,147.25
AM-0000003693,2026-04-17T15:34:00,2026-04-21T09:22:00,USD,Delivered,Merchant,274.17,16.94,0.00,8.84,282.27
AM-0000003700,2025-10-15T16:54:00,2025-10-19T18:38:00,USD,Delivered,Merchant,463.40,40.74,4.99,7.04,502.09
AM-0000003705,2026-01-29T14:27:00,2026-02-03T10:07:00,USD,Delivered,Merchant,54.45,3.76,0.00,2.31,55.90
AM-0000003709,2025-10-18T13:17:00,2025-10-22T09:14:00,USD,Delivered,Merchant,55.74,4.79,0.00,0.16,60.37
AM-0000003713,2026-03-04T12:13:00,2026-03-07T12:45:00,USD,Delivered,FBA,2091.33,144.55,0.00,160.73,2075.15
AM-0000003715,2025-08-17T21:30:00,2025-08-20T09:42:00,USD,Delivered,FBA,188.45,9.09,0.00,4.56,192.98
AM-0000003718,2026-03-29T19:32:00,2026-03-30T12:58:00,USD,Delivered,Merchant,661.12,29.99,12.99,71.21,632.89
AM-0000003722,2026-03-24T09:10:00,2026-03-25T16:31:00,USD,Delivered,FBA,1021.58,60.78,12.99,33.92,1061.43
AM-0000003724,2025-10-28T12:33:00,2025-10-28T09:15:00,USD,Delivered,Merchant,704.83,40.97,4.99,68.82,681.97
AM-0000003725,2026-01-15T09:52:00,2026-01-18T12:40:00,USD,Delivered,FBA,965.14,61.41,0.00,48.11,978.44
AM-0000003727,2025-10-24T11:16:00,2025-10-29T09:35:00,USD,Delivered,FBA,691.53,42.06,4.99,27.83,710.75
AM-0000003731,2026-02-16T21:19:00,2026-02-18T19:19:00,USD,Shipped,Merchant,1331.77,69.46,4.99,85.06,1321.16
AM-0000003733,2025-11-20T22:52:00,2025-11-21T10:27:00,USD,Delivered,Merchant,257.50,16.93,12.99,19.79,267.63
AM-0000003734,2025-11-24T16:06:00,2025-11-26T15:43:00,USD,Delivered,Merchant,1160.44,75.86,0.00,95.53,1140.77
AM-0000003739,2026-03-02T15:50:00,2026-03-05T09:58:00,USD,Cancelled,FBA,775.17,59.94,12.99,17.20,830.90
AM-0000003743,2026-02-24T18:43:00,2026-02-28T10:41:00,USD,Delivered,FBA,367.78,23.74,0.00,18.93,372.59
AM-0000003744,2025-09-20T15:16:00,2025-09-22T17:22:00,USD,Delivered,Merchant,350.85,21.28,0.00,27.74,344.39
AM-0000003745,2025-07-28T16:39:00,2025-08-01T09:52:00,USD,Cancelled,FBA,966.54,67.73,4.99,23.59,1015.67
AM-0000003747,2026-04-13T08:33:00,2026-04-18T14:09:00,USD,Processing,Merchant,680.58,31.27,0.00,46.39,665.46
AM-0000003751,2026-06-02T14:04:00,2026-06-06T21:10:00,USD,Shipped,FBA,827.08,34.10,4.99,76.21,789.96
AM-0000003753,2025-08-27T08:51:00,2025-08-31T19:52:00,USD,Delivered,Merchant,206.64,12.23,12.99,7.25,224.61
AM-0000003754,2025-11-23T09:36:00,2025-11-25T11:40:00,USD,Shipped,Merchant,1250.49,76.46,0.00,30.25,1296.70
AM-0000003759,2026-04-12T21:31:00,2026-04-13T20:44:00,USD,Delivered,FBA,1180.85,60.19,12.99,97.17,1156.86
AM-0000003760,2025-12-05T18:59:00,2025-12-08T16:43:00,USD,Shipped,Merchant,112.84,7.12,0.00,3.49,116.47
AM-0000003764,2026-02-17T08:33:00,2026-02-18T13:37:00,USD,Shipped,Merchant,272.77,13.40,0.00,31.60,254.57
AM-0000003766,2026-04-11T16:05:00,2026-04-14T17:20:00,USD,Delivered,FBA,71.05,5.22,7.99,5.65,78.61
AM-0000003767,2026-01-23T13:12:00,2026-01-24T17:25:00,USD,Delivered,Merchant,519.86,26.98,0.00,6.37,540.47
AM-0000003769,2026-04-22T20:40:00,2026-04-27T22:54:00,USD,Cancelled,Merchant,21.12,1.32,0.00,1.30,21.14
AM-0000003770,2026-04-08T10:19:00,2026-04-12T19:11:00,USD,Delivered,Merchant,471.26,30.80,0.00,34.85,467.21
AM-0000003771,2025-11-27T18:13:00,2025-11-27T15:28:00,USD,Delivered,FBA,321.36,26.01,4.99,17.63,334.73
AM-0000003772,2025-10-06T13:14:00,2025-10-11T09:36:00,USD,Delivered,Merchant,547.40,28.74,7.99,40.29,543.84
AM-0000003774,2025-11-10T18:10:00,2025-11-10T16:13:00,USD,Processing,FBA,147.66,11.04,0.00,13.78,144.92
AM-0000003781,2025-12-02T16:19:00,2025-12-02T17:31:00,USD,Delivered,Merchant,148.34,8.94,0.00,8.63,148.65
AM-0000003787,2026-02-25T18:03:00,2026-02-27T11:58:00,USD,Delivered,Merchant,283.59,14.51,12.99,15.59,295.50
AM-0000003796,2026-05-24T21:12:00,2026-05-25T13:33:00,USD,Delivered,Merchant,350.15,18.88,7.99,17.18,359.84
AM-0000003800,2025-08-12T19:47:00,2025-08-12T15:47:00,USD,Delivered,Merchant,506.99,36.27,12.99,10.70,545.55
AM-0000003801,2025-10-10T13:37:00,2025-10-15T15:36:00,USD,Processing,Merchant,80.37,6.16,12.99,2.69,96.83
AM-0000003803,2026-02-18T11:30:00,2026-02-18T14:11:00,USD,Delivered,Merchant,1014.10,69.18,7.99,34.32,1056.95
AM-0000003806,2025-09-17T20:47:00,2025-09-18T11:56:00,USD,Delivered,Merchant,139.77,8.28,4.99,1.07,151.97
AM-0000003807,2025-11-11T08:28:00,2025-11-11T17:39:00,USD,Shipped,FBA,838.73,53.02,12.99,53.35,851.39
AM-0000003808,2026-03-08T18:54:00,2026-03-12T14:10:00,USD,Delivered,Merchant,966.24,64.99,0.00,60.21,971.02
AM-0000003809,2026-05-23T20:47:00,2026-05-24T11:04:00,USD,Delivered,FBA,88.20,4.78,0.00,10.40,82.58
AM-0000003812,2025-08-03T13:59:00,2025-08-06T09:15:00,USD,Delivered,FBA,151.17,9.57,0.00,12.29,148.45
AM-0000003814,2026-03-20T21:53:00,2026-03-24T13:30:00,USD,Processing,Merchant,1223.80,83.95,0.00,120.91,1186.84
AM-0000003818,2026-04-03T17:37:00,2026-04-08T10:04:00,USD,Delivered,FBA,337.93,16.49,0.00,23.31,331.11
AM-0000003819,2025-07-18T17:34:00,2025-07-18T21:51:00,USD,Cancelled,FBA,77.28,4.28,0.00,4.88,76.68
AM-0000003820,2025-09-09T18:13:00,2025-09-14T21:47:00,USD,Shipped,Merchant,146.06,8.98,4.99,3.80,156.23
AM-0000003822,2025-09-23T10:02:00,2025-09-26T19:38:00,USD,Delivered,Merchant,181.44,11.18,4.99,17.70,179.91
AM-0000003824,2025-08-18T13:04:00,2025-08-23T12:39:00,USD,Delivered,Merchant,589.36,27.38,0.00,25.96,590.78
AM-0000003825,2025-08-16T18:58:00,2025-08-17T09:39:00,USD,Processing,FBA,109.00,7.20,4.99,4.06,117.13
AM-0000003829,2026-06-07T20:41:00,2026-06-10T15:57:00,USD,Delivered,FBA,1525.32,101.22,12.99,93.27,1546.26
AM-0000003830,2026-01-20T09:18:00,2026-01-25T21:09:00,USD,Delivered,Merchant,630.18,40.92,0.00,42.56,628.54
AM-0000003831,2025-07-30T18:25:00,2025-08-02T13:47:00,USD,Shipped,FBA,64.09,3.99,7.99,6.38,69.69
AM-0000003835,2025-11-09T20:08:00,2025-11-11T13:47:00,USD,Delivered,Merchant,984.34,69.45,0.00,54.30,999.49
AM-0000003842,2025-07-06T11:27:00,2025-07-10T11:58:00,USD,Cancelled,FBA,407.50,31.06,12.99,25.46,426.09
AM-0000003844,2025-12-28T19:08:00,2025-12-30T09:44:00,USD,Delivered,Merchant,93.90,8.21,4.99,2.58,104.52
AM-0000003846,2026-04-25T19:31:00,2026-04-30T18:32:00,USD,Delivered,Merchant,239.86,14.15,12.99,13.75,253.25
AM-0000003847,2025-08-20T17:39:00,2025-08-21T17:15:00,USD,Delivered,FBA,1299.54,88.55,4.99,96.56,1296.52
AM-0000003848,2025-10-28T08:39:00,2025-10-31T18:32:00,USD,Shipped,Merchant,983.31,56.93,0.00,70.97,969.27
AM-0000003849,2025-12-09T20:07:00,2025-12-14T22:23:00,USD,Delivered,FBA,261.75,10.81,0.00,25.65,246.91
AM-0000003852,2026-06-05T13:18:00,2026-06-10T13:07:00,USD,Delivered,Merchant,185.80,7.77,7.99,0.89,200.67
AM-0000003855,2025-10-04T17:18:00,2025-10-06T09:52:00,USD,Delivered,Merchant,275.56,15.17,7.99,25.17,273.55
AM-0000003859,2026-03-07T21:38:00,2026-03-10T14:12:00,USD,Delivered,Merchant,680.52,52.87,4.99,29.62,708.76
AM-0000003860,2025-07-30T12:03:00,2025-08-02T14:02:00,USD,Delivered,FBA,485.26,39.85,0.00,22.15,502.96
AM-0000003861,2025-10-25T19:32:00,2025-10-25T15:18:00,USD,Delivered,Merchant,129.05,6.54,12.99,4.12,144.46
AM-0000003865,2026-05-09T14:14:00,2026-05-13T16:06:00,USD,Delivered,FBA,1121.99,80.05,12.99,47.59,1167.44
AM-0000003866,2025-10-28T12:27:00,2025-10-31T16:20:00,USD,Delivered,FBA,149.82,12.28,4.99,13.35,153.74
AM-0000003868,2025-11-11T09:42:00,2025-11-13T16:40:00,USD,Delivered,FBA,144.16,6.13,4.99,8.18,147.10
AM-0000003876,2026-01-02T15:04:00,2026-01-02T08:40:00,USD,Delivered,Merchant,335.14,16.79,0.00,22.96,328.97
AM-0000003879,2026-05-14T18:07:00,2026-05-18T19:25:00,USD,Delivered,FBA,367.82,18.63,4.99,21.37,370.07
AM-0000003882,2025-07-09T11:17:00,2025-07-12T14:33:00,USD,Shipped,Merchant,259.34,14.82,12.99,19.10,268.05
AM-0000003883,2025-09-27T10:19:00,2025-09-27T22:45:00,USD,Shipped,Merchant,228.16,17.06,7.99,18.99,234.22
AM-0000003884,2026-02-17T08:36:00,2026-02-20T11:13:00,USD,Delivered,FBA,16.83,1.16,4.99,1.74,21.24
AM-0000003885,2026-01-07T12:55:00,2026-01-07T14:47:00,USD,Delivered,FBA,528.89,38.44,0.00,25.35,541.98
AM-0000003886,2026-01-13T12:51:00,2026-01-13T17:00:00,USD,Processing,Merchant,390.53,21.47,7.99,6.19,413.80
AM-0000003891,2026-04-03T21:13:00,2026-04-08T22:34:00,USD,Shipped,Merchant,504.58,37.73,4.99,23.87,523.43
AM-0000003903,2026-01-30T11:20:00,2026-01-30T08:32:00,USD,Delivered,Merchant,662.01,43.19,0.00,41.71,663.49
AM-0000003904,2026-01-05T16:06:00,2026-01-08T18:42:00,USD,Shipped,FBA,260.21,10.09,4.99,27.36,247.93
AM-0000003906,2026-05-01T21:37:00,2026-05-04T11:23:00,USD,Delivered,FBA,2144.87,117.28,0.00,204.38,2057.77
AM-0000003909,2025-11-19T22:02:00,2025-11-20T21:54:00,USD,Delivered,FBA,232.60,12.99,7.99,25.31,228.27
AM-0000003914,2026-02-02T16:44:00,2026-02-07T09:10:00,USD,Delivered,FBA,175.84,14.83,4.99,1.11,194.55
AM-0000003916,2025-09-14T14:51:00,2025-09-16T17:21:00,USD,Delivered,Merchant,737.00,32.53,4.99,32.62,741.90
AM-0000003918,2026-01-12T14:20:00,2026-01-13T18:05:00,USD,Delivered,FBA,212.54,11.62,0.00,13.00,211.16
AM-0000003921,2026-05-28T15:31:00,2026-05-31T13:53:00,USD,Shipped,FBA,1060.18,67.14,0.00,38.84,1088.48
AM-0000003925,2025-07-23T20:18:00,2025-07-24T22:21:00,USD,Delivered,FBA,548.64,34.01,4.99,21.09,566.55
AM-0000003931,2025-07-19T10:54:00,2025-07-19T16:15:00,USD,Delivered,Merchant,533.28,26.36,7.99,28.05,539.58
AM-0000003940,2025-08-14T12:51:00,2025-08-16T10:39:00,USD,Shipped,FBA,216.10,13.57,12.99,6.96,235.70
AM-0000003943,2026-01-26T21:32:00,2026-01-30T18:29:00,USD,Delivered,FBA,136.31,8.97,0.00,2.26,143.02
AM-0000003944,2025-11-03T21:27:00,2025-11-04T20:22:00,USD,Delivered,Merchant,513.87,34.33,4.99,15.40,537.79
AM-0000003951,2025-12-17T16:40:00,2025-12-22T08:16:00,USD,Delivered,Merchant,245.54,14.08,7.99,0.53,267.08
AM-0000003957,2026-03-14T19:52:00,2026-03-15T12:57:00,USD,Shipped,Merchant,1224.08,85.65,4.99,116.87,1197.85
AM-0000003958,2025-12-31T08:28:00,2025-12-31T22:36:00,USD,Delivered,Merchant,524.83,32.82,0.00,29.77,527.88
AM-0000003964,2026-06-01T21:13:00,2026-06-03T16:53:00,USD,Delivered,FBA,1632.30,67.86,0.00,46.12,1654.04
AM-0000003965,2026-05-15T20:34:00,2026-05-17T14:54:00,USD,Processing,FBA,311.83,22.30,7.99,32.93,309.19
AM-0000003969,2025-08-08T12:27:00,2025-08-09T08:23:00,USD,Delivered,Merchant,490.10,20.94,12.99,38.16,485.87
AM-0000003971,2026-03-17T08:49:00,2026-03-17T20:57:00,USD,Delivered,FBA,176.30,11.17,7.99,8.28,187.18
AM-0000003974,2026-01-15T10:32:00,2026-01-15T17:08:00,USD,Delivered,FBA,720.07,29.84,4.99,31.31,723.59
AM-0000003979,2026-03-18T18:13:00,2026-03-20T12:43:00,USD,Shipped,FBA,638.38,33.48,0.00,62.07,609.79
AM-0000003986,2025-09-08T11:42:00,2025-09-11T18:03:00,USD,Processing,Merchant,235.33,17.02,12.99,2.01,263.33
AM-0000003987,2026-04-07T13:23:00,2026-04-09T22:50:00,USD,Cancelled,FBA,1201.33,76.37,0.00,41.88,1235.82
AM-0000003990,2026-01-03T19:26:00,2026-01-06T16:41:00,USD,Delivered,FBA,181.47,9.03,7.99,3.71,194.78
AM-0000003991,2025-10-18T15:36:00,2025-10-18T11:42:00,USD,Delivered,FBA,522.34,22.44,7.99,61.69,491.08
AM-0000003993,2026-01-22T11:58:00,2026-01-25T21:39:00,USD,Delivered,FBA,888.30,54.63,12.99,72.04,883.88
AM-0000003999,2025-08-11T11:03:00,2025-08-14T10:00:00,USD,Shipped,FBA,156.44,7.45,0.00,11.62,152.27
AM-0000004000,2025-11-29T17:04:00,2025-12-04T16:41:00,USD,Delivered,Merchant,374.93,28.34,0.00,41.61,361.66
AM-0000004004,2025-08-18T14:53:00,2025-08-23T14:44:00,USD,Delivered,FBA,251.38,21.10,4.99,8.71,268.76
AM-0000004005,2026-02-22T21:55:00,2026-02-25T18:55:00,USD,Processing,FBA,106.31,4.94,0.00,4.16,107.09
AM-0000004006,2026-06-16T16:59:00,2026-06-17T18:08:00,USD,Delivered,FBA,259.56,17.65,0.00,14.25,262.96
AM-0000004009,2025-08-29T20:33:00,2025-08-30T22:15:00,USD,Delivered,FBA,956.35,44.24,4.99,43.43,962.15
AM-0000004011,2025-11-06T18:16:00,2025-11-07T08:19:00,USD,Delivered,Merchant,1460.47,81.56,7.99,132.86,1417.16
AM-0000004012,2025-11-21T20:40:00,2025-11-23T08:03:00,USD,Delivered,Merchant,2846.76,220.90,0.00,168.46,2899.20
AM-0000004013,2026-01-26T14:05:00,2026-01-28T21:14:00,USD,Delivered,Merchant,298.69,17.32,7.99,20.43,303.57
AM-0000004016,2026-01-20T20:27:00,2026-01-23T18:47:00,USD,Delivered,FBA,98.68,7.47,4.99,6.96,104.18
AM-0000004018,2026-02-20T22:26:00,2026-02-25T10:32:00,USD,Delivered,Merchant,137.13,6.63,0.00,5.25,138.51
AM-0000004025,2025-09-07T13:33:00,2025-09-07T18:51:00,USD,Shipped,FBA,660.30,48.07,7.99,37.35,679.01
AM-0000004033,2025-10-19T09:30:00,2025-10-22T11:22:00,USD,Delivered,Merchant,225.30,14.23,7.99,10.33,237.19
AM-0000004035,2025-09-29T10:36:00,2025-10-02T17:26:00,USD,Delivered,FBA,337.35,21.27,0.00,24.35,334.27
AM-0000004038,2026-06-21T12:09:00,2026-06-22T11:57:00,USD,Delivered,FBA,150.21,6.68,0.00,7.77,149.12
AM-0000004041,2026-03-24T17:10:00,2026-03-29T09:52:00,USD,Delivered,FBA,1615.62,84.34,12.99,125.48,1587.47
AM-0000004043,2026-02-25T11:14:00,2026-02-25T18:54:00,USD,Shipped,FBA,968.67,53.41,12.99,48.02,987.05
AM-0000004055,2026-05-24T16:25:00,2026-05-27T08:57:00,USD,Shipped,Merchant,479.05,32.11,4.99,45.01,471.14
AM-0000004058,2026-02-13T13:57:00,2026-02-13T11:36:00,USD,Delivered,FBA,437.81,25.77,7.99,12.94,458.63
AM-0000004059,2026-03-31T18:02:00,2026-04-05T18:41:00,USD,Delivered,FBA,513.59,39.85,0.00,33.06,520.38
AM-0000004061,2026-03-24T18:03:00,2026-03-24T14:46:00,USD,Shipped,FBA,20.42,0.93,0.00,1.50,19.85
AM-0000004062,2025-07-24T14:19:00,2025-07-28T19:17:00,USD,Processing,Merchant,1328.39,62.17,4.99,92.63,1302.92
AM-0000004066,2026-03-08T10:35:00,2026-03-13T14:19:00,USD,Delivered,FBA,675.24,32.12,4.99,51.03,661.32
AM-0000004073,2026-02-04T08:41:00,2026-02-06T11:39:00,USD,Delivered,Merchant,24.85,1.52,0.00,1.19,25.18
AM-0000004074,2025-12-25T09:31:00,2025-12-30T20:16:00,USD,Delivered,FBA,361.57,18.43,0.00,32.15,347.85
AM-0000004078,2026-01-07T18:51:00,2026-01-08T13:08:00,USD,Delivered,Merchant,629.95,41.57,4.99,60.44,616.07
AM-0000004079,2025-10-18T15:36:00,2025-10-22T08:34:00,USD,Shipped,FBA,668.18,57.99,0.00,17.58,708.59
AM-0000004080,2025-09-04T20:40:00,2025-09-05T11:23:00,USD,Processing,Merchant,857.00,44.67,4.99,31.47,875.19
AM-0000004083,2025-07-21T08:58:00,2025-07-24T21:04:00,USD,Delivered,Merchant,330.91,25.81,0.00,29.42,327.30
AM-0000004084,2025-07-12T22:49:00,2025-07-17T22:10:00,USD,Delivered,Merchant,1363.51,79.19,7.99,77.46,1373.23
AM-0000004086,2025-09-20T12:25:00,2025-09-24T12:30:00,USD,Delivered,Merchant,1401.70,83.91,4.99,56.08,1434.52
AM-0000004087,2025-07-16T11:21:00,2025-07-17T19:22:00,USD,Processing,FBA,510.58,32.25,0.00,39.76,503.07
AM-0000004088,2026-06-28T17:46:00,2026-06-28T08:11:00,USD,Cancelled,FBA,2015.79,138.41,0.00,64.98,2089.22
AM-0000004092,2025-07-31T10:34:00,2025-07-31T13:23:00,USD,Delivered,Merchant,382.74,20.72,7.99,38.94,372.51
AM-0000004097,2025-08-21T13:14:00,2025-08-25T10:08:00,USD,Delivered,FBA,266.94,21.56,12.99,3.83,297.66
AM-0000004099,2026-04-05T19:00:00,2026-04-06T11:10:00,USD,Shipped,Merchant,148.86,10.26,4.99,13.92,150.19
AM-0000004100,2025-11-18T20:47:00,2025-11-18T22:01:00,USD,Delivered,FBA,683.35,28.93,7.99,43.11,677.16
AM-0000004104,2026-01-29T09:56:00,2026-01-30T22:28:00,USD,Delivered,FBA,196.97,7.79,12.99,10.95,206.80
AM-0000004107,2025-09-13T09:57:00,2025-09-17T14:23:00,USD,Delivered,Merchant,80.02,4.79,7.99,1.63,91.17
AM-0000004109,2025-12-26T19:58:00,2025-12-26T17:29:00,USD,Delivered,FBA,64.45,2.72,4.99,7.59,64.57
AM-0000004111,2026-01-27T15:28:00,2026-01-30T18:43:00,USD,Delivered,FBA,48.02,2.31,4.99,4.89,50.43
AM-0000004114,2026-04-11T16:38:00,2026-04-13T13:48:00,USD,Delivered,Merchant,392.86,15.63,12.99,31.66,389.82
AM-0000004120,2026-05-29T15:13:00,2026-06-03T14:16:00,USD,Processing,Merchant,392.11,26.87,0.00,10.67,408.31
AM-0000004122,2026-02-15T19:31:00,2026-02-19T15:18:00,USD,Processing,Merchant,247.77,9.78,4.99,18.37,244.17
AM-0000004132,2025-12-05T14:51:00,2025-12-08T11:49:00,USD,Shipped,FBA,573.81,41.63,12.99,46.47,581.96
AM-0000004134,2025-12-23T08:36:00,2025-12-25T09:11:00,USD,Delivered,FBA,198.10,10.59,0.00,18.80,189.89
AM-0000004137,2025-08-12T09:28:00,2025-08-12T13:51:00,USD,Cancelled,Merchant,504.97,37.04,0.00,16.14,525.87
AM-0000004139,2026-02-03T14:00:00,2026-02-05T18:00:00,USD,Delivered,FBA,664.97,38.86,7.99,19.28,692.54
AM-0000004143,2025-10-02T17:38:00,2025-10-02T19:57:00,USD,Processing,FBA,232.28,17.43,0.00,13.26,236.45
AM-0000004148,2025-12-20T17:08:00,2025-12-25T08:19:00,USD,Delivered,Merchant,687.92,49.62,7.99,45.77,699.76
AM-0000004151,2025-09-18T17:05:00,2025-09-23T10:22:00,USD,Shipped,FBA,47.48,2.64,0.00,3.78,46.34
AM-0000004152,2026-06-04T16:27:00,2026-06-05T15:56:00,USD,Delivered,Merchant,58.58,4.14,7.99,4.94,65.77
AM-0000004156,2026-03-29T22:19:00,2026-03-31T19:45:00,USD,Delivered,Merchant,596.96,32.31,7.99,43.85,593.41
AM-0000004161,2026-02-02T21:00:00,2026-02-04T20:24:00,USD,Delivered,FBA,163.79,8.74,0.00,8.74,163.79
AM-0000004165,2025-10-26T16:27:00,2025-10-28T21:23:00,USD,Delivered,Merchant,337.05,25.28,4.99,19.37,347.95
AM-0000004167,2026-06-23T21:35:00,2026-06-24T19:21:00,USD,Delivered,Merchant,1261.78,71.03,7.99,73.61,1267.19
AM-0000004169,2026-04-18T18:40:00,2026-04-22T16:28:00,USD,Processing,Merchant,510.46,23.74,12.99,21.24,525.95
AM-0000004170,2025-12-27T14:50:00,2025-12-31T14:03:00,USD,Shipped,Merchant,1011.41,63.94,12.99,62.53,1025.81
AM-0000004171,2026-03-17T11:14:00,2026-03-22T09:44:00,USD,Delivered,Merchant,454.80,23.87,0.00,29.40,449.27
AM-0000004174,2026-01-16T16:45:00,2026-01-21T17:21:00,USD,Delivered,Merchant,989.28,58.33,0.00,50.96,996.65
AM-0000004178,2025-11-20T20:57:00,2025-11-25T11:26:00,USD,Delivered,FBA,75.47,4.51,0.00,1.37,78.61
AM-0000004179,2025-12-29T18:53:00,2026-01-02T21:24:00,USD,Shipped,FBA,139.52,7.26,7.99,3.82,150.95
AM-0000004180,2025-08-11T11:47:00,2025-08-15T09:05:00,USD,Shipped,FBA,1028.12,70.56,7.99,29.27,1077.40
AM-0000004183,2025-12-16T09:15:00,2025-12-18T09:46:00,USD,Shipped,Merchant,883.26,58.31,0.00,51.73,889.84
AM-0000004187,2026-04-25T19:29:00,2026-04-27T11:35:00,USD,Processing,FBA,1995.17,119.10,7.99,94.90,2027.36
AM-0000004188,2025-08-22T16:03:00,2025-08-25T17:29:00,USD,Shipped,FBA,171.96,8.83,7.99,18.84,169.94
AM-0000004197,2025-09-15T17:46:00,2025-09-18T16:42:00,USD,Delivered,FBA,365.39,26.52,12.99,22.07,382.83
AM-0000004199,2025-08-27T20:10:00,2025-08-27T12:05:00,USD,Delivered,FBA,368.32,31.69,0.00,13.00,387.01
AM-0000004200,2025-07-02T21:02:00,2025-07-03T11:47:00,USD,Delivered,FBA,501.18,23.97,12.99,44.94,493.20
AM-0000004203,2026-02-16T12:17:00,2026-02-16T08:54:00,USD,Delivered,Merchant,186.16,12.94,0.00,1.37,197.73
AM-0000004211,2026-03-12T12:39:00,2026-03-14T14:25:00,USD,Delivered,FBA,2137.72,104.21,0.00,133.10,2108.83
AM-0000004213,2025-07-23T21:11:00,2025-07-27T14:28:00,USD,Shipped,FBA,142.64,11.90,4.99,10.21,149.32
AM-0000004217,2025-11-02T16:23:00,2025-11-02T16:12:00,USD,Delivered,Merchant,683.70,41.69,7.99,70.35,663.03
AM-0000004225,2025-10-26T11:21:00,2025-10-26T21:13:00,USD,Shipped,Merchant,711.04,59.86,0.00,12.50,758.40
AM-0000004228,2026-01-20T17:16:00,2026-01-23T12:30:00,USD,Delivered,Merchant,238.20,21.11,0.00,2.16,257.15
AM-0000004229,2025-10-05T10:51:00,2025-10-05T22:28:00,USD,Delivered,Merchant,798.24,53.93,0.00,12.58,839.59
AM-0000004231,2026-03-13T12:38:00,2026-03-17T13:39:00,USD,Shipped,Merchant,929.59,57.51,7.99,30.28,964.81
AM-0000004233,2026-05-30T09:59:00,2026-06-01T17:35:00,USD,Shipped,FBA,1314.93,75.22,4.99,86.81,1308.33
AM-0000004236,2026-06-29T18:26:00,2026-06-30T09:37:00,USD,Delivered,FBA,581.84,24.54,7.99,55.79,558.58
AM-0000004238,2026-02-16T10:09:00,2026-02-16T15:01:00,USD,Delivered,FBA,609.77,33.27,4.99,45.60,602.43
AM-0000004241,2026-01-09T13:11:00,2026-01-12T20:24:00,USD,Shipped,FBA,604.75,26.77,7.99,45.94,593.57
AM-0000004243,2026-01-14T19:52:00,2026-01-16T17:00:00,USD,Delivered,Merchant,1989.60,98.89,0.00,2.98,2085.51
AM-0000004247,2025-10-11T22:02:00,2025-10-12T14:30:00,USD,Delivered,FBA,533.93,39.55,7.99,53.47,528.00
AM-0000004248,2026-03-29T16:49:00,2026-03-29T17:07:00,USD,Delivered,FBA,133.23,11.28,4.99,6.83,142.67
AM-0000004254,2025-10-10T13:16:00,2025-10-11T11:25:00,USD,Delivered,Merchant,380.97,18.50,12.99,19.18,393.28
AM-0000004255,2026-06-27T16:37:00,2026-06-28T11:25:00,USD,Delivered,FBA,19.91,0.93,0.00,0.03,20.81
AM-0000004256,2026-05-06T17:59:00,2026-05-07T15:20:00,USD,Delivered,FBA,473.59,35.30,7.99,33.16,483.72
AM-0000004257,2026-02-08T08:37:00,2026-02-12T09:01:00,USD,Delivered,FBA,963.94,57.34,4.99,50.37,975.90
AM-0000004258,2025-09-27T13:05:00,2025-09-28T22:55:00,USD,Processing,Merchant,586.02,38.56,4.99,8.83,620.74
AM-0000004261,2025-12-31T12:11:00,2025-12-31T11:19:00,USD,Processing,FBA,221.21,16.03,4.99,24.06,218.17
AM-0000004262,2025-07-31T19:32:00,2025-08-03T14:50:00,USD,Shipped,Merchant,1787.60,81.46,12.99,93.91,1788.14
AM-0000004264,2026-03-12T18:59:00,2026-03-13T11:12:00,USD,Delivered,Merchant,218.88,12.94,0.00,17.18,214.64
AM-0000004265,2025-09-23T19:03:00,2025-09-28T13:59:00,USD,Delivered,Merchant,1590.57,80.57,0.00,108.07,1563.07
AM-0000004266,2026-06-27T10:59:00,2026-06-30T10:37:00,USD,Cancelled,Merchant,280.55,16.93,0.00,25.61,271.87
AM-0000004274,2025-11-22T19:55:00,2025-11-26T12:01:00,USD,Delivered,FBA,385.59,20.14,7.99,25.43,388.29
AM-0000004275,2026-02-14T15:29:00,2026-02-16T16:01:00,USD,Shipped,FBA,93.22,6.28,0.00,2.19,97.31
AM-0000004277,2025-08-12T16:36:00,2025-08-13T14:04:00,USD,Shipped,Merchant,264.33,20.87,0.00,16.97,268.23
AM-0000004279,2026-06-21T12:21:00,2026-06-21T12:52:00,USD,Delivered,FBA,815.02,52.03,7.99,14.37,860.67
AM-0000004281,2026-05-12T19:29:00,2026-05-15T21:11:00,USD,Shipped,Merchant,377.51,24.25,0.00,27.71,374.05
AM-0000004288,2026-06-15T09:52:00,2026-06-17T10:35:00,USD,Processing,Merchant,513.14,25.96,0.00,26.38,512.72
AM-0000004289,2025-09-05T09:04:00,2025-09-05T09:11:00,USD,Delivered,Merchant,540.46,21.97,0.00,37.68,524.75
AM-0000004290,2025-09-09T16:14:00,2025-09-11T09:08:00,USD,Processing,FBA,177.29,10.79,12.99,2.12,198.95
AM-0000004291,2026-03-13T08:59:00,2026-03-16T21:30:00,USD,Processing,FBA,1068.30,68.15,7.99,56.06,1088.38
AM-0000004294,2025-11-12T17:32:00,2025-11-14T16:36:00,USD,Delivered,Merchant,965.58,56.78,0.00,52.16,970.20
AM-0000004298,2025-07-18T22:53:00,2025-07-23T16:38:00,USD,Processing,FBA,38.58,2.31,0.00,2.19,38.70
AM-0000004301,2025-10-02T13:18:00,2025-10-03T18:24:00,USD,Delivered,FBA,687.50,57.24,4.99,35.81,713.92
AM-0000004303,2025-08-27T17:20:00,2025-08-27T12:08:00,USD,Delivered,Merchant,273.08,23.40,7.99,5.01,299.46
AM-0000004304,2026-03-03T21:32:00,2026-03-05T09:32:00,USD,Delivered,FBA,552.41,40.45,0.00,30.14,562.72
AM-0000004315,2026-03-31T09:26:00,2026-04-03T08:18:00,USD,Delivered,Merchant,245.57,12.26,12.99,26.63,244.19
AM-0000004317,2026-06-07T21:24:00,2026-06-08T11:38:00,USD,Delivered,FBA,247.50,15.16,12.99,18.93,256.72
AM-0000004319,2026-02-24T19:39:00,2026-02-25T10:41:00,USD,Delivered,FBA,370.56,21.87,12.99,27.27,378.15
AM-0000004323,2026-01-28T21:25:00,2026-02-02T15:16:00,USD,Delivered,Merchant,1192.68,72.26,7.99,119.88,1153.05
AM-0000004324,2025-11-01T13:22:00,2025-11-01T12:35:00,USD,Delivered,FBA,735.30,29.96,0.00,50.13,715.13
AM-0000004327,2025-07-11T12:02:00,2025-07-16T08:38:00,USD,Delivered,FBA,472.82,25.02,12.99,49.33,461.50
AM-0000004328,2026-01-02T09:32:00,2026-01-05T10:48:00,USD,Delivered,FBA,1043.60,76.11,12.99,24.95,1107.75
AM-0000004329,2026-03-10T20:36:00,2026-03-15T22:59:00,USD,Delivered,FBA,615.88,33.65,0.00,58.22,591.31
AM-0000004331,2025-08-17T12:01:00,2025-08-17T22:24:00,USD,Delivered,Merchant,1106.27,54.70,0.00,100.22,1060.75
AM-0000004333,2026-04-10T16:14:00,2026-04-15T21:05:00,USD,Delivered,FBA,595.76,44.32,4.99,42.24,602.83
AM-0000004335,2026-06-25T19:41:00,2026-06-25T11:04:00,USD,Shipped,FBA,415.56,27.27,12.99,22.19,433.63
AM-0000004339,2026-04-12T10:02:00,2026-04-13T17:39:00,USD,Delivered,Merchant,258.57,10.36,0.00,24.15,244.78
AM-0000004340,2025-08-29T14:58:00,2025-08-30T21:37:00,USD,Shipped,FBA,134.86,6.61,12.99,1.28,153.18
AM-0000004343,2025-07-29T17:41:00,2025-07-30T15:43:00,USD,Delivered,FBA,777.68,53.24,7.99,2.86,836.05
AM-0000004347,2025-09-01T20:00:00,2025-09-06T20:51:00,USD,Delivered,FBA,326.51,18.78,7.99,9.21,344.07
AM-0000004353,2025-09-10T08:34:00,2025-09-14T15:43:00,USD,Processing,Merchant,214.58,12.78,0.00,3.82,223.54
AM-0000004354,2025-09-02T08:32:00,2025-09-07T09:58:00,USD,Processing,Merchant,1354.09,84.45,0.00,77.43,1361.11
AM-0000004355,2025-10-19T20:29:00,2025-10-20T19:23:00,USD,Delivered,Merchant,474.30,23.17,0.00,52.58,444.89
AM-0000004358,2025-09-21T22:42:00,2025-09-22T19:28:00,USD,Shipped,Merchant,317.41,17.54,0.00,14.28,320.67
AM-0000004359,2025-08-23T11:56:00,2025-08-24T17:07:00,USD,Cancelled,Merchant,339.82,19.89,4.99,11.81,352.89
AM-0000004361,2025-12-29T16:42:00,2025-12-31T11:01:00,USD,Delivered,Merchant,1155.33,78.30,7.99,35.38,1206.24
AM-0000004370,2025-07-12T17:06:00,2025-07-17T14:09:00,USD,Processing,FBA,940.71,67.84,0.00,36.84,971.71
AM-0000004371,2025-08-25T10:29:00,2025-08-29T15:33:00,USD,Processing,FBA,170.51,9.96,0.00,1.81,178.66
AM-0000004373,2026-01-01T18:52:00,2026-01-02T10:01:00,USD,Delivered,Merchant,565.40,36.29,0.00,45.75,555.94
AM-0000004374,2026-05-20T09:06:00,2026-05-24T18:26:00,USD,Processing,Merchant,464.54,31.47,0.00,34.38,461.63
AM-0000004382,2026-01-20T16:27:00,2026-01-22T14:15:00,USD,Delivered,Merchant,677.16,41.09,0.00,29.18,689.07
AM-0000004383,2026-06-18T13:23:00,2026-06-20T13:39:00,USD,Shipped,Merchant,1065.72,74.04,7.99,64.96,1082.79
AM-0000004384,2026-01-06T10:13:00,2026-01-10T16:22:00,USD,Delivered,FBA,784.46,38.47,0.00,56.57,766.36
AM-0000004388,2026-05-15T14:13:00,2026-05-17T10:17:00,USD,Delivered,Merchant,296.22,16.19,7.99,30.17,290.23
AM-0000004389,2025-09-21T09:06:00,2025-09-24T19:59:00,USD,Delivered,Merchant,1402.37,73.34,0.00,80.93,1394.78
AM-0000004393,2025-10-13T22:18:00,2025-10-13T11:52:00,USD,Delivered,FBA,891.15,46.52,12.99,101.53,849.13
AM-0000004395,2025-11-20T18:51:00,2025-11-22T20:41:00,USD,Processing,FBA,1444.43,95.43,0.00,129.93,1409.93
AM-0000004401,2026-01-24T13:43:00,2026-01-25T08:30:00,USD,Delivered,FBA,1506.72,106.29,4.99,99.49,1518.51
AM-0000004402,2025-08-07T22:46:00,2025-08-11T17:33:00,USD,Delivered,FBA,543.17,24.29,7.99,16.67,558.78
AM-0000004404,2026-01-10T18:13:00,2026-01-13T18:29:00,USD,Delivered,FBA,620.85,45.96,7.99,39.76,635.04
AM-0000004406,2026-02-04T22:53:00,2026-02-05T09:48:00,USD,Delivered,Merchant,767.32,46.56,4.99,67.05,751.82
AM-0000004407,2025-08-16T22:48:00,2025-08-21T08:27:00,USD,Delivered,Merchant,238.30,14.77,12.99,16.53,249.53
AM-0000004410,2025-07-21T15:07:00,2025-07-23T15:33:00,USD,Delivered,Merchant,120.01,9.90,4.99,4.06,130.84
AM-0000004419,2026-02-28T16:30:00,2026-03-01T19:51:00,USD,Delivered,FBA,304.84,13.16,12.99,33.43,297.56
AM-0000004422,2025-08-12T17:28:00,2025-08-15T21:24:00,USD,Delivered,Merchant,368.43,23.59,4.99,10.21,386.80
AM-0000004427,2025-11-23T18:54:00,2025-11-25T16:33:00,USD,Shipped,FBA,152.18,11.64,0.00,8.72,155.10
AM-0000004431,2025-07-30T15:06:00,2025-08-02T13:17:00,USD,Processing,Merchant,1449.67,104.86,0.00,153.11,1401.42
AM-0000004435,2025-10-23T09:58:00,2025-10-27T14:51:00,USD,Processing,Merchant,320.88,26.49,0.00,25.64,321.73
AM-0000004438,2026-02-10T09:28:00,2026-02-15T21:37:00,USD,Delivered,FBA,1252.96,57.90,4.99,60.21,1255.64
AM-0000004439,2025-11-25T19:13:00,2025-11-28T14:07:00,USD,Shipped,FBA,75.97,5.35,7.99,2.28,87.03
AM-0000004441,2026-05-18T12:34:00,2026-05-20T11:45:00,USD,Shipped,Merchant,292.80,13.87,4.99,10.94,300.72
AM-0000004443,2026-01-12T22:59:00,2026-01-17T15:53:00,USD,Delivered,FBA,679.02,45.10,7.99,11.86,720.25
AM-0000004445,2025-10-03T20:53:00,2025-10-04T20:50:00,USD,Shipped,Merchant,570.74,28.00,0.00,36.20,562.54
AM-0000004449,2026-05-21T20:47:00,2026-05-21T17:21:00,USD,Delivered,Merchant,552.91,31.11,0.00,46.91,537.11
AM-0000004451,2025-08-12T13:35:00,2025-08-13T20:40:00,USD,Delivered,FBA,290.78,16.54,0.00,25.69,281.63
AM-0000004453,2026-01-26T14:58:00,2026-01-31T15:56:00,USD,Delivered,FBA,714.29,51.23,0.00,43.67,721.85
AM-0000004456,2025-12-23T14:42:00,2025-12-26T21:36:00,USD,Delivered,FBA,29.24,2.30,0.00,0.55,30.99
AM-0000004462,2025-08-11T17:53:00,2025-08-16T19:09:00,USD,Delivered,Merchant,309.76,24.43,0.00,11.13,323.06
AM-0000004467,2026-01-18T16:50:00,2026-01-18T08:04:00,USD,Delivered,Merchant,230.06,13.58,4.99,13.83,234.80
AM-0000004468,2026-01-05T15:31:00,2026-01-05T12:45:00,USD,Delivered,FBA,149.56,8.54,4.99,10.57,152.52
AM-0000004469,2025-07-10T14:29:00,2025-07-15T13:10:00,USD,Shipped,Merchant,593.97,24.01,0.00,45.14,572.84
AM-0000004470,2025-12-14T21:16:00,2025-12-18T14:30:00,USD,Delivered,Merchant,1323.10,80.89,0.00,50.05,1353.94
AM-0000004471,2025-12-02T17:27:00,2025-12-05T16:53:00,USD,Delivered,FBA,863.28,41.35,0.00,21.06,883.57
AM-0000004472,2025-07-12T12:46:00,2025-07-14T22:34:00,USD,Shipped,Merchant,373.18,27.03,0.00,36.66,363.55
AM-0000004474,2025-08-12T11:07:00,2025-08-12T11:28:00,USD,Delivered,FBA,823.46,54.60,12.99,79.66,811.39
AM-0000004477,2025-08-20T12:15:00,2025-08-24T08:31:00,USD,Shipped,FBA,79.72,6.37,12.99,8.36,90.72
AM-0000004480,2025-12-09T20:40:00,2025-12-11T15:10:00,USD,Delivered,FBA,345.89,28.84,7.99,13.43,369.29
AM-0000004481,2026-05-16T11:04:00,2026-05-17T14:50:00,USD,Processing,Merchant,852.19,57.39,4.99,82.75,831.82
AM-0000004482,2025-12-31T17:35:00,2026-01-03T20:44:00,USD,Delivered,FBA,576.61,38.63,7.99,33.61,589.62
AM-0000004484,2025-08-18T17:48:00,2025-08-23T17:55:00,USD,Processing,Merchant,1381.42,84.54,7.99,125.06,1348.89
AM-0000004491,2025-09-26T09:06:00,2025-09-30T17:31:00,USD,Shipped,Merchant,1606.83,80.27,0.00,109.93,1577.17
AM-0000004505,2026-02-08T16:41:00,2026-02-11T14:45:00,USD,Processing,FBA,77.50,5.94,0.00,1.83,81.61
AM-0000004508,2026-03-28T11:22:00,2026-03-31T15:43:00,USD,Delivered,Merchant,417.55,26.67,0.00,14.73,429.49
AM-0000004511,2026-06-25T22:55:00,2026-06-26T15:38:00,USD,Delivered,FBA,549.40,22.25,0.00,10.51,561.14
AM-0000004513,2026-04-29T16:38:00,2026-04-29T14:15:00,USD,Processing,FBA,191.02,13.89,7.99,4.11,208.79
AM-0000004517,2025-12-12T21:03:00,2025-12-16T11:28:00,USD,Delivered,Merchant,603.88,42.43,4.99,44.04,607.26
AM-0000004518,2025-12-27T13:25:00,2025-12-31T08:43:00,USD,Delivered,FBA,457.80,20.70,7.99,44.59,441.90
AM-0000004520,2025-08-07T12:29:00,2025-08-08T09:52:00,USD,Delivered,Merchant,137.82,5.90,0.00,6.18,137.54
AM-0000004521,2025-11-17T08:40:00,2025-11-20T20:26:00,USD,Delivered,Merchant,126.00,8.48,0.00,15.09,119.39
AM-0000004525,2025-10-26T21:48:00,2025-10-26T19:29:00,USD,Delivered,FBA,146.32,7.95,12.99,3.66,163.60
AM-0000004530,2026-03-23T13:47:00,2026-03-28T19:56:00,USD,Processing,FBA,594.99,44.78,0.00,41.58,598.19
AM-0000004531,2026-03-09T21:52:00,2026-03-11T08:18:00,USD,Delivered,Merchant,145.30,8.40,0.00,0.17,153.53
AM-0000004532,2025-11-17T16:28:00,2025-11-17T19:47:00,USD,Shipped,Merchant,121.71,7.41,0.00,12.64,116.48
AM-0000004533,2025-07-01T09:53:00,2025-07-04T22:38:00,USD,Delivered,Merchant,453.07,33.35,0.00,25.92,460.50
AM-0000004534,2026-05-24T08:37:00,2026-05-27T09:03:00,USD,Delivered,FBA,1509.76,100.21,12.99,96.51,1526.45
AM-0000004535,2026-01-15T14:44:00,2026-01-19T12:07:00,USD,Delivered,Merchant,1096.69,79.84,12.99,43.63,1145.89
AM-0000004537,2026-06-18T13:58:00,2026-06-21T13:06:00,USD,Delivered,Merchant,31.15,1.71,7.99,3.35,37.50
AM-0000004538,2026-04-11T16:52:00,2026-04-15T13:43:00,USD,Delivered,Merchant,85.84,5.40,4.99,0.59,95.64
AM-0000004542,2026-02-21T16:24:00,2026-02-26T14:08:00,USD,Delivered,FBA,1803.56,89.19,0.00,115.99,1776.76
AM-0000004545,2025-07-24T14:15:00,2025-07-27T08:53:00,USD,Shipped,Merchant,865.04,54.06,7.99,54.96,872.13
AM-0000004547,2025-12-24T11:24:00,2025-12-28T10:53:00,USD,Delivered,Merchant,190.23,7.35,0.00,11.11,186.47
AM-0000004549,2026-06-23T14:11:00,2026-06-25T14:56:00,USD,Delivered,FBA,770.43,53.23,0.00,48.16,775.50
AM-0000004551,2026-05-02T17:41:00,2026-05-06T11:06:00,USD,Delivered,FBA,701.45,51.16,12.99,35.29,730.31
AM-0000004558,2025-08-25T17:53:00,2025-08-27T17:29:00,USD,Delivered,FBA,357.15,19.85,12.99,19.69,370.30
AM-0000004561,2026-03-09T16:42:00,2026-03-09T09:29:00,USD,Delivered,Merchant,368.15,24.60,0.00,13.07,379.68
AM-0000004564,2025-09-26T19:45:00,2025-09-27T16:19:00,USD,Delivered,FBA,1617.52,107.92,12.99,78.91,1659.52
AM-0000004585,2026-05-08T08:15:00,2026-05-09T20:08:00,USD,Shipped,FBA,1004.73,65.21,0.00,85.85,984.09
AM-0000004588,2026-03-12T08:19:00,2026-03-14T19:51:00,USD,Delivered,Merchant,247.79,14.80,12.99,2.55,273.03
AM-0000004589,2026-02-02T14:26:00,2026-02-06T09:49:00,USD,Delivered,FBA,479.16,32.35,12.99,25.96,498.54
AM-0000004591,2026-06-27T14:29:00,2026-06-27T10:22:00,USD,Delivered,FBA,1101.63,77.64,12.99,100.41,1091.85
AM-0000004592,2025-09-27T20:55:00,2025-09-29T19:00:00,USD,Delivered,Merchant,1182.61,69.05,0.00,79.05,1172.61
AM-0000004593,2026-06-21T21:52:00,2026-06-21T21:25:00,USD,Delivered,FBA,147.07,9.86,12.99,0.05,169.87
AM-0000004595,2026-01-17T08:41:00,2026-01-21T12:01:00,USD,Delivered,FBA,265.49,12.27,0.00,16.12,261.64
AM-0000004596,2026-02-03T11:41:00,2026-02-08T16:21:00,USD,Delivered,FBA,538.25,33.65,4.99,20.01,556.88
AM-0000004608,2026-04-27T12:19:00,2026-04-28T22:30:00,USD,Delivered,Merchant,1757.20,101.75,12.99,163.22,1708.72
AM-0000004615,2026-04-17T22:45:00,2026-04-17T21:32:00,USD,Delivered,FBA,614.02,38.90,4.99,19.41,638.50
AM-0000004616,2026-02-03T15:28:00,2026-02-07T08:15:00,USD,Shipped,Merchant,432.81,22.89,7.99,1.21,462.48
AM-0000004617,2026-01-21T11:45:00,2026-01-22T10:06:00,USD,Delivered,FBA,349.53,27.71,0.00,6.54,370.70
AM-0000004621,2026-01-22T12:52:00,2026-01-22T11:18:00,USD,Delivered,Merchant,1544.78,81.68,0.00,105.54,1520.92
AM-0000004622,2025-11-04T16:55:00,2025-11-08T19:14:00,USD,Shipped,Merchant,464.51,26.40,0.00,30.24,460.67
AM-0000004623,2026-06-30T22:39:00,2026-06-30T19:23:00,USD,Cancelled,FBA,619.96,47.57,0.00,33.42,634.11
AM-0000004627,2025-08-20T18:11:00,2025-08-21T15:58:00,USD,Cancelled,Merchant,26.46,2.06,4.99,1.12,32.39
AM-0000004629,2025-09-07T20:12:00,2025-09-12T14:59:00,USD,Delivered,FBA,350.20,16.84,7.99,14.51,360.52
AM-0000004635,2025-12-13T20:01:00,2025-12-16T12:58:00,USD,Delivered,Merchant,185.16,11.03,4.99,9.60,191.58
AM-0000004636,2025-12-09T16:11:00,2025-12-13T22:37:00,USD,Shipped,Merchant,381.28,16.81,4.99,34.93,368.15
AM-0000004638,2025-09-12T14:31:00,2025-09-12T20:17:00,USD,Processing,Merchant,145.62,5.50,4.99,10.76,145.35
AM-0000004639,2025-08-08T19:42:00,2025-08-11T11:07:00,USD,Shipped,FBA,480.76,28.24,0.00,17.12,491.88
AM-0000004643,2025-09-28T19:48:00,2025-09-29T11:39:00,USD,Shipped,FBA,168.56,12.34,4.99,13.79,172.10
AM-0000004644,2026-06-27T11:49:00,2026-06-28T22:06:00,USD,Delivered,Merchant,155.00,10.28,0.00,9.14,156.14
AM-0000004646,2025-09-05T08:00:00,2025-09-09T15:47:00,USD,Delivered,Merchant,915.67,52.83,0.00,59.74,908.76
AM-0000004648,2025-09-13T14:25:00,2025-09-17T13:58:00,USD,Delivered,Merchant,73.34,4.27,0.00,0.45,77.16
AM-0000004650,2025-11-20T13:09:00,2025-11-23T15:09:00,USD,Delivered,FBA,952.21,63.57,0.00,60.15,955.63
AM-0000004654,2026-06-06T19:24:00,2026-06-10T10:16:00,USD,Processing,FBA,255.41,9.70,0.00,20.03,245.08
AM-0000004656,2025-08-24T22:38:00,2025-08-28T22:09:00,USD,Delivered,Merchant,1079.89,64.07,7.99,72.68,1079.27
AM-0000004658,2026-03-01T12:54:00,2026-03-05T19:01:00,USD,Delivered,Merchant,672.89,40.99,4.99,18.47,700.40
AM-0000004660,2026-02-04T16:02:00,2026-02-06T20:08:00,USD,Delivered,Merchant,604.75,36.43,7.99,43.49,605.68
AM-0000004663,2025-12-31T14:35:00,2026-01-01T10:37:00,USD,Processing,Merchant,15.15,1.21,0.00,0.22,16.14
AM-0000004664,2025-10-10T13:47:00,2025-10-12T20:49:00,USD,Delivered,FBA,503.20,38.68,0.00,24.09,517.79
AM-0000004665,2026-06-26T17:56:00,2026-06-29T08:12:00,USD,Delivered,FBA,245.78,16.43,7.99,5.41,264.79
AM-0000004667,2026-02-09T11:23:00,2026-02-13T08:24:00,USD,Delivered,Merchant,96.96,7.32,4.99,7.94,101.33
AM-0000004672,2026-02-07T19:39:00,2026-02-10T17:47:00,USD,Delivered,Merchant,445.01,27.48,0.00,27.77,444.72
AM-0000004675,2026-04-08T15:31:00,2026-04-10T14:59:00,USD,Shipped,FBA,841.38,39.82,12.99,28.36,865.83
AM-0000004681,2026-05-15T09:23:00,2026-05-17T22:47:00,USD,Processing,FBA,268.26,17.24,0.00,20.89,264.61
AM-0000004688,2025-10-15T14:28:00,2025-10-15T11:51:00,USD,Delivered,FBA,287.27,16.24,4.99,6.47,302.03
AM-0000004689,2025-07-01T10:07:00,2025-07-05T21:55:00,USD,Delivered,Merchant,1332.96,73.59,0.00,61.82,1344.73
AM-0000004691,2025-12-17T10:52:00,2025-12-18T21:24:00,USD,Processing,FBA,661.30,41.06,0.00,41.48,660.88
AM-0000004692,2025-10-24T08:14:00,2025-10-24T21:24:00,USD,Delivered,Merchant,355.28,27.06,7.99,26.42,363.91
AM-0000004696,2026-06-09T21:16:00,2026-06-12T13:01:00,USD,Shipped,Merchant,1128.68,58.55,12.99,18.69,1181.53
AM-0000004699,2026-06-25T16:09:00,2026-06-28T20:22:00,USD,Delivered,FBA,186.72,9.58,7.99,10.22,194.07
AM-0000004700,2026-04-05T17:01:00,2026-04-05T11:11:00,USD,Shipped,FBA,204.66,8.19,7.99,4.46,216.38
AM-0000004702,2025-11-28T17:02:00,2025-11-28T09:35:00,USD,Delivered,Merchant,736.28,32.14,12.99,41.55,739.86
AM-0000004704,2025-07-06T19:54:00,2025-07-06T16:03:00,USD,Delivered,FBA,395.46,26.51,12.99,37.42,397.54
AM-0000004705,2026-06-12T09:06:00,2026-06-15T13:03:00,USD,Delivered,FBA,301.72,13.53,0.00,26.60,288.65
AM-0000004708,2026-01-20T21:16:00,2026-01-24T22:51:00,USD,Delivered,Merchant,279.68,14.62,12.99,3.34,303.95
AM-0000004716,2026-02-14T09:57:00,2026-02-15T16:17:00,USD,Shipped,Merchant,564.99,26.55,7.99,62.44,537.09
AM-0000004717,2025-11-10T21:33:00,2025-11-15T19:06:00,USD,Delivered,FBA,657.17,46.05,0.00,33.12,670.10
AM-0000004718,2026-06-20T20:33:00,2026-06-21T08:51:00,USD,Delivered,FBA,1461.61,100.17,4.99,97.08,1469.69
AM-0000004720,2026-06-26T08:57:00,2026-06-28T14:56:00,USD,Delivered,FBA,868.14,41.33,4.99,51.53,862.93
AM-0000004721,2026-03-29T11:56:00,2026-04-03T19:58:00,USD,Delivered,Merchant,365.58,25.18,0.00,7.24,383.52
AM-0000004723,2026-05-11T19:50:00,2026-05-11T09:35:00,USD,Shipped,Merchant,177.91,12.23,7.99,1.71,196.42
AM-0000004726,2025-07-28T10:06:00,2025-08-01T12:55:00,USD,Delivered,Merchant,728.98,57.07,7.99,70.26,723.78
AM-0000004728,2026-05-03T22:22:00,2026-05-07T14:19:00,USD,Delivered,Merchant,1228.45,77.96,0.00,68.74,1237.67
AM-0000004729,2025-12-12T13:26:00,2025-12-14T13:50:00,USD,Delivered,FBA,271.97,20.92,12.99,17.45,288.43
AM-0000004737,2026-03-22T19:46:00,2026-03-26T18:46:00,USD,Delivered,FBA,293.84,18.89,12.99,13.24,312.48
AM-0000004740,2025-12-10T17:53:00,2025-12-12T13:46:00,USD,Delivered,Merchant,1276.70,59.19,12.99,23.12,1325.76
AM-0000004741,2026-04-18T10:51:00,2026-04-23T12:48:00,USD,Shipped,Merchant,503.60,21.79,4.99,33.98,496.40
AM-0000004742,2026-01-12T15:29:00,2026-01-17T11:17:00,USD,Delivered,Merchant,481.47,21.93,0.00,40.99,462.41
AM-0000004748,2025-11-09T12:14:00,2025-11-13T22:29:00,USD,Delivered,Merchant,480.79,24.48,7.99,39.25,474.01
AM-0000004751,2026-04-27T13:09:00,2026-04-29T22:59:00,USD,Delivered,FBA,430.06,32.21,0.00,30.44,431.83
AM-0000004752,2026-06-30T19:56:00,2026-06-30T11:55:00,USD,Delivered,Merchant,876.13,47.95,0.00,77.17,846.91
AM-0000004754,2025-10-12T09:00:00,2025-10-16T17:53:00,USD,Delivered,Merchant,228.42,13.59,7.99,4.89,245.11
AM-0000004755,2026-04-07T18:18:00,2026-04-12T09:32:00,USD,Delivered,Merchant,443.98,25.80,0.00,4.68,465.10
AM-0000004758,2025-07-04T12:17:00,2025-07-06T08:10:00,USD,Delivered,Merchant,2003.52,127.66,7.99,138.59,2000.58
AM-0000004774,2026-06-30T08:58:00,2026-06-30T10:54:00,USD,Delivered,FBA,237.32,14.62,0.00,24.84,227.10
AM-0000004775,2026-01-25T15:04:00,2026-01-28T16:08:00,USD,Processing,Merchant,1252.74,71.76,0.00,84.86,1239.64
AM-0000004778,2025-08-01T16:11:00,2025-08-01T10:22:00,USD,Delivered,FBA,964.05,72.27,0.00,42.06,994.26
AM-0000004780,2025-07-01T09:07:00,2025-07-01T16:28:00,USD,Delivered,FBA,540.45,46.30,0.00,16.13,570.62
AM-0000004781,2025-08-17T21:43:00,2025-08-20T14:03:00,USD,Delivered,FBA,1898.66,110.17,4.99,69.10,1944.72
AM-0000004785,2026-01-02T18:31:00,2026-01-02T08:15:00,USD,Delivered,Merchant,807.96,62.28,4.99,63.17,812.06
AM-0000004786,2026-02-06T19:29:00,2026-02-08T19:03:00,USD,Delivered,Merchant,732.77,48.95,0.00,54.86,726.86
AM-0000004788,2025-07-01T12:48:00,2025-07-02T21:25:00,USD,Delivered,FBA,641.00,41.56,0.00,7.19,675.37
AM-0000004792,2025-09-30T12:41:00,2025-10-01T19:47:00,USD,Delivered,FBA,1316.55,93.70,4.99,72.66,1342.58
AM-0000004793,2026-06-29T18:19:00,2026-06-30T08:12:00,USD,Delivered,Merchant,291.30,12.31,4.99,31.20,277.40
AM-0000004799,2026-06-24T19:28:00,2026-06-25T14:01:00,USD,Delivered,Merchant,127.42,10.45,4.99,6.65,136.21
AM-0000004802,2026-01-31T18:21:00,2026-02-01T13:40:00,USD,Delivered,FBA,350.29,14.34,7.99,26.12,346.50
AM-0000004804,2026-02-16T19:53:00,2026-02-18T13:38:00,USD,Shipped,FBA,1548.98,119.73,12.99,112.48,1569.22
AM-0000004806,2026-01-26T12:23:00,2026-01-29T08:37:00,USD,Delivered,Merchant,922.06,60.42,12.99,69.81,925.66
AM-0000004809,2026-01-09T15:44:00,2026-01-11T14:07:00,USD,Delivered,FBA,509.52,30.16,12.99,33.84,518.83
AM-0000004811,2025-09-29T09:49:00,2025-10-04T19:28:00,USD,Delivered,Merchant,612.18,49.45,0.00,50.47,611.16
AM-0000004815,2025-12-19T18:08:00,2025-12-22T19:51:00,USD,Delivered,FBA,266.87,14.17,4.99,2.02,284.01
AM-0000004818,2026-02-14T20:56:00,2026-02-16T10:20:00,USD,Shipped,FBA,1046.89,70.00,4.99,89.30,1032.58
AM-0000004824,2026-06-06T08:08:00,2026-06-06T19:20:00,USD,Delivered,FBA,166.58,10.50,0.00,16.19,160.89
AM-0000004825,2025-07-16T22:34:00,2025-07-17T17:38:00,USD,Shipped,FBA,710.60,30.27,4.99,56.38,689.48
AM-0000004831,2026-05-15T22:58:00,2026-05-19T17:50:00,USD,Delivered,Merchant,463.84,38.96,12.99,22.47,493.32
AM-0000004833,2025-08-11T10:01:00,2025-08-16T21:34:00,USD,Delivered,Merchant,70.62,2.89,12.99,1.86,84.64
AM-0000004835,2026-04-22T08:53:00,2026-04-23T11:39:00,USD,Delivered,FBA,576.36,28.29,0.00,61.25,543.40
AM-0000004838,2026-05-07T19:07:00,2026-05-07T17:19:00,USD,Delivered,Merchant,585.89,36.16,4.99,51.28,575.76
AM-0000004839,2025-10-04T18:35:00,2025-10-05T15:48:00,USD,Processing,FBA,651.15,35.25,7.99,38.22,656.17
AM-0000004843,2025-07-04T15:01:00,2025-07-04T08:58:00,USD,Delivered,FBA,243.58,15.67,7.99,23.16,244.08
AM-0000004847,2025-10-29T11:03:00,2025-10-31T22:14:00,USD,Shipped,Merchant,1095.61,65.63,0.00,79.64,1081.60
AM-0000004848,2026-01-21T19:25:00,2026-01-26T11:00:00,USD,Delivered,FBA,270.22,20.83,0.00,13.91,277.14
AM-0000004853,2026-01-20T17:22:00,2026-01-20T13:08:00,USD,Delivered,Merchant,59.08,3.33,7.99,5.69,64.71
AM-0000004854,2026-01-18T13:52:00,2026-01-20T15:11:00,USD,Delivered,FBA,491.49,37.73,0.00,22.43,506.79
AM-0000004855,2025-07-25T20:28:00,2025-07-30T09:34:00,USD,Delivered,FBA,834.43,57.54,7.99,47.71,852.25
AM-0000004858,2025-08-23T16:33:00,2025-08-28T12:05:00,USD,Delivered,Merchant,841.96,49.10,0.00,24.64,866.42
AM-0000004859,2025-11-20T12:50:00,2025-11-22T18:18:00,USD,Delivered,FBA,699.12,45.34,12.99,72.85,684.60
AM-0000004860,2026-05-27T15:39:00,2026-05-28T20:23:00,USD,Delivered,FBA,644.61,37.04,4.99,46.29,640.35
AM-0000004863,2026-05-12T13:11:00,2026-05-13T08:40:00,USD,Delivered,FBA,578.40,32.38,0.00,39.72,571.06
AM-0000004864,2025-08-12T22:38:00,2025-08-17T16:49:00,USD,Delivered,Merchant,353.72,24.25,0.00,18.80,359.17
AM-0000004870,2025-11-07T20:56:00,2025-11-09T09:33:00,USD,Delivered,Merchant,356.20,24.92,4.99,0.31,385.80
AM-0000004873,2026-06-01T11:39:00,2026-06-06T10:36:00,USD,Shipped,Merchant,429.20,35.65,0.00,26.14,438.71
AM-0000004877,2025-10-17T15:43:00,2025-10-20T16:12:00,USD,Shipped,FBA,513.96,25.55,4.99,37.47,507.03
AM-0000004879,2026-06-19T19:05:00,2026-06-24T19:38:00,USD,Processing,Merchant,638.76,33.28,0.00,26.19,645.85
AM-0000004882,2025-12-24T10:04:00,2025-12-27T17:01:00,USD,Delivered,FBA,275.18,12.30,0.00,21.24,266.24
AM-0000004884,2025-07-10T22:42:00,2025-07-11T11:00:00,USD,Delivered,FBA,1000.48,63.41,12.99,27.41,1049.47
AM-0000004885,2025-09-30T21:17:00,2025-10-04T14:44:00,USD,Delivered,FBA,489.08,32.40,0.00,49.92,471.56
AM-0000004886,2026-05-27T14:05:00,2026-05-31T20:30:00,USD,Delivered,FBA,596.44,36.27,7.99,14.12,626.58
AM-0000004892,2025-10-18T12:59:00,2025-10-21T11:01:00,USD,Delivered,FBA,804.99,47.64,0.00,88.05,764.58
AM-0000004893,2026-01-24T18:53:00,2026-01-26T18:59:00,USD,Shipped,FBA,544.92,28.39,7.99,41.79,539.51
AM-0000004903,2026-04-20T11:50:00,2026-04-20T11:17:00,USD,Delivered,FBA,385.80,30.96,0.00,1.64,415.12
AM-0000004905,2025-10-13T12:43:00,2025-10-13T20:24:00,USD,Delivered,FBA,565.57,29.76,4.99,43.83,556.49
AM-0000004912,2026-04-13T16:50:00,2026-04-18T17:31:00,USD,Processing,FBA,1298.51,68.10,4.99,100.36,1271.24
AM-0000004913,2025-08-19T17:03:00,2025-08-23T17:08:00,USD,Delivered,Merchant,115.04,9.55,7.99,6.28,126.30
AM-0000004914,2026-02-07T08:20:00,2026-02-07T21:36:00,USD,Delivered,Merchant,867.21,55.65,12.99,40.45,895.40
AM-0000004915,2025-09-25T17:33:00,2025-09-30T19:08:00,USD,Delivered,FBA,2304.18,109.58,0.00,103.30,2310.46
AM-0000004917,2026-03-18T15:57:00,2026-03-18T14:32:00,USD,Delivered,Merchant,690.36,39.97,0.00,52.64,677.69
AM-0000004923,2025-07-12T18:58:00,2025-07-13T08:39:00,USD,Delivered,FBA,251.54,17.80,4.99,18.80,255.53
AM-0000004925,2025-07-13T13:32:00,2025-07-14T11:45:00,USD,Processing,Merchant,651.91,44.24,4.99,50.30,650.84
AM-0000004927,2026-03-31T13:27:00,2026-04-03T09:18:00,USD,Delivered,Merchant,1919.37,100.24,4.99,109.55,1915.05
AM-0000004932,2026-02-24T11:30:00,2026-03-01T15:47:00,USD,Delivered,Merchant,264.38,23.03,12.99,6.99,293.41
AM-0000004936,2026-02-14T18:00:00,2026-02-19T14:01:00,USD,Cancelled,FBA,272.86,21.87,7.99,20.30,282.42
AM-0000004948,2026-05-28T22:09:00,2026-05-31T17:47:00,USD,Processing,FBA,649.87,39.62,0.00,44.07,645.42
AM-0000004950,2026-04-06T19:02:00,2026-04-06T11:36:00,USD,Shipped,Merchant,556.75,30.85,12.99,33.62,566.97
AM-0000004956,2026-03-16T11:20:00,2026-03-17T08:35:00,USD,Shipped,Merchant,207.90,15.91,7.99,23.99,207.81
AM-0000004958,2025-07-10T09:33:00,2025-07-10T21:19:00,USD,Shipped,Merchant,1089.36,57.13,0.00,74.74,1071.75
AM-0000004961,2026-02-12T22:35:00,2026-02-15T08:03:00,USD,Processing,Merchant,461.47,26.41,12.99,32.82,468.05
AM-0000004962,2026-03-01T11:07:00,2026-03-02T08:46:00,USD,Delivered,FBA,809.14,45.78,0.00,68.72,786.20
AM-0000004963,2025-09-02T14:08:00,2025-09-06T08:23:00,USD,Delivered,FBA,253.14,14.83,7.99,16.60,259.36
AM-0000004964,2025-10-24T19:03:00,2025-10-26T12:34:00,USD,Delivered,Merchant,2367.03,126.83,4.99,180.24,2318.61
AM-0000004965,2025-12-28T19:53:00,2025-12-31T16:46:00,USD,Delivered,Merchant,2036.78,108.76,0.00,223.28,1922.26
AM-0000004967,2025-12-08T12:20:00,2025-12-12T11:28:00,USD,Cancelled,FBA,14.31,1.05,0.00,0.57,14.79
AM-0000004968,2026-06-23T11:12:00,2026-06-24T19:05:00,USD,Delivered,FBA,488.39,29.66,0.00,22.24,495.81
AM-0000004970,2026-02-20T21:04:00,2026-02-20T14:18:00,USD,Processing,Merchant,182.07,10.64,4.99,12.95,184.75
AM-0000004975,2025-12-11T10:32:00,2025-12-11T18:33:00,USD,Delivered,Merchant,267.06,19.57,4.99,9.89,281.73
AM-0000004976,2025-12-25T18:38:00,2025-12-30T21:53:00,USD,Delivered,Merchant,648.45,43.93,0.00,9.29,683.09
AM-0000004977,2025-10-09T14:15:00,2025-10-14T15:39:00,USD,Delivered,Merchant,1898.80,111.19,4.99,137.36,1877.62
AM-0000004979,2025-08-25T22:27:00,2025-08-30T20:33:00,USD,Delivered,FBA,1724.38,110.77,4.99,79.83,1760.31
AM-0000004981,2025-10-26T15:39:00,2025-10-27T14:19:00,USD,Cancelled,FBA,866.67,39.71,0.00,94.46,811.92
AM-0000004983,2026-01-20T18:14:00,2026-01-21T13:58:00,USD,Delivered,FBA,995.04,38.47,4.99,52.37,986.13
AM-0000004984,2026-06-17T18:25:00,2026-06-22T19:52:00,USD,Shipped,Merchant,2031.74,108.00,4.99,172.09,1972.64
AM-0000004988,2026-06-24T15:09:00,2026-06-24T15:02:00,USD,Delivered,Merchant,1841.64,130.89,12.99,29.95,1955.57
AM-0000004992,2025-12-23T10:36:00,2025-12-23T08:01:00,USD,Shipped,FBA,524.18,24.81,7.99,9.90,547.08
AM-0000004993,2026-06-11T08:30:00,2026-06-15T12:21:00,USD,Delivered,FBA,891.45,43.46,4.99,58.37,881.53
AM-0000004995,2026-01-29T16:28:00,2026-01-29T17:19:00,USD,Processing,FBA,735.35,34.97,12.99,51.99,731.32
AM-0000004996,2025-07-13T21:35:00,2025-07-16T17:23:00,USD,Shipped,FBA,311.46,20.87,0.00,15.67,316.66
AM-0000004997,2026-06-16T08:22:00,2026-06-21T22:34:00,USD,Shipped,Merchant,723.42,35.06,0.00,50.23,708.25
AM-0000004998,2026-01-14T13:48:00,2026-01-17T20:10:00,USD,Delivered,Merchant,745.26,60.66,4.99,31.27,779.64
AM-0000004999,2026-05-15T17:34:00,2026-05-15T10:36:00,USD,Processing,Merchant,801.30,54.09,0.00,31.83,823.56
