source_order_id,line_number,sku,quantity,unit_price,line_discount,line_tax,line_total
AM-0000000003,1,SKU-0014,1,332.96,17.11,24.84,340.69
AM-0000000006,1,SKU-0062,2,14.59,0.42,1.23,29.99
AM-0000000008,1,SKU-0096,2,29.08,5.70,4.58,57.04
AM-0000000016,1,SKU-0064,1,26.02,2.59,1.95,25.38
AM-0000000016,2,SKU-0104,1,190.11,1.67,13.63,202.07
AM-0000000018,1,SKU-0050,2,429.81,44.71,49.74,864.65
AM-0000000018,2,SKU-0003,3,32.24,4.69,6.08,98.11
AM-0000000018,3,SKU-0013,1,318.49,25.87,20.68,313.30
AM-0000000019,1,SKU-0006,1,153.24,10.13,7.77,150.88
AM-0000000023,1,SKU-0031,3,343.24,90.36,64.21,1003.57
AM-0000000023,2,SKU-0009,2,167.42,13.03,14.21,336.02
AM-0000000024,1,SKU-0051,2,101.48,23.64,8.00,187.32
AM-0000000024,2,SKU-0056,1,232.86,4.26,9.53,238.13
AM-0000000024,3,SKU-0076,2,109.81,7.97,17.70,229.35
AM-0000000030,1,SKU-0060,1,261.36,23.22,18.00,256.14
AM-0000000030,2,SKU-0003,1,31.94,1.95,2.21,32.20
AM-0000000030,3,SKU-0072,2,147.24,7.30,12.58,299.76
AM-0000000032,1,SKU-0011,1,276.98,21.36,18.15,273.77
AM-0000000032,2,SKU-0101,1,158.94,15.67,6.34,149.61
AM-0000000032,3,SKU-0027,2,63.65,0.20,7.24,134.34
AM-0000000033,1,SKU-0094,2,284.23,44.57,30.15,554.04
AM-0000000033,2,SKU-0119,1,247.48,5.95,16.74,258.27
AM-0000000034,1,SKU-0055,2,30.34,0.40,5.25,65.53
AM-0000000034,2,SKU-0056,1,264.53,15.34,11.70,260.89
AM-0000000034,3,SKU-0005,1,94.31,3.31,6.75,97.75
AM-0000000034,4,SKU-0116,1,380.90,19.43,19.37,380.84
AM-0000000035,1,SKU-0013,1,304.35,25.99,14.33,292.69
AM-0000000041,1,SKU-0002,1,149.00,11.26,9.09,146.83
AM-0000000041,2,SKU-0041,2,309.25,10.88,34.23,641.85
AM-0000000041,3,SKU-0026,1,274.58,22.88,11.35,263.05
AM-0000000041,4,SKU-0111,4,250.14,117.52,46.60,929.64
AM-0000000041,5,SKU-0042,2,391.23,75.17,54.65,761.94
AM-0000000044,1,SKU-0055,2,32.69,5.77,4.48,64.09
AM-0000000047,1,SKU-0017,2,74.17,16.99,7.10,138.45
AM-0000000047,2,SKU-0054,1,214.23,21.44,16.10,208.89
AM-0000000048,1,SKU-0085,2,156.16,4.93,27.55,334.94
AM-0000000051,1,SKU-0086,1,23.14,1.58,1.02,22.58
AM-0000000051,2,SKU-0113,1,145.15,8.15,9.21,146.21
AM-0000000051,3,SKU-0023,3,159.88,15.48,26.78,490.94
AM-0000000051,4,SKU-0005,3,93.06,7.09,16.00,288.09
AM-0000000055,1,SKU-0060,2,224.81,19.76,20.46,450.32
AM-0000000055,2,SKU-0063,1,26.42,2.99,1.07,24.50
AM-0000000055,3,SKU-0095,1,69.36,6.64,4.14,66.86
AM-0000000055,4,SKU-0041,2,344.17,24.58,54.15,717.91
AM-0000000055,5,SKU-0007,1,249.22,3.85,14.54,259.91
AM-0000000063,1,SKU-0079,4,34.38,1.43,9.78,145.87
AM-0000000063,2,SKU-0054,1,213.15,23.77,7.68,197.06
AM-0000000066,1,SKU-0104,4,196.26,69.34,43.29,758.99
AM-0000000066,2,SKU-0063,1,24.39,1.66,1.09,23.82
AM-0000000066,3,SKU-0007,1,254.93,13.20,16.51,258.24
AM-0000000080,1,SKU-0108,1,132.57,1.80,10.72,141.49
AM-0000000080,2,SKU-0007,3,249.88,60.78,45.04,733.90
AM-0000000080,3,SKU-0052,1,271.38,17.95,15.89,269.32
AM-0000000080,4,SKU-0102,1,19.47,2.25,1.30,18.52
AM-0000000082,1,SKU-0110,3,62.76,15.96,12.73,185.05
AM-0000000083,1,SKU-0044,1,255.46,9.91,15.73,261.28
AM-0000000093,1,SKU-0071,1,322.20,10.54,21.82,333.48
AM-0000000100,1,SKU-0047,1,16.88,1.14,1.06,16.80
AM-0000000100,2,SKU-0026,1,270.40,28.70,10.60,252.30
AM-0000000100,3,SKU-0063,1,23.45,0.26,1.68,24.87
AM-0000000100,4,SKU-0105,1,114.82,5.69,6.25,115.38
AM-0000000101,1,SKU-0003,2,35.12,3.43,4.32,71.13
AM-0000000101,2,SKU-0025,1,139.03,13.04,5.67,131.66
AM-0000000103,1,SKU-0027,1,66.95,0.93,3.94,69.96
AM-0000000105,1,SKU-0064,2,26.74,3.56,3.21,53.13
AM-0000000105,2,SKU-0021,2,122.86,27.84,18.31,236.19
AM-0000000109,1,SKU-0047,1,16.52,0.44,1.42,17.50
AM-0000000110,1,SKU-0097,1,163.84,15.18,10.99,159.65
AM-0000000110,2,SKU-0014,2,369.47,54.78,49.92,734.08
AM-0000000117,1,SKU-0056,1,255.53,29.97,9.91,235.47
AM-0000000125,1,SKU-0095,1,70.43,8.02,5.04,67.45
AM-0000000125,2,SKU-0074,2,117.07,8.52,11.00,236.62
AM-0000000129,1,SKU-0003,3,35.23,5.19,5.81,106.31
AM-0000000129,2,SKU-0008,1,46.09,1.38,2.26,46.97
AM-0000000129,3,SKU-0030,1,200.81,0.14,8.88,209.55
AM-0000000129,4,SKU-0100,1,272.60,6.67,22.53,288.46
AM-0000000132,1,SKU-0087,1,187.57,0.81,11.13,197.89
AM-0000000136,1,SKU-0109,1,352.84,20.28,24.97,357.53
AM-0000000136,2,SKU-0067,1,49.58,3.24,2.10,48.44
AM-0000000136,3,SKU-0009,1,157.63,1.99,8.11,163.75
AM-0000000136,4,SKU-0059,1,131.60,12.22,7.93,127.31
AM-0000000136,5,SKU-0061,1,222.36,4.08,11.32,229.60
AM-0000000141,1,SKU-0097,2,175.14,13.40,18.10,354.98
AM-0000000141,2,SKU-0083,1,182.71,6.00,13.94,190.65
AM-0000000143,1,SKU-0072,2,158.55,29.33,21.51,309.28
AM-0000000143,2,SKU-0054,2,208.90,20.71,17.81,414.90
AM-0000000143,3,SKU-0104,2,204.60,47.70,26.64,388.14
AM-0000000143,4,SKU-0028,1,85.17,5.05,7.07,87.19
AM-0000000143,5,SKU-0020,3,215.29,50.74,47.58,642.71
AM-0000000144,1,SKU-0115,1,276.45,16.58,23.21,283.08
AM-0000000144,2,SKU-0086,1,23.14,2.63,1.42,21.93
AM-0000000144,3,SKU-0057,1,500.75,41.09,20.87,480.53
AM-0000000145,1,SKU-0053,1,371.85,26.36,22.18,367.67
AM-0000000145,2,SKU-0109,1,374.60,32.50,30.70,372.80
AM-0000000149,1,SKU-0013,4,325.00,130.50,63.80,1233.30
AM-0000000153,1,SKU-0063,1,25.49,0.81,1.05,25.73
AM-0000000154,1,SKU-0117,2,96.48,8.00,11.21,196.17
AM-0000000154,2,SKU-0059,3,123.94,27.86,26.20,370.16
AM-0000000160,1,SKU-0024,1,31.58,3.34,1.51,29.75
AM-0000000161,1,SKU-0092,2,16.51,2.97,1.37,31.42
AM-0000000166,1,SKU-0026,1,261.13,16.33,20.28,265.08
AM-0000000166,2,SKU-0055,3,29.73,4.09,5.71,90.81
AM-0000000166,3,SKU-0102,1,19.82,1.65,0.99,19.16
AM-0000000167,1,SKU-0114,4,236.52,77.99,59.82,927.91
AM-0000000167,2,SKU-0070,2,220.61,44.10,16.81,413.93
AM-0000000167,3,SKU-0025,1,133.50,13.19,7.48,127.79
AM-0000000173,1,SKU-0113,1,162.00,9.67,10.71,163.04
AM-0000000173,2,SKU-0058,1,277.06,18.07,18.16,277.15
AM-0000000173,3,SKU-0065,1,143.52,6.89,10.69,147.32
AM-0000000181,1,SKU-0017,1,65.59,2.90,4.47,67.16
AM-0000000185,1,SKU-0030,1,201.93,16.13,10.04,195.84
AM-0000000186,1,SKU-0084,2,394.02,1.84,33.99,820.19
AM-0000000186,2,SKU-0026,1,270.51,30.53,17.85,257.83
AM-0000000186,3,SKU-0021,1,112.05,10.85,7.93,109.13
AM-0000000186,4,SKU-0113,1,166.90,11.49,12.64,168.05
AM-0000000187,1,SKU-0087,1,188.55,6.11,13.43,195.87
AM-0000000187,2,SKU-0034,1,366.98,35.24,17.53,349.27
AM-0000000187,3,SKU-0099,1,175.00,5.44,12.96,182.52
AM-0000000187,4,SKU-0110,1,64.47,4.90,3.31,62.88
AM-0000000190,1,SKU-0115,1,280.06,22.61,14.96,272.41
AM-0000000195,1,SKU-0032,1,183.35,20.02,7.66,170.99
AM-0000000195,2,SKU-0049,1,230.97,11.63,18.24,237.58
AM-0000000200,1,SKU-0098,3,356.96,120.17,75.19,1025.90
AM-0000000202,1,SKU-0021,2,118.03,12.71,9.95,233.30
AM-0000000206,1,SKU-0058,1,262.93,20.95,18.09,260.07
AM-0000000213,1,SKU-0081,1,47.34,2.66,3.63,48.31
AM-0000000213,2,SKU-0098,2,359.15,7.09,33.58,744.79
AM-0000000214,1,SKU-0051,1,92.44,4.63,6.66,94.47
AM-0000000214,2,SKU-0105,1,109.51,0.03,6.10,115.58
AM-0000000215,1,SKU-0106,1,96.67,10.80,3.45,89.32
AM-0000000216,1,SKU-0095,1,68.45,6.06,5.56,67.95
AM-0000000216,2,SKU-0116,1,431.41,0.67,26.62,457.36
AM-0000000216,3,SKU-0035,1,143.70,0.04,10.55,154.21
AM-0000000219,1,SKU-0113,1,151.20,16.16,10.19,145.23
AM-0000000219,2,SKU-0064,1,25.56,0.11,2.07,27.52
AM-0000000219,3,SKU-0067,3,57.09,16.26,7.11,162.12
AM-0000000220,1,SKU-0012,1,65.01,5.95,3.24,62.30
AM-0000000220,2,SKU-0089,1,25.54,1.75,0.98,24.77
AM-0000000221,1,SKU-0013,1,286.78,29.92,19.15,276.01
AM-0000000221,2,SKU-0060,2,239.80,47.91,22.74,454.43
AM-0000000221,3,SKU-0079,5,35.10,2.36,7.38,180.52
AM-0000000224,1,SKU-0039,2,99.88,8.54,10.12,201.34
AM-0000000224,2,SKU-0030,1,216.49,3.08,15.58,228.99
AM-0000000224,3,SKU-0003,2,34.59,4.90,3.85,68.13
AM-0000000224,4,SKU-0103,5,355.39,37.94,154.86,1893.87
AM-0000000225,1,SKU-0064,3,27.07,1.12,6.08,86.17
AM-0000000227,1,SKU-0108,2,153.79,25.00,17.13,299.71
AM-0000000230,1,SKU-0004,1,136.92,1.32,5.62,141.22
AM-0000000230,2,SKU-0113,1,145.22,3.83,12.67,154.06
AM-0000000231,1,SKU-0119,1,258.12,21.13,20.23,257.22
AM-0000000231,2,SKU-0003,1,31.50,2.68,1.67,30.49
AM-0000000233,1,SKU-0071,1,314.89,6.28,27.59,336.20
AM-0000000237,1,SKU-0114,1,219.65,2.36,18.51,235.80
AM-0000000237,2,SKU-0047,1,14.85,1.30,0.63,14.18
AM-0000000237,3,SKU-0010,2,319.46,14.92,51.98,675.98
AM-0000000237,4,SKU-0097,2,165.36,2.63,19.50,347.59
AM-0000000239,1,SKU-0095,1,64.02,6.09,5.20,63.13
AM-0000000242,1,SKU-0023,1,182.33,3.28,11.60,190.65
AM-0000000244,1,SKU-0055,1,31.23,3.64,2.22,29.81
AM-0000000244,2,SKU-0094,2,275.73,47.35,37.85,541.96
AM-0000000244,3,SKU-0041,1,320.41,16.91,23.51,327.01
AM-0000000244,4,SKU-0093,1,293.40,21.90,13.08,284.58
AM-0000000244,5,SKU-0036,4,266.66,31.54,76.40,1111.50
AM-0000000246,1,SKU-0099,2,177.95,29.39,26.01,352.52
AM-0000000247,1,SKU-0048,1,187.02,4.36,13.60,196.26
AM-0000000249,1,SKU-0059,3,129.39,5.16,25.37,408.38
AM-0000000251,1,SKU-0104,1,188.14,8.23,9.24,189.15
AM-0000000254,1,SKU-0062,1,14.82,0.88,1.08,15.02
AM-0000000254,2,SKU-0024,3,33.29,10.92,5.29,94.24
AM-0000000258,1,SKU-0099,1,160.27,3.31,10.95,167.91
AM-0000000258,2,SKU-0067,1,56.37,2.68,4.06,57.75
AM-0000000258,3,SKU-0055,1,27.69,2.39,1.83,27.13
AM-0000000258,4,SKU-0094,2,274.76,21.24,46.79,575.07
AM-0000000262,1,SKU-0061,3,190.92,0.73,41.96,613.99
AM-0000000269,1,SKU-0009,3,167.81,42.03,28.12,489.52
AM-0000000269,2,SKU-0091,1,172.45,14.73,7.19,164.91
AM-0000000271,1,SKU-0095,1,73.25,6.41,4.55,71.39
AM-0000000271,2,SKU-0100,5,238.03,3.90,87.91,1274.16
AM-0000000280,1,SKU-0006,2,174.93,13.30,16.87,353.43
AM-0000000284,1,SKU-0119,3,262.61,35.39,36.68,789.12
AM-0000000285,1,SKU-0045,1,80.85,1.27,5.84,85.42
AM-0000000285,2,SKU-0054,1,203.19,6.05,14.69,211.83
AM-0000000285,3,SKU-0099,3,163.41,10.53,26.15,505.85
AM-0000000285,4,SKU-0038,1,261.95,23.71,9.61,247.85
AM-0000000287,1,SKU-0102,1,18.91,0.72,1.40,19.59
AM-0000000287,2,SKU-0066,2,80.62,10.45,12.10,162.89
AM-0000000290,1,SKU-0002,1,136.85,1.28,9.14,144.71
AM-0000000291,1,SKU-0052,1,282.04,3.82,14.63,292.85
AM-0000000292,1,SKU-0028,2,84.66,18.06,6.33,157.59
AM-0000000292,2,SKU-0049,3,215.10,46.05,27.41,626.66
AM-0000000293,1,SKU-0061,2,192.10,28.98,23.56,378.78
AM-0000000293,2,SKU-0019,3,48.12,2.05,11.51,153.82
AM-0000000294,1,SKU-0037,2,69.94,13.48,7.46,133.86
AM-0000000297,1,SKU-0024,1,32.43,0.68,2.22,33.97
AM-0000000297,2,SKU-0100,2,231.56,36.17,34.34,461.29
AM-0000000298,1,SKU-0066,1,73.79,3.04,5.67,76.42
AM-0000000299,1,SKU-0067,1,49.90,4.88,3.18,48.20
AM-0000000300,1,SKU-0066,1,79.75,2.14,5.45,83.06
AM-0000000300,2,SKU-0009,1,169.51,4.39,13.83,178.95
AM-0000000304,1,SKU-0010,2,302.86,30.31,34.99,610.40
AM-0000000307,1,SKU-0086,4,23.38,5.70,7.05,94.87
AM-0000000307,2,SKU-0102,1,20.09,1.66,0.89,19.32
AM-0000000307,3,SKU-0053,2,328.97,44.43,42.22,655.73
AM-0000000307,4,SKU-0039,1,96.42,3.25,6.24,99.41
AM-0000000310,1,SKU-0089,1,23.78,1.50,1.20,23.48
AM-0000000310,2,SKU-0114,2,212.82,38.20,16.96,404.40
AM-0000000310,3,SKU-0010,1,329.07,34.04,19.57,314.60
AM-0000000311,1,SKU-0031,2,333.54,57.94,44.45,653.59
AM-0000000315,1,SKU-0060,2,221.43,28.21,17.94,432.59
AM-0000000316,1,SKU-0026,1,248.05,26.21,16.38,238.22
AM-0000000316,2,SKU-0057,4,444.85,104.25,136.45,1811.60
AM-0000000316,3,SKU-0086,1,22.06,2.54,0.82,20.34
AM-0000000316,4,SKU-0014,4,355.86,145.67,61.44,1339.21
AM-0000000321,1,SKU-0077,2,260.84,60.70,20.25,481.23
AM-0000000323,1,SKU-0001,2,353.13,59.66,56.42,703.02
AM-0000000323,2,SKU-0087,1,191.51,8.58,14.85,197.78
AM-0000000327,1,SKU-0112,1,226.97,14.21,12.69,225.45
AM-0000000337,1,SKU-0047,1,14.99,1.78,1.14,14.35
AM-0000000337,2,SKU-0013,2,310.77,23.83,32.10,629.81
AM-0000000339,1,SKU-0117,1,99.21,4.59,5.98,100.60
AM-0000000340,1,SKU-0036,1,305.44,11.12,19.26,313.58
AM-0000000344,1,SKU-0112,1,227.93,20.85,14.47,221.55
AM-0000000346,1,SKU-0106,3,102.70,10.82,12.80,310.08
AM-0000000346,2,SKU-0026,1,246.00,18.67,10.81,238.14
AM-0000000346,3,SKU-0090,1,257.25,8.67,20.65,269.23
AM-0000000350,1,SKU-0078,1,164.02,8.83,9.36,164.55
AM-0000000354,1,SKU-0088,1,141.87,1.44,6.19,146.62
AM-0000000368,1,SKU-0081,1,45.88,4.12,3.13,44.89
AM-0000000368,2,SKU-0003,1,35.61,4.16,2.34,33.79
AM-0000000368,3,SKU-0005,1,107.01,12.10,6.55,101.46
AM-0000000369,1,SKU-0104,2,188.57,12.85,25.59,389.88
AM-0000000369,2,SKU-0026,1,268.12,20.35,12.29,260.06
AM-0000000374,1,SKU-0004,1,120.03,8.02,7.53,119.54
AM-0000000374,2,SKU-0007,2,246.66,54.60,39.19,477.91
AM-0000000374,3,SKU-0023,4,182.39,31.87,33.99,731.68
AM-0000000374,4,SKU-0052,1,258.15,24.05,10.00,244.10
AM-0000000376,1,SKU-0056,1,230.09,20.19,18.00,227.90
AM-0000000376,2,SKU-0069,1,222.27,1.45,18.15,238.97
AM-0000000377,1,SKU-0082,1,251.04,27.91,19.48,242.61
AM-0000000378,1,SKU-0058,1,253.08,14.13,13.51,252.46
AM-0000000378,2,SKU-0084,1,357.85,21.12,27.25,363.98
AM-0000000380,1,SKU-0053,1,336.92,3.17,17.17,350.92
AM-0000000381,1,SKU-0045,1,88.01,3.04,6.16,91.13
AM-0000000394,1,SKU-0047,1,16.01,1.00,1.12,16.13
AM-0000000395,1,SKU-0083,1,184.92,19.25,8.57,174.24
AM-0000000395,2,SKU-0033,1,112.57,11.42,7.05,108.20
AM-0000000395,3,SKU-0005,3,100.58,25.66,21.16,297.24
AM-0000000398,1,SKU-0003,2,33.58,5.91,5.46,66.71
AM-0000000398,2,SKU-0114,1,219.88,5.06,15.55,230.37
AM-0000000398,3,SKU-0053,1,374.69,8.40,19.85,386.14
AM-0000000401,1,SKU-0091,1,176.88,15.79,14.22,175.31
AM-0000000403,1,SKU-0033,1,112.98,0.03,5.89,118.84
AM-0000000404,1,SKU-0017,3,64.41,11.31,13.84,195.76
AM-0000000404,2,SKU-0078,1,177.31,19.00,8.13,166.44
AM-0000000404,3,SKU-0040,1,217.11,24.95,12.48,204.64
AM-0000000405,1,SKU-0062,1,16.23,1.03,0.87,16.07
AM-0000000406,1,SKU-0001,3,356.88,105.14,40.84,1006.34
AM-0000000410,1,SKU-0010,1,309.24,35.12,12.58,286.70
AM-0000000411,1,SKU-0100,1,256.45,20.71,19.42,255.16
AM-0000000416,1,SKU-0024,1,31.37,3.19,1.66,29.84
AM-0000000429,1,SKU-0061,3,201.55,33.36,33.45,604.74
AM-0000000429,2,SKU-0110,2,70.42,5.94,8.50,143.40
AM-0000000430,1,SKU-0042,1,365.08,29.58,18.41,353.91
AM-0000000430,2,SKU-0054,1,220.38,3.95,15.97,232.40
AM-0000000433,1,SKU-0044,3,237.16,77.07,52.99,687.40
AM-0000000433,2,SKU-0027,1,66.54,4.65,2.97,64.86
AM-0000000438,1,SKU-0061,1,215.92,9.81,17.73,223.84
AM-0000000441,1,SKU-0047,1,14.95,1.27,1.04,14.72
AM-0000000441,2,SKU-0035,2,145.09,23.99,11.41,277.60
AM-0000000441,3,SKU-0100,2,268.56,56.24,41.01,521.89
AM-0000000447,1,SKU-0082,1,256.33,8.81,20.00,267.52
AM-0000000447,2,SKU-0113,1,148.91,17.31,6.28,137.88
AM-0000000447,3,SKU-0021,1,116.45,5.59,7.01,117.87
AM-0000000447,4,SKU-0054,1,236.38,22.66,9.57,223.29
AM-0000000448,1,SKU-0012,2,71.16,8.32,11.25,145.25
AM-0000000450,1,SKU-0047,1,16.34,0.25,0.93,17.02
AM-0000000451,1,SKU-0106,1,94.57,2.37,3.98,96.18
AM-0000000451,2,SKU-0060,1,242.21,20.29,10.19,232.11
AM-0000000462,1,SKU-0006,1,153.97,4.82,10.72,159.87
AM-0000000462,2,SKU-0036,1,273.34,3.89,13.52,282.97
AM-0000000463,1,SKU-0060,1,234.78,21.31,14.19,227.66
AM-0000000463,2,SKU-0099,1,176.00,7.38,9.35,177.97
AM-0000000463,3,SKU-0022,3,200.35,5.58,52.54,648.01
AM-0000000463,4,SKU-0107,1,367.18,0.82,28.02,394.38
AM-0000000465,1,SKU-0115,1,270.23,16.10,20.59,274.72
AM-0000000467,1,SKU-0102,1,21.34,0.30,0.87,21.91
AM-0000000467,2,SKU-0014,1,357.16,14.53,24.75,367.38
AM-0000000468,1,SKU-0079,1,34.56,3.83,1.68,32.41
AM-0000000468,2,SKU-0029,1,143.47,1.70,8.12,149.89
AM-0000000469,1,SKU-0090,3,244.13,57.07,52.79,728.11
AM-0000000475,1,SKU-0087,3,175.09,34.91,23.32,513.68
AM-0000000477,1,SKU-0012,1,74.17,8.69,5.72,71.20
AM-0000000477,2,SKU-0103,1,343.64,8.49,18.69,353.84
AM-0000000480,1,SKU-0114,2,210.93,6.27,29.52,445.11
AM-0000000480,2,SKU-0110,2,72.74,3.30,12.43,154.61
AM-0000000481,1,SKU-0006,1,178.19,2.86,12.10,187.43
AM-0000000481,2,SKU-0076,1,109.69,1.79,8.62,116.52
AM-0000000481,3,SKU-0111,2,248.20,32.82,25.06,488.64
AM-0000000484,1,SKU-0106,1,91.15,0.77,4.57,94.95
AM-0000000485,1,SKU-0005,2,94.91,8.81,13.31,194.32
AM-0000000485,2,SKU-0020,1,214.72,14.84,12.45,212.33
AM-0000000486,1,SKU-0065,1,151.10,11.00,11.69,151.79
AM-0000000486,2,SKU-0012,1,74.92,0.22,4.63,79.33
AM-0000000486,3,SKU-0022,1,197.40,3.30,9.20,203.30
AM-0000000486,4,SKU-0113,2,149.94,22.11,14.81,292.58
AM-0000000487,1,SKU-0063,1,22.83,2.21,1.77,22.39
AM-0000000487,2,SKU-0051,2,103.31,1.59,13.96,218.99
AM-0000000489,1,SKU-0085,1,149.81,13.29,8.36,144.88
AM-0000000491,1,SKU-0083,2,160.00,35.45,18.44,302.99
AM-0000000493,1,SKU-0015,1,232.12,6.14,14.66,240.64
AM-0000000493,2,SKU-0069,3,246.71,73.14,59.39,726.38
AM-0000000493,3,SKU-0038,1,266.55,13.54,11.65,264.66
AM-0000000494,1,SKU-0097,1,178.71,2.03,12.73,189.41
AM-0000000494,2,SKU-0089,1,27.39,1.66,2.31,28.04
AM-0000000501,1,SKU-0005,1,97.43,9.59,6.40,94.24
AM-0000000503,1,SKU-0084,1,374.00,13.72,30.37,390.65
AM-0000000504,1,SKU-0052,1,254.40,12.12,9.73,252.01
AM-0000000504,2,SKU-0097,1,180.29,17.30,11.35,174.34
AM-0000000504,3,SKU-0104,1,201.34,19.93,14.15,195.56
AM-0000000504,4,SKU-0017,2,66.30,12.76,6.94,126.78
AM-0000000504,5,SKU-0040,4,240.19,27.06,62.17,995.87
AM-0000000506,1,SKU-0099,1,176.31,8.11,13.59,181.79
AM-0000000506,2,SKU-0010,1,317.63,13.84,13.29,317.08
AM-0000000508,1,SKU-0044,1,278.18,0.94,20.90,298.14
AM-0000000509,1,SKU-0094,1,302.13,35.82,11.48,277.79
AM-0000000509,2,SKU-0053,1,337.71,28.42,24.68,333.97
AM-0000000509,3,SKU-0107,1,363.89,12.69,21.01,372.21
AM-0000000509,4,SKU-0026,1,273.03,19.50,10.80,264.33
AM-0000000509,5,SKU-0096,1,29.04,0.26,2.17,30.95
AM-0000000515,1,SKU-0065,3,144.36,44.51,25.70,414.27
AM-0000000515,2,SKU-0104,2,201.61,16.20,19.64,406.66
AM-0000000515,3,SKU-0003,2,35.94,6.25,4.18,69.81
AM-0000000515,4,SKU-0017,3,75.29,11.55,14.54,228.86
AM-0000000516,1,SKU-0018,1,161.65,12.36,12.02,161.31
AM-0000000518,1,SKU-0026,1,252.04,11.86,18.87,259.05
AM-0000000521,1,SKU-0067,4,57.68,22.22,16.96,225.46
AM-0000000521,2,SKU-0107,1,347.05,20.76,20.66,346.95
AM-0000000521,3,SKU-0086,3,22.79,5.13,5.32,68.56
AM-0000000521,4,SKU-0102,1,19.58,0.13,1.35,20.80
AM-0000000526,1,SKU-0115,1,271.71,19.84,10.60,262.47
AM-0000000526,2,SKU-0096,1,31.26,2.79,1.16,29.63
AM-0000000532,1,SKU-0082,2,291.82,30.32,31.47,584.79
AM-0000000532,2,SKU-0057,1,479.99,41.78,34.71,472.92
AM-0000000533,1,SKU-0074,1,116.86,2.37,4.98,119.47
AM-0000000533,2,SKU-0096,3,28.96,5.49,5.47,86.86
AM-0000000535,1,SKU-0042,2,393.33,9.68,60.73,837.71
AM-0000000538,1,SKU-0066,1,69.98,5.16,3.99,68.81
AM-0000000542,1,SKU-0095,1,63.93,6.69,2.66,59.90
AM-0000000542,2,SKU-0064,1,25.77,1.24,1.45,25.98
AM-0000000545,1,SKU-0001,1,367.16,29.76,25.02,362.42
AM-0000000545,2,SKU-0029,1,125.92,10.57,9.78,125.13
AM-0000000545,3,SKU-0004,5,133.24,36.36,33.81,663.65
AM-0000000550,1,SKU-0086,1,21.21,0.21,1.73,22.73
AM-0000000550,2,SKU-0036,1,264.24,2.07,18.51,280.68
AM-0000000550,3,SKU-0052,1,274.12,22.68,19.15,270.59
AM-0000000550,4,SKU-0102,3,18.99,3.03,4.31,58.25
AM-0000000551,1,SKU-0020,3,220.75,57.78,32.42,636.89
AM-0000000552,1,SKU-0035,1,142.94,5.98,6.76,143.72
AM-0000000552,2,SKU-0088,1,149.02,3.51,8.19,153.70
AM-0000000554,1,SKU-0059,1,123.05,3.72,8.06,127.39
AM-0000000554,2,SKU-0101,1,168.19,18.73,8.74,158.20
AM-0000000563,1,SKU-0047,2,16.08,0.74,1.72,33.14
AM-0000000564,1,SKU-0016,1,116.17,11.05,7.56,112.68
AM-0000000566,1,SKU-0109,1,349.93,13.37,29.75,366.31
AM-0000000566,2,SKU-0033,1,113.27,3.10,7.73,117.90
AM-0000000567,1,SKU-0076,1,99.48,8.14,6.63,97.97
AM-0000000570,1,SKU-0013,2,293.94,11.07,45.02,621.83
AM-0000000572,1,SKU-0001,3,382.23,44.46,87.79,1190.02
AM-0000000572,2,SKU-0093,1,275.61,18.45,14.63,271.79
AM-0000000572,3,SKU-0032,2,187.27,43.66,17.07,347.95
AM-0000000575,1,SKU-0078,1,161.35,2.04,6.42,165.73
AM-0000000575,2,SKU-0064,3,25.54,6.46,5.40,75.56
AM-0000000575,3,SKU-0106,2,102.18,19.95,8.93,193.34
AM-0000000578,1,SKU-0112,1,217.90,2.85,10.72,225.77
AM-0000000578,2,SKU-0068,1,77.68,9.25,4.41,72.84
AM-0000000578,3,SKU-0120,2,290.31,40.75,44.46,584.33
AM-0000000578,4,SKU-0037,1,70.60,1.42,5.19,74.37
AM-0000000579,1,SKU-0017,1,64.97,3.95,4.58,65.60
AM-0000000580,1,SKU-0092,3,14.88,1.86,2.99,45.77
AM-0000000580,2,SKU-0090,1,255.20,23.40,13.26,245.06
AM-0000000583,1,SKU-0119,2,243.43,7.49,19.41,498.78
AM-0000000586,1,SKU-0087,1,171.27,0.09,7.01,178.19
AM-0000000586,2,SKU-0077,1,290.51,16.67,14.86,288.70
AM-0000000589,1,SKU-0058,1,266.70,9.48,19.12,276.34
AM-0000000589,2,SKU-0034,2,344.84,34.50,49.18,704.36
AM-0000000589,3,SKU-0004,2,121.68,2.72,13.03,253.67
AM-0000000591,1,SKU-0095,1,64.72,0.16,3.79,68.35
AM-0000000593,1,SKU-0039,3,88.69,31.71,12.12,246.48
AM-0000000593,2,SKU-0002,1,147.29,7.95,7.42,146.76
AM-0000000593,3,SKU-0063,4,25.76,2.90,4.60,104.74
AM-0000000593,4,SKU-0004,1,126.36,6.46,6.30,126.20
AM-0000000593,5,SKU-0090,1,278.81,21.18,12.65,270.28
AM-0000000596,1,SKU-0008,4,43.04,7.30,9.74,174.60
AM-0000000600,1,SKU-0120,2,267.34,0.05,21.92,556.55
AM-0000000603,1,SKU-0076,3,101.95,18.68,12.45,299.62
AM-0000000603,2,SKU-0040,1,238.08,8.51,16.17,245.74
AM-0000000603,3,SKU-0022,1,195.60,3.20,9.48,201.88
AM-0000000604,1,SKU-0062,2,15.81,0.31,2.20,33.51
AM-0000000605,1,SKU-0112,1,204.63,15.97,8.96,197.62
AM-0000000609,1,SKU-0057,2,467.08,104.24,34.57,864.49
AM-0000000609,2,SKU-0048,4,171.15,9.74,57.32,732.18
AM-0000000609,3,SKU-0036,1,276.02,27.05,22.01,270.98
AM-0000000613,1,SKU-0025,1,129.58,3.35,8.88,135.11
AM-0000000619,1,SKU-0048,3,174.45,9.18,27.39,541.56
AM-0000000619,2,SKU-0035,1,143.90,13.56,5.54,135.88
AM-0000000619,3,SKU-0047,3,16.72,5.44,1.83,46.55
AM-0000000619,4,SKU-0018,1,145.38,9.91,6.21,141.68
AM-0000000621,1,SKU-0084,1,388.06,34.37,25.02,378.71
AM-0000000622,1,SKU-0104,1,210.21,20.33,16.24,206.12
AM-0000000622,2,SKU-0114,3,238.07,25.07,58.63,747.77
AM-0000000623,1,SKU-0104,2,200.26,5.47,32.18,427.23
AM-0000000624,1,SKU-0117,1,106.27,4.50,8.24,110.01
AM-0000000624,2,SKU-0087,1,194.10,16.13,9.18,187.15
AM-0000000624,3,SKU-0120,3,270.83,50.62,37.38,799.25
AM-0000000624,4,SKU-0007,1,260.82,14.15,16.58,263.25
AM-0000000627,1,SKU-0057,2,465.97,88.58,64.19,907.55
AM-0000000628,1,SKU-0099,1,157.82,0.39,12.67,170.10
AM-0000000628,2,SKU-0085,2,144.20,28.87,16.93,276.46
AM-0000000633,1,SKU-0064,1,26.75,0.13,2.37,28.99
AM-0000000639,1,SKU-0097,2,179.37,38.36,25.46,345.84
AM-0000000639,2,SKU-0037,1,63.94,5.72,3.15,61.37
AM-0000000639,3,SKU-0006,1,165.77,9.07,10.09,166.79
AM-0000000643,1,SKU-0004,1,117.55,13.68,5.40,109.27
AM-0000000646,1,SKU-0032,2,195.95,4.54,25.48,412.84
AM-0000000650,1,SKU-0072,1,159.37,5.88,13.12,166.61
AM-0000000650,2,SKU-0050,1,396.48,25.26,31.51,402.73
AM-0000000653,1,SKU-0108,1,155.67,7.16,7.77,156.28
AM-0000000653,2,SKU-0111,1,221.72,4.90,17.91,234.73
AM-0000000653,3,SKU-0061,1,204.25,7.32,9.21,206.14
AM-0000000653,4,SKU-0088,2,141.34,13.35,18.06,287.39
AM-0000000661,1,SKU-0071,1,340.08,14.09,25.93,351.92
AM-0000000662,1,SKU-0102,2,18.43,2.20,2.98,37.64
AM-0000000662,2,SKU-0045,1,89.47,8.64,4.88,85.71
AM-0000000664,1,SKU-0023,2,173.66,23.57,21.21,344.96
AM-0000000666,1,SKU-0012,2,69.58,16.46,10.93,133.63
AM-0000000666,2,SKU-0083,1,181.25,6.82,8.17,182.60
AM-0000000666,3,SKU-0070,1,243.16,18.98,16.65,240.83
AM-0000000667,1,SKU-0100,2,243.95,51.09,20.00,456.81
AM-0000000667,2,SKU-0049,2,210.29,24.78,33.66,429.46
AM-0000000670,1,SKU-0086,1,22.97,1.40,1.65,23.22
AM-0000000670,2,SKU-0067,1,52.70,5.22,2.65,50.13
AM-0000000671,1,SKU-0099,1,158.15,3.61,9.64,164.18
AM-0000000671,2,SKU-0090,1,283.55,16.92,20.95,287.58
AM-0000000671,3,SKU-0114,2,230.85,34.40,36.65,463.95
AM-0000000677,1,SKU-0120,3,267.96,56.71,49.84,797.01
AM-0000000678,1,SKU-0059,2,121.00,8.73,16.30,249.57
AM-0000000679,1,SKU-0006,2,159.06,26.37,15.47,307.22
AM-0000000679,2,SKU-0067,1,51.25,4.05,3.22,50.42
AM-0000000679,3,SKU-0035,2,160.60,0.19,22.14,343.15
AM-0000000682,1,SKU-0005,1,97.61,10.11,7.31,94.81
AM-0000000682,2,SKU-0119,1,262.41,1.69,12.33,273.05
AM-0000000685,1,SKU-0020,1,249.13,9.98,20.46,259.61
AM-0000000685,2,SKU-0064,1,24.25,0.90,1.50,24.85
AM-0000000685,3,SKU-0005,1,105.98,5.78,7.16,107.36
AM-0000000688,1,SKU-0113,1,167.80,4.35,8.45,171.90
AM-0000000693,1,SKU-0002,1,157.83,13.60,10.68,154.91
AM-0000000695,1,SKU-0094,2,306.42,69.28,42.37,585.93
AM-0000000695,2,SKU-0022,2,216.03,33.20,32.06,430.92
AM-0000000701,1,SKU-0057,1,453.56,17.97,31.45,467.04
AM-0000000701,2,SKU-0107,1,399.96,22.74,29.19,406.41
AM-0000000701,3,SKU-0051,2,96.02,18.52,8.05,181.57
AM-0000000701,4,SKU-0119,1,245.76,3.31,16.57,259.02
AM-0000000701,5,SKU-0108,1,154.18,16.11,9.55,147.62
AM-0000000703,1,SKU-0097,1,171.83,5.22,11.08,177.69
AM-0000000705,1,SKU-0005,4,108.78,24.77,34.53,444.88
AM-0000000705,2,SKU-0080,1,90.17,6.29,6.76,90.64
AM-0000000709,1,SKU-0045,2,83.76,0.76,14.12,180.88
AM-0000000709,2,SKU-0073,2,121.44,12.20,11.48,242.16
AM-0000000711,1,SKU-0057,1,454.01,3.17,36.78,487.62
AM-0000000712,1,SKU-0040,1,251.74,13.02,20.44,259.16
AM-0000000712,2,SKU-0004,1,133.14,5.01,7.85,135.98
AM-0000000712,3,SKU-0080,4,92.03,25.78,24.91,367.25
AM-0000000718,1,SKU-0074,1,112.68,11.65,6.02,107.05
AM-0000000718,2,SKU-0108,1,157.01,15.78,6.63,147.86
AM-0000000726,1,SKU-0072,1,169.83,17.31,8.05,160.57
AM-0000000727,1,SKU-0034,1,343.49,16.61,26.92,353.80
AM-0000000727,2,SKU-0096,3,28.88,8.96,3.34,81.02
AM-0000000728,1,SKU-0118,2,200.67,6.22,31.79,426.91
AM-0000000731,1,SKU-0105,3,114.10,10.32,20.71,352.69
AM-0000000731,2,SKU-0097,1,164.69,14.31,9.39,159.77
AM-0000000731,3,SKU-0045,1,86.53,7.56,4.73,83.70
AM-0000000732,1,SKU-0002,3,133.13,18.11,16.09,397.37
AM-0000000732,2,SKU-0083,1,162.80,16.37,12.78,159.21
AM-0000000732,3,SKU-0048,1,183.75,3.21,7.46,188.00
AM-0000000733,1,SKU-0114,3,223.97,29.49,37.10,679.52
AM-0000000735,1,SKU-0094,2,311.23,23.88,30.17,628.75
AM-0000000736,1,SKU-0078,1,153.66,2.96,11.87,162.57
AM-0000000739,1,SKU-0057,2,432.10,61.50,63.77,866.47
AM-0000000741,1,SKU-0087,1,183.81,14.59,11.03,180.25
AM-0000000741,2,SKU-0080,2,94.84,15.70,8.92,182.90
AM-0000000741,3,SKU-0050,1,421.36,13.86,18.46,425.96
AM-0000000742,1,SKU-0030,4,234.27,81.79,60.14,915.43
AM-0000000742,2,SKU-0012,1,73.95,0.81,4.21,77.35
AM-0000000742,3,SKU-0014,1,337.42,39.26,25.40,323.56
AM-0000000743,1,SKU-0029,2,132.81,27.12,19.54,258.04
AM-0000000743,2,SKU-0069,2,228.46,26.32,34.93,465.53
AM-0000000744,1,SKU-0021,2,116.30,4.47,20.03,248.16
AM-0000000744,2,SKU-0064,1,26.47,0.24,1.34,27.57
AM-0000000746,1,SKU-0105,1,102.41,2.51,5.67,105.57
AM-0000000748,1,SKU-0033,2,113.78,11.50,18.19,234.25
AM-0000000749,1,SKU-0039,1,89.67,5.87,5.21,89.01
AM-0000000749,2,SKU-0111,1,217.81,14.62,12.48,215.67
AM-0000000749,3,SKU-0033,2,114.96,15.59,9.25,223.58
AM-0000000749,4,SKU-0023,3,156.24,18.28,28.53,478.97
AM-0000000750,1,SKU-0083,1,174.43,3.53,13.13,184.03
AM-0000000750,2,SKU-0082,2,246.09,0.77,22.22,513.63
AM-0000000750,3,SKU-0023,2,182.08,3.92,22.37,382.61
AM-0000000751,1,SKU-0101,1,178.92,16.90,12.57,174.59
AM-0000000752,1,SKU-0056,2,235.62,45.04,19.26,445.46
AM-0000000753,1,SKU-0078,3,156.22,27.73,25.05,465.98
AM-0000000755,1,SKU-0058,4,282.75,93.91,80.68,1117.77
AM-0000000756,1,SKU-0053,1,324.40,18.89,15.34,320.85
AM-0000000758,1,SKU-0036,2,266.21,54.59,40.79,518.62
AM-0000000758,2,SKU-0034,1,367.67,16.07,26.57,378.17
AM-0000000764,1,SKU-0082,1,263.90,9.23,20.70,275.37
AM-0000000772,1,SKU-0014,2,354.98,50.28,30.31,689.99
AM-0000000772,2,SKU-0056,1,258.46,2.79,20.58,276.25
AM-0000000773,1,SKU-0005,1,93.02,3.69,7.80,97.13
AM-0000000778,1,SKU-0116,4,387.33,77.31,100.19,1572.20
AM-0000000782,1,SKU-0047,1,16.35,0.63,0.93,16.65
AM-0000000782,2,SKU-0080,1,92.78,5.16,5.58,93.20
AM-0000000782,3,SKU-0114,3,203.97,31.47,30.04,610.48
AM-0000000786,1,SKU-0117,2,97.04,3.60,12.82,203.30
AM-0000000796,1,SKU-0054,2,226.81,18.37,20.15,455.40
AM-0000000796,2,SKU-0005,2,97.71,11.65,9.85,193.62
AM-0000000796,3,SKU-0062,1,15.50,1.46,1.18,15.22
AM-0000000801,1,SKU-0117,1,102.32,5.11,8.29,105.50
AM-0000000801,2,SKU-0094,2,273.37,51.36,41.80,537.18
AM-0000000801,3,SKU-0005,5,107.08,24.29,32.59,543.70
AM-0000000805,1,SKU-0035,1,156.74,5.61,12.70,163.83
AM-0000000805,2,SKU-0021,2,126.28,15.00,20.64,258.20
AM-0000000805,3,SKU-0099,2,176.85,28.39,22.51,347.82
AM-0000000810,1,SKU-0039,2,90.26,14.52,8.09,174.09
AM-0000000810,2,SKU-0119,2,247.69,42.33,19.83,472.88
AM-0000000818,1,SKU-0006,1,165.73,10.04,8.20,163.89
AM-0000000818,2,SKU-0005,3,99.62,11.27,17.64,305.23
AM-0000000819,1,SKU-0074,1,109.57,4.89,5.55,110.23
AM-0000000819,2,SKU-0112,2,208.58,42.28,28.52,403.40
AM-0000000826,1,SKU-0042,1,379.57,8.10,16.87,388.34
AM-0000000826,2,SKU-0066,3,73.74,17.36,14.69,218.55
AM-0000000826,3,SKU-0060,1,257.94,26.60,13.55,244.89
AM-0000000826,4,SKU-0095,2,72.22,6.94,9.42,146.92
AM-0000000827,1,SKU-0002,1,153.11,8.53,9.14,153.72
AM-0000000827,2,SKU-0054,1,223.86,1.73,16.92,239.05
AM-0000000828,1,SKU-0014,1,336.86,7.78,25.91,354.99
AM-0000000828,2,SKU-0012,2,69.20,4.95,10.63,144.08
AM-0000000831,1,SKU-0101,1,156.44,3.63,9.33,162.14
AM-0000000833,1,SKU-0107,1,358.75,31.49,22.62,349.88
AM-0000000838,1,SKU-0060,2,250.81,15.87,35.67,521.42
AM-0000000838,2,SKU-0059,1,126.28,11.26,4.97,119.99
AM-0000000838,3,SKU-0096,1,31.65,0.14,2.52,34.03
AM-0000000840,1,SKU-0037,2,67.14,12.78,10.12,131.62
AM-0000000840,2,SKU-0076,1,93.31,7.33,6.87,92.85
AM-0000000840,3,SKU-0026,2,280.79,59.18,43.13,545.53
AM-0000000840,4,SKU-0117,1,96.22,7.18,6.62,95.66
AM-0000000843,1,SKU-0117,2,99.76,2.48,16.97,214.01
AM-0000000847,1,SKU-0034,3,400.95,0.26,62.91,1265.50
AM-0000000851,1,SKU-0063,1,23.77,1.78,1.29,23.28
AM-0000000852,1,SKU-0118,4,235.79,16.93,40.12,966.35
AM-0000000852,2,SKU-0119,1,265.28,30.01,20.28,255.55
AM-0000000852,3,SKU-0022,1,200.58,22.22,7.82,186.18
AM-0000000852,4,SKU-0088,1,147.80,10.92,8.39,145.27
AM-0000000854,1,SKU-0031,2,333.17,37.38,30.20,659.16
AM-0000000860,1,SKU-0085,1,143.90,7.22,11.70,148.38
AM-0000000860,2,SKU-0002,1,158.02,10.50,10.43,157.95
AM-0000000862,1,SKU-0033,1,109.46,8.23,6.61,107.84
AM-0000000865,1,SKU-0025,3,124.73,4.28,16.71,386.62
AM-0000000865,2,SKU-0040,3,236.62,23.06,42.47,729.27
AM-0000000870,1,SKU-0098,2,346.47,25.27,39.38,707.05
AM-0000000877,1,SKU-0040,3,216.44,43.14,33.71,639.89
AM-0000000880,1,SKU-0081,1,47.70,0.89,3.25,50.06
AM-0000000884,1,SKU-0108,1,140.30,12.27,8.07,136.10
AM-0000000884,2,SKU-0065,2,154.03,22.68,20.50,305.88
AM-0000000887,1,SKU-0052,2,260.02,58.19,25.48,487.33
AM-0000000887,2,SKU-0049,1,211.23,21.32,14.53,204.44
AM-0000000889,1,SKU-0086,1,22.41,2.63,1.68,21.46
AM-0000000893,1,SKU-0051,1,98.76,6.41,6.47,98.82
AM-0000000898,1,SKU-0001,1,358.17,6.63,24.06,375.60
AM-0000000898,2,SKU-0052,2,273.26,46.94,24.79,524.37
AM-0000000898,3,SKU-0118,1,234.28,24.80,13.01,222.49
AM-0000000899,1,SKU-0037,1,73.80,7.89,4.43,70.34
AM-0000000899,2,SKU-0095,2,74.34,5.97,6.49,149.20
AM-0000000903,1,SKU-0026,1,270.70,10.24,21.44,281.90
AM-0000000903,2,SKU-0007,1,224.55,11.40,15.21,228.36
AM-0000000905,1,SKU-0032,2,185.40,24.69,27.25,373.36
AM-0000000905,2,SKU-0103,2,363.01,4.60,35.83,757.25
AM-0000000905,3,SKU-0049,2,231.15,13.82,33.11,481.59
AM-0000000908,1,SKU-0010,1,314.77,36.66,14.49,292.60
AM-0000000909,1,SKU-0057,3,455.50,132.99,86.10,1319.61
AM-0000000913,1,SKU-0085,2,158.15,26.74,18.26,307.82
AM-0000000914,1,SKU-0018,1,163.65,19.09,10.13,154.69
AM-0000000917,1,SKU-0082,1,273.73,0.15,20.03,293.61
AM-0000000917,2,SKU-0039,1,95.68,7.49,4.50,92.69
AM-0000000920,1,SKU-0029,1,123.51,0.73,9.14,131.92
AM-0000000920,2,SKU-0066,5,70.52,8.89,24.18,367.89
AM-0000000921,1,SKU-0044,2,271.37,12.01,38.85,569.58
AM-0000000928,1,SKU-0033,1,111.76,0.44,6.21,117.53
AM-0000000928,2,SKU-0054,1,225.33,9.75,10.68,226.26
AM-0000000928,3,SKU-0064,3,23.52,4.82,5.60,71.34
AM-0000000936,1,SKU-0002,1,140.08,13.53,5.26,131.81
AM-0000000936,2,SKU-0072,1,172.26,18.70,12.90,166.46
AM-0000000936,3,SKU-0056,1,251.43,6.32,14.20,259.31
AM-0000000941,1,SKU-0047,2,15.22,0.76,1.57,31.25
AM-0000000943,1,SKU-0067,3,51.16,0.44,6.95,159.99
AM-0000000948,1,SKU-0025,1,139.54,12.11,5.28,132.71
AM-0000000949,1,SKU-0026,1,239.58,15.50,12.49,236.57
AM-0000000956,1,SKU-0119,2,247.95,38.73,37.54,494.71
AM-0000000960,1,SKU-0017,1,68.50,5.95,3.07,65.62
AM-0000000960,2,SKU-0058,4,295.60,0.71,93.34,1275.03
AM-0000000960,3,SKU-0048,1,191.20,1.36,12.48,202.32
AM-0000000960,4,SKU-0097,2,170.31,10.58,16.23,346.27
AM-0000000960,5,SKU-0061,1,194.15,13.84,10.71,191.02
AM-0000000961,1,SKU-0041,2,316.96,22.57,47.44,658.79
AM-0000000961,2,SKU-0004,1,129.59,10.93,8.80,127.46
AM-0000000962,1,SKU-0094,3,287.82,53.29,40.38,850.55
AM-0000000965,1,SKU-0083,2,177.38,9.21,15.57,361.12
AM-0000000965,2,SKU-0108,1,156.04,1.17,12.74,167.61
AM-0000000966,1,SKU-0022,2,201.47,23.29,23.23,402.88
AM-0000000966,2,SKU-0006,1,168.65,0.55,14.94,183.04
AM-0000000966,3,SKU-0051,1,100.49,9.61,5.58,96.46
AM-0000000966,4,SKU-0012,5,67.48,19.44,18.52,336.48
AM-0000000970,1,SKU-0052,2,286.28,46.17,33.83,560.22
AM-0000000970,2,SKU-0110,1,62.37,2.73,4.17,63.81
AM-0000000971,1,SKU-0063,1,24.76,1.96,1.20,24.00
AM-0000000972,1,SKU-0055,1,32.72,2.45,1.69,31.96
AM-0000000981,1,SKU-0001,1,348.95,39.80,20.11,329.26
AM-0000000981,2,SKU-0084,1,345.55,15.59,13.61,343.57
AM-0000000981,3,SKU-0007,1,229.51,5.95,10.53,234.09
AM-0000000985,1,SKU-0059,1,132.68,4.11,11.54,140.11
AM-0000000985,2,SKU-0034,2,368.29,75.87,37.55,698.26
AM-0000000985,3,SKU-0084,1,393.80,44.47,25.13,374.46
AM-0000000986,1,SKU-0092,2,16.28,1.69,2.33,33.20
AM-0000000986,2,SKU-0029,1,141.29,9.15,5.30,137.44
AM-0000000987,1,SKU-0062,3,16.50,0.12,2.56,51.94
AM-0000000987,2,SKU-0064,1,27.41,1.13,1.65,27.93
AM-0000000987,3,SKU-0058,1,254.10,1.53,10.58,263.15
AM-0000000987,4,SKU-0054,1,238.70,14.35,9.78,234.13
AM-0000000987,5,SKU-0112,1,204.12,14.23,8.67,198.56
AM-0000000988,1,SKU-0026,2,247.34,47.63,27.40,474.45
AM-0000000988,2,SKU-0062,2,14.96,1.05,2.35,31.22
AM-0000000991,1,SKU-0001,1,373.10,1.67,15.62,387.05
AM-0000000994,1,SKU-0081,1,47.08,1.54,3.05,48.59
AM-0000000994,2,SKU-0093,1,262.75,9.17,22.66,276.24
AM-0000000994,3,SKU-0056,2,266.92,62.00,28.02,499.86
AM-0000000994,4,SKU-0009,2,182.56,9.65,30.70,386.17
AM-0000000996,1,SKU-0106,1,103.45,8.31,7.83,102.97
AM-0000000996,2,SKU-0001,1,338.19,3.20,17.49,352.48
AM-0000000996,3,SKU-0015,2,219.26,7.76,30.72,461.48
AM-0000000996,4,SKU-0020,1,211.20,8.29,9.51,212.42
AM-0000001008,1,SKU-0064,1,24.93,1.85,1.90,24.98
AM-0000001013,1,SKU-0059,1,126.61,7.34,6.08,125.35
AM-0000001018,1,SKU-0031,1,309.96,2.42,25.35,332.89
AM-0000001018,2,SKU-0037,1,72.36,6.31,5.02,71.07
AM-0000001018,3,SKU-0093,1,271.47,11.09,18.89,279.27
AM-0000001020,1,SKU-0107,1,380.69,42.47,27.35,365.57
AM-0000001020,2,SKU-0016,1,115.95,3.11,5.33,118.17
AM-0000001020,3,SKU-0103,1,359.11,7.53,23.24,374.82
AM-0000001021,1,SKU-0109,1,391.88,27.83,22.33,386.38
AM-0000001021,2,SKU-0021,1,120.25,5.14,8.07,123.18
AM-0000001024,1,SKU-0022,1,212.05,9.04,15.05,218.06
AM-0000001024,2,SKU-0119,3,250.52,43.66,62.39,770.29
AM-0000001024,3,SKU-0010,3,288.55,77.89,65.89,853.65
AM-0000001026,1,SKU-0038,2,244.60,57.44,32.53,464.29
AM-0000001026,2,SKU-0053,2,354.44,6.71,46.42,748.59
AM-0000001026,3,SKU-0008,2,42.14,6.25,3.62,81.65
AM-0000001027,1,SKU-0058,2,279.63,53.77,43.31,548.80
AM-0000001027,2,SKU-0067,2,57.53,11.13,8.54,112.47
AM-0000001027,3,SKU-0020,1,245.84,8.90,15.85,252.79
AM-0000001032,1,SKU-0043,1,136.30,3.73,7.36,139.93
AM-0000001032,2,SKU-0017,1,66.30,7.29,5.22,64.23
AM-0000001034,1,SKU-0053,2,343.12,63.77,46.91,669.38
AM-0000001035,1,SKU-0008,4,45.26,7.33,14.02,187.73
AM-0000001035,2,SKU-0115,1,279.16,30.36,16.55,265.35
AM-0000001035,3,SKU-0058,1,268.46,10.86,17.70,275.30
AM-0000001036,1,SKU-0105,1,104.64,8.48,6.51,102.67
AM-0000001036,2,SKU-0099,4,178.15,49.88,27.12,689.84
AM-0000001036,3,SKU-0088,2,135.53,31.08,14.34,254.32
AM-0000001039,1,SKU-0076,2,103.59,3.15,10.67,214.70
AM-0000001042,1,SKU-0042,2,416.54,41.38,64.58,856.28
AM-0000001042,2,SKU-0037,2,67.60,5.91,6.02,135.31
AM-0000001045,1,SKU-0029,1,125.63,11.34,5.99,120.28
AM-0000001052,1,SKU-0001,3,362.70,62.07,70.78,1096.81
AM-0000001059,1,SKU-0024,2,35.24,4.07,4.28,70.69
AM-0000001059,2,SKU-0107,1,380.63,45.42,23.34,358.55
AM-0000001061,1,SKU-0019,1,42.69,3.43,3.38,42.64
AM-0000001062,1,SKU-0103,2,365.17,81.28,56.35,705.41
AM-0000001062,2,SKU-0071,1,299.23,10.88,14.27,302.62
AM-0000001062,3,SKU-0085,1,147.31,12.65,9.32,143.98
AM-0000001062,4,SKU-0057,1,463.02,50.79,24.79,437.02
AM-0000001063,1,SKU-0059,1,117.16,3.05,5.00,119.11
AM-0000001064,1,SKU-0077,1,270.43,4.88,16.74,282.29
AM-0000001064,2,SKU-0111,1,228.85,7.97,12.23,233.11
AM-0000001064,3,SKU-0054,2,227.64,34.13,20.79,441.94
AM-0000001067,1,SKU-0116,2,383.78,72.04,30.72,726.24
AM-0000001072,1,SKU-0016,1,125.12,6.84,7.07,125.35
AM-0000001073,1,SKU-0072,2,169.84,22.16,24.39,341.91
AM-0000001073,2,SKU-0120,2,254.41,57.37,26.71,478.16
AM-0000001073,3,SKU-0054,2,205.00,29.47,33.86,414.39
AM-0000001073,4,SKU-0100,3,270.51,96.94,63.94,778.53
AM-0000001074,1,SKU-0074,2,126.35,29.41,9.25,232.54
AM-0000001074,2,SKU-0004,1,120.44,1.62,9.91,128.73
AM-0000001077,1,SKU-0072,2,153.67,11.79,12.92,308.47
AM-0000001077,2,SKU-0063,3,24.06,1.80,6.08,76.46
AM-0000001089,1,SKU-0067,1,51.09,1.22,3.42,53.29
AM-0000001089,2,SKU-0032,1,168.21,17.31,6.21,157.11
AM-0000001090,1,SKU-0059,2,129.98,7.98,15.57,267.55
AM-0000001090,2,SKU-0096,2,32.42,0.58,3.07,67.33
AM-0000001090,3,SKU-0053,1,340.43,7.45,22.09,355.07
AM-0000001090,4,SKU-0052,1,283.94,24.22,15.69,275.41
AM-0000001099,1,SKU-0100,1,238.64,7.59,14.85,245.90
AM-0000001099,2,SKU-0022,3,196.23,61.82,33.70,560.57
AM-0000001099,3,SKU-0031,1,340.85,12.15,23.45,352.15
AM-0000001102,1,SKU-0009,5,181.89,13.47,43.73,939.71
AM-0000001104,1,SKU-0061,1,208.92,1.54,17.59,224.97
AM-0000001104,2,SKU-0075,3,27.08,9.68,4.01,75.57
AM-0000001104,3,SKU-0076,1,109.84,7.77,7.01,109.08
AM-0000001104,4,SKU-0033,1,117.02,14.04,5.49,108.47
AM-0000001109,1,SKU-0097,3,181.99,61.23,22.07,506.81
AM-0000001109,2,SKU-0116,2,434.53,6.30,47.28,910.04
AM-0000001109,3,SKU-0051,2,88.56,7.60,12.15,181.67
AM-0000001112,1,SKU-0073,1,126.90,8.72,8.08,126.26
AM-0000001112,2,SKU-0112,1,226.80,12.92,16.07,229.95
AM-0000001114,1,SKU-0025,3,122.51,37.32,15.98,346.19
AM-0000001114,2,SKU-0026,1,276.09,14.11,17.55,279.53
AM-0000001114,3,SKU-0097,2,159.08,8.82,22.84,332.18
AM-0000001114,4,SKU-0103,1,334.13,4.47,19.86,349.52
AM-0000001115,1,SKU-0056,3,269.26,30.76,31.20,808.22
AM-0000001115,2,SKU-0055,1,30.77,2.08,2.19,30.88
AM-0000001117,1,SKU-0052,3,264.33,87.00,35.61,741.60
AM-0000001117,2,SKU-0059,2,132.35,11.11,19.89,273.48
AM-0000001118,1,SKU-0008,2,47.58,2.15,4.69,97.70
AM-0000001121,1,SKU-0097,1,157.18,12.48,8.79,153.49
AM-0000001121,2,SKU-0094,1,281.25,5.83,22.11,297.53
AM-0000001122,1,SKU-0037,2,71.84,10.62,5.68,138.74
AM-0000001122,2,SKU-0072,1,151.35,4.22,7.19,154.32
AM-0000001122,3,SKU-0066,1,81.17,7.80,3.50,76.87
AM-0000001123,1,SKU-0096,1,32.67,2.66,1.99,32.00
AM-0000001124,1,SKU-0071,2,340.31,41.62,33.47,672.47
AM-0000001127,1,SKU-0035,1,145.50,4.33,12.56,153.73
AM-0000001128,1,SKU-0013,2,306.47,4.31,47.59,656.22
AM-0000001134,1,SKU-0096,1,29.04,1.41,1.22,28.85
AM-0000001136,1,SKU-0054,2,211.83,33.20,20.30,410.76
AM-0000001136,2,SKU-0097,1,158.62,1.52,8.31,165.41
AM-0000001137,1,SKU-0069,1,251.03,3.08,10.56,258.51
AM-0000001137,2,SKU-0103,3,317.15,57.84,62.97,956.58
AM-0000001139,1,SKU-0002,1,156.53,14.67,9.66,151.52
AM-0000001139,2,SKU-0078,2,154.89,9.81,20.95,320.92
AM-0000001139,3,SKU-0091,1,188.00,3.16,10.04,194.88
AM-0000001142,1,SKU-0082,1,290.52,28.97,10.61,272.16
AM-0000001142,2,SKU-0111,1,223.33,5.86,8.74,226.21
AM-0000001144,1,SKU-0082,2,287.22,9.49,45.33,610.28
AM-0000001146,1,SKU-0005,1,106.12,12.35,6.96,100.73
AM-0000001146,2,SKU-0054,1,230.31,8.54,18.52,240.29
AM-0000001146,3,SKU-0095,1,70.15,2.94,4.97,72.18
AM-0000001146,4,SKU-0113,1,151.69,10.56,8.59,149.72
AM-0000001146,5,SKU-0071,1,343.01,40.36,17.46,320.11
AM-0000001149,1,SKU-0107,2,396.67,43.86,41.61,791.09
AM-0000001149,2,SKU-0093,2,304.64,40.89,48.99,617.38
AM-0000001149,3,SKU-0032,1,189.02,0.66,11.00,199.36
AM-0000001152,1,SKU-0054,1,229.91,8.82,9.56,230.65
AM-0000001152,2,SKU-0088,1,143.11,1.50,6.28,147.89
AM-0000001154,1,SKU-0096,2,33.52,1.31,4.48,70.21
AM-0000001154,2,SKU-0035,1,142.36,2.69,9.52,149.19
AM-0000001154,3,SKU-0010,1,289.99,16.74,20.29,293.54
AM-0000001154,4,SKU-0106,3,101.85,28.36,21.72,298.91
AM-0000001161,1,SKU-0057,1,489.00,33.29,24.70,480.41
AM-0000001161,2,SKU-0037,5,68.73,40.52,12.73,315.86
AM-0000001161,3,SKU-0070,2,232.82,6.59,24.06,483.11
AM-0000001162,1,SKU-0057,1,432.98,17.92,25.48,440.54
AM-0000001171,1,SKU-0104,1,201.05,14.58,12.32,198.79
AM-0000001171,2,SKU-0067,1,58.13,0.83,4.61,61.91
AM-0000001173,1,SKU-0028,1,80.52,7.50,6.00,79.02
AM-0000001179,1,SKU-0003,3,31.71,2.18,4.49,97.44
AM-0000001180,1,SKU-0052,2,281.47,17.46,41.79,587.27
AM-0000001180,2,SKU-0095,1,73.31,4.04,3.72,72.99
AM-0000001186,1,SKU-0011,2,275.90,13.32,39.77,578.25
AM-0000001186,2,SKU-0051,4,93.78,4.76,31.38,401.74
AM-0000001186,3,SKU-0090,2,256.04,1.76,30.74,541.06
AM-0000001186,4,SKU-0019,1,48.47,0.35,2.08,50.20
AM-0000001189,1,SKU-0087,1,196.08,0.18,12.75,208.65
AM-0000001189,2,SKU-0120,1,260.19,29.35,16.59,247.43
AM-0000001189,3,SKU-0094,1,311.93,26.50,12.81,298.24
AM-0000001195,1,SKU-0112,3,218.56,44.50,32.98,644.16
AM-0000001195,2,SKU-0029,1,131.94,15.79,6.72,122.87
AM-0000001195,3,SKU-0020,1,242.73,5.52,12.09,249.30
AM-0000001195,4,SKU-0076,1,101.96,9.38,7.59,100.17
AM-0000001195,5,SKU-0088,1,138.84,2.61,10.92,147.15
AM-0000001197,1,SKU-0008,2,48.66,4.46,6.59,99.45
AM-0000001199,1,SKU-0014,2,344.38,5.84,44.59,727.51
AM-0000001199,2,SKU-0112,1,220.45,24.56,17.36,213.25
AM-0000001204,1,SKU-0095,1,69.97,2.54,2.80,70.23
AM-0000001205,1,SKU-0062,1,15.25,1.60,0.84,14.49
AM-0000001218,1,SKU-0093,1,277.48,29.09,15.82,264.21
AM-0000001218,2,SKU-0070,2,220.57,17.42,26.68,450.40
AM-0000001221,1,SKU-0073,1,116.07,5.38,8.04,118.73
AM-0000001222,1,SKU-0059,1,134.52,12.04,10.44,132.92
AM-0000001222,2,SKU-0116,1,398.60,10.24,20.35,408.71
AM-0000001226,1,SKU-0032,1,179.96,4.46,9.69,185.19
AM-0000001228,1,SKU-0087,1,184.86,13.54,8.98,180.30
AM-0000001228,2,SKU-0118,2,232.74,25.94,39.17,478.71
AM-0000001230,1,SKU-0016,5,134.50,66.66,25.50,631.34
AM-0000001230,2,SKU-0067,1,57.19,4.51,4.39,57.07
AM-0000001231,1,SKU-0064,3,24.11,1.73,5.40,76.00
AM-0000001233,1,SKU-0063,1,23.98,2.31,0.95,22.62
AM-0000001235,1,SKU-0101,2,175.84,11.39,14.67,354.96
AM-0000001235,2,SKU-0087,1,188.42,14.16,13.38,187.64
AM-0000001246,1,SKU-0079,2,34.28,6.61,5.10,67.05
AM-0000001246,2,SKU-0003,2,31.62,3.65,2.57,62.16
AM-0000001246,3,SKU-0001,1,359.77,5.24,24.60,379.13
AM-0000001247,1,SKU-0023,2,183.29,11.75,21.05,375.88
AM-0000001247,2,SKU-0083,3,161.40,23.98,32.07,492.29
AM-0000001252,1,SKU-0110,2,70.85,9.53,10.59,142.76
AM-0000001253,1,SKU-0093,1,264.43,24.62,11.21,251.02
AM-0000001253,2,SKU-0119,1,271.85,2.69,15.41,284.57
AM-0000001275,1,SKU-0115,4,246.36,69.22,50.19,966.41
AM-0000001282,1,SKU-0043,2,139.62,12.09,16.44,283.59
AM-0000001286,1,SKU-0114,2,205.34,4.89,23.64,429.43
AM-0000001286,2,SKU-0063,1,25.88,2.03,1.74,25.59
AM-0000001290,1,SKU-0101,1,166.30,3.43,7.41,170.28
AM-0000001290,2,SKU-0046,1,143.86,11.04,7.08,139.90
AM-0000001290,3,SKU-0113,1,144.29,9.06,10.45,145.68
AM-0000001290,4,SKU-0027,2,70.61,6.16,7.84,142.90
AM-0000001291,1,SKU-0118,1,226.81,0.18,10.01,236.64
AM-0000001292,1,SKU-0025,2,139.14,6.52,21.50,293.26
AM-0000001292,2,SKU-0072,1,166.17,2.24,7.79,171.72
AM-0000001293,1,SKU-0008,1,48.72,2.84,2.39,48.27
AM-0000001293,2,SKU-0038,1,282.00,20.81,21.36,282.55
AM-0000001297,1,SKU-0055,3,28.94,5.52,6.76,88.06
AM-0000001297,2,SKU-0003,1,35.09,3.93,1.57,32.73
AM-0000001303,1,SKU-0066,1,73.57,6.91,3.19,69.85
AM-0000001307,1,SKU-0111,1,225.27,0.21,19.87,244.93
AM-0000001307,2,SKU-0087,1,202.79,12.91,12.19,202.07
AM-0000001307,3,SKU-0055,1,29.45,1.27,1.66,29.84
AM-0000001311,1,SKU-0055,1,32.03,2.76,1.98,31.25
AM-0000001311,2,SKU-0044,2,252.42,29.92,27.80,502.72
AM-0000001316,1,SKU-0087,2,198.17,8.24,19.55,407.65
AM-0000001317,1,SKU-0048,1,176.15,2.10,13.58,187.63
AM-0000001317,2,SKU-0065,1,144.38,13.76,10.73,141.35
AM-0000001317,3,SKU-0119,1,251.43,23.65,12.96,240.74
AM-0000001317,4,SKU-0117,1,100.91,5.50,5.55,100.96
AM-0000001318,1,SKU-0001,4,357.99,126.41,86.02,1391.57
AM-0000001318,2,SKU-0032,1,180.27,8.07,15.28,187.48
AM-0000001318,3,SKU-0036,2,287.73,57.73,42.28,560.01
AM-0000001322,1,SKU-0037,1,70.12,6.20,5.19,69.11
AM-0000001323,1,SKU-0109,1,396.22,22.03,24.15,398.34
AM-0000001324,1,SKU-0067,1,58.24,4.70,3.38,56.92
AM-0000001324,2,SKU-0061,1,216.07,9.97,14.79,220.89
AM-0000001324,3,SKU-0009,2,182.38,21.57,15.17,358.36
AM-0000001324,4,SKU-0066,1,73.51,1.95,5.22,76.78
AM-0000001324,5,SKU-0115,1,254.35,9.51,20.44,265.28
AM-0000001326,1,SKU-0014,2,372.12,34.82,47.01,756.43
AM-0000001329,1,SKU-0120,1,258.19,0.48,14.87,272.58
AM-0000001337,1,SKU-0092,2,15.98,0.60,1.95,33.31
AM-0000001338,1,SKU-0109,1,362.17,0.32,26.68,388.53
AM-0000001341,1,SKU-0092,2,15.18,0.28,2.64,32.72
AM-0000001342,1,SKU-0107,1,360.84,16.95,29.56,373.45
AM-0000001342,2,SKU-0041,1,317.03,12.04,16.36,321.35
AM-0000001343,1,SKU-0009,2,168.42,31.11,22.61,328.34
AM-0000001345,1,SKU-0089,4,23.73,10.99,3.77,87.70
AM-0000001345,2,SKU-0073,1,128.99,5.09,8.26,132.16
AM-0000001348,1,SKU-0037,1,70.32,0.21,3.63,73.74
AM-0000001350,1,SKU-0026,1,271.23,11.11,23.20,283.32
AM-0000001358,1,SKU-0073,1,122.77,11.70,9.78,120.85
AM-0000001358,2,SKU-0040,2,226.10,30.35,22.95,444.80
AM-0000001361,1,SKU-0076,1,96.56,10.84,4.43,90.15
AM-0000001362,1,SKU-0114,1,214.79,6.55,14.73,222.97
AM-0000001366,1,SKU-0070,1,226.15,23.26,9.15,212.04
AM-0000001366,2,SKU-0079,1,37.03,1.94,2.14,37.23
AM-0000001367,1,SKU-0098,1,341.57,39.50,13.02,315.09
AM-0000001367,2,SKU-0058,1,279.77,27.98,22.54,274.33
AM-0000001367,3,SKU-0031,1,306.20,28.90,20.53,297.83
AM-0000001373,1,SKU-0056,1,254.82,23.58,11.42,242.66
AM-0000001373,2,SKU-0035,1,156.00,1.39,11.86,166.47
AM-0000001379,1,SKU-0071,2,316.06,43.26,31.90,620.76
AM-0000001385,1,SKU-0055,2,27.72,2.83,3.23,55.84
AM-0000001388,1,SKU-0074,2,115.00,5.10,15.77,240.67
AM-0000001390,1,SKU-0096,1,30.80,0.74,2.28,32.34
AM-0000001396,1,SKU-0111,1,251.75,8.79,15.52,258.48
AM-0000001397,1,SKU-0100,3,238.96,45.73,49.51,720.66
AM-0000001397,2,SKU-0027,1,69.63,0.92,4.13,72.84
AM-0000001398,1,SKU-0105,1,100.90,8.57,7.12,99.45
AM-0000001401,1,SKU-0078,1,154.94,14.32,5.88,146.50
AM-0000001402,1,SKU-0030,1,220.75,0.23,12.10,232.62
AM-0000001402,2,SKU-0087,1,179.78,11.89,12.89,180.78
AM-0000001402,3,SKU-0093,1,262.60,29.14,20.99,254.45
AM-0000001403,1,SKU-0086,4,23.37,3.33,3.89,94.04
AM-0000001403,2,SKU-0117,3,94.52,20.79,20.48,283.25
AM-0000001403,3,SKU-0080,3,88.92,6.67,19.95,280.04
AM-0000001405,1,SKU-0016,1,114.39,9.28,9.19,114.30
AM-0000001411,1,SKU-0037,4,67.08,31.91,14.39,250.80
AM-0000001411,2,SKU-0038,1,254.65,1.27,16.09,269.47
AM-0000001411,3,SKU-0034,1,373.38,30.23,26.46,369.61
AM-0000001417,1,SKU-0095,1,65.87,5.00,4.16,65.03
AM-0000001417,2,SKU-0022,2,197.55,6.25,27.30,416.15
AM-0000001418,1,SKU-0067,1,55.68,0.24,4.24,59.68
AM-0000001419,1,SKU-0094,1,279.97,16.79,12.59,275.77
AM-0000001419,2,SKU-0104,1,185.70,16.89,12.39,181.20
AM-0000001419,3,SKU-0004,2,134.09,5.79,16.58,278.97
AM-0000001423,1,SKU-0049,3,217.97,34.41,50.21,669.71
AM-0000001423,2,SKU-0045,1,93.46,0.64,4.50,97.32
AM-0000001423,3,SKU-0083,1,164.96,5.47,6.72,166.21
AM-0000001424,1,SKU-0059,3,128.54,10.33,30.44,405.73
AM-0000001424,2,SKU-0067,1,57.23,3.40,2.95,56.78
AM-0000001425,1,SKU-0040,1,218.74,6.35,13.86,226.25
AM-0000001425,2,SKU-0098,2,322.43,13.77,55.84,686.93
AM-0000001428,1,SKU-0048,1,196.69,15.90,11.50,192.29
AM-0000001435,1,SKU-0054,5,205.21,48.17,75.20,1053.08
AM-0000001437,1,SKU-0089,1,26.04,2.19,1.61,25.46
AM-0000001437,2,SKU-0102,1,18.73,2.14,0.67,17.26
AM-0000001437,3,SKU-0024,1,32.34,1.50,1.75,32.59
AM-0000001438,1,SKU-0022,1,228.57,18.61,16.90,226.86
AM-0000001438,2,SKU-0106,1,97.83,1.89,8.31,104.25
AM-0000001440,1,SKU-0081,2,48.73,11.64,6.11,91.93
AM-0000001440,2,SKU-0023,2,174.26,21.73,14.32,341.11
AM-0000001444,1,SKU-0115,1,250.49,25.70,11.21,236.00
AM-0000001444,2,SKU-0037,1,67.68,1.10,3.67,70.25
AM-0000001447,1,SKU-0120,1,278.45,22.30,13.66,269.81
AM-0000001447,2,SKU-0047,3,16.80,5.98,3.33,47.75
AM-0000001447,3,SKU-0014,1,352.00,12.47,17.68,357.21
AM-0000001447,4,SKU-0106,4,100.17,31.54,16.97,386.11
AM-0000001447,5,SKU-0044,2,254.30,36.06,29.64,502.18
AM-0000001450,1,SKU-0014,1,370.93,41.25,15.94,345.62
AM-0000001456,1,SKU-0010,1,302.23,0.61,25.90,327.52
AM-0000001458,1,SKU-0097,3,159.17,45.78,26.62,458.35
AM-0000001458,2,SKU-0007,1,250.35,24.32,12.68,238.71
AM-0000001458,3,SKU-0070,1,254.70,27.50,10.53,237.73
AM-0000001460,1,SKU-0090,2,249.78,40.66,39.76,498.66
AM-0000001463,1,SKU-0091,3,159.22,33.52,33.48,477.62
AM-0000001465,1,SKU-0011,1,260.76,4.61,17.84,273.99
AM-0000001468,1,SKU-0077,1,246.21,0.02,11.16,257.35
AM-0000001468,2,SKU-0067,1,50.60,1.57,3.81,52.84
AM-0000001468,3,SKU-0086,1,21.54,0.99,1.23,21.78
AM-0000001471,1,SKU-0117,2,95.22,18.46,9.62,181.60
AM-0000001471,2,SKU-0096,1,29.57,2.23,2.02,29.36
AM-0000001473,1,SKU-0078,1,171.65,1.57,10.05,180.13
AM-0000001473,2,SKU-0036,1,277.06,20.77,15.54,271.83
AM-0000001473,3,SKU-0020,3,213.70,43.74,40.40,637.76
AM-0000001476,1,SKU-0004,2,127.54,9.31,18.16,263.93
AM-0000001476,2,SKU-0052,3,262.19,70.40,38.94,755.11
AM-0000001476,3,SKU-0025,2,132.44,0.21,18.31,282.98
AM-0000001477,1,SKU-0019,1,45.60,3.18,2.24,44.66
AM-0000001478,1,SKU-0039,3,95.15,29.78,14.11,269.78
AM-0000001488,1,SKU-0091,2,170.89,0.36,25.63,367.05
AM-0000001488,2,SKU-0074,1,120.02,7.00,4.71,117.73
AM-0000001490,1,SKU-0110,1,63.27,0.42,2.99,65.84
AM-0000001493,1,SKU-0043,1,148.98,11.31,7.06,144.73
AM-0000001493,2,SKU-0013,2,297.26,62.26,36.39,568.65
AM-0000001495,1,SKU-0110,1,64.69,5.43,2.79,62.05
AM-0000001495,2,SKU-0081,2,47.49,10.63,6.61,90.96
AM-0000001496,1,SKU-0118,2,237.12,27.45,32.22,479.01
AM-0000001496,2,SKU-0006,2,165.47,15.30,26.28,341.92
AM-0000001497,1,SKU-0081,1,44.72,2.49,2.58,44.81
AM-0000001497,2,SKU-0021,2,112.09,11.81,15.34,227.71
AM-0000001499,1,SKU-0016,1,131.74,10.37,10.46,131.83
AM-0000001499,2,SKU-0021,2,118.50,16.52,13.24,233.72
AM-0000001499,3,SKU-0114,2,238.13,46.90,22.63,451.99
AM-0000001499,4,SKU-0103,4,349.75,122.78,55.99,1332.21
AM-0000001503,1,SKU-0049,1,215.86,0.72,14.56,229.70
AM-0000001503,2,SKU-0056,2,244.41,53.85,22.65,457.62
AM-0000001505,1,SKU-0101,2,152.99,21.98,21.70,305.70
AM-0000001505,2,SKU-0051,4,98.34,10.24,19.46,402.58
AM-0000001505,3,SKU-0088,1,139.65,0.03,11.11,150.73
AM-0000001505,4,SKU-0093,2,286.95,55.67,38.60,556.83
AM-0000001508,1,SKU-0096,2,28.79,2.56,4.91,59.93
AM-0000001509,1,SKU-0100,2,254.21,48.67,34.08,493.83
AM-0000001515,1,SKU-0072,2,158.56,26.53,11.96,302.55
AM-0000001515,2,SKU-0017,1,69.16,1.29,4.29,72.16
AM-0000001515,3,SKU-0058,2,255.19,1.03,25.48,534.83
AM-0000001515,4,SKU-0086,1,22.41,0.25,1.21,23.37
AM-0000001519,1,SKU-0091,2,173.80,17.94,24.91,354.57
AM-0000001520,1,SKU-0107,1,363.71,28.79,15.34,350.26
AM-0000001520,2,SKU-0045,2,87.00,1.50,10.05,182.55
AM-0000001522,1,SKU-0001,5,376.70,142.41,86.26,1827.35
AM-0000001522,2,SKU-0070,2,228.80,8.07,27.89,477.42
AM-0000001528,1,SKU-0043,2,149.36,4.71,17.02,311.03
AM-0000001529,1,SKU-0066,1,78.84,5.21,5.99,79.62
AM-0000001531,1,SKU-0105,2,113.87,10.48,13.86,231.12
AM-0000001532,1,SKU-0044,3,267.12,82.96,34.19,752.59
AM-0000001536,1,SKU-0028,1,83.44,8.47,3.96,78.93
AM-0000001536,2,SKU-0013,1,308.03,20.80,14.15,301.38
AM-0000001537,1,SKU-0069,2,221.25,45.84,23.98,420.64
AM-0000001537,2,SKU-0058,1,253.32,19.51,11.24,245.05
AM-0000001538,1,SKU-0046,1,144.67,10.29,10.14,144.52
AM-0000001540,1,SKU-0006,1,162.57,6.80,6.90,162.67
AM-0000001540,2,SKU-0072,4,172.28,74.94,34.06,648.24
AM-0000001542,1,SKU-0055,1,31.27,2.64,1.71,30.34
AM-0000001542,2,SKU-0036,1,266.32,22.65,21.25,264.92
AM-0000001543,1,SKU-0025,2,128.23,28.71,12.20,239.95
AM-0000001543,2,SKU-0029,2,124.05,14.23,20.53,254.40
AM-0000001545,1,SKU-0112,1,201.08,0.94,16.75,216.89
AM-0000001553,1,SKU-0088,2,140.80,26.80,17.35,272.15
AM-0000001553,2,SKU-0104,2,196.46,37.83,24.07,379.16
AM-0000001561,1,SKU-0095,2,67.78,5.40,5.87,136.03
AM-0000001561,2,SKU-0051,2,98.26,21.80,9.16,183.88
AM-0000001561,3,SKU-0107,1,383.96,7.34,20.18,396.80
AM-0000001561,4,SKU-0115,2,248.21,32.25,32.52,496.69
AM-0000001566,1,SKU-0065,3,130.74,37.96,19.40,373.66
AM-0000001567,1,SKU-0027,1,66.21,7.12,3.65,62.74
AM-0000001567,2,SKU-0004,1,132.63,3.52,7.05,136.16
AM-0000001568,1,SKU-0090,3,249.37,20.86,32.49,759.74
AM-0000001568,2,SKU-0008,4,48.51,8.19,13.04,198.89
AM-0000001575,1,SKU-0069,2,238.99,51.04,38.05,464.99
AM-0000001575,2,SKU-0082,1,286.10,26.25,22.06,281.91
AM-0000001575,3,SKU-0097,1,176.44,2.11,10.22,184.55
AM-0000001576,1,SKU-0060,1,248.65,10.47,13.34,251.52
AM-0000001576,2,SKU-0072,3,165.33,2.97,26.68,519.70
AM-0000001578,1,SKU-0039,1,99.41,4.64,6.98,101.75
AM-0000001578,2,SKU-0107,4,389.15,129.54,111.63,1538.69
AM-0000001583,1,SKU-0026,2,279.37,38.79,33.94,553.89
AM-0000001585,1,SKU-0112,1,221.16,18.81,14.64,216.99
AM-0000001587,1,SKU-0077,2,243.61,26.45,21.29,482.06
AM-0000001596,1,SKU-0014,2,337.58,60.48,49.60,664.28
AM-0000001596,2,SKU-0101,1,154.91,6.30,10.05,158.66
AM-0000001596,3,SKU-0088,1,133.96,2.21,8.14,139.89
AM-0000001596,4,SKU-0050,1,422.53,5.68,29.24,446.09
AM-0000001600,1,SKU-0113,1,145.01,8.34,7.57,144.24
AM-0000001601,1,SKU-0120,3,285.63,13.95,49.20,892.14
AM-0000001601,2,SKU-0052,2,250.22,22.10,29.17,507.51
AM-0000001603,1,SKU-0033,3,105.56,8.68,15.54,323.54
AM-0000001606,1,SKU-0049,2,227.41,51.37,33.58,437.03
AM-0000001606,2,SKU-0066,2,69.65,8.28,10.21,141.23
AM-0000001607,1,SKU-0059,1,121.67,11.91,5.19,114.95
AM-0000001607,2,SKU-0002,2,151.02,13.54,16.59,305.09
AM-0000001607,3,SKU-0077,2,259.22,13.51,28.91,533.84
AM-0000001608,1,SKU-0016,1,133.22,12.53,9.94,130.63
AM-0000001609,1,SKU-0073,1,123.29,1.68,9.36,130.97
AM-0000001616,1,SKU-0092,1,15.36,0.19,1.28,16.45
AM-0000001616,2,SKU-0049,1,226.65,11.00,15.45,231.10
AM-0000001616,3,SKU-0081,1,50.34,1.87,2.78,51.25
AM-0000001625,1,SKU-0083,1,186.31,16.04,11.14,181.41
AM-0000001638,1,SKU-0114,1,211.78,20.00,13.48,205.26
AM-0000001645,1,SKU-0003,2,32.98,2.23,3.76,67.49
AM-0000001645,2,SKU-0057,1,426.14,50.51,23.78,399.41
AM-0000001647,1,SKU-0057,2,443.07,93.33,35.57,828.38
AM-0000001647,2,SKU-0051,1,99.31,3.82,4.09,99.58
AM-0000001647,3,SKU-0058,2,284.05,40.08,35.69,563.71
AM-0000001647,4,SKU-0046,1,150.55,5.07,10.53,156.01
AM-0000001648,1,SKU-0114,1,230.69,4.62,13.04,239.11
AM-0000001648,2,SKU-0090,1,246.25,18.39,15.23,243.09
AM-0000001649,1,SKU-0057,1,459.39,42.15,30.67,447.91
AM-0000001649,2,SKU-0025,1,123.26,14.56,8.33,117.03
AM-0000001649,3,SKU-0111,2,239.95,1.19,28.03,506.74
AM-0000001649,4,SKU-0056,1,266.06,0.01,18.40,284.45
AM-0000001649,5,SKU-0091,1,185.89,8.85,15.05,192.09
AM-0000001652,1,SKU-0102,1,21.02,1.04,1.70,21.68
AM-0000001654,1,SKU-0011,1,274.02,30.92,18.14,261.24
AM-0000001654,2,SKU-0103,1,319.67,22.99,22.61,319.29
AM-0000001654,3,SKU-0013,1,288.41,30.37,15.98,274.02
AM-0000001654,4,SKU-0108,2,144.58,14.46,23.44,298.14
AM-0000001654,5,SKU-0050,3,389.98,43.09,64.09,1190.94
AM-0000001655,1,SKU-0049,3,225.37,56.65,29.95,649.41
AM-0000001655,2,SKU-0116,1,451.45,37.88,19.03,432.60
AM-0000001657,1,SKU-0023,1,168.87,14.54,13.06,167.39
AM-0000001657,2,SKU-0004,1,137.78,2.71,6.21,141.28
AM-0000001658,1,SKU-0090,1,279.06,3.23,15.30,291.13
AM-0000001658,2,SKU-0051,1,96.09,4.25,4.37,96.21
AM-0000001658,3,SKU-0102,1,20.51,0.14,1.01,21.38
AM-0000001658,4,SKU-0044,1,262.77,8.84,13.69,267.62
AM-0000001658,5,SKU-0028,1,84.13,6.61,6.71,84.23
AM-0000001661,1,SKU-0059,1,124.74,10.57,7.26,121.43
AM-0000001663,1,SKU-0020,5,228.35,35.02,54.03,1160.76
AM-0000001663,2,SKU-0026,1,251.00,13.35,11.88,249.53
AM-0000001663,3,SKU-0010,3,308.32,81.36,45.02,888.62
AM-0000001663,4,SKU-0049,2,239.07,46.02,19.30,451.42
AM-0000001665,1,SKU-0007,1,229.01,15.33,18.12,231.80
AM-0000001669,1,SKU-0110,1,63.95,7.34,2.48,59.09
AM-0000001673,1,SKU-0109,1,396.83,35.89,20.57,381.51
AM-0000001673,2,SKU-0089,1,27.01,0.72,1.10,27.39
AM-0000001679,1,SKU-0032,1,170.63,2.21,12.59,181.01
AM-0000001679,2,SKU-0077,1,276.57,23.73,17.02,269.86
AM-0000001679,3,SKU-0022,2,223.29,9.06,20.07,457.59
AM-0000001682,1,SKU-0082,1,290.12,13.76,12.89,289.25
AM-0000001683,1,SKU-0076,5,104.16,50.12,24.01,494.69
AM-0000001683,2,SKU-0099,2,181.56,31.07,18.59,350.64
AM-0000001683,3,SKU-0062,1,15.15,0.63,1.24,15.76
AM-0000001684,1,SKU-0057,2,434.90,26.57,41.09,884.32
AM-0000001688,1,SKU-0118,1,234.06,24.27,18.77,228.56
AM-0000001688,2,SKU-0083,3,171.87,11.93,42.75,546.43
AM-0000001691,1,SKU-0002,1,134.94,6.02,6.34,135.26
AM-0000001691,2,SKU-0088,1,141.44,5.11,11.17,147.50
AM-0000001691,3,SKU-0117,2,108.24,0.39,10.26,226.35
AM-0000001696,1,SKU-0083,1,165.28,19.19,11.41,157.50
AM-0000001697,1,SKU-0108,1,153.97,6.93,10.22,157.26
AM-0000001697,2,SKU-0119,3,274.74,50.16,43.38,817.44
AM-0000001701,1,SKU-0074,1,126.13,12.30,9.02,122.85
AM-0000001707,1,SKU-0035,1,161.99,12.96,8.51,157.54
AM-0000001710,1,SKU-0020,3,227.22,27.69,26.74,680.71
AM-0000001710,2,SKU-0091,1,164.15,2.76,10.86,172.25
AM-0000001710,3,SKU-0001,3,382.00,17.51,45.67,1174.16
AM-0000001711,1,SKU-0032,1,183.14,14.79,13.76,182.11
AM-0000001711,2,SKU-0095,1,65.86,6.83,3.28,62.31
AM-0000001711,3,SKU-0057,1,461.93,14.63,21.97,469.27
AM-0000001712,1,SKU-0114,4,223.91,71.68,44.73,868.69
AM-0000001713,1,SKU-0099,2,164.72,3.02,22.90,349.32
AM-0000001713,2,SKU-0030,1,228.78,3.55,18.85,244.08
AM-0000001713,3,SKU-0073,1,131.55,13.05,6.20,124.70
AM-0000001713,4,SKU-0063,1,24.07,1.52,1.17,23.72
AM-0000001714,1,SKU-0031,2,345.84,15.05,27.86,704.49
AM-0000001714,2,SKU-0022,2,203.56,13.84,17.44,410.72
AM-0000001714,3,SKU-0071,1,298.79,23.98,16.88,291.69
AM-0000001716,1,SKU-0091,1,171.92,7.04,13.87,178.75
AM-0000001717,1,SKU-0108,1,137.04,2.90,10.86,145.00
AM-0000001717,2,SKU-0025,1,126.09,1.57,8.39,132.91
AM-0000001717,3,SKU-0049,1,213.32,21.37,8.44,200.39
AM-0000001717,4,SKU-0102,2,19.76,3.71,2.25,38.06
AM-0000001717,5,SKU-0032,5,193.19,89.86,65.40,941.49
AM-0000001718,1,SKU-0007,1,228.94,11.40,12.40,229.94
AM-0000001718,2,SKU-0038,1,276.39,27.04,15.58,264.93
AM-0000001720,1,SKU-0020,1,241.44,2.82,18.85,257.47
AM-0000001723,1,SKU-0108,2,156.92,22.98,16.00,306.86
AM-0000001723,2,SKU-0003,5,35.60,18.14,11.61,171.47
AM-0000001724,1,SKU-0078,2,159.69,5.78,18.05,331.65
AM-0000001725,1,SKU-0054,2,239.79,20.55,22.94,481.97
AM-0000001726,1,SKU-0027,2,69.12,12.02,9.07,135.29
AM-0000001729,1,SKU-0063,1,24.69,1.93,1.41,24.17
AM-0000001731,1,SKU-0042,1,419.92,7.45,35.54,448.01
AM-0000001738,1,SKU-0053,2,356.47,29.70,31.86,715.10
AM-0000001738,2,SKU-0024,1,30.25,1.69,2.18,30.74
AM-0000001738,3,SKU-0082,1,271.80,23.26,16.30,264.84
AM-0000001738,4,SKU-0041,1,312.51,13.05,26.93,326.39
AM-0000001739,1,SKU-0017,1,67.25,5.11,2.59,64.73
AM-0000001740,1,SKU-0021,1,112.74,4.38,5.77,114.13
AM-0000001740,2,SKU-0037,2,70.60,10.19,6.21,137.22
AM-0000001741,1,SKU-0054,2,237.98,23.73,25.88,478.11
AM-0000001743,1,SKU-0001,1,380.59,24.53,23.43,379.49
AM-0000001747,1,SKU-0080,1,96.85,8.99,4.80,92.66
AM-0000001748,1,SKU-0106,2,95.73,10.69,14.65,195.42
AM-0000001748,2,SKU-0086,2,21.50,4.33,1.85,40.52
AM-0000001748,3,SKU-0066,2,71.74,3.48,11.45,151.45
AM-0000001751,1,SKU-0057,1,490.51,21.09,34.75,504.17
AM-0000001751,2,SKU-0074,1,108.28,1.53,8.55,115.30
AM-0000001752,1,SKU-0047,1,15.10,0.85,1.14,15.39
AM-0000001752,2,SKU-0096,1,33.49,2.48,1.44,32.45
AM-0000001758,1,SKU-0085,1,157.89,4.44,11.03,164.48
AM-0000001761,1,SKU-0007,4,241.35,103.18,42.67,904.89
AM-0000001761,2,SKU-0092,1,17.36,1.37,0.78,16.77
AM-0000001761,3,SKU-0086,2,22.14,3.15,3.42,44.55
AM-0000001764,1,SKU-0111,2,245.46,46.01,28.15,473.06
AM-0000001764,2,SKU-0051,2,92.47,15.13,10.32,180.13
AM-0000001764,3,SKU-0061,1,194.20,5.99,10.67,198.88
AM-0000001766,1,SKU-0031,1,330.74,37.54,13.11,306.31
AM-0000001767,1,SKU-0082,1,247.37,7.87,13.04,252.54
AM-0000001767,2,SKU-0057,1,498.35,19.31,34.73,513.77
AM-0000001767,3,SKU-0059,1,130.01,13.80,8.59,124.80
AM-0000001767,4,SKU-0109,1,373.48,41.98,25.18,356.68
AM-0000001767,5,SKU-0028,1,83.24,4.05,3.37,82.56
AM-0000001772,1,SKU-0112,2,213.66,38.86,19.31,407.77
AM-0000001772,2,SKU-0029,1,143.17,9.59,8.46,142.04
AM-0000001772,3,SKU-0095,4,66.24,7.62,13.47,270.81
AM-0000001780,1,SKU-0034,1,399.34,9.73,31.49,421.10
AM-0000001780,2,SKU-0051,1,97.22,11.38,6.41,92.25
AM-0000001780,3,SKU-0107,3,390.63,109.77,78.01,1140.13
AM-0000001783,1,SKU-0107,1,335.83,31.39,26.89,331.33
AM-0000001783,2,SKU-0078,3,175.81,62.98,38.12,502.57
AM-0000001792,1,SKU-0017,2,71.02,5.98,8.32,144.38
AM-0000001792,2,SKU-0104,1,207.32,9.81,15.98,213.49
AM-0000001792,3,SKU-0046,1,135.57,9.32,8.05,134.30
AM-0000001798,1,SKU-0080,3,87.14,7.24,17.51,271.69
AM-0000001799,1,SKU-0063,1,22.67,1.93,1.26,22.00
AM-0000001799,2,SKU-0050,1,396.64,11.46,27.63,412.81
AM-0000001799,3,SKU-0107,2,335.82,78.91,35.62,628.35
AM-0000001801,1,SKU-0003,1,36.02,0.03,2.88,38.87
AM-0000001801,2,SKU-0033,1,120.68,3.58,6.53,123.63
AM-0000001803,1,SKU-0085,1,153.56,8.80,10.00,154.76
AM-0000001803,2,SKU-0104,2,216.43,5.87,29.16,456.15
AM-0000001803,3,SKU-0083,1,160.96,4.89,8.74,164.81
AM-0000001803,4,SKU-0105,1,106.70,3.11,7.87,111.46
AM-0000001812,1,SKU-0037,3,68.92,9.68,12.15,209.23
AM-0000001813,1,SKU-0051,1,102.72,11.87,5.91,96.76
AM-0000001813,2,SKU-0075,1,27.26,2.48,1.60,26.38
AM-0000001819,1,SKU-0019,2,44.41,8.95,4.43,84.30
AM-0000001819,2,SKU-0075,1,25.03,0.62,1.07,25.48
AM-0000001819,3,SKU-0037,1,62.98,0.87,5.18,67.29
AM-0000001819,4,SKU-0107,1,341.00,2.80,20.34,358.54
AM-0000001819,5,SKU-0101,1,151.90,11.72,9.47,149.65
AM-0000001820,1,SKU-0037,1,64.48,5.06,4.33,63.75
AM-0000001820,2,SKU-0114,1,217.13,20.33,10.25,207.05
AM-0000001831,1,SKU-0055,1,31.67,1.25,2.70,33.12
AM-0000001831,2,SKU-0024,1,32.40,0.56,2.67,34.51
AM-0000001835,1,SKU-0093,2,270.00,10.34,46.30,575.96
AM-0000001836,1,SKU-0047,2,14.71,2.02,2.25,29.65
AM-0000001839,1,SKU-0032,1,195.47,14.03,10.37,191.81
AM-0000001839,2,SKU-0016,1,118.46,12.41,7.44,113.49
AM-0000001839,3,SKU-0010,2,292.81,2.77,38.28,621.13
AM-0000001840,1,SKU-0048,1,194.14,19.29,13.82,188.67
AM-0000001844,1,SKU-0065,5,151.61,66.19,46.66,738.52
AM-0000001850,1,SKU-0092,3,15.67,3.29,2.57,46.29
AM-0000001853,1,SKU-0070,1,231.28,13.96,13.66,230.98
AM-0000001853,2,SKU-0033,3,118.94,16.32,22.12,362.62
AM-0000001856,1,SKU-0099,1,161.52,8.75,9.15,161.92
AM-0000001856,2,SKU-0066,1,80.01,7.16,3.80,76.65
AM-0000001856,3,SKU-0034,1,390.82,5.21,29.69,415.30
AM-0000001858,1,SKU-0075,1,25.99,3.01,1.75,24.73
AM-0000001858,2,SKU-0100,1,237.98,13.76,16.31,240.53
AM-0000001859,1,SKU-0044,1,239.10,5.25,9.56,243.41
AM-0000001859,2,SKU-0078,1,156.72,11.35,7.90,153.27
AM-0000001859,3,SKU-0107,1,347.06,13.45,25.49,359.10
AM-0000001860,1,SKU-0088,1,136.00,5.52,9.78,140.26
AM-0000001861,1,SKU-0067,1,57.54,0.57,2.59,59.56
AM-0000001866,1,SKU-0107,1,386.43,45.55,15.41,356.29
AM-0000001866,2,SKU-0081,1,44.17,4.16,2.29,42.30
AM-0000001873,1,SKU-0026,1,253.59,13.98,16.47,256.08
AM-0000001876,1,SKU-0079,3,33.42,7.27,5.07,98.06
AM-0000001876,2,SKU-0004,1,123.93,12.83,5.84,116.94
AM-0000001879,1,SKU-0020,1,230.68,13.91,9.01,225.78
AM-0000001879,2,SKU-0066,2,70.31,0.09,6.28,146.81
AM-0000001881,1,SKU-0081,1,47.61,0.83,3.78,50.56
AM-0000001884,1,SKU-0103,3,346.77,56.61,39.84,1023.54
AM-0000001888,1,SKU-0067,1,56.59,1.30,4.81,60.10
AM-0000001891,1,SKU-0031,2,317.13,21.34,40.87,653.79
AM-0000001903,1,SKU-0081,4,48.43,10.23,15.50,198.99
AM-0000001903,2,SKU-0087,1,196.77,9.33,10.53,197.97
AM-0000001903,3,SKU-0085,1,162.42,11.00,11.09,162.51
AM-0000001903,4,SKU-0041,1,351.13,24.24,20.75,347.64
AM-0000001904,1,SKU-0084,2,387.79,53.20,37.87,760.25
AM-0000001904,2,SKU-0010,1,335.64,19.60,25.37,341.41
AM-0000001904,3,SKU-0090,2,251.69,13.26,36.73,526.85
AM-0000001905,1,SKU-0053,1,338.07,2.97,28.23,363.33
AM-0000001905,2,SKU-0052,2,250.52,31.36,38.45,508.13
AM-0000001912,1,SKU-0056,1,249.16,8.63,17.66,258.19
AM-0000001914,1,SKU-0023,1,162.21,2.82,14.20,173.59
AM-0000001914,2,SKU-0063,1,24.57,2.03,1.50,24.04
AM-0000001914,3,SKU-0039,1,92.25,9.61,4.90,87.54
AM-0000001914,4,SKU-0028,1,72.53,1.38,5.63,76.78
AM-0000001914,5,SKU-0120,1,298.27,2.20,22.65,318.72
AM-0000001917,1,SKU-0077,1,282.64,32.67,19.03,269.00
AM-0000001918,1,SKU-0098,1,324.44,11.67,21.54,334.31
AM-0000001918,2,SKU-0055,1,28.85,2.48,1.71,28.08
AM-0000001918,3,SKU-0107,2,375.83,26.29,61.40,786.77
AM-0000001920,1,SKU-0108,1,132.13,0.80,7.71,139.04
AM-0000001920,2,SKU-0024,1,30.43,0.62,2.57,32.38
AM-0000001926,1,SKU-0054,2,241.54,10.17,19.97,492.88
AM-0000001927,1,SKU-0088,3,135.37,41.27,29.01,393.85
AM-0000001932,1,SKU-0058,1,262.62,13.91,15.04,263.75
AM-0000001935,1,SKU-0061,3,218.22,40.39,49.10,663.37
AM-0000001936,1,SKU-0038,4,270.47,58.44,60.53,1083.97
AM-0000001937,1,SKU-0026,1,258.20,27.73,9.35,239.82
AM-0000001937,2,SKU-0009,1,161.51,9.86,8.52,160.17
AM-0000001942,1,SKU-0026,1,266.32,31.34,15.17,250.15
AM-0000001942,2,SKU-0081,1,47.18,2.32,2.61,47.47
AM-0000001942,3,SKU-0021,1,120.01,3.26,6.83,123.58
AM-0000001944,1,SKU-0079,1,35.79,1.15,1.62,36.26
AM-0000001944,2,SKU-0074,4,122.30,42.15,22.63,469.68
AM-0000001944,3,SKU-0115,1,275.69,7.47,23.76,291.98
AM-0000001946,1,SKU-0020,1,237.53,11.10,17.91,244.34
AM-0000001946,2,SKU-0047,1,16.75,1.66,0.88,15.97
AM-0000001946,3,SKU-0037,2,63.48,6.03,6.13,127.06
AM-0000001947,1,SKU-0092,1,15.52,0.01,0.88,16.39
AM-0000001947,2,SKU-0049,2,213.48,46.22,18.65,399.39
AM-0000001948,1,SKU-0086,5,23.16,0.46,9.71,125.05
AM-0000001948,2,SKU-0051,1,98.51,9.02,6.32,95.81
AM-0000001948,3,SKU-0083,1,172.29,7.24,13.81,178.86
AM-0000001958,1,SKU-0091,1,169.21,0.03,14.83,184.01
AM-0000001958,2,SKU-0096,2,31.22,7.33,3.84,58.95
AM-0000001959,1,SKU-0095,1,74.64,3.07,3.75,75.32
AM-0000001959,2,SKU-0009,2,181.63,38.62,13.40,338.04
AM-0000001959,3,SKU-0104,1,195.56,16.36,10.63,189.83
AM-0000001962,1,SKU-0016,1,130.57,2.27,5.64,133.94
AM-0000001962,2,SKU-0114,1,204.01,19.84,12.08,196.25
AM-0000001963,1,SKU-0043,1,145.67,2.65,12.27,155.29
AM-0000001963,2,SKU-0032,1,168.58,8.44,12.94,173.08
AM-0000001964,1,SKU-0077,2,251.36,23.99,24.06,502.79
AM-0000001964,2,SKU-0032,2,169.62,29.15,26.34,336.43
AM-0000001964,3,SKU-0119,1,266.84,21.94,18.53,263.43
AM-0000001966,1,SKU-0025,2,136.59,19.93,13.42,266.67
AM-0000001970,1,SKU-0098,2,354.10,18.64,54.96,744.52
AM-0000001970,2,SKU-0107,2,392.05,79.51,31.74,736.33
AM-0000001970,3,SKU-0017,1,75.07,7.74,5.20,72.53
AM-0000001970,4,SKU-0091,3,180.56,44.85,25.62,522.45
AM-0000001973,1,SKU-0049,1,236.70,3.92,16.01,248.79
AM-0000001973,2,SKU-0078,1,176.87,16.65,8.17,168.39
AM-0000001981,1,SKU-0046,2,137.82,17.41,15.48,273.71
AM-0000001982,1,SKU-0118,2,204.08,25.10,21.20,404.26
AM-0000001982,2,SKU-0044,1,256.61,28.15,12.71,241.17
AM-0000001982,3,SKU-0016,3,115.59,27.76,16.72,335.73
AM-0000002000,1,SKU-0066,1,73.80,7.88,4.35,70.27
AM-0000002000,2,SKU-0022,1,200.15,8.73,15.87,207.29
AM-0000002000,3,SKU-0018,2,148.32,8.34,22.62,310.92
AM-0000002004,1,SKU-0022,1,196.78,19.05,10.84,188.57
AM-0000002004,2,SKU-0076,1,101.31,6.60,5.10,99.81
AM-0000002004,3,SKU-0024,1,29.86,1.43,1.48,29.91
AM-0000002008,1,SKU-0079,1,36.66,4.08,2.61,35.19
AM-0000002008,2,SKU-0073,1,131.29,13.07,8.72,126.94
AM-0000002010,1,SKU-0077,1,277.85,31.08,10.31,257.08
AM-0000002010,2,SKU-0067,1,58.18,4.83,4.73,58.08
AM-0000002013,1,SKU-0030,1,223.62,10.94,16.15,228.83
AM-0000002015,1,SKU-0025,2,128.05,27.75,18.93,247.28
AM-0000002015,2,SKU-0023,1,165.04,2.39,10.84,173.49
AM-0000002015,3,SKU-0028,1,85.61,0.25,3.96,89.32
AM-0000002018,1,SKU-0104,1,205.01,19.16,10.07,195.92
AM-0000002018,2,SKU-0099,1,159.90,4.57,13.32,168.65
AM-0000002022,1,SKU-0074,1,108.88,11.82,7.64,104.70
AM-0000002025,1,SKU-0046,1,127.68,13.76,10.02,123.94
AM-0000002025,2,SKU-0097,1,153.45,3.00,7.52,157.97
AM-0000002025,3,SKU-0052,3,276.03,8.90,71.91,891.10
AM-0000002033,1,SKU-0055,1,29.13,0.78,1.20,29.55
AM-0000002045,1,SKU-0044,1,271.99,22.03,21.44,271.40
AM-0000002045,2,SKU-0047,1,15.19,0.04,0.70,15.85
AM-0000002052,1,SKU-0002,3,149.48,24.23,37.27,461.48
AM-0000002052,2,SKU-0052,2,286.90,65.87,38.78,546.71
AM-0000002059,1,SKU-0052,3,245.59,31.99,38.54,743.32
AM-0000002059,2,SKU-0107,2,384.30,40.52,47.13,775.21
AM-0000002059,3,SKU-0059,1,129.74,12.36,4.88,122.26
AM-0000002077,1,SKU-0087,1,173.81,18.53,9.40,164.68
AM-0000002077,2,SKU-0116,2,399.75,81.76,59.98,777.72
AM-0000002082,1,SKU-0053,1,356.98,29.75,15.00,342.23
AM-0000002082,2,SKU-0110,3,66.70,4.52,12.26,207.84
AM-0000002082,3,SKU-0081,1,46.49,3.09,2.82,46.22
AM-0000002084,1,SKU-0026,1,256.52,22.84,12.24,245.92
AM-0000002084,2,SKU-0107,1,354.54,29.69,23.56,348.41
AM-0000002084,3,SKU-0048,4,185.42,86.03,33.39,689.04
AM-0000002084,4,SKU-0035,1,154.95,16.99,6.60,144.56
AM-0000002088,1,SKU-0102,1,19.91,0.70,1.19,20.40
AM-0000002088,2,SKU-0117,1,91.56,5.44,4.19,90.31
AM-0000002094,1,SKU-0060,1,232.64,6.74,18.38,244.28
AM-0000002094,2,SKU-0011,1,273.31,20.03,14.63,267.91
AM-0000002098,1,SKU-0043,3,157.47,1.80,37.51,508.12
AM-0000002099,1,SKU-0072,1,148.39,12.85,5.56,141.10
AM-0000002099,2,SKU-0051,2,104.24,18.49,10.21,200.20
AM-0000002100,1,SKU-0003,2,32.35,0.72,5.64,69.62
AM-0000002100,2,SKU-0039,1,89.45,0.12,6.19,95.52
AM-0000002100,3,SKU-0077,1,281.93,27.72,10.70,264.91
AM-0000002100,4,SKU-0085,1,169.26,12.11,6.72,163.87
AM-0000002102,1,SKU-0102,1,18.85,1.49,1.12,18.48
AM-0000002111,1,SKU-0064,1,25.51,2.07,1.25,24.69
AM-0000002111,2,SKU-0047,1,16.87,1.00,1.28,17.15
AM-0000002111,3,SKU-0037,2,74.04,9.69,11.13,149.52
AM-0000002111,4,SKU-0018,2,144.66,29.09,12.68,272.91
AM-0000002112,1,SKU-0076,1,105.32,5.67,5.09,104.74
AM-0000002113,1,SKU-0017,1,69.08,5.33,2.77,66.52
AM-0000002114,1,SKU-0067,2,53.00,10.28,5.19,100.91
AM-0000002117,1,SKU-0004,2,129.88,3.10,14.89,271.55
AM-0000002119,1,SKU-0066,2,79.99,14.00,5.91,151.89
AM-0000002121,1,SKU-0013,2,309.68,25.39,27.99,621.96
AM-0000002121,2,SKU-0076,3,99.18,3.36,22.83,317.01
AM-0000002124,1,SKU-0094,2,294.05,29.66,42.83,601.27
AM-0000002127,1,SKU-0102,1,19.45,2.24,1.11,18.32
AM-0000002127,2,SKU-0101,3,180.70,30.57,21.44,532.97
AM-0000002128,1,SKU-0035,1,149.43,2.39,10.99,158.03
AM-0000002130,1,SKU-0045,2,87.45,12.14,14.59,177.35
AM-0000002133,1,SKU-0077,1,289.73,9.89,12.09,291.93
AM-0000002135,1,SKU-0115,1,258.26,17.85,20.50,260.91
AM-0000002135,2,SKU-0058,3,272.68,32.98,63.55,848.61
AM-0000002135,3,SKU-0008,4,47.94,0.07,9.75,201.44
AM-0000002139,1,SKU-0065,1,140.66,0.70,5.96,145.92
AM-0000002139,2,SKU-0010,3,298.30,81.85,53.02,866.07
AM-0000002139,3,SKU-0069,1,229.71,6.65,19.01,242.07
AM-0000002141,1,SKU-0035,1,146.73,15.03,5.71,137.41
AM-0000002141,2,SKU-0037,2,66.18,0.77,6.27,137.86
AM-0000002142,1,SKU-0028,2,73.97,4.38,6.88,150.44
AM-0000002143,1,SKU-0013,1,307.64,13.01,25.72,320.35
AM-0000002145,1,SKU-0047,1,15.91,1.25,0.84,15.50
AM-0000002145,2,SKU-0068,2,83.57,18.48,8.60,157.26
AM-0000002145,3,SKU-0098,2,331.04,55.27,40.38,647.19
AM-0000002145,4,SKU-0086,4,22.34,8.52,5.87,86.71
AM-0000002145,5,SKU-0090,1,257.48,24.40,11.66,244.74
AM-0000002150,1,SKU-0079,1,32.05,2.77,2.59,31.87
AM-0000002154,1,SKU-0095,3,75.17,15.64,17.74,227.61
AM-0000002155,1,SKU-0006,1,163.33,0.19,8.02,171.16
AM-0000002155,2,SKU-0036,3,295.84,79.02,62.40,870.90
AM-0000002157,1,SKU-0092,1,16.76,1.00,0.71,16.47
AM-0000002157,2,SKU-0025,1,130.09,13.08,10.22,127.23
AM-0000002158,1,SKU-0007,5,250.99,109.09,64.24,1210.10
AM-0000002158,2,SKU-0109,1,401.02,26.39,19.91,394.54
AM-0000002159,1,SKU-0082,1,274.26,8.10,20.37,286.53
AM-0000002159,2,SKU-0042,1,431.43,30.43,29.50,430.50
AM-0000002161,1,SKU-0115,2,249.54,3.16,34.67,530.59
AM-0000002161,2,SKU-0112,1,229.11,21.08,16.59,224.62
AM-0000002161,3,SKU-0050,4,409.48,159.81,90.09,1568.20
AM-0000002169,1,SKU-0107,2,347.81,81.38,34.37,648.61
AM-0000002169,2,SKU-0009,1,154.99,5.64,12.33,161.68
AM-0000002169,3,SKU-0066,1,80.79,4.53,3.83,80.09
AM-0000002169,4,SKU-0031,1,351.02,7.40,14.77,358.39
AM-0000002170,1,SKU-0041,1,341.17,14.24,21.10,348.03
AM-0000002170,2,SKU-0056,2,269.37,12.60,33.91,560.05
AM-0000002170,3,SKU-0077,1,253.58,14.93,14.31,252.96
AM-0000002170,4,SKU-0007,4,262.02,120.48,67.31,994.91
AM-0000002172,1,SKU-0106,2,103.16,8.04,12.04,210.32
AM-0000002172,2,SKU-0099,1,162.25,2.54,11.29,171.00
AM-0000002173,1,SKU-0018,1,150.89,5.44,11.92,157.37
AM-0000002173,2,SKU-0109,2,354.88,7.92,35.12,736.96
AM-0000002173,3,SKU-0102,1,21.28,2.33,1.15,20.10
AM-0000002174,1,SKU-0007,2,230.50,17.83,27.77,470.94
AM-0000002174,2,SKU-0061,1,216.31,20.77,16.90,212.44
AM-0000002174,3,SKU-0010,1,336.51,18.16,21.93,340.28
AM-0000002175,1,SKU-0057,1,474.09,5.39,31.51,500.21
AM-0000002176,1,SKU-0032,1,170.64,2.35,10.40,178.69
AM-0000002176,2,SKU-0117,1,104.93,8.12,6.57,103.38
AM-0000002176,3,SKU-0063,2,25.02,5.33,2.78,47.49
AM-0000002176,4,SKU-0053,1,351.61,33.84,14.05,331.82
AM-0000002178,1,SKU-0092,1,15.11,0.43,1.27,15.95
AM-0000002178,2,SKU-0079,2,36.13,0.14,5.50,77.62
AM-0000002179,1,SKU-0085,4,168.02,32.95,26.63,665.76
AM-0000002179,2,SKU-0042,1,382.30,26.10,31.39,387.59
AM-0000002179,3,SKU-0005,1,93.34,11.20,4.51,86.65
AM-0000002184,1,SKU-0020,1,215.40,4.81,14.64,225.23
AM-0000002184,2,SKU-0075,2,27.35,0.57,4.81,58.94
AM-0000002188,1,SKU-0035,1,138.77,10.47,6.86,135.16
AM-0000002189,1,SKU-0077,2,249.35,59.24,28.38,467.84
AM-0000002189,2,SKU-0034,2,376.32,55.63,42.54,739.55
AM-0000002189,3,SKU-0114,1,209.12,0.92,12.12,220.32
AM-0000002191,1,SKU-0049,2,232.80,38.64,19.61,446.57
AM-0000002191,2,SKU-0020,1,242.49,6.56,17.57,253.50
AM-0000002191,3,SKU-0006,1,160.75,12.03,8.93,157.65
AM-0000002191,4,SKU-0001,1,347.46,37.29,24.22,334.39
AM-0000002194,1,SKU-0006,1,156.66,12.04,10.69,155.31
AM-0000002194,2,SKU-0112,2,221.56,40.39,17.11,419.84
AM-0000002198,1,SKU-0104,2,215.67,36.73,30.64,425.25
AM-0000002198,2,SKU-0043,3,152.44,15.44,35.38,477.26
AM-0000002200,1,SKU-0074,1,117.41,9.57,5.00,112.84
AM-0000002204,1,SKU-0058,1,283.41,16.18,17.98,285.21
AM-0000002204,2,SKU-0003,1,32.62,1.32,1.73,33.03
AM-0000002204,3,SKU-0116,1,418.97,35.62,24.69,408.04
AM-0000002204,4,SKU-0002,2,155.25,0.06,20.07,330.51
AM-0000002204,5,SKU-0073,2,132.26,1.84,12.18,274.86
AM-0000002205,1,SKU-0031,1,343.40,2.30,22.57,363.67
AM-0000002206,1,SKU-0066,1,69.15,6.15,5.18,68.18
AM-0000002212,1,SKU-0101,1,165.97,10.32,8.17,163.82
AM-0000002215,1,SKU-0006,1,163.24,15.69,12.73,160.28
AM-0000002215,2,SKU-0104,1,196.45,3.78,16.21,208.88
AM-0000002217,1,SKU-0107,1,372.23,21.34,18.14,369.03
AM-0000002221,1,SKU-0085,5,162.24,67.35,58.11,801.96
AM-0000002221,2,SKU-0104,2,210.55,24.59,26.34,422.85
AM-0000002221,3,SKU-0096,2,30.56,0.83,4.11,64.40
AM-0000002224,1,SKU-0045,3,89.99,2.25,20.62,288.34
AM-0000002224,2,SKU-0023,1,166.89,15.41,7.94,159.42
AM-0000002224,3,SKU-0020,1,237.49,17.90,18.00,237.59
AM-0000002226,1,SKU-0064,1,24.31,0.96,1.92,25.27
AM-0000002226,2,SKU-0040,1,234.56,0.27,15.10,249.39
AM-0000002227,1,SKU-0074,3,107.10,35.75,16.93,302.48
AM-0000002227,2,SKU-0065,4,141.45,24.06,44.16,585.90
AM-0000002228,1,SKU-0013,2,291.26,61.09,36.23,557.66
AM-0000002228,2,SKU-0086,5,21.54,1.42,6.16,112.44
AM-0000002230,1,SKU-0075,1,28.71,0.43,1.56,29.84
AM-0000002230,2,SKU-0029,3,122.54,3.90,26.68,390.40
AM-0000002233,1,SKU-0022,1,218.01,19.10,10.12,209.03
AM-0000002233,2,SKU-0108,2,149.71,30.43,15.45,284.44
AM-0000002235,1,SKU-0106,1,88.18,8.06,6.88,87.00
AM-0000002235,2,SKU-0099,1,180.86,7.51,7.43,180.78
AM-0000002235,3,SKU-0117,1,97.36,1.36,4.00,100.00
AM-0000002236,1,SKU-0003,1,31.85,0.63,2.02,33.24
AM-0000002236,2,SKU-0040,1,214.07,5.30,15.16,223.93
AM-0000002239,1,SKU-0055,1,29.45,0.23,2.07,31.29
AM-0000002239,2,SKU-0019,1,45.00,2.08,3.16,46.08
AM-0000002239,3,SKU-0017,2,69.40,8.11,10.76,141.45
AM-0000002239,4,SKU-0103,2,362.82,50.41,54.93,730.16
AM-0000002239,5,SKU-0078,1,160.99,13.04,12.51,160.46
AM-0000002240,1,SKU-0114,2,222.21,24.36,35.81,455.87
AM-0000002242,1,SKU-0117,1,94.27,1.53,3.77,96.51
AM-0000002243,1,SKU-0117,1,99.76,4.35,6.17,101.58
AM-0000002243,2,SKU-0051,2,88.67,18.87,12.89,171.36
AM-0000002248,1,SKU-0012,3,70.36,11.41,15.12,214.79
AM-0000002248,2,SKU-0109,3,381.24,101.67,43.20,1085.25
AM-0000002250,1,SKU-0067,2,53.44,11.48,6.19,101.59
AM-0000002252,1,SKU-0030,1,230.83,16.53,18.26,232.56
AM-0000002252,2,SKU-0085,4,156.92,75.20,28.78,581.26
AM-0000002254,1,SKU-0116,2,417.46,13.12,36.15,857.95
AM-0000002254,2,SKU-0020,1,233.51,0.46,14.41,247.46
AM-0000002256,1,SKU-0047,2,16.96,0.66,1.37,34.63
AM-0000002256,2,SKU-0048,1,175.42,20.04,7.77,163.15
AM-0000002256,3,SKU-0120,3,258.36,47.72,31.46,758.82
AM-0000002266,1,SKU-0118,3,201.33,47.85,27.69,583.83
AM-0000002266,2,SKU-0031,1,344.04,0.91,15.47,358.60
AM-0000002267,1,SKU-0049,1,212.17,10.49,9.90,211.58
AM-0000002270,1,SKU-0060,2,259.82,30.20,23.77,513.21
AM-0000002270,2,SKU-0063,3,23.37,1.50,4.50,73.11
AM-0000002271,1,SKU-0006,1,173.87,8.36,9.09,174.60
AM-0000002277,1,SKU-0006,3,175.42,59.17,20.95,488.04
AM-0000002280,1,SKU-0076,1,102.55,9.58,7.08,100.05
AM-0000002282,1,SKU-0068,2,76.04,4.02,10.99,159.05
AM-0000002283,1,SKU-0120,1,272.19,21.88,15.58,265.89
AM-0000002283,2,SKU-0026,1,257.71,30.62,13.78,240.87
AM-0000002283,3,SKU-0091,1,169.64,15.60,12.24,166.28
AM-0000002284,1,SKU-0064,2,27.04,4.80,2.17,51.45
AM-0000002286,1,SKU-0049,1,219.78,13.49,18.09,224.38
AM-0000002287,1,SKU-0070,1,233.77,3.73,10.87,240.91
AM-0000002287,2,SKU-0045,4,79.70,2.94,15.95,331.81
AM-0000002293,1,SKU-0060,2,225.86,0.60,39.57,490.69
AM-0000002293,2,SKU-0013,1,325.80,1.99,20.51,344.32
AM-0000002296,1,SKU-0066,2,76.90,15.50,8.87,147.17
AM-0000002300,1,SKU-0023,2,158.04,34.12,24.60,306.56
AM-0000002304,1,SKU-0017,4,66.40,4.91,21.66,282.35
AM-0000002304,2,SKU-0075,3,27.07,8.52,3.00,75.69
AM-0000002304,3,SKU-0113,1,161.06,0.17,11.69,172.58
AM-0000002304,4,SKU-0031,2,328.92,58.79,38.16,637.21
AM-0000002306,1,SKU-0008,2,43.22,7.24,3.55,82.75
AM-0000002308,1,SKU-0112,1,198.58,10.55,13.76,201.79
AM-0000002309,1,SKU-0085,1,151.71,13.54,12.09,150.26
AM-0000002309,2,SKU-0065,2,140.98,14.98,15.85,282.83
AM-0000002309,3,SKU-0092,1,17.39,0.87,1.18,17.70
AM-0000002309,4,SKU-0100,1,231.99,23.56,15.12,223.55
AM-0000002310,1,SKU-0103,2,315.85,60.24,27.83,599.29
AM-0000002315,1,SKU-0026,1,248.19,5.91,20.27,262.55
AM-0000002316,1,SKU-0029,3,131.73,24.41,28.19,398.97
AM-0000002317,1,SKU-0088,1,138.29,5.84,7.74,140.19
AM-0000002319,1,SKU-0052,1,266.80,18.78,19.96,267.98
AM-0000002319,2,SKU-0104,3,202.30,71.57,42.85,578.18
AM-0000002322,1,SKU-0109,2,347.65,14.61,39.42,720.11
AM-0000002324,1,SKU-0077,1,268.58,3.61,17.00,281.97
AM-0000002324,2,SKU-0059,1,138.59,5.33,9.67,142.93
AM-0000002328,1,SKU-0098,1,321.13,1.66,18.99,338.46
AM-0000002331,1,SKU-0090,2,285.68,57.70,33.14,546.80
AM-0000002331,2,SKU-0075,1,28.43,2.00,1.76,28.19
AM-0000002335,1,SKU-0083,2,185.22,6.64,16.32,380.12
AM-0000002340,1,SKU-0034,1,341.79,35.07,20.30,327.02
AM-0000002340,2,SKU-0088,1,139.34,2.78,8.27,144.83
AM-0000002340,3,SKU-0060,2,232.44,38.28,30.78,457.38
AM-0000002347,1,SKU-0049,1,207.13,1.35,9.18,214.96
AM-0000002347,2,SKU-0109,1,349.89,6.58,18.53,361.84
AM-0000002347,3,SKU-0090,1,261.62,29.69,12.00,243.93
AM-0000002349,1,SKU-0111,2,231.18,21.50,34.13,474.99
AM-0000002349,2,SKU-0039,1,88.67,4.28,5.31,89.70
AM-0000002349,3,SKU-0042,1,379.66,13.86,26.84,392.64
AM-0000002350,1,SKU-0031,2,312.35,23.88,49.09,649.91
AM-0000002351,1,SKU-0111,1,218.69,21.81,14.16,211.04
AM-0000002351,2,SKU-0104,1,217.08,18.44,11.66,210.30
AM-0000002353,1,SKU-0112,4,228.70,58.48,68.36,924.68
AM-0000002353,2,SKU-0024,2,34.51,5.15,5.29,69.16
AM-0000002355,1,SKU-0089,1,26.07,2.58,1.25,24.74
AM-0000002355,2,SKU-0032,1,177.24,7.28,12.30,182.26
AM-0000002355,3,SKU-0066,1,79.68,5.41,4.13,78.40
AM-0000002355,4,SKU-0014,2,362.06,54.15,30.64,700.61
AM-0000002356,1,SKU-0120,1,268.58,5.26,18.03,281.35
AM-0000002364,1,SKU-0114,1,211.47,10.02,12.25,213.70
AM-0000002364,2,SKU-0106,1,86.80,6.29,4.55,85.06
AM-0000002374,1,SKU-0048,4,184.79,74.07,48.95,714.04
AM-0000002374,2,SKU-0087,2,172.14,34.68,24.81,334.41
AM-0000002379,1,SKU-0006,1,156.76,15.63,9.08,150.21
AM-0000002379,2,SKU-0056,2,228.64,15.14,31.30,473.44
AM-0000002382,1,SKU-0071,2,338.10,43.65,32.27,664.82
AM-0000002385,1,SKU-0053,1,338.33,5.65,24.81,357.49
AM-0000002391,1,SKU-0042,1,414.22,45.05,20.55,389.72
AM-0000002391,2,SKU-0018,3,158.43,4.86,32.96,503.39
AM-0000002395,1,SKU-0099,3,185.04,60.26,31.34,526.20
AM-0000002396,1,SKU-0034,1,364.93,17.23,21.76,369.46
AM-0000002399,1,SKU-0074,2,117.65,12.38,15.07,237.99
AM-0000002401,1,SKU-0054,1,240.68,4.53,18.76,254.91
AM-0000002406,1,SKU-0005,4,92.32,24.23,20.51,365.56
AM-0000002413,1,SKU-0010,2,334.15,32.88,49.15,684.57
AM-0000002415,1,SKU-0073,5,119.98,13.20,35.11,621.81
AM-0000002416,1,SKU-0028,1,85.79,4.49,3.35,84.65
AM-0000002418,1,SKU-0031,2,316.62,31.90,31.23,632.57
AM-0000002418,2,SKU-0035,2,148.93,19.85,16.99,295.00
AM-0000002418,3,SKU-0006,1,164.82,14.65,11.49,161.66
AM-0000002418,4,SKU-0114,3,233.45,6.39,46.76,740.72
AM-0000002426,1,SKU-0009,4,169.15,24.56,32.17,684.21
AM-0000002429,1,SKU-0030,2,217.19,50.78,27.37,410.97
AM-0000002430,1,SKU-0104,2,202.29,13.75,34.58,425.41
AM-0000002430,2,SKU-0001,1,340.88,32.36,22.60,331.12
AM-0000002432,1,SKU-0015,1,233.13,25.36,16.14,223.91
AM-0000002432,2,SKU-0028,1,85.07,1.07,3.77,87.77
AM-0000002433,1,SKU-0063,1,23.38,0.67,1.35,24.06
AM-0000002433,2,SKU-0118,1,223.77,7.55,18.40,234.62
AM-0000002435,1,SKU-0044,1,258.39,24.34,10.46,244.51
AM-0000002435,2,SKU-0068,3,79.73,9.43,12.75,242.51
AM-0000002435,3,SKU-0034,4,393.68,173.65,110.72,1511.79
AM-0000002435,4,SKU-0017,1,72.53,3.17,3.50,72.86
AM-0000002438,1,SKU-0067,3,58.57,12.87,10.06,172.90
AM-0000002438,2,SKU-0035,1,140.22,2.58,7.39,145.03
AM-0000002438,3,SKU-0003,3,32.49,4.90,5.42,97.99
AM-0000002439,1,SKU-0041,2,356.86,22.84,44.04,734.92
AM-0000002443,1,SKU-0018,2,162.61,27.82,21.34,318.74
AM-0000002444,1,SKU-0117,1,105.71,2.15,7.49,111.05
AM-0000002444,2,SKU-0042,2,416.78,18.03,50.03,865.56
AM-0000002445,1,SKU-0068,3,82.46,22.60,10.06,234.84
AM-0000002447,1,SKU-0030,1,220.99,14.91,12.93,219.01
AM-0000002447,2,SKU-0096,1,29.86,2.34,1.99,29.51
AM-0000002448,1,SKU-0051,2,88.91,13.33,10.71,175.20
AM-0000002448,2,SKU-0097,2,179.35,39.96,23.90,342.64
AM-0000002448,3,SKU-0069,1,217.20,8.79,13.88,222.29
AM-0000002449,1,SKU-0009,1,182.35,16.74,13.42,179.03
AM-0000002449,2,SKU-0006,4,152.17,41.23,26.18,593.63
AM-0000002449,3,SKU-0002,1,145.74,5.97,10.97,150.74
AM-0000002453,1,SKU-0067,1,51.39,4.18,3.64,50.85
AM-0000002453,2,SKU-0088,1,139.82,3.69,12.22,148.35
AM-0000002457,1,SKU-0001,3,360.68,67.00,54.47,1069.51
AM-0000002463,1,SKU-0085,5,165.08,53.87,33.12,804.65
AM-0000002464,1,SKU-0012,2,76.34,4.59,11.70,159.79
AM-0000002465,1,SKU-0078,1,170.07,18.77,8.40,159.70
AM-0000002465,2,SKU-0106,1,91.86,2.56,7.28,96.58
AM-0000002466,1,SKU-0038,1,277.11,3.22,21.28,295.17
AM-0000002466,2,SKU-0085,2,147.03,30.78,20.92,284.20
AM-0000002466,3,SKU-0116,2,383.48,80.97,36.63,722.62
AM-0000002467,1,SKU-0117,1,99.41,2.94,7.58,104.05
AM-0000002471,1,SKU-0025,1,131.75,2.95,9.21,138.01
AM-0000002473,1,SKU-0115,4,283.06,58.51,75.24,1148.97
AM-0000002473,2,SKU-0051,1,102.12,7.56,7.16,101.72
AM-0000002474,1,SKU-0046,2,137.02,13.96,11.22,271.30
AM-0000002474,2,SKU-0106,1,95.14,2.23,5.06,97.97
AM-0000002474,3,SKU-0114,1,233.44,20.15,10.30,223.59
AM-0000002475,1,SKU-0097,2,157.15,12.74,16.71,318.27
AM-0000002476,1,SKU-0116,1,418.42,2.29,37.45,453.58
AM-0000002484,1,SKU-0102,1,20.38,0.00,1.33,21.71
AM-0000002484,2,SKU-0066,1,69.40,4.74,5.37,70.03
AM-0000002485,1,SKU-0074,1,114.48,6.99,7.25,114.74
AM-0000002485,2,SKU-0072,4,171.62,6.45,49.04,729.07
AM-0000002485,3,SKU-0050,1,425.67,48.52,26.73,403.88
AM-0000002485,4,SKU-0037,2,63.58,6.95,7.44,127.65
AM-0000002487,1,SKU-0004,2,120.02,26.75,18.73,232.02
AM-0000002487,2,SKU-0072,1,162.04,7.54,8.72,163.22
AM-0000002488,1,SKU-0109,1,410.16,21.52,24.85,413.49
AM-0000002488,2,SKU-0098,1,310.66,33.24,23.90,301.32
AM-0000002489,1,SKU-0030,2,233.30,11.24,40.19,495.55
AM-0000002489,2,SKU-0091,1,173.02,4.01,12.98,181.99
AM-0000002491,1,SKU-0025,1,129.71,1.67,7.19,135.23
AM-0000002492,1,SKU-0102,2,20.74,4.74,2.93,39.67
AM-0000002494,1,SKU-0096,1,33.33,0.23,2.82,35.92
AM-0000002495,1,SKU-0008,4,46.03,20.78,7.91,171.25
AM-0000002495,2,SKU-0118,2,210.87,4.05,32.69,450.38
AM-0000002495,3,SKU-0105,1,106.05,5.21,5.46,106.30
AM-0000002496,1,SKU-0059,1,119.49,0.46,7.85,126.88
AM-0000002496,2,SKU-0042,2,433.18,69.06,32.87,830.17
AM-0000002498,1,SKU-0047,2,15.90,0.66,1.99,33.13
AM-0000002498,2,SKU-0031,2,320.55,63.93,42.72,619.89
AM-0000002502,1,SKU-0059,2,121.42,20.21,18.49,241.12
AM-0000002507,1,SKU-0052,1,263.23,11.87,18.10,269.46
AM-0000002508,1,SKU-0114,3,225.04,15.49,45.62,705.25
AM-0000002514,1,SKU-0113,2,155.56,3.52,24.53,332.13
AM-0000002514,2,SKU-0073,3,115.55,17.96,13.33,342.02
AM-0000002514,3,SKU-0062,2,15.65,0.43,2.14,33.01
AM-0000002514,4,SKU-0080,1,83.10,4.82,5.19,83.47
AM-0000002515,1,SKU-0117,1,93.12,8.23,6.93,91.82
AM-0000002515,2,SKU-0010,5,307.29,61.77,93.84,1568.52
AM-0000002516,1,SKU-0067,2,55.97,13.17,8.06,106.83
AM-0000002516,2,SKU-0081,1,44.66,3.70,2.82,43.78
AM-0000002516,3,SKU-0004,4,135.15,38.33,37.87,540.14
AM-0000002518,1,SKU-0002,4,146.57,39.61,43.40,590.07
AM-0000002518,2,SKU-0055,2,28.20,0.19,3.39,59.60
AM-0000002524,1,SKU-0006,2,172.37,29.64,18.48,333.58
AM-0000002526,1,SKU-0093,3,292.36,40.68,65.29,901.69
AM-0000002526,2,SKU-0065,1,150.64,3.00,9.28,156.92
AM-0000002526,3,SKU-0052,1,280.00,4.19,20.72,296.53
AM-0000002532,1,SKU-0047,5,15.10,7.81,4.35,72.04
AM-0000002534,1,SKU-0083,1,160.49,1.87,7.88,166.50
AM-0000002534,2,SKU-0002,1,156.76,12.73,6.46,150.49
AM-0000002535,1,SKU-0050,1,432.61,36.25,18.46,414.82
AM-0000002535,2,SKU-0089,1,25.19,0.55,1.88,26.52
AM-0000002541,1,SKU-0053,1,341.67,24.31,25.44,342.80
AM-0000002543,1,SKU-0079,1,34.02,3.16,1.71,32.57
AM-0000002543,2,SKU-0074,3,120.34,41.11,22.60,342.51
AM-0000002547,1,SKU-0080,2,94.18,15.56,13.25,186.05
AM-0000002547,2,SKU-0014,1,369.56,13.88,23.14,378.82
AM-0000002549,1,SKU-0031,1,304.89,15.70,20.95,310.14
AM-0000002549,2,SKU-0119,1,265.02,31.39,11.60,245.23
AM-0000002552,1,SKU-0113,2,167.44,32.29,24.18,326.77
AM-0000002552,2,SKU-0017,2,66.86,13.88,6.72,126.56
AM-0000002556,1,SKU-0040,1,246.59,11.73,12.32,247.18
AM-0000002559,1,SKU-0068,1,83.30,1.63,6.14,87.81
AM-0000002563,1,SKU-0080,1,95.66,1.67,4.23,98.22
AM-0000002565,1,SKU-0001,1,354.82,1.24,19.50,373.08
AM-0000002565,2,SKU-0065,1,150.76,18.01,7.61,140.36
AM-0000002566,1,SKU-0024,3,32.64,10.70,7.23,94.45
AM-0000002566,2,SKU-0046,1,127.53,9.88,7.00,124.65
AM-0000002566,3,SKU-0063,3,24.63,0.54,3.41,76.76
AM-0000002568,1,SKU-0024,1,32.45,0.45,1.47,33.47
AM-0000002568,2,SKU-0117,2,105.20,2.53,18.31,226.18
AM-0000002568,3,SKU-0006,1,174.09,20.52,12.35,165.92
AM-0000002571,1,SKU-0108,1,142.25,15.19,6.37,133.43
AM-0000002578,1,SKU-0097,1,173.05,15.03,11.85,169.87
AM-0000002578,2,SKU-0035,1,145.92,13.21,9.49,142.20
AM-0000002578,3,SKU-0037,1,66.78,2.15,3.69,68.32
AM-0000002578,4,SKU-0004,3,138.75,29.09,21.27,408.43
AM-0000002581,1,SKU-0025,2,121.91,25.37,15.24,233.69
AM-0000002581,2,SKU-0073,1,131.30,8.47,9.47,132.30
AM-0000002587,1,SKU-0090,3,255.59,58.18,36.84,745.43
AM-0000002587,2,SKU-0032,2,174.91,21.30,17.69,346.21
AM-0000002587,3,SKU-0054,2,223.20,8.32,26.64,464.72
AM-0000002587,4,SKU-0086,3,23.13,5.66,2.86,66.59
AM-0000002588,1,SKU-0063,2,25.98,3.85,3.66,51.77
AM-0000002589,1,SKU-0110,2,66.07,3.13,9.58,138.59
AM-0000002589,2,SKU-0052,2,260.94,14.22,42.71,550.37
AM-0000002589,3,SKU-0030,1,221.79,14.70,12.13,219.22
AM-0000002591,1,SKU-0112,1,227.19,12.00,10.62,225.81
AM-0000002592,1,SKU-0096,2,32.81,4.21,3.63,65.04
AM-0000002592,2,SKU-0007,2,256.01,7.06,39.01,543.97
AM-0000002592,3,SKU-0068,1,75.08,5.72,5.88,75.24
AM-0000002593,1,SKU-0118,1,232.47,6.97,10.46,235.96
AM-0000002593,2,SKU-0088,4,148.04,31.40,25.31,586.07
AM-0000002593,3,SKU-0019,2,46.62,7.60,6.01,91.65
AM-0000002594,1,SKU-0006,1,164.28,13.69,6.62,157.21
AM-0000002595,1,SKU-0039,1,96.67,5.96,7.06,97.77
AM-0000002596,1,SKU-0028,1,77.68,1.73,5.34,81.29
AM-0000002596,2,SKU-0023,1,163.35,16.36,7.66,154.65
AM-0000002596,3,SKU-0031,1,350.11,24.92,14.92,340.11
AM-0000002598,1,SKU-0012,1,77.00,7.66,5.85,75.19
AM-0000002602,1,SKU-0097,1,176.82,13.11,8.89,172.60
AM-0000002606,1,SKU-0059,1,121.91,12.74,6.04,115.21
AM-0000002606,2,SKU-0006,1,176.87,7.26,13.73,183.34
AM-0000002609,1,SKU-0014,1,350.46,4.92,13.89,359.43
AM-0000002609,2,SKU-0111,4,217.52,37.22,37.90,870.76
AM-0000002617,1,SKU-0087,2,194.93,31.32,25.73,384.27
AM-0000002617,2,SKU-0047,1,16.45,0.88,0.68,16.25
AM-0000002617,3,SKU-0002,1,152.98,0.60,11.83,164.21
AM-0000002625,1,SKU-0081,2,48.09,5.97,6.12,96.33
AM-0000002625,2,SKU-0059,1,135.40,6.62,11.42,140.20
AM-0000002633,1,SKU-0030,2,207.62,37.59,33.01,410.66
AM-0000002633,2,SKU-0105,1,117.84,11.29,8.45,115.00
AM-0000002639,1,SKU-0117,2,102.27,1.38,16.47,219.63
AM-0000002643,1,SKU-0118,4,230.84,31.42,76.73,968.67
AM-0000002650,1,SKU-0094,1,284.80,17.40,19.67,287.07
AM-0000002650,2,SKU-0081,1,44.89,2.49,2.76,45.16
AM-0000002653,1,SKU-0073,1,115.02,2.05,7.72,120.69
AM-0000002653,2,SKU-0021,1,110.96,3.76,8.70,115.90
AM-0000002656,1,SKU-0004,1,117.21,13.94,5.32,108.59
AM-0000002656,2,SKU-0052,1,278.91,14.38,11.80,276.33
AM-0000002656,3,SKU-0016,2,118.34,28.22,12.33,220.79
AM-0000002657,1,SKU-0045,2,87.78,14.05,14.09,175.60
AM-0000002658,1,SKU-0062,1,16.56,1.37,1.36,16.55
AM-0000002658,2,SKU-0058,2,258.62,0.71,36.23,552.76
AM-0000002658,3,SKU-0003,2,31.22,1.63,4.77,65.58
AM-0000002670,1,SKU-0055,1,28.05,1.31,1.45,28.19
AM-0000002671,1,SKU-0101,1,174.13,19.78,9.70,164.05
AM-0000002671,2,SKU-0040,2,252.02,34.88,38.78,507.94
AM-0000002672,1,SKU-0111,3,229.22,40.98,48.33,695.01
AM-0000002672,2,SKU-0073,1,125.01,10.04,5.66,120.63
AM-0000002672,3,SKU-0067,1,50.54,1.61,2.65,51.58
AM-0000002673,1,SKU-0095,1,66.74,0.75,3.14,69.13
AM-0000002673,2,SKU-0014,1,352.22,40.33,24.38,336.27
AM-0000002674,1,SKU-0106,1,94.83,4.01,7.68,98.50
AM-0000002674,2,SKU-0088,1,135.01,6.05,8.76,137.72
AM-0000002679,1,SKU-0036,1,278.23,30.69,19.00,266.54
AM-0000002679,2,SKU-0087,1,202.15,11.67,14.52,205.00
AM-0000002679,3,SKU-0058,1,249.20,19.18,17.84,247.86
AM-0000002679,4,SKU-0111,2,234.31,22.65,20.28,466.25
AM-0000002684,1,SKU-0056,1,271.68,22.42,11.15,260.41
AM-0000002686,1,SKU-0018,2,164.95,37.73,12.38,304.55
AM-0000002686,2,SKU-0034,1,345.81,27.27,27.34,345.88
AM-0000002686,3,SKU-0115,4,273.03,53.23,85.01,1123.90
AM-0000002692,1,SKU-0095,1,73.52,7.06,3.00,69.46
AM-0000002692,2,SKU-0062,1,16.35,1.29,1.32,16.38
AM-0000002692,3,SKU-0001,1,382.73,8.21,15.42,389.94
AM-0000002696,1,SKU-0021,1,122.35,10.28,6.04,118.11
AM-0000002698,1,SKU-0079,1,37.55,1.96,1.52,37.11
AM-0000002698,2,SKU-0029,1,124.51,12.47,4.63,116.67
AM-0000002698,3,SKU-0083,1,179.71,4.41,8.99,184.29
AM-0000002701,1,SKU-0003,1,35.78,2.28,2.63,36.13
AM-0000002701,2,SKU-0032,1,175.47,1.00,10.54,185.01
AM-0000002702,1,SKU-0105,2,102.48,7.61,10.00,207.35
AM-0000002710,1,SKU-0044,2,258.43,30.03,25.41,512.24
AM-0000002712,1,SKU-0104,1,202.08,23.31,15.26,194.03
AM-0000002715,1,SKU-0002,2,152.03,10.81,18.46,311.71
AM-0000002717,1,SKU-0019,3,46.37,12.23,8.44,135.32
AM-0000002718,1,SKU-0075,1,26.66,1.07,1.10,26.69
AM-0000002719,1,SKU-0023,2,161.91,34.33,25.58,315.07
AM-0000002719,2,SKU-0053,2,363.52,49.52,48.29,725.81
AM-0000002719,3,SKU-0026,2,243.93,21.89,23.03,489.00
AM-0000002728,1,SKU-0059,2,127.52,7.66,12.74,260.12
AM-0000002730,1,SKU-0119,1,252.59,13.16,11.83,251.26
AM-0000002739,1,SKU-0107,2,342.13,0.09,47.79,731.96
AM-0000002741,1,SKU-0022,1,210.27,10.54,12.33,212.06
AM-0000002746,1,SKU-0101,1,165.70,0.83,7.75,172.62
AM-0000002749,1,SKU-0048,2,188.50,26.57,15.80,366.23
AM-0000002749,2,SKU-0076,1,93.51,0.97,6.12,98.66
AM-0000002750,1,SKU-0010,1,335.01,27.97,26.23,333.27
AM-0000002750,2,SKU-0063,1,23.01,0.69,1.63,23.95
AM-0000002750,3,SKU-0048,1,172.78,15.62,11.86,169.02
AM-0000002751,1,SKU-0024,1,33.30,3.17,1.74,31.87
AM-0000002759,1,SKU-0078,4,177.27,31.64,45.88,723.32
AM-0000002759,2,SKU-0063,1,25.92,0.12,2.09,27.89
AM-0000002761,1,SKU-0049,1,220.43,5.77,15.53,230.19
AM-0000002764,1,SKU-0093,1,280.92,5.62,19.49,294.79
AM-0000002764,2,SKU-0106,2,100.27,18.35,14.95,197.14
AM-0000002765,1,SKU-0035,1,143.60,14.78,5.97,134.79
AM-0000002765,2,SKU-0048,1,176.29,20.93,10.63,165.99
AM-0000002765,3,SKU-0072,1,165.75,9.04,9.07,165.78
AM-0000002768,1,SKU-0064,1,25.08,0.31,1.15,25.92
AM-0000002768,2,SKU-0063,2,24.53,3.64,3.02,48.44
AM-0000002768,3,SKU-0096,1,31.09,2.25,2.46,31.30
AM-0000002772,1,SKU-0035,2,151.94,16.37,22.59,310.10
AM-0000002773,1,SKU-0098,1,336.77,39.73,14.69,311.73
AM-0000002775,1,SKU-0090,1,287.15,4.47,17.66,300.34
AM-0000002777,1,SKU-0007,1,255.22,8.55,13.59,260.26
AM-0000002779,1,SKU-0051,1,93.84,3.35,7.21,97.70
AM-0000002779,2,SKU-0002,3,135.68,36.69,26.33,396.68
AM-0000002779,3,SKU-0111,3,220.58,73.91,51.50,639.33
AM-0000002779,4,SKU-0103,1,312.70,4.91,27.46,335.25
AM-0000002780,1,SKU-0081,1,47.74,3.16,3.76,48.34
AM-0000002783,1,SKU-0006,1,175.70,3.13,13.52,186.09
AM-0000002783,2,SKU-0033,2,104.28,9.12,12.92,212.36
AM-0000002786,1,SKU-0091,1,165.33,1.16,7.79,171.96
AM-0000002786,2,SKU-0027,3,64.42,16.11,12.34,189.49
AM-0000002786,3,SKU-0096,1,29.93,0.25,2.17,31.85
AM-0000002786,4,SKU-0036,3,274.10,27.79,70.36,864.87
AM-0000002787,1,SKU-0047,2,17.19,1.25,2.10,35.23
AM-0000002787,2,SKU-0082,2,250.44,49.19,21.83,473.52
AM-0000002787,3,SKU-0078,1,152.14,15.73,10.11,146.52
AM-0000002789,1,SKU-0033,2,118.00,6.64,20.21,249.57
AM-0000002789,2,SKU-0095,2,67.32,2.52,6.46,138.58
AM-0000002790,1,SKU-0007,1,242.77,6.90,13.48,249.35
AM-0000002791,1,SKU-0032,1,194.46,22.02,10.03,182.47
AM-0000002794,1,SKU-0016,4,129.59,51.00,37.39,504.75
AM-0000002797,1,SKU-0104,3,209.98,49.35,24.60,605.19
AM-0000002797,2,SKU-0028,1,81.10,8.21,5.88,78.77
AM-0000002797,3,SKU-0031,1,333.88,39.59,13.29,307.58
AM-0000002803,1,SKU-0117,4,94.10,12.07,18.50,382.83
AM-0000002803,2,SKU-0107,1,396.92,24.08,25.30,398.14
AM-0000002806,1,SKU-0062,1,15.09,0.08,1.34,16.35
AM-0000002806,2,SKU-0011,2,275.52,22.49,28.48,557.03
AM-0000002807,1,SKU-0031,2,295.56,55.96,38.78,573.94
AM-0000002807,2,SKU-0098,1,323.83,3.45,17.68,338.06
AM-0000002808,1,SKU-0082,1,284.36,28.92,16.56,272.00
AM-0000002809,1,SKU-0064,4,23.72,6.37,4.51,93.02
AM-0000002811,1,SKU-0032,1,176.59,8.07,15.14,183.66
AM-0000002815,1,SKU-0023,1,155.77,5.81,9.94,159.90
AM-0000002815,2,SKU-0079,1,35.12,2.75,1.51,33.88
AM-0000002818,1,SKU-0089,1,27.20,1.82,1.47,26.85
AM-0000002819,1,SKU-0066,4,68.58,26.11,21.59,269.80
AM-0000002819,2,SKU-0119,2,237.66,32.10,30.75,473.97
AM-0000002819,3,SKU-0062,1,16.20,1.75,1.25,15.70
AM-0000002820,1,SKU-0055,1,31.56,0.22,2.19,33.53
AM-0000002820,2,SKU-0063,1,25.79,2.70,1.27,24.36
AM-0000002820,3,SKU-0043,1,155.54,14.21,7.61,148.94
AM-0000002831,1,SKU-0044,1,242.25,1.17,19.60,260.68
AM-0000002831,2,SKU-0106,2,94.55,3.53,9.12,194.69
AM-0000002831,3,SKU-0034,1,377.62,18.32,19.16,378.46
AM-0000002833,1,SKU-0025,2,118.80,2.44,12.24,247.40
AM-0000002837,1,SKU-0016,2,114.30,1.36,9.71,236.95
AM-0000002837,2,SKU-0076,1,99.10,9.88,4.46,93.68
AM-0000002844,1,SKU-0021,1,114.38,8.04,4.62,110.96
AM-0000002844,2,SKU-0097,1,161.18,15.64,12.86,158.40
AM-0000002844,3,SKU-0051,1,102.24,8.37,6.02,99.89
AM-0000002844,4,SKU-0102,1,18.72,1.25,0.95,18.42
AM-0000002845,1,SKU-0012,2,65.45,9.49,8.30,129.71
AM-0000002845,2,SKU-0064,1,23.80,1.99,1.62,23.43
AM-0000002845,3,SKU-0047,1,14.83,0.27,1.00,15.56
AM-0000002845,4,SKU-0042,1,381.33,1.03,30.97,411.27
AM-0000002848,1,SKU-0074,1,118.37,6.80,5.94,117.51
AM-0000002848,2,SKU-0098,1,331.41,15.84,21.31,336.88
AM-0000002849,1,SKU-0019,1,43.11,4.04,2.14,41.21
AM-0000002851,1,SKU-0048,1,167.44,4.97,7.85,170.32
AM-0000002855,1,SKU-0016,1,134.81,5.68,6.80,135.93
AM-0000002855,2,SKU-0066,5,74.42,30.47,21.91,363.54
AM-0000002855,3,SKU-0081,1,43.54,0.68,3.32,46.18
AM-0000002855,4,SKU-0035,3,147.39,38.95,26.97,430.19
AM-0000002857,1,SKU-0085,2,165.31,22.24,26.86,335.24
AM-0000002860,1,SKU-0049,1,241.35,13.56,12.38,240.17
AM-0000002860,2,SKU-0067,1,55.51,1.65,4.47,58.33
AM-0000002860,3,SKU-0034,2,382.69,89.82,27.74,703.30
AM-0000002862,1,SKU-0113,4,161.49,73.87,39.68,611.77
AM-0000002863,1,SKU-0078,3,158.06,38.39,33.21,469.00
AM-0000002863,2,SKU-0119,1,250.29,2.58,16.84,264.55
AM-0000002866,1,SKU-0078,1,178.85,17.46,9.44,170.83
AM-0000002866,2,SKU-0070,1,234.62,17.59,17.98,235.01
AM-0000002866,3,SKU-0046,3,145.76,29.41,18.12,425.99
AM-0000002867,1,SKU-0061,1,212.24,18.69,8.54,202.09
AM-0000002867,2,SKU-0092,1,15.45,1.70,1.11,14.86
AM-0000002871,1,SKU-0090,1,275.42,8.88,13.31,279.85
AM-0000002872,1,SKU-0085,1,145.00,4.88,9.72,149.84
AM-0000002872,2,SKU-0066,2,79.30,4.86,11.46,165.20
AM-0000002875,1,SKU-0053,2,363.73,82.87,44.30,688.89
AM-0000002875,2,SKU-0057,1,482.66,50.59,34.04,466.11
AM-0000002875,3,SKU-0096,1,32.82,1.28,2.47,34.01
AM-0000002875,4,SKU-0049,1,216.54,21.92,14.45,209.07
AM-0000002881,1,SKU-0034,1,368.75,33.85,19.15,354.05
AM-0000002882,1,SKU-0007,2,230.87,12.58,36.86,486.02
AM-0000002885,1,SKU-0078,1,172.38,0.50,15.28,187.16
AM-0000002895,1,SKU-0090,1,258.95,1.66,22.47,279.76
AM-0000002895,2,SKU-0106,1,97.51,0.09,5.01,102.43
AM-0000002895,3,SKU-0039,4,91.26,4.75,21.31,381.60
AM-0000002895,4,SKU-0096,1,30.90,1.41,2.52,32.01
AM-0000002895,5,SKU-0077,2,262.93,24.33,28.53,530.06
AM-0000002901,1,SKU-0035,1,152.47,15.91,10.99,147.55
AM-0000002901,2,SKU-0042,2,368.77,66.58,50.52,721.48
AM-0000002906,1,SKU-0063,2,26.48,3.97,2.14,51.13
AM-0000002906,2,SKU-0096,3,33.49,10.28,3.68,93.87
AM-0000002909,1,SKU-0111,2,231.59,29.57,34.52,468.13
AM-0000002913,1,SKU-0025,4,138.54,31.74,24.44,546.86
AM-0000002913,2,SKU-0100,1,245.01,15.95,14.52,243.58
AM-0000002921,1,SKU-0024,3,32.58,5.97,6.87,98.64
AM-0000002921,2,SKU-0023,2,175.80,35.19,14.80,331.21
AM-0000002922,1,SKU-0012,4,69.16,23.88,17.30,270.06
AM-0000002925,1,SKU-0078,1,155.61,10.07,7.58,153.12
AM-0000002925,2,SKU-0045,2,91.84,14.92,9.59,178.35
AM-0000002928,1,SKU-0061,1,191.78,10.57,10.03,191.24
AM-0000002928,2,SKU-0050,1,375.75,15.79,17.95,377.91
AM-0000002928,3,SKU-0103,1,358.56,22.13,14.29,350.72
AM-0000002929,1,SKU-0118,1,216.45,25.38,13.67,204.74
AM-0000002935,1,SKU-0108,1,152.83,9.73,8.46,151.56
AM-0000002936,1,SKU-0113,1,152.20,7.00,7.35,152.55
AM-0000002940,1,SKU-0011,1,269.93,21.80,18.74,266.87
AM-0000002940,2,SKU-0026,1,250.24,12.39,14.52,252.37
AM-0000002943,1,SKU-0064,1,26.69,2.02,1.94,26.61
AM-0000002943,2,SKU-0088,3,141.05,9.57,33.55,447.13
AM-0000002943,3,SKU-0067,3,55.32,16.66,9.55,158.85
AM-0000002948,1,SKU-0013,2,326.11,8.45,43.40,687.17
AM-0000002949,1,SKU-0060,2,231.35,38.68,27.78,451.80
AM-0000002951,1,SKU-0005,1,103.36,10.35,7.09,100.10
AM-0000002951,2,SKU-0083,2,182.34,3.57,27.64,388.75
AM-0000002952,1,SKU-0010,1,320.95,24.05,19.18,316.08
AM-0000002952,2,SKU-0085,2,159.38,29.01,19.31,309.06
AM-0000002953,1,SKU-0033,4,112.42,39.42,35.12,445.38
AM-0000002953,2,SKU-0119,1,235.93,7.73,15.22,243.42
AM-0000002960,1,SKU-0068,1,86.26,3.82,4.09,86.53
AM-0000002960,2,SKU-0118,1,223.20,13.57,15.72,225.35
AM-0000002962,1,SKU-0083,1,185.15,12.05,9.66,182.76
AM-0000002962,2,SKU-0027,1,66.06,2.19,2.67,66.54
AM-0000002962,3,SKU-0067,3,54.50,18.16,11.81,157.15
AM-0000002962,4,SKU-0090,1,287.96,25.69,21.19,283.46
AM-0000002963,1,SKU-0097,2,171.44,10.58,16.69,348.99
AM-0000002967,1,SKU-0085,4,167.42,53.94,38.52,654.26
AM-0000002967,2,SKU-0008,1,46.76,2.92,3.43,47.27
AM-0000002968,1,SKU-0082,1,292.21,2.68,14.02,303.55
AM-0000002971,1,SKU-0049,2,210.02,3.03,28.02,445.03
AM-0000002981,1,SKU-0016,1,124.89,1.87,9.22,132.24
AM-0000002982,1,SKU-0012,1,72.31,3.06,4.41,73.66
AM-0000002982,2,SKU-0101,1,163.03,14.12,7.66,156.57
AM-0000002982,3,SKU-0064,1,24.15,2.32,1.26,23.09
AM-0000002982,4,SKU-0104,4,209.69,53.50,44.95,830.21
AM-0000002983,1,SKU-0041,1,324.99,32.04,24.17,317.12
AM-0000002990,1,SKU-0102,1,20.75,1.47,0.97,20.25
AM-0000002990,2,SKU-0045,1,87.77,5.13,6.83,89.47
AM-0000002991,1,SKU-0069,2,238.01,13.18,30.60,493.44
AM-0000002991,2,SKU-0036,1,259.71,1.07,14.30,272.94
AM-0000002997,1,SKU-0045,1,80.50,4.13,6.48,82.85
AM-0000003001,1,SKU-0037,1,67.14,0.30,5.59,72.43
AM-0000003001,2,SKU-0117,1,99.27,10.93,4.65,92.99
AM-0000003002,1,SKU-0094,1,309.88,34.45,13.22,288.65
AM-0000003002,2,SKU-0070,3,244.87,10.11,53.86,778.36
AM-0000003002,3,SKU-0079,1,34.49,0.35,1.94,36.08
AM-0000003004,1,SKU-0016,1,118.62,6.22,8.75,121.15
AM-0000003007,1,SKU-0064,3,26.94,5.65,6.39,81.56
AM-0000003007,2,SKU-0065,1,138.06,12.55,9.55,135.06
AM-0000003009,1,SKU-0007,1,253.06,0.34,21.00,273.72
AM-0000003009,2,SKU-0045,2,89.38,7.58,9.95,181.13
AM-0000003009,3,SKU-0063,1,23.53,0.46,1.31,24.38
AM-0000003009,4,SKU-0075,1,27.22,1.96,1.56,26.82
AM-0000003010,1,SKU-0095,2,73.98,2.81,12.04,157.19
AM-0000003011,1,SKU-0055,2,31.61,3.24,2.78,62.76
AM-0000003011,2,SKU-0104,1,210.07,2.19,15.99,223.87
AM-0000003016,1,SKU-0057,1,501.33,38.97,23.73,486.09
AM-0000003016,2,SKU-0085,1,145.35,17.23,6.59,134.71
AM-0000003016,3,SKU-0042,1,364.52,10.22,24.24,378.54
AM-0000003016,4,SKU-0075,1,28.75,2.37,2.36,28.74
AM-0000003016,5,SKU-0087,1,195.47,9.03,10.01,196.45
AM-0000003022,1,SKU-0093,3,292.33,58.03,47.81,866.77
AM-0000003022,2,SKU-0031,3,296.45,61.26,62.13,890.22
AM-0000003023,1,SKU-0111,2,221.86,2.33,28.51,469.90
AM-0000003023,2,SKU-0095,1,75.31,5.40,5.18,75.09
AM-0000003023,3,SKU-0104,5,184.26,70.49,58.77,909.58
AM-0000003024,1,SKU-0033,5,120.08,31.20,23.55,592.75
AM-0000003031,1,SKU-0014,3,374.83,58.78,47.72,1113.43
AM-0000003034,1,SKU-0099,3,173.48,49.51,39.78,510.71
AM-0000003037,1,SKU-0007,1,222.68,12.52,12.94,223.10
AM-0000003039,1,SKU-0019,1,48.14,5.15,3.10,46.09
AM-0000003041,1,SKU-0095,1,67.25,1.63,4.78,70.40
AM-0000003041,2,SKU-0002,1,142.15,5.01,6.61,143.75
AM-0000003042,1,SKU-0036,1,272.91,14.00,18.34,277.25
AM-0000003042,2,SKU-0083,1,185.74,1.04,9.01,193.71
AM-0000003042,3,SKU-0031,1,326.30,37.97,22.25,310.58
AM-0000003044,1,SKU-0119,2,237.24,9.76,30.60,495.32
AM-0000003044,2,SKU-0086,1,23.49,0.64,1.55,24.40
AM-0000003044,3,SKU-0037,2,67.93,0.87,6.93,141.92
AM-0000003045,1,SKU-0047,3,17.20,2.57,4.37,53.40
AM-0000003045,2,SKU-0069,2,228.14,43.72,22.42,434.98
AM-0000003046,1,SKU-0102,1,21.38,1.92,1.53,20.99
AM-0000003046,2,SKU-0092,2,17.26,3.38,2.28,33.42
AM-0000003046,3,SKU-0005,1,99.35,6.47,6.78,99.66
AM-0000003047,1,SKU-0071,3,309.65,40.33,76.02,964.64
AM-0000003047,2,SKU-0085,3,163.31,48.44,21.35,462.84
AM-0000003050,1,SKU-0092,1,15.78,0.95,0.85,15.68
AM-0000003050,2,SKU-0038,2,269.70,27.49,36.44,548.35
AM-0000003050,3,SKU-0034,1,368.38,9.12,18.03,377.29
AM-0000003054,1,SKU-0093,1,270.58,6.12,21.21,285.67
AM-0000003056,1,SKU-0051,1,102.17,12.16,6.44,96.45
AM-0000003059,1,SKU-0067,4,56.07,8.33,9.43,225.38
AM-0000003059,2,SKU-0087,1,175.23,3.02,7.05,179.26
AM-0000003059,3,SKU-0032,1,182.19,6.65,14.75,190.29
AM-0000003060,1,SKU-0084,1,340.32,40.56,14.16,313.92
AM-0000003060,2,SKU-0016,1,114.69,2.89,6.10,117.90
AM-0000003061,1,SKU-0029,2,137.05,13.71,10.52,270.91
AM-0000003061,2,SKU-0100,1,235.49,11.52,15.34,239.31
AM-0000003061,3,SKU-0082,5,260.71,11.93,92.59,1384.21
AM-0000003062,1,SKU-0102,1,20.70,0.18,1.74,22.26
AM-0000003062,2,SKU-0085,3,144.86,6.63,25.98,453.93
AM-0000003063,1,SKU-0093,1,309.32,2.01,24.73,332.04
AM-0000003063,2,SKU-0058,1,266.52,23.08,15.17,258.61
AM-0000003065,1,SKU-0026,1,269.37,4.18,16.68,281.87
AM-0000003065,2,SKU-0031,3,350.63,115.98,55.37,991.28
AM-0000003065,3,SKU-0069,4,214.83,86.75,58.14,830.71
AM-0000003066,1,SKU-0083,1,170.87,1.11,10.62,180.38
AM-0000003068,1,SKU-0066,1,69.60,1.77,3.64,71.47
AM-0000003074,1,SKU-0040,2,221.78,48.02,26.71,422.25
AM-0000003074,2,SKU-0067,2,49.52,1.31,5.26,102.99
AM-0000003075,1,SKU-0056,4,239.44,1.49,77.83,1034.10
AM-0000003080,1,SKU-0048,2,169.86,2.14,29.70,367.28
AM-0000003080,2,SKU-0038,2,281.08,52.23,43.48,553.41
AM-0000003091,1,SKU-0023,2,179.37,18.32,23.73,364.15
AM-0000003091,2,SKU-0008,4,47.67,8.40,12.58,194.86
AM-0000003093,1,SKU-0069,1,233.23,15.95,9.48,226.76
AM-0000003094,1,SKU-0084,5,378.90,46.62,143.56,1991.44
AM-0000003097,1,SKU-0002,1,158.72,11.13,9.33,156.92
AM-0000003099,1,SKU-0021,4,118.58,31.64,37.23,479.91
AM-0000003099,2,SKU-0076,2,100.60,9.68,8.90,200.42
AM-0000003108,1,SKU-0116,1,381.54,35.05,25.14,371.63
AM-0000003108,2,SKU-0119,1,250.33,15.28,16.50,251.55
AM-0000003108,3,SKU-0097,1,165.77,15.67,11.75,161.85
AM-0000003108,4,SKU-0053,1,333.45,30.75,17.79,320.49
AM-0000003108,5,SKU-0014,2,371.37,84.66,57.14,715.22
AM-0000003110,1,SKU-0001,1,377.04,13.25,18.68,382.47
AM-0000003110,2,SKU-0045,1,93.79,10.02,6.20,89.97
AM-0000003110,3,SKU-0042,1,431.86,48.24,25.54,409.16
AM-0000003110,4,SKU-0104,3,199.00,31.71,50.03,615.32
AM-0000003111,1,SKU-0076,4,107.08,36.81,20.21,411.72
AM-0000003112,1,SKU-0116,2,409.57,44.62,50.77,825.29
AM-0000003112,2,SKU-0081,3,49.17,9.27,10.20,148.44
AM-0000003112,3,SKU-0055,4,28.82,7.20,8.51,116.59
AM-0000003113,1,SKU-0003,4,34.16,15.63,9.05,130.06
AM-0000003113,2,SKU-0097,1,169.93,8.79,13.63,174.77
AM-0000003115,1,SKU-0068,1,75.39,5.32,4.39,74.46
AM-0000003115,2,SKU-0077,1,273.47,10.74,22.38,285.11
AM-0000003117,1,SKU-0063,1,22.96,1.54,1.66,23.08
AM-0000003117,2,SKU-0018,1,168.63,9.60,12.83,171.86
AM-0000003118,1,SKU-0045,2,92.15,19.50,13.40,178.20
AM-0000003126,1,SKU-0109,3,409.73,48.28,84.76,1265.67
AM-0000003126,2,SKU-0110,1,73.27,3.76,3.71,73.22
AM-0000003126,3,SKU-0035,2,148.51,11.76,12.34,297.60
AM-0000003126,4,SKU-0033,3,122.54,25.89,22.61,364.34
AM-0000003128,1,SKU-0097,1,178.25,10.09,10.36,178.52
AM-0000003128,2,SKU-0095,1,66.60,0.39,5.08,71.29
AM-0000003128,3,SKU-0027,2,60.81,8.13,7.25,120.74
AM-0000003132,1,SKU-0095,1,70.93,2.02,3.61,72.52
AM-0000003137,1,SKU-0077,2,269.64,53.10,21.11,507.29
AM-0000003138,1,SKU-0060,1,230.37,23.75,9.39,216.01
AM-0000003148,1,SKU-0047,3,16.45,4.14,1.85,47.06
AM-0000003154,1,SKU-0110,3,67.11,23.53,10.73,188.53
AM-0000003154,2,SKU-0073,1,129.58,12.78,6.82,123.62
AM-0000003154,3,SKU-0115,1,250.04,8.31,15.46,257.19
AM-0000003161,1,SKU-0062,1,16.01,1.04,1.15,16.12
AM-0000003161,2,SKU-0044,2,244.52,35.71,39.04,492.37
AM-0000003161,3,SKU-0063,1,22.35,1.08,1.65,22.92
AM-0000003162,1,SKU-0044,1,272.49,17.36,12.09,267.22
AM-0000003166,1,SKU-0094,2,283.35,61.37,33.74,539.07
AM-0000003168,1,SKU-0105,1,102.71,9.29,5.08,98.50
AM-0000003170,1,SKU-0088,2,134.53,16.71,15.32,267.67
AM-0000003170,2,SKU-0038,1,272.65,23.90,10.51,259.26
AM-0000003177,1,SKU-0080,1,89.78,3.80,6.79,92.77
AM-0000003177,2,SKU-0046,1,129.92,1.53,10.11,138.50
AM-0000003180,1,SKU-0079,2,33.52,0.08,3.46,70.42
AM-0000003183,1,SKU-0033,1,111.23,9.74,4.97,106.46
AM-0000003186,1,SKU-0021,3,126.10,29.72,25.43,374.01
AM-0000003188,1,SKU-0087,1,183.36,11.33,12.17,184.20
AM-0000003188,2,SKU-0003,1,32.64,1.39,1.27,32.52
AM-0000003199,1,SKU-0110,1,70.25,4.68,5.43,71.00
AM-0000003201,1,SKU-0085,1,146.89,4.80,11.61,153.70
AM-0000003201,2,SKU-0043,3,143.36,31.44,24.96,423.60
AM-0000003201,3,SKU-0022,2,198.40,33.64,22.62,385.78
AM-0000003201,4,SKU-0094,1,279.48,25.15,19.87,274.20
AM-0000003204,1,SKU-0040,4,240.55,35.47,80.86,1007.59
AM-0000003204,2,SKU-0078,2,154.19,34.69,14.88,288.57
AM-0000003205,1,SKU-0053,1,354.27,21.18,29.38,362.47
AM-0000003205,2,SKU-0070,2,252.13,57.39,19.72,466.59
AM-0000003205,3,SKU-0098,4,358.61,96.58,71.59,1409.45
AM-0000003206,1,SKU-0044,1,239.86,25.21,9.65,224.30
AM-0000003206,2,SKU-0031,1,317.94,16.10,23.28,325.12
AM-0000003209,1,SKU-0116,1,451.82,34.08,19.97,437.71
AM-0000003209,2,SKU-0058,1,262.49,25.20,14.51,251.80
AM-0000003212,1,SKU-0057,1,492.20,6.22,26.85,512.83
AM-0000003213,1,SKU-0120,1,285.33,4.12,23.08,304.29
AM-0000003213,2,SKU-0013,2,278.72,14.94,43.56,586.06
AM-0000003213,3,SKU-0113,1,158.32,14.99,6.09,149.42
AM-0000003213,4,SKU-0016,1,123.25,0.19,5.19,128.25
AM-0000003214,1,SKU-0010,2,318.40,14.97,44.39,666.22
AM-0000003214,2,SKU-0102,3,18.98,0.05,2.95,59.84
AM-0000003224,1,SKU-0111,3,221.69,0.64,35.63,700.06
AM-0000003224,2,SKU-0089,1,28.22,2.64,1.79,27.37
AM-0000003225,1,SKU-0005,1,101.75,6.88,4.46,99.33
AM-0000003225,2,SKU-0116,3,382.95,9.98,54.71,1193.58
AM-0000003229,1,SKU-0117,1,108.13,9.41,7.98,106.70
AM-0000003229,2,SKU-0029,1,138.05,0.40,10.51,148.16
AM-0000003229,3,SKU-0023,1,173.55,7.45,6.77,172.87
AM-0000003233,1,SKU-0033,1,119.46,10.08,9.30,118.68
AM-0000003234,1,SKU-0065,2,136.49,25.37,16.56,264.17
AM-0000003234,2,SKU-0080,2,88.08,14.21,7.17,169.12
AM-0000003236,1,SKU-0071,1,331.21,11.92,20.96,340.25
AM-0000003236,2,SKU-0045,2,85.24,16.07,11.67,166.08
AM-0000003236,3,SKU-0049,2,234.47,15.96,29.98,482.96
AM-0000003236,4,SKU-0076,1,109.77,7.16,5.05,107.66
AM-0000003237,1,SKU-0117,1,108.30,0.66,8.74,116.38
AM-0000003237,2,SKU-0109,3,349.03,43.64,57.06,1060.51
AM-0000003241,1,SKU-0046,1,147.49,1.49,12.64,158.64
AM-0000003241,2,SKU-0035,1,137.88,7.99,6.89,136.78
AM-0000003244,1,SKU-0101,2,176.60,33.06,28.58,348.72
AM-0000003244,2,SKU-0095,1,68.45,4.83,3.11,66.73
AM-0000003247,1,SKU-0081,3,47.64,5.40,8.62,146.14
AM-0000003247,2,SKU-0025,1,127.32,10.19,8.05,125.18
AM-0000003251,1,SKU-0016,1,133.29,9.96,11.09,134.42
AM-0000003251,2,SKU-0020,1,240.59,26.52,8.92,222.99
AM-0000003256,1,SKU-0060,1,221.25,18.28,17.36,220.33
AM-0000003256,2,SKU-0017,1,71.14,5.98,4.65,69.81
AM-0000003256,3,SKU-0113,1,149.46,16.91,5.99,138.54
AM-0000003256,4,SKU-0102,1,21.38,0.23,1.40,22.55
AM-0000003257,1,SKU-0051,1,95.00,6.12,6.89,95.77
AM-0000003258,1,SKU-0055,1,27.90,3.22,1.35,26.03
AM-0000003259,1,SKU-0001,1,385.15,13.03,15.77,387.89
AM-0000003259,2,SKU-0108,1,139.89,4.87,5.55,140.57
AM-0000003261,1,SKU-0092,5,16.88,8.34,6.57,82.63
AM-0000003261,2,SKU-0011,2,275.37,49.73,22.63,523.64
AM-0000003261,3,SKU-0108,1,141.92,5.85,9.38,145.45
AM-0000003264,1,SKU-0002,1,151.89,18.17,11.75,145.47
AM-0000003264,2,SKU-0117,3,102.32,11.79,18.62,313.79
AM-0000003264,3,SKU-0024,1,34.96,2.45,2.42,34.93
AM-0000003265,1,SKU-0001,1,390.97,26.66,22.43,386.74
AM-0000003265,2,SKU-0018,3,156.70,10.03,26.99,487.06
AM-0000003265,3,SKU-0109,2,398.61,40.97,31.64,787.89
AM-0000003269,1,SKU-0052,5,256.06,83.21,75.26,1272.35
AM-0000003270,1,SKU-0118,2,236.06,22.86,23.24,472.50
AM-0000003270,2,SKU-0042,1,393.21,29.60,32.59,396.20
AM-0000003275,1,SKU-0027,1,68.10,1.44,5.02,71.68
AM-0000003275,2,SKU-0102,1,20.57,2.42,1.00,19.15
AM-0000003278,1,SKU-0037,1,71.40,5.51,2.68,68.57
AM-0000003278,2,SKU-0034,1,358.94,33.96,28.78,353.76
AM-0000003278,3,SKU-0019,1,43.37,5.04,2.51,40.84
AM-0000003279,1,SKU-0104,1,199.50,19.69,13.07,192.88
AM-0000003279,2,SKU-0048,1,170.38,7.72,13.73,176.39
AM-0000003280,1,SKU-0083,2,169.60,2.64,28.96,365.52
AM-0000003282,1,SKU-0075,1,25.79,2.11,1.33,25.01
AM-0000003282,2,SKU-0051,1,97.75,5.11,6.84,99.48
AM-0000003283,1,SKU-0069,1,234.41,6.34,14.99,243.06
AM-0000003286,1,SKU-0097,1,162.51,6.96,13.08,168.63
AM-0000003290,1,SKU-0011,1,261.75,29.10,14.96,247.61
AM-0000003290,2,SKU-0021,2,127.85,15.99,14.39,254.10
AM-0000003291,1,SKU-0110,1,71.46,8.24,3.67,66.89
AM-0000003291,2,SKU-0041,1,320.57,3.15,13.68,331.10
AM-0000003291,3,SKU-0072,1,160.30,18.56,11.17,152.91
AM-0000003291,4,SKU-0008,2,41.60,8.44,5.69,80.45
AM-0000003297,1,SKU-0086,1,22.61,0.31,1.53,23.83
AM-0000003307,1,SKU-0018,1,170.64,10.69,7.70,167.65
AM-0000003310,1,SKU-0007,1,235.96,10.25,19.64,245.35
AM-0000003313,1,SKU-0114,5,202.36,74.78,57.29,994.31
AM-0000003313,2,SKU-0042,2,398.20,14.69,56.76,838.47
AM-0000003325,1,SKU-0117,2,103.94,21.47,12.77,199.18
AM-0000003330,1,SKU-0043,2,149.06,10.54,25.78,313.36
AM-0000003332,1,SKU-0096,1,29.61,3.55,2.04,28.10
AM-0000003335,1,SKU-0118,2,225.32,12.64,17.92,455.92
AM-0000003335,2,SKU-0027,1,66.96,5.18,4.83,66.61
AM-0000003338,1,SKU-0089,2,26.17,5.60,2.49,49.23
AM-0000003338,2,SKU-0011,1,274.83,27.65,19.13,266.31
AM-0000003340,1,SKU-0085,3,148.73,4.84,22.31,463.66
AM-0000003340,2,SKU-0047,2,15.53,0.36,2.35,33.05
AM-0000003344,1,SKU-0045,1,86.87,4.87,7.13,89.13
AM-0000003344,2,SKU-0010,1,291.69,17.42,19.58,293.85
AM-0000003350,1,SKU-0116,3,407.22,74.98,49.11,1195.79
AM-0000003351,1,SKU-0043,2,153.96,33.90,16.40,290.42
AM-0000003351,2,SKU-0052,1,244.76,2.76,18.27,260.27
AM-0000003352,1,SKU-0075,1,25.52,2.10,1.88,25.30
AM-0000003360,1,SKU-0091,3,164.24,32.73,33.04,493.03
AM-0000003362,1,SKU-0026,1,276.41,18.11,15.77,274.07
AM-0000003362,2,SKU-0020,3,236.55,12.81,35.19,732.03
AM-0000003364,1,SKU-0038,1,258.67,8.13,19.95,270.49
AM-0000003364,2,SKU-0073,2,130.14,12.03,14.41,262.66
AM-0000003367,1,SKU-0068,4,73.83,27.62,17.34,285.04
AM-0000003367,2,SKU-0002,4,140.97,47.83,22.62,538.67
AM-0000003367,3,SKU-0021,4,116.20,51.15,32.68,446.33
AM-0000003367,4,SKU-0049,1,228.92,12.68,11.57,227.81
AM-0000003367,5,SKU-0105,1,114.32,5.13,6.06,115.25
AM-0000003370,1,SKU-0095,1,68.28,5.18,3.42,66.52
AM-0000003370,2,SKU-0082,2,277.43,27.05,22.31,550.12
AM-0000003376,1,SKU-0033,3,110.94,11.48,18.42,339.76
AM-0000003385,1,SKU-0111,1,248.46,6.14,20.76,263.08
AM-0000003385,2,SKU-0118,3,228.24,21.55,58.32,721.49
AM-0000003385,3,SKU-0072,1,172.87,11.42,7.26,168.71
AM-0000003386,1,SKU-0105,1,108.60,4.22,6.62,111.00
AM-0000003386,2,SKU-0049,2,234.58,36.90,32.15,464.41
AM-0000003395,1,SKU-0119,4,248.59,109.87,79.01,963.50
AM-0000003400,1,SKU-0026,1,269.03,27.52,16.69,258.20
AM-0000003403,1,SKU-0040,1,238.30,17.48,10.19,231.01
AM-0000003403,2,SKU-0034,1,401.80,10.48,23.23,414.55
AM-0000003403,3,SKU-0059,1,128.93,12.60,7.35,123.68
AM-0000003403,4,SKU-0042,2,403.69,57.86,32.38,781.90
AM-0000003403,5,SKU-0003,2,34.05,3.74,4.61,68.97
AM-0000003405,1,SKU-0020,1,245.81,13.86,14.40,246.35
AM-0000003406,1,SKU-0091,1,162.43,4.08,6.59,164.94
AM-0000003407,1,SKU-0035,2,138.97,28.80,14.07,263.21
AM-0000003411,1,SKU-0052,2,280.06,1.40,25.30,584.02
AM-0000003411,2,SKU-0010,2,283.24,15.51,39.50,590.47
AM-0000003417,1,SKU-0030,2,233.88,10.95,38.12,494.93
AM-0000003417,2,SKU-0067,3,53.78,17.75,12.60,156.19
AM-0000003417,3,SKU-0052,2,264.31,47.36,33.19,514.45
AM-0000003419,1,SKU-0096,1,29.50,1.60,1.21,29.11
AM-0000003419,2,SKU-0024,1,32.05,0.41,1.55,33.19
AM-0000003419,3,SKU-0112,1,222.27,19.81,12.98,215.44
AM-0000003421,1,SKU-0095,1,69.37,4.73,3.67,68.31
AM-0000003423,1,SKU-0031,1,318.84,8.13,22.23,332.94
AM-0000003424,1,SKU-0022,1,224.79,18.40,9.30,215.69
AM-0000003424,2,SKU-0090,1,244.94,0.64,21.55,265.85
AM-0000003430,1,SKU-0040,2,223.37,33.50,23.97,437.21
AM-0000003430,2,SKU-0054,1,232.55,23.12,12.76,222.19
AM-0000003431,1,SKU-0081,3,49.92,5.34,8.84,153.26
AM-0000003431,2,SKU-0092,4,15.80,7.45,2.84,58.59
AM-0000003431,3,SKU-0012,1,72.35,1.85,3.25,73.75
AM-0000003431,4,SKU-0043,1,158.82,15.03,7.04,150.83
AM-0000003431,5,SKU-0103,2,365.64,46.18,59.20,744.30
AM-0000003434,1,SKU-0108,1,150.79,1.05,6.46,156.20
AM-0000003435,1,SKU-0047,1,16.99,1.71,1.26,16.54
AM-0000003435,2,SKU-0049,1,216.54,21.62,8.17,203.09
AM-0000003435,3,SKU-0057,1,464.19,44.93,18.91,438.17
AM-0000003436,1,SKU-0104,1,194.72,7.30,9.23,196.65
AM-0000003440,1,SKU-0076,1,107.67,10.74,6.19,103.12
AM-0000003441,1,SKU-0013,1,310.04,37.03,20.56,293.57
AM-0000003441,2,SKU-0077,1,280.58,0.18,15.41,295.81
AM-0000003443,1,SKU-0076,1,101.20,7.97,7.80,101.03
AM-0000003443,2,SKU-0091,1,168.66,5.96,13.64,176.34
AM-0000003443,3,SKU-0033,2,119.91,13.75,18.20,244.27
AM-0000003446,1,SKU-0050,3,414.82,113.15,60.03,1191.34
AM-0000003446,2,SKU-0058,2,251.02,8.54,33.35,526.85
AM-0000003446,3,SKU-0066,3,72.57,17.34,12.88,213.25
AM-0000003448,1,SKU-0063,2,23.21,3.07,3.71,47.06
AM-0000003448,2,SKU-0029,2,137.35,6.60,23.77,291.87
AM-0000003453,1,SKU-0078,1,167.97,10.04,8.83,166.76
AM-0000003453,2,SKU-0072,1,152.78,10.09,8.99,151.68
AM-0000003456,1,SKU-0036,3,300.42,56.14,75.64,920.76
AM-0000003456,2,SKU-0092,2,16.08,1.11,1.63,32.68
AM-0000003457,1,SKU-0110,1,67.06,0.51,5.90,72.45
AM-0000003457,2,SKU-0054,2,229.66,46.72,32.03,444.63
AM-0000003458,1,SKU-0022,1,217.38,18.77,10.53,209.14
AM-0000003459,1,SKU-0107,3,370.04,28.18,93.89,1175.83
AM-0000003462,1,SKU-0033,1,115.14,8.93,8.04,114.25
AM-0000003468,1,SKU-0075,3,28.40,4.37,5.17,86.00
AM-0000003468,2,SKU-0112,2,196.17,36.13,17.15,373.36
AM-0000003470,1,SKU-0082,2,281.47,58.48,25.62,530.08
AM-0000003474,1,SKU-0079,1,32.50,0.32,2.66,34.84
AM-0000003474,2,SKU-0040,1,221.83,8.34,11.75,225.24
AM-0000003474,3,SKU-0109,4,407.18,51.39,66.77,1644.10
AM-0000003477,1,SKU-0018,2,145.81,2.34,22.94,312.22
AM-0000003480,1,SKU-0013,1,276.30,18.99,21.98,279.29
AM-0000003481,1,SKU-0028,1,81.01,6.27,3.16,77.90
AM-0000003484,1,SKU-0005,1,100.72,6.52,5.15,99.35
AM-0000003485,1,SKU-0050,2,423.24,48.38,53.49,851.59
AM-0000003487,1,SKU-0066,4,80.95,27.82,20.84,316.82
AM-0000003487,2,SKU-0007,1,229.51,22.51,18.48,225.48
AM-0000003492,1,SKU-0060,3,244.10,13.20,63.40,782.50
AM-0000003492,2,SKU-0114,1,207.11,18.39,13.04,201.76
AM-0000003494,1,SKU-0104,1,210.23,5.49,16.05,220.79
AM-0000003494,2,SKU-0066,5,68.36,11.88,27.10,357.02
AM-0000003494,3,SKU-0086,1,22.01,0.29,1.49,23.21
AM-0000003494,4,SKU-0058,1,276.07,22.90,19.50,272.67
AM-0000003498,1,SKU-0110,2,63.52,0.70,6.47,132.81
AM-0000003498,2,SKU-0022,1,221.53,15.17,10.23,216.59
AM-0000003498,3,SKU-0120,1,266.34,8.09,14.99,273.24
AM-0000003503,1,SKU-0101,2,178.71,31.77,22.65,348.30
AM-0000003507,1,SKU-0100,1,272.48,22.44,22.39,272.43
AM-0000003507,2,SKU-0037,1,71.08,2.18,4.73,73.63
AM-0000003507,3,SKU-0029,1,134.08,2.12,7.19,139.15
AM-0000003508,1,SKU-0063,2,25.75,5.48,2.84,48.86
AM-0000003509,1,SKU-0021,2,114.18,20.04,14.61,222.93
AM-0000003515,1,SKU-0025,1,135.66,5.09,9.68,140.25
AM-0000003520,1,SKU-0098,2,364.40,53.61,35.91,711.10
AM-0000003520,2,SKU-0102,3,18.66,3.34,3.17,55.81
AM-0000003520,3,SKU-0046,1,143.15,6.36,8.11,144.90
AM-0000003521,1,SKU-0070,1,253.32,5.09,15.10,263.33
AM-0000003522,1,SKU-0075,2,28.38,0.78,4.26,60.24
AM-0000003522,2,SKU-0026,2,265.05,30.31,34.83,534.62
AM-0000003522,3,SKU-0030,2,223.10,25.36,32.37,453.21
AM-0000003522,4,SKU-0014,1,331.71,27.14,15.93,320.50
AM-0000003522,5,SKU-0019,1,47.56,4.32,2.04,45.28
AM-0000003524,1,SKU-0087,1,178.52,0.30,12.42,190.64
AM-0000003524,2,SKU-0093,2,271.11,8.88,43.36,576.70
AM-0000003527,1,SKU-0022,1,193.78,10.50,8.65,191.93
AM-0000003527,2,SKU-0049,4,217.87,24.81,58.89,905.56
AM-0000003529,1,SKU-0117,1,100.96,8.33,7.70,100.33
AM-0000003535,1,SKU-0050,2,383.05,70.02,36.74,732.82
AM-0000003536,1,SKU-0017,1,64.84,5.41,2.58,62.01
AM-0000003548,1,SKU-0053,1,338.49,4.93,25.25,358.81
AM-0000003548,2,SKU-0110,3,65.53,13.16,14.15,197.58
AM-0000003552,1,SKU-0062,1,15.64,0.33,0.84,16.15
AM-0000003552,2,SKU-0084,1,354.02,34.26,24.15,343.91
AM-0000003552,3,SKU-0010,3,298.16,73.94,39.71,860.25
AM-0000003555,1,SKU-0107,1,376.91,15.22,19.20,380.89
AM-0000003555,2,SKU-0064,1,26.34,1.44,1.56,26.46
AM-0000003555,3,SKU-0060,1,227.14,0.72,10.99,237.41
AM-0000003555,4,SKU-0016,2,125.04,13.85,12.14,248.37
AM-0000003562,1,SKU-0062,2,15.51,0.91,2.53,32.64
AM-0000003563,1,SKU-0040,1,249.60,21.45,10.51,238.66
AM-0000003564,1,SKU-0093,1,265.19,20.24,20.76,265.71
AM-0000003564,2,SKU-0046,1,140.21,14.96,8.56,133.81
AM-0000003564,3,SKU-0001,1,360.17,6.61,26.40,379.96
AM-0000003576,1,SKU-0092,1,15.73,0.57,1.12,16.28
AM-0000003576,2,SKU-0057,1,465.14,47.03,17.60,435.71
AM-0000003578,1,SKU-0061,4,224.45,64.96,33.85,866.69
AM-0000003579,1,SKU-0072,4,157.59,0.40,34.99,664.95
AM-0000003580,1,SKU-0100,2,265.22,30.82,23.89,523.51
AM-0000003585,1,SKU-0106,1,97.54,8.62,5.29,94.21
AM-0000003585,2,SKU-0054,2,227.14,34.25,37.21,457.24
AM-0000003585,3,SKU-0093,1,292.42,18.98,16.95,290.39
AM-0000003596,1,SKU-0012,1,66.65,3.19,2.94,66.40
AM-0000003596,2,SKU-0080,1,88.50,5.64,5.64,88.50
AM-0000003596,3,SKU-0109,2,362.37,29.54,37.74,732.94
AM-0000003597,1,SKU-0083,1,184.62,18.29,9.31,175.64
AM-0000003599,1,SKU-0054,3,222.69,25.86,51.71,693.92
AM-0000003600,1,SKU-0017,1,67.64,1.98,5.78,71.44
AM-0000003600,2,SKU-0110,1,72.09,1.03,4.11,75.17
AM-0000003600,3,SKU-0043,1,152.19,11.71,10.22,150.70
AM-0000003600,4,SKU-0050,1,429.57,47.35,33.76,415.98
AM-0000003600,5,SKU-0113,2,155.71,23.32,20.40,308.50
AM-0000003604,1,SKU-0054,2,208.47,33.21,16.19,399.92
AM-0000003604,2,SKU-0072,1,165.26,6.55,7.19,165.90
AM-0000003607,1,SKU-0013,1,306.57,30.60,14.35,290.32
AM-0000003611,1,SKU-0001,1,340.82,21.60,27.10,346.32
AM-0000003620,1,SKU-0117,2,94.13,19.23,7.46,176.49
AM-0000003620,2,SKU-0021,1,128.48,13.06,9.81,125.23
AM-0000003620,3,SKU-0028,2,78.82,3.77,9.25,163.12
AM-0000003622,1,SKU-0099,2,183.40,43.88,19.78,342.70
AM-0000003622,2,SKU-0048,2,176.56,39.20,16.85,330.77
AM-0000003623,1,SKU-0100,1,260.07,0.94,20.46,279.59
AM-0000003625,1,SKU-0006,2,160.77,36.17,22.12,307.49
AM-0000003627,1,SKU-0025,1,120.31,4.00,10.17,126.48
AM-0000003627,2,SKU-0032,1,183.91,18.80,11.99,177.10
AM-0000003627,3,SKU-0045,2,86.34,7.29,8.37,173.76
AM-0000003633,1,SKU-0093,2,292.77,17.02,25.03,593.55
AM-0000003634,1,SKU-0044,5,271.97,117.95,81.26,1323.16
AM-0000003634,2,SKU-0041,2,355.97,45.23,32.55,699.26
AM-0000003639,1,SKU-0096,1,30.51,3.32,2.09,29.28
AM-0000003641,1,SKU-0050,1,396.90,41.18,22.76,378.48
AM-0000003641,2,SKU-0093,1,299.11,20.30,22.40,301.21
AM-0000003643,1,SKU-0023,1,182.35,18.89,13.48,176.94
AM-0000003643,2,SKU-0067,1,52.17,1.00,2.64,53.81
AM-0000003643,3,SKU-0113,2,163.05,2.62,13.23,336.71
AM-0000003643,4,SKU-0060,1,258.58,28.64,19.60,249.54
AM-0000003643,5,SKU-0084,2,396.70,44.23,42.80,791.97
AM-0000003645,1,SKU-0105,2,109.46,1.39,13.54,231.07
AM-0000003649,1,SKU-0114,1,231.57,7.59,14.62,238.60
AM-0000003654,1,SKU-0049,1,211.20,5.32,8.63,214.51
AM-0000003654,2,SKU-0019,1,49.46,3.99,1.84,47.31
AM-0000003670,1,SKU-0119,2,266.00,11.43,42.29,562.86
AM-0000003670,2,SKU-0031,2,348.88,32.70,40.53,705.59
AM-0000003670,3,SKU-0102,2,18.79,4.31,1.93,35.20
AM-0000003676,1,SKU-0116,3,398.11,89.82,57.73,1162.24
AM-0000003676,2,SKU-0047,3,15.37,1.68,3.07,47.50
AM-0000003679,1,SKU-0036,1,287.19,26.65,11.90,272.44
AM-0000003683,1,SKU-0002,1,135.27,8.44,5.19,132.02
AM-0000003683,2,SKU-0086,2,22.78,2.77,2.16,44.95
AM-0000003683,3,SKU-0017,1,64.14,7.64,3.26,59.76
AM-0000003688,1,SKU-0020,1,249.47,5.76,12.46,256.17
AM-0000003688,2,SKU-0071,3,326.03,4.19,46.84,1020.74
AM-0000003688,3,SKU-0027,1,63.17,1.55,3.59,65.21
AM-0000003692,1,SKU-0088,1,125.46,1.65,10.45,134.26
AM-0000003693,1,SKU-0115,1,274.17,8.84,16.94,282.27
AM-0000003700,1,SKU-0100,2,231.70,7.04,40.74,497.10
AM-0000003705,1,SKU-0067,1,54.45,2.31,3.76,55.90
AM-0000003709,1,SKU-0075,2,27.87,0.16,4.79,60.37
AM-0000003713,1,SKU-0057,4,457.23,144.06,125.49,1810.35
AM-0000003713,2,SKU-0054,1,220.41,12.10,16.06,224.37
AM-0000003713,3,SKU-0102,2,21.00,4.57,3.00,40.43
AM-0000003715,1,SKU-0008,1,44.52,1.89,2.70,45.33
AM-0000003715,2,SKU-0043,1,143.93,2.67,6.39,147.65
AM-0000003718,1,SKU-0100,1,237.74,27.73,13.44,223.45
AM-0000003718,2,SKU-0098,1,358.35,37.89,13.39,333.85
AM-0000003718,3,SKU-0110,1,65.03,5.59,3.16,62.60
AM-0000003722,1,SKU-0023,4,155.28,19.19,40.95,642.88
AM-0000003722,2,SKU-0100,1,244.79,8.44,9.54,245.89
AM-0000003722,3,SKU-0108,1,155.67,6.29,10.29,159.67
AM-0000003724,1,SKU-0047,1,15.83,0.40,0.77,16.20
AM-0000003724,2,SKU-0049,3,209.18,64.86,37.22,599.90
AM-0000003724,3,SKU-0003,2,30.73,3.56,2.98,60.88
AM-0000003725,1,SKU-0012,3,72.48,7.29,13.71,223.86
AM-0000003725,2,SKU-0111,3,218.50,39.30,41.41,657.61
AM-0000003725,3,SKU-0117,1,92.20,1.52,6.29,96.97
AM-0000003727,1,SKU-0049,3,230.51,27.83,42.06,705.76
AM-0000003731,1,SKU-0041,3,314.22,46.33,51.04,947.37
AM-0000003731,2,SKU-0001,1,389.11,38.73,18.42,368.80
AM-0000003733,1,SKU-0044,1,257.50,19.79,16.93,254.64
AM-0000003734,1,SKU-0116,2,441.62,81.83,53.90,855.31
AM-0000003734,2,SKU-0068,2,75.22,8.28,11.45,153.61
AM-0000003734,3,SKU-0004,1,126.76,5.42,10.51,131.85
AM-0000003739,1,SKU-0095,2,67.02,9.42,8.90,133.52
AM-0000003739,2,SKU-0111,3,213.71,7.78,51.04,684.39
AM-0000003743,1,SKU-0101,1,159.30,2.02,9.49,166.77
AM-0000003743,2,SKU-0054,1,208.48,16.91,14.25,205.82
AM-0000003744,1,SKU-0073,3,116.95,27.74,21.28,344.39
AM-0000003745,1,SKU-0116,2,391.83,7.34,60.08,836.40
AM-0000003745,2,SKU-0104,1,182.88,16.25,7.65,174.28
AM-0000003747,1,SKU-0087,1,198.37,23.08,8.22,183.51
AM-0000003747,2,SKU-0111,2,224.37,22.32,20.96,447.38
AM-0000003747,3,SKU-0096,1,33.47,0.99,2.09,34.57
AM-0000003751,1,SKU-0010,2,334.80,59.63,28.23,638.20
AM-0000003751,2,SKU-0083,1,157.48,16.58,5.87,146.77
AM-0000003753,1,SKU-0012,3,68.88,7.25,12.23,211.62
AM-0000003754,1,SKU-0065,1,140.67,0.91,12.40,152.16
AM-0000003754,2,SKU-0034,3,369.94,29.34,64.06,1144.54
AM-0000003759,1,SKU-0072,2,155.32,5.58,23.84,328.90
AM-0000003759,2,SKU-0082,3,290.07,91.59,36.35,814.97
AM-0000003760,1,SKU-0073,1,112.84,3.49,7.12,116.47
AM-0000003764,1,SKU-0119,1,272.77,31.60,13.40,254.57
AM-0000003766,1,SKU-0110,1,71.05,5.65,5.22,70.62
AM-0000003767,1,SKU-0011,1,246.96,2.63,10.47,254.80
AM-0000003767,2,SKU-0090,1,272.90,3.74,16.51,285.67
AM-0000003769,1,SKU-0102,1,21.12,1.30,1.32,21.14
AM-0000003770,1,SKU-0114,2,235.63,34.85,30.80,467.21
AM-0000003771,1,SKU-0103,1,321.36,17.63,26.01,329.74
AM-0000003772,1,SKU-0066,2,71.56,13.43,11.61,141.30
AM-0000003772,2,SKU-0053,1,379.77,24.68,15.98,371.07
AM-0000003772,3,SKU-0089,1,24.51,2.18,1.15,23.48
AM-0000003774,1,SKU-0113,1,147.66,13.78,11.04,144.92
AM-0000003781,1,SKU-0096,2,30.30,1.87,2.60,61.33
AM-0000003781,2,SKU-0019,2,43.87,6.76,6.34,87.32
AM-0000003787,1,SKU-0076,3,94.53,15.59,14.51,282.51
AM-0000003796,1,SKU-0016,2,113.10,7.45,11.40,230.15
AM-0000003796,2,SKU-0029,1,123.95,9.73,7.48,121.70
AM-0000003800,1,SKU-0004,3,128.52,9.17,29.29,405.68
AM-0000003800,2,SKU-0074,1,121.43,1.53,6.98,126.88
AM-0000003801,1,SKU-0067,1,50.60,1.54,4.05,53.11
AM-0000003801,2,SKU-0024,1,29.77,1.15,2.11,30.73
AM-0000003803,1,SKU-0099,1,175.27,3.32,11.79,183.74
AM-0000003803,2,SKU-0093,3,279.61,31.00,57.39,865.22
AM-0000003806,1,SKU-0002,1,139.77,1.07,8.28,146.98
AM-0000003807,1,SKU-0002,2,156.05,5.26,18.96,325.80
AM-0000003807,2,SKU-0025,4,123.96,47.09,31.89,480.64
AM-0000003807,3,SKU-0003,1,30.79,1.00,2.17,31.96
AM-0000003808,1,SKU-0011,1,253.63,9.31,18.04,262.36
AM-0000003808,2,SKU-0077,1,266.09,1.77,13.23,277.55
AM-0000003808,3,SKU-0061,2,210.00,46.87,32.66,405.79
AM-0000003808,4,SKU-0064,1,26.52,2.26,1.06,25.32
AM-0000003809,1,SKU-0081,2,44.10,10.40,4.78,82.58
AM-0000003812,1,SKU-0002,1,151.17,12.29,9.57,148.45
AM-0000003814,1,SKU-0120,2,267.91,57.21,40.33,518.94
AM-0000003814,2,SKU-0019,1,48.32,1.06,3.74,51.00
AM-0000003814,3,SKU-0020,3,213.22,62.64,39.88,616.90
AM-0000003818,1,SKU-0113,1,163.12,18.16,9.16,154.12
AM-0000003818,2,SKU-0087,1,174.81,5.15,7.33,176.99
AM-0000003819,1,SKU-0066,1,77.28,4.88,4.28,76.68
AM-0000003820,1,SKU-0024,1,32.65,0.23,2.03,34.45
AM-0000003820,2,SKU-0016,1,113.41,3.57,6.95,116.79
AM-0000003822,1,SKU-0091,1,181.44,17.70,11.18,174.92
AM-0000003824,1,SKU-0018,1,164.76,18.53,10.19,156.42
AM-0000003824,2,SKU-0050,1,424.60,7.43,17.19,434.36
AM-0000003825,1,SKU-0067,1,56.77,1.49,3.94,59.22
AM-0000003825,2,SKU-0092,3,17.41,2.57,3.26,52.92
AM-0000003829,1,SKU-0115,1,251.64,29.93,13.12,234.83
AM-0000003829,2,SKU-0034,1,381.94,11.09,26.90,397.75
AM-0000003829,3,SKU-0086,2,22.06,2.77,3.09,44.44
AM-0000003829,4,SKU-0042,2,423.81,49.48,58.11,856.25
AM-0000003830,1,SKU-0039,1,94.72,2.74,7.92,99.90
AM-0000003830,2,SKU-0091,1,172.84,7.56,13.02,178.30
AM-0000003830,3,SKU-0098,1,362.62,32.26,19.98,350.34
AM-0000003831,1,SKU-0037,1,64.09,6.38,3.99,61.70
AM-0000003835,1,SKU-0077,1,243.94,10.89,14.49,247.54
AM-0000003835,2,SKU-0083,4,185.10,43.41,54.96,751.95
AM-0000003842,1,SKU-0118,2,203.75,25.46,31.06,413.10
AM-0000003844,1,SKU-0045,1,93.90,2.58,8.21,99.53
AM-0000003846,1,SKU-0102,1,20.04,1.55,0.96,19.45
AM-0000003846,2,SKU-0061,1,219.82,12.20,13.19,220.81
AM-0000003847,1,SKU-0037,1,64.72,3.77,4.01,64.96
AM-0000003847,2,SKU-0109,1,402.37,37.85,32.63,397.15
AM-0000003847,3,SKU-0018,3,164.39,14.36,25.95,504.76
AM-0000003847,4,SKU-0045,4,84.82,40.58,25.96,324.66
AM-0000003848,1,SKU-0112,2,209.44,41.73,15.31,392.46
AM-0000003848,2,SKU-0091,2,175.17,13.36,28.51,365.49
AM-0000003848,3,SKU-0049,1,214.09,15.88,13.11,211.32
AM-0000003849,1,SKU-0120,1,261.75,25.65,10.81,246.91
AM-0000003852,1,SKU-0005,2,92.90,0.89,7.77,192.68
AM-0000003855,1,SKU-0058,1,275.56,25.17,15.17,265.56
AM-0000003859,1,SKU-0017,1,74.59,2.37,5.87,78.09
AM-0000003859,2,SKU-0111,1,244.50,16.35,19.94,248.09
AM-0000003859,3,SKU-0058,1,284.66,6.05,22.41,301.02
AM-0000003859,4,SKU-0063,1,25.84,0.14,2.06,27.76
AM-0000003859,5,SKU-0081,1,50.93,4.71,2.59,48.81
AM-0000003860,1,SKU-0060,2,242.63,22.15,39.85,502.96
AM-0000003861,1,SKU-0021,1,129.05,4.12,6.54,131.47
AM-0000003865,1,SKU-0040,1,239.10,17.18,9.23,231.15
AM-0000003865,2,SKU-0025,1,128.48,2.24,9.85,136.09
AM-0000003865,3,SKU-0028,1,74.41,0.03,3.78,78.16
AM-0000003865,4,SKU-0065,4,138.59,22.15,47.56,579.77
AM-0000003865,5,SKU-0055,4,31.41,5.99,9.63,129.28
AM-0000003866,1,SKU-0085,1,149.82,13.35,12.28,148.75
AM-0000003868,1,SKU-0108,1,144.16,8.18,6.13,142.11
AM-0000003876,1,SKU-0074,2,115.44,13.11,11.41,229.18
AM-0000003876,2,SKU-0051,1,104.26,9.85,5.38,99.79
AM-0000003879,1,SKU-0017,1,70.62,7.73,3.23,66.12
AM-0000003879,2,SKU-0115,1,280.56,13.08,14.70,282.18
AM-0000003879,3,SKU-0047,1,16.64,0.56,0.70,16.78
AM-0000003882,1,SKU-0025,1,136.42,11.19,7.71,132.94
AM-0000003882,2,SKU-0021,1,122.92,7.91,7.11,122.12
AM-0000003883,1,SKU-0016,1,127.48,11.15,9.69,126.02
AM-0000003883,2,SKU-0008,2,41.69,7.22,6.03,82.19
AM-0000003883,3,SKU-0092,1,17.30,0.62,1.34,18.02
AM-0000003884,1,SKU-0092,1,16.83,1.74,1.16,16.25
AM-0000003885,1,SKU-0006,1,165.70,17.88,12.17,159.99
AM-0000003885,2,SKU-0009,1,156.93,4.17,13.44,166.20
AM-0000003885,3,SKU-0112,1,206.26,3.30,12.83,215.79
AM-0000003886,1,SKU-0107,1,390.53,6.19,21.47,405.81
AM-0000003891,1,SKU-0029,1,131.86,9.24,6.42,129.04
AM-0000003891,2,SKU-0001,1,372.72,14.63,31.31,389.40
AM-0000003903,1,SKU-0034,1,386.31,29.53,24.35,381.13
AM-0000003903,2,SKU-0088,2,137.85,12.18,18.84,282.36
AM-0000003904,1,SKU-0095,2,65.17,13.51,5.37,122.20
AM-0000003904,2,SKU-0016,1,129.87,13.85,4.72,120.74
AM-0000003906,1,SKU-0033,1,121.36,3.70,5.20,122.86
AM-0000003906,2,SKU-0083,1,178.66,20.75,11.53,169.44
AM-0000003906,3,SKU-0111,1,214.22,25.07,12.73,201.88
AM-0000003906,4,SKU-0104,3,202.25,32.79,42.90,616.86
AM-0000003906,5,SKU-0060,4,255.97,122.07,44.92,946.73
AM-0000003909,1,SKU-0030,1,232.60,25.31,12.99,220.28
AM-0000003914,1,SKU-0081,4,43.96,1.11,14.83,189.56
AM-0000003916,1,SKU-0056,2,229.18,17.39,19.23,460.20
AM-0000003916,2,SKU-0012,1,72.78,7.57,4.85,70.06
AM-0000003916,3,SKU-0051,2,102.93,7.66,8.45,206.65
AM-0000003918,1,SKU-0110,2,67.60,6.68,6.86,135.38
AM-0000003918,2,SKU-0068,1,77.34,6.32,4.76,75.78
AM-0000003921,1,SKU-0041,1,344.14,2.46,13.93,355.61
AM-0000003921,2,SKU-0046,2,133.54,18.85,20.32,268.55
AM-0000003921,3,SKU-0012,2,71.25,8.46,10.79,144.83
AM-0000003921,4,SKU-0043,1,142.20,1.92,11.19,151.47
AM-0000003921,5,SKU-0009,1,164.26,7.15,10.91,168.02
AM-0000003925,1,SKU-0094,1,272.08,18.24,18.02,271.86
AM-0000003925,2,SKU-0090,1,276.56,2.85,15.99,289.70
AM-0000003931,1,SKU-0109,1,408.50,23.63,19.12,403.99
AM-0000003931,2,SKU-0025,1,124.78,4.42,7.24,127.60
AM-0000003940,1,SKU-0104,1,216.10,6.96,13.57,222.71
AM-0000003943,1,SKU-0004,1,136.31,2.26,8.97,143.02
AM-0000003944,1,SKU-0002,1,155.02,5.51,11.98,161.49
AM-0000003944,2,SKU-0065,1,139.61,6.96,9.38,142.03
AM-0000003944,3,SKU-0017,3,73.08,2.93,12.97,229.28
AM-0000003951,1,SKU-0073,2,122.77,0.53,14.08,259.09
AM-0000003957,1,SKU-0006,1,167.58,16.06,9.14,160.66
AM-0000003957,2,SKU-0030,5,211.30,100.81,76.51,1032.20
AM-0000003958,1,SKU-0001,1,365.25,13.91,20.00,371.34
AM-0000003958,2,SKU-0018,1,159.58,15.86,12.82,156.54
AM-0000003964,1,SKU-0041,4,318.65,39.73,52.99,1287.86
AM-0000003964,2,SKU-0101,2,178.85,6.39,14.87,366.18
AM-0000003965,1,SKU-0103,1,311.83,32.93,22.30,301.20
AM-0000003969,1,SKU-0111,2,245.05,38.16,20.94,472.88
AM-0000003971,1,SKU-0080,2,88.15,8.28,11.17,179.19
AM-0000003974,1,SKU-0017,1,71.80,1.60,3.24,73.44
AM-0000003974,2,SKU-0071,2,314.83,28.69,25.69,626.66
AM-0000003974,3,SKU-0102,1,18.61,1.02,0.91,18.50
AM-0000003979,1,SKU-0108,1,146.34,14.44,7.64,139.54
AM-0000003979,2,SKU-0076,2,100.12,13.00,14.18,201.42
AM-0000003979,3,SKU-0046,2,145.90,34.63,11.66,268.83
AM-0000003986,1,SKU-0070,1,235.33,2.01,17.02,250.34
AM-0000003987,1,SKU-0117,3,101.33,3.18,18.39,319.20
AM-0000003987,2,SKU-0067,1,52.29,2.69,2.94,52.54
AM-0000003987,3,SKU-0026,2,262.25,27.35,38.34,535.49
AM-0000003987,4,SKU-0010,1,320.55,8.66,16.70,328.59
AM-0000003990,1,SKU-0032,1,181.47,3.71,9.03,186.79
AM-0000003991,1,SKU-0070,1,249.53,29.10,11.66,232.09
AM-0000003991,2,SKU-0094,1,272.81,32.59,10.78,251.00
AM-0000003993,1,SKU-0037,2,65.11,1.15,10.74,139.81
AM-0000003993,2,SKU-0001,2,379.04,70.89,43.89,731.08
AM-0000003999,1,SKU-0097,1,156.44,11.62,7.45,152.27
AM-0000004000,1,SKU-0067,5,51.18,29.63,19.09,245.36
AM-0000004000,2,SKU-0073,1,119.03,11.98,9.25,116.30
AM-0000004004,1,SKU-0045,2,82.40,8.40,13.63,170.03
AM-0000004004,2,SKU-0081,2,43.29,0.31,7.47,93.74
AM-0000004005,1,SKU-0047,1,16.89,0.85,1.06,17.10
AM-0000004005,2,SKU-0039,1,89.42,3.31,3.88,89.99
AM-0000004006,1,SKU-0059,1,137.86,5.96,9.31,141.21
AM-0000004006,2,SKU-0033,1,121.70,8.29,8.34,121.75
AM-0000004009,1,SKU-0019,1,44.98,3.73,3.03,44.28
AM-0000004009,2,SKU-0035,1,155.93,16.43,7.67,147.17
AM-0000004009,3,SKU-0005,1,99.36,1.98,7.34,104.72
AM-0000004009,4,SKU-0031,2,328.04,21.29,26.20,660.99
AM-0000004011,1,SKU-0103,3,369.51,106.50,59.66,1061.69
AM-0000004011,2,SKU-0083,2,175.97,26.36,21.90,347.48
AM-0000004012,1,SKU-0034,2,340.94,20.43,55.40,716.85
AM-0000004012,2,SKU-0022,2,201.26,40.14,19.60,381.98
AM-0000004012,3,SKU-0116,4,440.59,107.89,145.90,1800.37
AM-0000004013,1,SKU-0036,1,298.69,20.43,17.32,295.58
AM-0000004016,1,SKU-0095,1,74.94,4.36,5.89,76.47
AM-0000004016,2,SKU-0064,1,23.74,2.60,1.58,22.72
AM-0000004018,1,SKU-0025,1,137.13,5.25,6.63,138.51
AM-0000004025,1,SKU-0025,2,131.13,25.49,16.97,253.74
AM-0000004025,2,SKU-0014,1,373.64,9.66,29.90,393.88
AM-0000004025,3,SKU-0063,1,24.40,2.20,1.20,23.40
AM-0000004033,1,SKU-0118,1,225.30,10.33,14.23,229.20
AM-0000004035,1,SKU-0012,1,75.54,4.15,5.29,76.68
AM-0000004035,2,SKU-0064,1,24.08,1.38,1.28,23.98
AM-0000004035,3,SKU-0030,1,237.73,18.82,14.70,233.61
AM-0000004038,1,SKU-0067,3,50.07,7.77,6.68,149.12
AM-0000004041,1,SKU-0102,1,18.37,2.09,0.69,16.97
AM-0000004041,2,SKU-0098,2,353.37,40.63,39.65,705.76
AM-0000004041,3,SKU-0034,1,361.08,33.83,18.50,345.75
AM-0000004041,4,SKU-0101,3,164.87,48.91,22.88,468.58
AM-0000004041,5,SKU-0003,1,34.82,0.02,2.62,37.42
AM-0000004043,1,SKU-0089,1,24.43,2.62,1.63,23.44
AM-0000004043,2,SKU-0036,3,260.00,42.31,44.68,782.37
AM-0000004043,3,SKU-0078,1,164.24,3.09,7.10,168.25
AM-0000004055,1,SKU-0098,1,360.44,39.40,27.20,348.24
AM-0000004055,2,SKU-0021,1,118.61,5.61,4.91,117.91
AM-0000004058,1,SKU-0112,2,206.24,11.36,24.20,425.32
AM-0000004058,2,SKU-0063,1,25.33,1.58,1.57,25.32
AM-0000004059,1,SKU-0101,1,173.74,14.98,11.03,169.79
AM-0000004059,2,SKU-0031,1,339.85,18.08,28.82,350.59
AM-0000004061,1,SKU-0102,1,20.42,1.50,0.93,19.85
AM-0000004062,1,SKU-0094,2,294.12,52.88,29.45,564.81
AM-0000004062,2,SKU-0070,1,216.89,14.85,8.44,210.48
AM-0000004062,3,SKU-0091,3,174.42,24.90,24.28,522.64
AM-0000004066,1,SKU-0113,1,167.66,13.21,6.77,161.22
AM-0000004066,2,SKU-0043,1,151.55,11.29,8.90,149.16
AM-0000004066,3,SKU-0107,1,356.03,26.53,16.45,345.95
AM-0000004073,1,SKU-0064,1,24.85,1.19,1.52,25.18
AM-0000004074,1,SKU-0051,1,95.20,2.99,6.06,98.27
AM-0000004074,2,SKU-0044,1,266.37,29.16,12.37,249.58
AM-0000004078,1,SKU-0072,1,165.61,11.40,7.13,161.34
AM-0000004078,2,SKU-0002,3,154.78,49.04,34.44,449.74
AM-0000004079,1,SKU-0041,2,334.09,17.58,57.99,708.59
AM-0000004080,1,SKU-0080,2,95.94,5.04,13.02,199.86
AM-0000004080,2,SKU-0073,1,123.80,3.52,4.98,125.26
AM-0000004080,3,SKU-0117,1,100.38,9.22,4.52,95.68
AM-0000004080,4,SKU-0010,1,332.72,3.70,18.04,347.06
AM-0000004080,5,SKU-0105,1,108.22,9.99,4.11,102.34
AM-0000004083,1,SKU-0028,1,78.87,1.42,6.82,84.27
AM-0000004083,2,SKU-0075,1,28.13,2.56,1.98,27.55
AM-0000004083,3,SKU-0060,1,223.91,25.44,17.01,215.48
AM-0000004084,1,SKU-0048,3,185.63,8.35,30.50,579.04
AM-0000004084,2,SKU-0083,2,178.08,27.33,16.19,345.02
AM-0000004084,3,SKU-0111,2,225.23,41.78,32.50,441.18
AM-0000004086,1,SKU-0096,2,28.91,6.05,4.11,55.88
AM-0000004086,2,SKU-0052,1,278.87,26.93,20.65,272.59
AM-0000004086,3,SKU-0109,2,365.75,12.22,32.67,751.95
AM-0000004086,4,SKU-0071,1,333.51,10.88,26.48,349.11
AM-0000004087,1,SKU-0018,1,157.93,10.51,11.57,158.99
AM-0000004087,2,SKU-0008,2,41.76,3.72,4.54,84.34
AM-0000004087,3,SKU-0080,3,89.71,25.53,16.14,259.74
AM-0000004088,1,SKU-0112,4,228.26,9.72,73.91,977.23
AM-0000004088,2,SKU-0118,1,205.22,15.54,11.18,200.86
AM-0000004088,3,SKU-0074,2,107.35,9.98,10.30,215.02
AM-0000004088,4,SKU-0058,1,293.84,11.12,17.31,300.03
AM-0000004088,5,SKU-0034,1,388.99,18.62,25.71,396.08
AM-0000004092,1,SKU-0037,1,64.47,5.29,3.24,62.42
AM-0000004092,2,SKU-0021,1,130.11,15.07,5.94,120.98
AM-0000004092,3,SKU-0072,1,172.48,18.49,10.51,164.50
AM-0000004092,4,SKU-0062,1,15.68,0.09,1.03,16.62
AM-0000004097,1,SKU-0090,1,266.94,3.83,21.56,284.67
AM-0000004099,1,SKU-0108,1,148.86,13.92,10.26,145.20
AM-0000004100,1,SKU-0018,2,156.54,24.37,13.23,301.94
AM-0000004100,2,SKU-0098,1,355.48,18.58,15.09,351.99
AM-0000004100,3,SKU-0062,1,14.79,0.16,0.61,15.24
AM-0000004104,1,SKU-0102,2,21.16,4.40,1.82,39.74
AM-0000004104,2,SKU-0018,1,154.65,6.55,5.97,154.07
AM-0000004107,1,SKU-0081,1,46.44,0.39,3.48,49.53
AM-0000004107,2,SKU-0003,1,33.58,1.24,1.31,33.65
AM-0000004109,1,SKU-0027,1,64.45,7.59,2.72,59.58
AM-0000004111,1,SKU-0008,1,48.02,4.89,2.31,45.44
AM-0000004114,1,SKU-0109,1,392.86,31.66,15.63,376.83
AM-0000004120,1,SKU-0055,2,28.46,6.67,2.16,52.41
AM-0000004120,2,SKU-0017,1,64.64,3.24,5.17,66.57
AM-0000004120,3,SKU-0093,1,270.55,0.76,19.54,289.33
AM-0000004122,1,SKU-0111,1,247.77,18.37,9.78,239.18
AM-0000004132,1,SKU-0063,3,22.81,6.46,5.46,67.43
AM-0000004132,2,SKU-0097,2,158.73,34.88,25.20,307.78
AM-0000004132,3,SKU-0076,2,93.96,5.13,10.97,193.76
AM-0000004134,1,SKU-0024,1,33.71,0.33,1.93,35.31
AM-0000004134,2,SKU-0023,1,164.39,18.47,8.66,154.58
AM-0000004137,1,SKU-0042,1,417.40,9.19,33.61,441.82
AM-0000004137,2,SKU-0039,1,87.57,6.95,3.43,84.05
AM-0000004139,1,SKU-0065,2,135.36,14.59,16.24,272.37
AM-0000004139,2,SKU-0040,1,234.32,0.82,12.15,245.65
AM-0000004139,3,SKU-0009,1,159.93,3.87,10.47,166.53
AM-0000004143,1,SKU-0016,2,116.14,13.26,17.43,236.45
AM-0000004148,1,SKU-0063,3,23.66,0.55,5.90,76.33
AM-0000004148,2,SKU-0094,2,308.47,45.22,43.72,615.44
AM-0000004151,1,SKU-0064,2,23.74,3.78,2.64,46.34
AM-0000004152,1,SKU-0047,1,16.85,1.40,0.81,16.26
AM-0000004152,2,SKU-0008,1,41.73,3.54,3.33,41.52
AM-0000004156,1,SKU-0117,1,93.64,9.55,4.50,88.59
AM-0000004156,2,SKU-0018,2,165.25,21.22,20.20,329.48
AM-0000004156,3,SKU-0023,1,172.82,13.08,7.61,167.35
AM-0000004161,1,SKU-0018,1,163.79,8.74,8.74,163.79
AM-0000004165,1,SKU-0011,1,268.23,12.94,19.70,274.99
AM-0000004165,2,SKU-0079,2,34.41,6.43,5.58,67.97
AM-0000004167,1,SKU-0057,1,430.01,15.99,17.72,431.74
AM-0000004167,2,SKU-0011,2,280.52,31.04,39.04,569.04
AM-0000004167,3,SKU-0006,1,165.81,19.49,8.87,155.19
AM-0000004167,4,SKU-0064,4,26.23,7.09,5.40,103.23
AM-0000004169,1,SKU-0070,1,241.56,15.75,11.66,237.47
AM-0000004169,2,SKU-0043,2,134.45,5.49,12.08,275.49
AM-0000004170,1,SKU-0036,1,271.96,25.84,14.19,260.31
AM-0000004170,2,SKU-0027,1,61.46,4.66,2.56,59.36
AM-0000004170,3,SKU-0097,1,166.82,7.67,9.47,168.62
AM-0000004170,4,SKU-0072,2,167.20,14.79,23.45,343.06
AM-0000004170,5,SKU-0091,1,176.77,9.57,14.27,181.47
AM-0000004171,1,SKU-0059,2,130.00,22.44,9.87,247.43
AM-0000004171,2,SKU-0066,2,75.45,3.48,10.60,158.02
AM-0000004171,3,SKU-0086,2,21.95,3.48,3.40,43.82
AM-0000004174,1,SKU-0059,1,120.24,12.16,8.22,116.30
AM-0000004174,2,SKU-0054,4,217.26,38.80,50.11,880.35
AM-0000004178,1,SKU-0068,1,75.47,1.37,4.51,78.61
AM-0000004179,1,SKU-0088,1,139.52,3.82,7.26,142.96
AM-0000004180,1,SKU-0094,1,294.92,22.99,23.30,295.23
AM-0000004180,2,SKU-0053,2,366.60,6.28,47.26,774.18
AM-0000004183,1,SKU-0115,2,280.21,43.22,40.80,558.00
AM-0000004183,2,SKU-0051,1,100.08,3.67,7.29,103.70
AM-0000004183,3,SKU-0022,1,222.76,4.84,10.22,228.14
AM-0000004187,1,SKU-0084,1,367.00,6.03,16.04,377.01
AM-0000004187,2,SKU-0116,2,445.61,77.49,64.69,878.42
AM-0000004187,3,SKU-0060,3,245.65,11.38,38.37,763.94
AM-0000004188,1,SKU-0063,1,24.30,1.22,1.71,24.79
AM-0000004188,2,SKU-0037,2,73.83,17.62,7.12,137.16
AM-0000004197,1,SKU-0117,1,96.10,0.65,7.61,103.06
AM-0000004197,2,SKU-0046,1,128.17,9.22,9.82,128.77
AM-0000004197,3,SKU-0029,1,141.12,12.20,9.09,138.01
AM-0000004199,1,SKU-0083,2,184.16,13.00,31.69,387.01
AM-0000004200,1,SKU-0080,1,86.53,0.05,3.83,90.31
AM-0000004200,2,SKU-0017,1,71.68,7.56,3.66,67.78
AM-0000004200,3,SKU-0041,1,342.97,37.33,16.48,322.12
AM-0000004203,1,SKU-0092,1,15.94,0.17,0.71,16.48
AM-0000004203,2,SKU-0028,2,85.11,1.20,12.23,181.25
AM-0000004211,1,SKU-0013,5,282.51,75.06,57.25,1394.74
AM-0000004211,2,SKU-0007,1,251.33,21.65,15.03,244.71
AM-0000004211,3,SKU-0061,1,194.68,20.29,12.27,186.66
AM-0000004211,4,SKU-0004,1,119.76,11.64,6.14,114.26
AM-0000004211,5,SKU-0066,2,79.70,4.46,13.52,168.46
AM-0000004213,1,SKU-0108,1,142.64,10.21,11.90,144.33
AM-0000004217,1,SKU-0060,3,227.90,70.35,41.69,655.04
AM-0000004225,1,SKU-0084,2,355.52,12.50,59.86,758.40
AM-0000004228,1,SKU-0025,2,119.10,2.16,21.11,257.15
AM-0000004229,1,SKU-0056,2,252.23,6.62,35.14,532.98
AM-0000004229,2,SKU-0120,1,293.78,5.96,18.79,306.61
AM-0000004231,1,SKU-0100,2,264.60,7.22,37.13,559.11
AM-0000004231,2,SKU-0053,1,325.97,21.84,17.03,321.16
AM-0000004231,3,SKU-0079,2,37.21,1.22,3.35,76.55
AM-0000004233,1,SKU-0053,2,373.54,29.09,29.87,747.86
AM-0000004233,2,SKU-0105,5,113.57,57.72,45.35,555.48
AM-0000004236,1,SKU-0082,2,290.92,55.79,24.54,550.59
AM-0000004238,1,SKU-0082,1,253.65,18.82,16.57,251.40
AM-0000004238,2,SKU-0077,1,288.33,23.09,12.20,277.44
AM-0000004238,3,SKU-0027,1,67.79,3.69,4.50,68.60
AM-0000004241,1,SKU-0027,1,67.15,7.31,4.95,64.79
AM-0000004241,2,SKU-0070,2,245.75,38.21,19.26,472.55
AM-0000004241,3,SKU-0063,2,23.05,0.42,2.56,48.24
AM-0000004243,1,SKU-0042,5,397.92,2.98,98.89,2085.51
AM-0000004247,1,SKU-0005,1,97.35,6.14,6.06,97.27
AM-0000004247,2,SKU-0058,1,273.15,32.10,20.49,261.54
AM-0000004247,3,SKU-0072,1,163.43,15.23,13.00,161.20
AM-0000004248,1,SKU-0059,1,133.23,6.83,11.28,137.68
AM-0000004254,1,SKU-0096,2,30.82,4.15,4.30,61.79
AM-0000004254,2,SKU-0069,1,244.25,10.88,11.12,244.49
AM-0000004254,3,SKU-0028,1,75.08,4.15,3.08,74.01
AM-0000004255,1,SKU-0086,1,19.91,0.03,0.93,20.81
AM-0000004256,1,SKU-0098,1,338.51,22.43,28.41,344.49
AM-0000004256,2,SKU-0047,1,16.04,1.05,1.14,16.13
AM-0000004256,3,SKU-0004,1,119.04,9.68,5.75,115.11
AM-0000004257,1,SKU-0020,1,244.85,5.77,11.96,251.04
AM-0000004257,2,SKU-0094,1,274.54,9.92,19.26,283.88
AM-0000004257,3,SKU-0057,1,444.55,34.68,26.12,435.99
AM-0000004258,1,SKU-0055,1,27.88,2.77,1.07,26.18
AM-0000004258,2,SKU-0120,2,279.07,6.06,37.49,589.57
AM-0000004261,1,SKU-0049,1,221.21,24.06,16.03,213.18
AM-0000004262,1,SKU-0098,4,364.05,71.41,55.42,1440.21
AM-0000004262,2,SKU-0009,2,165.70,22.50,26.04,334.94
AM-0000004264,1,SKU-0035,1,150.05,12.31,7.41,145.15
AM-0000004264,2,SKU-0037,1,68.83,4.87,5.53,69.49
AM-0000004265,1,SKU-0100,1,268.25,4.43,19.99,283.81
AM-0000004265,2,SKU-0039,4,94.26,18.98,22.68,380.74
AM-0000004265,3,SKU-0020,4,236.32,84.66,37.90,898.52
AM-0000004266,1,SKU-0013,1,280.55,25.61,16.93,271.87
AM-0000004274,1,SKU-0046,3,128.53,25.43,20.14,380.30
AM-0000004275,1,SKU-0106,1,93.22,2.19,6.28,97.31
AM-0000004277,1,SKU-0039,2,97.68,16.34,15.29,194.31
AM-0000004277,2,SKU-0095,1,68.97,0.63,5.58,73.92
AM-0000004279,1,SKU-0026,1,257.94,13.42,19.56,264.08
AM-0000004279,2,SKU-0044,2,278.54,0.95,32.47,588.60
AM-0000004281,1,SKU-0018,1,165.44,9.95,12.16,167.65
AM-0000004281,2,SKU-0072,1,162.87,12.81,9.74,159.80
AM-0000004281,3,SKU-0047,3,16.40,4.95,2.35,46.60
AM-0000004288,1,SKU-0102,1,20.14,1.32,1.41,20.23
AM-0000004288,2,SKU-0113,2,167.96,11.87,16.38,340.43
AM-0000004288,3,SKU-0043,1,157.08,13.19,8.17,152.06
AM-0000004289,1,SKU-0077,2,270.23,37.68,21.97,524.75
AM-0000004290,1,SKU-0091,1,177.29,2.12,10.79,185.96
AM-0000004291,1,SKU-0041,3,356.10,56.06,68.15,1080.39
AM-0000004294,1,SKU-0034,1,390.04,25.02,18.49,383.51
AM-0000004294,2,SKU-0005,3,102.09,24.14,24.56,306.69
AM-0000004294,3,SKU-0056,1,269.27,3.00,13.73,280.00
AM-0000004298,1,SKU-0102,2,19.29,2.19,2.31,38.70
AM-0000004301,1,SKU-0007,1,236.20,1.06,20.86,256.00
AM-0000004301,2,SKU-0032,2,177.68,29.50,29.22,355.08
AM-0000004301,3,SKU-0019,2,47.97,5.25,7.16,97.85
AM-0000004303,1,SKU-0065,2,136.54,5.01,23.40,291.47
AM-0000004304,1,SKU-0025,4,121.06,23.72,36.96,497.48
AM-0000004304,2,SKU-0012,1,68.17,6.42,3.49,65.24
AM-0000004315,1,SKU-0007,1,245.57,26.63,12.26,231.20
AM-0000004317,1,SKU-0016,2,123.75,18.93,15.16,243.73
AM-0000004319,1,SKU-0042,1,370.56,27.27,21.87,365.16
AM-0000004323,1,SKU-0038,4,275.36,109.62,65.43,1057.25
AM-0000004323,2,SKU-0106,1,91.24,10.26,6.83,87.81
AM-0000004324,1,SKU-0032,1,175.34,7.15,8.03,176.22
AM-0000004324,2,SKU-0120,2,279.98,42.98,21.93,538.91
AM-0000004327,1,SKU-0044,2,236.41,49.33,25.02,448.51
AM-0000004328,1,SKU-0071,1,333.90,14.49,18.34,337.75
AM-0000004328,2,SKU-0084,2,354.85,10.46,57.77,757.01
AM-0000004329,1,SKU-0066,1,77.65,6.08,3.74,75.31
AM-0000004329,2,SKU-0032,3,179.41,52.14,29.91,516.00
AM-0000004331,1,SKU-0051,2,97.12,19.11,11.96,187.09
AM-0000004331,2,SKU-0018,1,166.20,10.68,10.18,165.70
AM-0000004331,3,SKU-0070,3,248.61,70.43,32.56,707.96
AM-0000004333,1,SKU-0107,1,388.89,28.65,31.70,391.94
AM-0000004333,2,SKU-0030,1,206.87,13.59,12.62,205.90
AM-0000004335,1,SKU-0095,2,74.31,5.80,11.26,154.08
AM-0000004335,2,SKU-0088,2,133.47,16.39,16.01,266.56
AM-0000004339,1,SKU-0111,1,228.37,21.49,8.79,215.67
AM-0000004339,2,SKU-0062,2,15.10,2.66,1.57,29.11
AM-0000004340,1,SKU-0037,2,67.43,1.28,6.61,140.19
AM-0000004343,1,SKU-0109,2,388.84,2.86,53.24,828.06
AM-0000004347,1,SKU-0035,1,156.68,7.01,9.28,158.95
AM-0000004347,2,SKU-0048,1,169.83,2.20,9.50,177.13
AM-0000004353,1,SKU-0049,1,214.58,3.82,12.78,223.54
AM-0000004354,1,SKU-0004,3,134.14,34.54,16.47,384.35
AM-0000004354,2,SKU-0090,3,248.44,34.11,59.20,770.41
AM-0000004354,3,SKU-0118,1,206.35,8.78,8.78,206.35
AM-0000004355,1,SKU-0051,5,94.86,52.58,23.17,444.89
AM-0000004358,1,SKU-0099,1,185.90,4.68,9.50,190.72
AM-0000004358,2,SKU-0019,1,47.73,3.58,2.29,46.44
AM-0000004358,3,SKU-0068,1,83.78,6.02,5.75,83.51
AM-0000004359,1,SKU-0113,2,169.91,11.81,19.89,347.90
AM-0000004361,1,SKU-0031,1,345.39,8.45,28.19,365.13
AM-0000004361,2,SKU-0077,1,256.58,9.87,14.71,261.42
AM-0000004361,3,SKU-0094,1,311.90,3.87,24.39,332.42
AM-0000004361,4,SKU-0051,1,93.19,6.15,3.49,90.53
AM-0000004361,5,SKU-0072,1,148.27,7.04,7.52,148.75
AM-0000004370,1,SKU-0052,2,244.62,11.51,37.56,515.29
AM-0000004370,2,SKU-0067,1,56.45,0.57,3.48,59.36
AM-0000004370,3,SKU-0048,1,178.43,4.64,12.17,185.96
AM-0000004370,4,SKU-0069,1,216.59,20.12,14.63,211.10
AM-0000004371,1,SKU-0113,1,170.51,1.81,9.96,178.66
AM-0000004373,1,SKU-0032,1,184.61,9.16,8.84,184.29
AM-0000004373,2,SKU-0045,3,93.85,31.20,22.30,272.65
AM-0000004373,3,SKU-0067,2,49.62,5.39,5.15,99.00
AM-0000004374,1,SKU-0074,1,127.33,2.55,7.61,132.39
AM-0000004374,2,SKU-0031,1,337.21,31.83,23.86,329.24
AM-0000004382,1,SKU-0071,1,321.37,11.34,13.84,323.87
AM-0000004382,2,SKU-0014,1,355.79,17.84,27.25,365.20
AM-0000004383,1,SKU-0077,4,266.43,64.96,74.04,1074.80
AM-0000004384,1,SKU-0038,1,271.85,12.52,14.90,274.23
AM-0000004384,2,SKU-0061,1,219.34,22.83,9.01,205.52
AM-0000004384,3,SKU-0074,2,109.61,18.21,10.10,211.11
AM-0000004384,4,SKU-0066,1,74.05,3.01,4.46,75.50
AM-0000004388,1,SKU-0051,2,97.18,22.89,8.34,179.81
AM-0000004388,2,SKU-0005,1,101.86,7.28,7.85,102.43
AM-0000004389,1,SKU-0115,3,246.38,47.72,38.75,730.17
AM-0000004389,2,SKU-0112,2,215.78,23.16,19.38,427.78
AM-0000004389,3,SKU-0051,1,90.18,8.79,3.65,85.04
AM-0000004389,4,SKU-0046,1,141.49,1.26,11.56,151.79
AM-0000004393,1,SKU-0036,3,297.05,101.53,46.52,836.14
AM-0000004395,1,SKU-0038,4,248.12,91.90,61.67,962.25
AM-0000004395,2,SKU-0044,1,254.63,17.34,18.91,256.20
AM-0000004395,3,SKU-0061,1,197.32,20.69,14.85,191.48
AM-0000004401,1,SKU-0107,1,399.27,19.44,31.02,410.85
AM-0000004401,2,SKU-0060,1,239.02,12.37,19.62,246.27
AM-0000004401,3,SKU-0021,3,119.33,24.20,25.93,359.72
AM-0000004401,4,SKU-0058,2,255.22,43.48,29.72,496.68
AM-0000004402,1,SKU-0111,1,219.85,13.32,9.82,216.35
AM-0000004402,2,SKU-0031,1,323.32,3.35,14.47,334.44
AM-0000004404,1,SKU-0114,3,206.95,39.76,45.96,627.05
AM-0000004406,1,SKU-0052,1,287.35,23.41,22.86,286.80
AM-0000004406,2,SKU-0069,1,223.29,17.92,8.62,213.99
AM-0000004406,3,SKU-0026,1,256.68,25.72,15.08,246.04
AM-0000004407,1,SKU-0005,1,96.82,8.18,3.85,92.49
AM-0000004407,2,SKU-0095,2,70.74,8.35,10.92,144.05
AM-0000004410,1,SKU-0073,1,120.01,4.06,9.90,125.85
AM-0000004419,1,SKU-0076,1,107.79,10.09,4.09,101.79
AM-0000004419,2,SKU-0022,1,197.05,23.34,9.07,182.78
AM-0000004422,1,SKU-0016,1,116.37,4.18,6.53,118.72
AM-0000004422,2,SKU-0003,2,35.32,3.30,2.86,70.20
AM-0000004422,3,SKU-0009,1,181.42,2.73,14.20,192.89
AM-0000004427,1,SKU-0078,1,152.18,8.72,11.64,155.10
AM-0000004431,1,SKU-0058,2,288.31,66.62,44.24,554.24
AM-0000004431,2,SKU-0048,3,182.00,61.03,37.84,522.81
AM-0000004431,3,SKU-0045,1,90.47,1.39,4.77,93.85
AM-0000004431,4,SKU-0033,2,118.29,24.07,18.01,230.52
AM-0000004435,1,SKU-0041,1,320.88,25.64,26.49,321.73
AM-0000004438,1,SKU-0115,1,283.03,25.96,12.51,269.58
AM-0000004438,2,SKU-0071,3,323.31,34.25,45.39,981.07
AM-0000004439,1,SKU-0068,1,75.97,2.28,5.35,79.04
AM-0000004441,1,SKU-0088,2,146.40,10.94,13.87,295.73
AM-0000004443,1,SKU-0061,1,227.78,4.70,13.89,236.97
AM-0000004443,2,SKU-0114,2,225.62,7.16,31.21,475.29
AM-0000004445,1,SKU-0026,1,252.36,25.89,13.55,240.02
AM-0000004445,2,SKU-0046,2,148.30,8.51,12.90,300.99
AM-0000004445,3,SKU-0086,1,21.78,1.80,1.55,21.53
AM-0000004449,1,SKU-0087,2,197.12,30.19,24.65,388.70
AM-0000004449,2,SKU-0078,1,158.67,16.72,6.46,148.41
AM-0000004451,1,SKU-0005,1,92.00,3.67,3.81,92.14
AM-0000004451,2,SKU-0051,2,99.39,22.02,12.73,189.49
AM-0000004453,1,SKU-0038,1,262.28,23.33,16.11,255.06
AM-0000004453,2,SKU-0043,3,150.67,20.34,35.12,466.79
AM-0000004456,1,SKU-0096,1,29.24,0.55,2.30,30.99
AM-0000004462,1,SKU-0071,1,309.76,11.13,24.43,323.06
AM-0000004467,1,SKU-0035,1,150.32,10.01,7.59,147.90
AM-0000004467,2,SKU-0063,2,25.91,0.98,4.50,55.34
AM-0000004467,3,SKU-0055,1,27.92,2.84,1.49,26.57
AM-0000004468,1,SKU-0065,1,149.56,10.57,8.54,147.53
AM-0000004469,1,SKU-0032,3,197.99,45.14,24.01,572.84
AM-0000004470,1,SKU-0049,4,229.67,29.28,56.46,945.86
AM-0000004470,2,SKU-0050,1,404.42,20.77,24.43,408.08
AM-0000004471,1,SKU-0054,4,215.82,21.06,41.35,883.57
AM-0000004472,1,SKU-0095,1,64.37,3.98,3.01,63.40
AM-0000004472,2,SKU-0094,1,308.81,32.68,24.02,300.15
AM-0000004474,1,SKU-0092,2,15.23,3.00,1.60,29.06
AM-0000004474,2,SKU-0084,2,396.50,76.66,53.00,769.34
AM-0000004477,1,SKU-0045,1,79.72,8.36,6.37,77.73
AM-0000004480,1,SKU-0084,1,345.89,13.43,28.84,361.30
AM-0000004481,1,SKU-0001,1,360.88,38.09,23.15,345.94
AM-0000004481,2,SKU-0040,1,249.43,24.40,19.92,244.95
AM-0000004481,3,SKU-0072,1,168.52,14.96,8.20,161.76
AM-0000004481,4,SKU-0028,1,73.36,5.30,6.12,74.18
AM-0000004482,1,SKU-0036,2,280.01,32.51,37.91,565.42
AM-0000004482,2,SKU-0092,1,16.59,1.10,0.72,16.21
AM-0000004484,1,SKU-0100,1,236.89,22.04,17.62,232.47
AM-0000004484,2,SKU-0087,2,185.50,33.06,14.02,351.96
AM-0000004484,3,SKU-0026,1,263.13,24.06,17.68,256.75
AM-0000004484,4,SKU-0119,2,255.20,45.90,35.22,499.72
AM-0000004491,1,SKU-0024,2,30.73,0.13,4.54,65.87
AM-0000004491,2,SKU-0036,1,282.33,9.46,14.86,287.73
AM-0000004491,3,SKU-0071,4,315.76,100.34,60.87,1223.57
AM-0000004505,1,SKU-0028,1,77.50,1.83,5.94,81.61
AM-0000004508,1,SKU-0091,1,185.68,2.92,15.64,198.40
AM-0000004508,2,SKU-0030,1,231.87,11.81,11.03,231.09
AM-0000004511,1,SKU-0004,4,137.35,10.51,22.25,561.14
AM-0000004513,1,SKU-0019,2,48.92,1.22,7.11,103.73
AM-0000004513,2,SKU-0076,1,93.18,2.89,6.78,97.07
AM-0000004517,1,SKU-0044,1,260.77,17.79,19.50,262.48
AM-0000004517,2,SKU-0117,3,99.56,21.02,20.01,297.67
AM-0000004517,3,SKU-0081,1,44.43,5.23,2.92,42.12
AM-0000004518,1,SKU-0045,1,89.48,9.32,6.45,86.61
AM-0000004518,2,SKU-0014,1,368.32,35.27,14.25,347.30
AM-0000004520,1,SKU-0066,2,68.91,6.18,5.90,137.54
AM-0000004521,1,SKU-0037,2,63.00,15.09,8.48,119.39
AM-0000004525,1,SKU-0113,1,146.32,3.66,7.95,150.61
AM-0000004530,1,SKU-0100,1,231.13,15.33,17.16,232.96
AM-0000004530,2,SKU-0074,1,121.59,0.00,9.99,131.58
AM-0000004530,3,SKU-0020,1,242.27,26.25,17.63,233.65
AM-0000004531,1,SKU-0065,1,145.30,0.17,8.40,153.53
AM-0000004532,1,SKU-0074,1,121.71,12.64,7.41,116.48
AM-0000004533,1,SKU-0028,1,85.13,7.40,6.63,84.36
AM-0000004533,2,SKU-0005,1,100.10,7.81,5.12,97.41
AM-0000004533,3,SKU-0026,1,267.84,10.71,21.60,278.73
AM-0000004534,1,SKU-0058,1,275.74,2.59,21.70,294.85
AM-0000004534,2,SKU-0109,3,362.22,89.63,72.57,1069.60
AM-0000004534,3,SKU-0035,1,147.36,4.29,5.94,149.01
AM-0000004535,1,SKU-0054,1,215.10,13.67,17.46,218.89
AM-0000004535,2,SKU-0057,1,455.77,11.32,33.59,478.04
AM-0000004535,3,SKU-0019,1,48.10,1.74,2.91,49.27
AM-0000004535,4,SKU-0048,2,188.86,16.90,25.88,386.70
AM-0000004537,1,SKU-0003,1,31.15,3.35,1.71,29.51
AM-0000004538,1,SKU-0102,4,21.46,0.59,5.40,90.65
AM-0000004542,1,SKU-0009,1,179.20,1.66,12.43,189.97
AM-0000004542,2,SKU-0103,2,317.64,17.21,40.63,658.70
AM-0000004542,3,SKU-0056,4,247.27,97.12,36.13,928.09
AM-0000004545,1,SKU-0112,4,216.26,54.96,54.06,864.14
AM-0000004547,1,SKU-0087,1,190.23,11.11,7.35,186.47
AM-0000004549,1,SKU-0090,1,269.59,10.82,21.73,280.50
AM-0000004549,2,SKU-0040,2,250.42,37.34,31.50,495.00
AM-0000004551,1,SKU-0029,2,133.96,13.50,16.67,271.09
AM-0000004551,2,SKU-0088,3,144.51,21.79,34.49,446.23
AM-0000004558,1,SKU-0007,1,230.70,14.29,14.87,231.28
AM-0000004558,2,SKU-0016,1,126.45,5.40,4.98,126.03
AM-0000004561,1,SKU-0017,5,73.63,13.07,24.60,379.68
AM-0000004564,1,SKU-0094,1,316.45,37.25,12.46,291.66
AM-0000004564,2,SKU-0046,2,129.32,11.11,16.02,263.55
AM-0000004564,3,SKU-0112,3,222.35,15.42,56.76,708.39
AM-0000004564,4,SKU-0042,1,375.38,15.13,22.68,382.93
AM-0000004585,1,SKU-0028,1,78.27,5.94,5.74,78.07
AM-0000004585,2,SKU-0004,1,126.75,9.23,9.28,126.80
AM-0000004585,3,SKU-0026,3,266.57,70.68,50.19,779.22
AM-0000004588,1,SKU-0070,1,247.79,2.55,14.80,260.04
AM-0000004589,1,SKU-0070,1,236.67,2.01,14.03,248.69
AM-0000004589,2,SKU-0069,1,242.49,23.95,18.32,236.86
AM-0000004591,1,SKU-0013,2,298.01,56.27,41.67,581.42
AM-0000004591,2,SKU-0113,1,146.95,12.58,9.03,143.40
AM-0000004591,3,SKU-0107,1,358.66,31.56,26.94,354.04
AM-0000004592,1,SKU-0040,1,217.79,5.28,18.69,231.20
AM-0000004592,2,SKU-0111,3,216.96,54.02,33.39,630.25
AM-0000004592,3,SKU-0021,1,122.20,8.74,5.29,118.75
AM-0000004592,4,SKU-0104,1,191.74,11.01,11.68,192.41
AM-0000004593,1,SKU-0002,1,147.07,0.05,9.86,156.88
AM-0000004595,1,SKU-0096,1,28.80,2.62,1.50,27.68
AM-0000004595,2,SKU-0114,1,236.69,13.50,10.77,233.96
AM-0000004596,1,SKU-0028,2,81.38,8.80,12.46,166.42
AM-0000004596,2,SKU-0046,1,148.03,10.44,10.70,148.29
AM-0000004596,3,SKU-0112,1,227.46,0.77,10.49,237.18
AM-0000004608,1,SKU-0115,3,267.80,87.32,58.49,774.57
AM-0000004608,2,SKU-0057,2,442.69,70.36,40.56,855.58
AM-0000004608,3,SKU-0024,2,34.21,5.54,2.70,65.58
AM-0000004615,1,SKU-0037,1,63.38,2.19,5.44,66.63
AM-0000004615,2,SKU-0025,1,120.27,1.72,6.67,125.22
AM-0000004615,3,SKU-0118,1,231.73,13.04,12.11,230.80
AM-0000004615,4,SKU-0087,1,198.64,2.46,14.68,210.86
AM-0000004616,1,SKU-0050,1,432.81,1.21,22.89,454.49
AM-0000004617,1,SKU-0051,1,101.89,4.61,6.01,103.29
AM-0000004617,2,SKU-0040,1,247.64,1.93,21.70,267.41
AM-0000004621,1,SKU-0008,3,44.01,8.41,10.00,133.62
AM-0000004621,2,SKU-0057,1,491.43,56.66,22.93,457.70
AM-0000004621,3,SKU-0001,2,359.32,30.19,33.07,721.52
AM-0000004621,4,SKU-0012,3,67.56,10.28,15.68,208.08
AM-0000004622,1,SKU-0071,1,335.53,29.46,17.00,323.07
AM-0000004622,2,SKU-0037,2,64.49,0.78,9.40,137.60
AM-0000004623,1,SKU-0018,4,154.99,33.42,47.57,634.11
AM-0000004627,1,SKU-0075,1,26.46,1.12,2.06,27.40
AM-0000004629,1,SKU-0043,2,135.16,8.78,13.43,274.97
AM-0000004629,2,SKU-0028,1,79.88,5.73,3.41,77.56
AM-0000004635,1,SKU-0099,1,185.16,9.60,11.03,186.59
AM-0000004636,1,SKU-0014,1,381.28,34.93,16.81,363.16
AM-0000004638,1,SKU-0095,2,72.81,10.76,5.50,140.36
AM-0000004639,1,SKU-0069,2,240.38,17.12,28.24,491.88
AM-0000004643,1,SKU-0113,1,168.56,13.79,12.34,167.11
AM-0000004644,1,SKU-0108,1,155.00,9.14,10.28,156.14
AM-0000004646,1,SKU-0114,3,202.24,36.76,39.27,609.23
AM-0000004646,2,SKU-0013,1,308.95,22.98,13.56,299.53
AM-0000004648,1,SKU-0110,1,73.34,0.45,4.27,77.16
AM-0000004650,1,SKU-0036,2,264.56,40.33,40.25,529.04
AM-0000004650,2,SKU-0022,1,197.05,5.46,11.33,202.92
AM-0000004650,3,SKU-0039,2,93.08,10.66,9.27,184.77
AM-0000004650,4,SKU-0102,2,19.94,3.70,2.72,38.90
AM-0000004654,1,SKU-0052,1,255.41,20.03,9.70,245.08
AM-0000004656,1,SKU-0088,1,133.93,10.04,6.35,130.24
AM-0000004656,2,SKU-0108,4,140.75,35.00,38.57,566.57
AM-0000004656,3,SKU-0074,1,110.98,8.17,6.43,109.24
AM-0000004656,4,SKU-0058,1,271.98,19.47,12.72,265.23
AM-0000004658,1,SKU-0045,3,89.94,6.97,20.89,283.74
AM-0000004658,2,SKU-0042,1,403.07,11.50,20.10,411.67
AM-0000004660,1,SKU-0072,1,156.56,3.30,8.61,161.87
AM-0000004660,2,SKU-0031,1,302.96,27.46,18.91,294.41
AM-0000004660,3,SKU-0108,1,145.23,12.73,8.91,141.41
AM-0000004663,1,SKU-0092,1,15.15,0.22,1.21,16.14
AM-0000004664,1,SKU-0013,1,290.71,8.17,21.78,304.32
AM-0000004664,2,SKU-0112,1,212.49,15.92,16.90,213.47
AM-0000004665,1,SKU-0075,2,27.77,0.25,4.86,60.15
AM-0000004665,2,SKU-0032,1,190.24,5.16,11.57,196.65
AM-0000004667,1,SKU-0076,1,96.96,7.94,7.32,96.34
AM-0000004672,1,SKU-0091,1,167.68,17.96,7.38,157.10
AM-0000004672,2,SKU-0046,1,149.77,4.69,10.86,155.94
AM-0000004672,3,SKU-0074,1,127.56,5.12,9.24,131.68
AM-0000004675,1,SKU-0012,1,68.28,3.17,4.88,69.99
AM-0000004675,2,SKU-0097,3,165.35,17.58,19.27,497.74
AM-0000004675,3,SKU-0013,1,277.05,7.61,15.67,285.11
AM-0000004681,1,SKU-0026,1,268.26,20.89,17.24,264.61
AM-0000004688,1,SKU-0035,1,138.21,4.42,10.14,143.93
AM-0000004688,2,SKU-0108,1,149.06,2.05,6.10,153.11
AM-0000004689,1,SKU-0040,1,220.45,24.58,11.57,207.44
AM-0000004689,2,SKU-0007,1,239.18,6.85,16.61,248.94
AM-0000004689,3,SKU-0090,1,277.18,6.97,16.00,286.21
AM-0000004689,4,SKU-0020,1,240.95,16.12,11.25,236.08
AM-0000004689,5,SKU-0037,5,71.04,7.30,18.16,366.06
AM-0000004691,1,SKU-0091,1,177.46,13.70,11.38,175.14
AM-0000004691,2,SKU-0099,3,161.28,27.78,29.68,485.74
AM-0000004692,1,SKU-0024,2,30.08,1.68,4.42,62.90
AM-0000004692,2,SKU-0030,1,216.89,19.15,16.87,214.61
AM-0000004692,3,SKU-0066,1,78.23,5.59,5.77,78.41
AM-0000004696,1,SKU-0003,1,30.96,0.04,2.40,33.32
AM-0000004696,2,SKU-0094,4,274.43,18.65,56.15,1135.22
AM-0000004699,1,SKU-0104,1,186.72,10.22,9.58,186.08
AM-0000004700,1,SKU-0005,2,102.33,4.46,8.19,208.39
AM-0000004702,1,SKU-0023,1,168.94,20.02,7.04,155.96
AM-0000004702,2,SKU-0117,1,91.18,9.92,4.73,85.99
AM-0000004702,3,SKU-0035,3,158.72,11.61,20.37,484.92
AM-0000004704,1,SKU-0112,2,197.73,37.42,26.51,384.55
AM-0000004705,1,SKU-0036,1,301.72,26.60,13.53,288.65
AM-0000004708,1,SKU-0038,1,279.68,3.34,14.62,290.96
AM-0000004716,1,SKU-0032,3,188.33,62.44,26.55,529.10
AM-0000004717,1,SKU-0046,1,137.21,15.51,8.94,130.64
AM-0000004717,2,SKU-0030,2,212.15,13.55,29.85,440.60
AM-0000004717,3,SKU-0068,1,79.02,3.32,6.50,82.20
AM-0000004717,4,SKU-0092,1,16.64,0.74,0.76,16.66
AM-0000004718,1,SKU-0031,1,304.37,14.50,15.98,305.85
AM-0000004718,2,SKU-0021,3,112.17,7.54,26.07,355.04
AM-0000004718,3,SKU-0107,2,339.63,73.39,50.61,656.48
AM-0000004718,4,SKU-0046,1,141.47,1.65,7.51,147.33
AM-0000004720,1,SKU-0120,3,289.38,51.53,41.33,857.94
AM-0000004721,1,SKU-0104,2,182.79,7.24,25.18,383.52
AM-0000004723,1,SKU-0113,1,145.78,0.46,10.74,156.06
AM-0000004723,2,SKU-0055,1,32.13,1.25,1.49,32.37
AM-0000004726,1,SKU-0083,1,179.42,8.91,14.98,185.49
AM-0000004726,2,SKU-0065,4,137.39,61.35,42.09,530.30
AM-0000004728,1,SKU-0069,2,242.65,10.53,39.62,514.39
AM-0000004728,2,SKU-0017,1,73.59,4.71,5.41,74.29
AM-0000004728,3,SKU-0096,2,28.94,5.15,2.95,55.68
AM-0000004728,4,SKU-0051,3,91.57,9.43,12.20,277.48
AM-0000004728,5,SKU-0014,1,336.97,38.92,17.78,315.83
AM-0000004729,1,SKU-0119,1,253.76,15.79,20.20,258.17
AM-0000004729,2,SKU-0102,1,18.21,1.66,0.72,17.27
AM-0000004737,1,SKU-0070,1,238.79,12.68,14.30,240.41
AM-0000004737,2,SKU-0067,1,55.05,0.56,4.59,59.08
AM-0000004740,1,SKU-0071,3,302.44,14.63,39.94,932.63
AM-0000004740,2,SKU-0087,2,184.69,8.49,19.25,380.14
AM-0000004741,1,SKU-0022,1,213.16,16.62,8.03,204.57
AM-0000004741,2,SKU-0093,1,290.44,17.36,13.76,286.84
AM-0000004742,1,SKU-0092,3,15.11,5.24,3.15,43.24
AM-0000004742,2,SKU-0040,2,218.07,35.75,18.78,419.17
AM-0000004748,1,SKU-0068,4,82.71,21.80,13.55,322.59
AM-0000004748,2,SKU-0065,1,149.95,17.45,10.93,143.43
AM-0000004751,1,SKU-0050,1,430.06,30.44,32.21,431.83
AM-0000004752,1,SKU-0016,4,124.44,50.04,30.96,478.68
AM-0000004752,2,SKU-0052,1,285.87,23.40,11.29,273.76
AM-0000004752,3,SKU-0051,1,92.50,3.73,5.70,94.47
AM-0000004754,1,SKU-0060,1,228.42,4.89,13.59,237.12
AM-0000004755,1,SKU-0116,1,443.98,4.68,25.80,465.10
AM-0000004758,1,SKU-0094,2,301.04,54.02,24.32,572.38
AM-0000004758,2,SKU-0103,4,350.36,84.57,103.34,1420.21
AM-0000004774,1,SKU-0007,1,237.32,24.84,14.62,227.10
AM-0000004775,1,SKU-0065,1,152.10,18.16,11.01,144.95
AM-0000004775,2,SKU-0002,2,146.54,27.06,13.08,279.10
AM-0000004775,3,SKU-0076,3,110.69,1.94,20.20,350.33
AM-0000004775,4,SKU-0049,1,208.02,19.64,9.01,197.39
AM-0000004775,5,SKU-0026,1,267.47,18.06,18.46,267.87
AM-0000004778,1,SKU-0042,1,403.98,36.11,26.53,394.40
AM-0000004778,2,SKU-0006,3,162.23,3.72,40.28,523.25
AM-0000004778,3,SKU-0028,1,73.38,2.23,5.46,76.61
AM-0000004780,1,SKU-0048,3,180.15,16.13,46.30,570.62
AM-0000004781,1,SKU-0093,4,308.99,64.15,58.96,1230.77
AM-0000004781,2,SKU-0068,3,83.22,2.16,16.85,264.35
AM-0000004781,3,SKU-0064,2,25.32,1.49,3.65,52.80
AM-0000004781,4,SKU-0107,1,362.40,1.30,30.71,391.81
AM-0000004785,1,SKU-0058,3,269.32,63.17,62.28,807.07
AM-0000004786,1,SKU-0034,1,355.43,29.08,27.77,354.12
AM-0000004786,2,SKU-0067,1,57.74,5.00,4.63,57.37
AM-0000004786,3,SKU-0103,1,319.60,20.78,16.55,315.37
AM-0000004788,1,SKU-0113,1,157.61,1.62,6.31,162.30
AM-0000004788,2,SKU-0085,3,161.13,5.57,35.25,513.07
AM-0000004792,1,SKU-0105,1,113.55,10.79,8.29,111.05
AM-0000004792,2,SKU-0026,1,266.28,7.59,17.98,276.67
AM-0000004792,3,SKU-0114,4,234.18,54.28,67.43,949.87
AM-0000004793,1,SKU-0093,1,273.15,29.14,11.41,255.42
AM-0000004793,2,SKU-0102,1,18.15,2.06,0.90,16.99
AM-0000004799,1,SKU-0095,2,63.71,6.65,10.45,131.22
AM-0000004802,1,SKU-0086,1,22.90,0.39,0.95,23.46
AM-0000004802,2,SKU-0031,1,327.39,25.73,13.39,315.05
AM-0000004804,1,SKU-0082,2,249.70,40.54,39.06,497.92
AM-0000004804,2,SKU-0001,2,360.14,54.42,56.30,722.16
AM-0000004804,3,SKU-0023,2,164.65,17.52,24.37,336.15
AM-0000004806,1,SKU-0001,1,338.60,29.51,23.96,333.05
AM-0000004806,2,SKU-0058,2,291.73,40.30,36.46,579.62
AM-0000004809,1,SKU-0033,1,123.03,7.70,7.20,122.53
AM-0000004809,2,SKU-0099,1,165.21,9.86,8.03,163.38
AM-0000004809,3,SKU-0061,1,221.28,16.28,14.93,219.93
AM-0000004811,1,SKU-0063,2,22.43,1.37,3.70,47.19
AM-0000004811,2,SKU-0046,4,141.83,49.10,45.75,563.97
AM-0000004815,1,SKU-0049,1,233.21,0.86,12.46,244.81
AM-0000004815,2,SKU-0024,1,33.66,1.16,1.71,34.21
AM-0000004818,1,SKU-0013,1,283.72,2.79,18.68,299.61
AM-0000004818,2,SKU-0060,3,254.39,86.51,51.32,727.98
AM-0000004824,1,SKU-0078,1,166.58,16.19,10.50,160.89
AM-0000004825,1,SKU-0097,4,177.65,56.38,30.27,684.49
AM-0000004831,1,SKU-0111,2,231.92,22.47,38.96,480.33
AM-0000004833,1,SKU-0086,3,23.54,1.86,2.89,71.65
AM-0000004835,1,SKU-0090,2,288.18,61.25,28.29,543.40
AM-0000004838,1,SKU-0043,2,145.20,27.87,19.15,281.68
AM-0000004838,2,SKU-0026,1,252.41,22.66,13.64,243.39
AM-0000004838,3,SKU-0019,1,43.08,0.75,3.37,45.70
AM-0000004839,1,SKU-0011,1,272.22,6.83,13.58,278.97
AM-0000004839,2,SKU-0105,1,103.65,3.27,4.74,105.12
AM-0000004839,3,SKU-0048,1,191.88,21.21,13.58,184.25
AM-0000004839,4,SKU-0080,1,83.40,6.91,3.35,79.84
AM-0000004843,1,SKU-0019,1,47.89,1.64,1.94,48.19
AM-0000004843,2,SKU-0092,2,16.05,2.46,1.93,31.57
AM-0000004843,3,SKU-0083,1,163.59,19.06,11.80,156.33
AM-0000004847,1,SKU-0010,1,315.78,22.24,22.83,316.37
AM-0000004847,2,SKU-0114,1,227.20,24.55,9.95,212.60
AM-0000004847,3,SKU-0036,1,297.55,23.47,16.73,290.81
AM-0000004847,4,SKU-0119,1,255.08,9.38,16.12,261.82
AM-0000004848,1,SKU-0029,2,135.11,13.91,20.83,277.14
AM-0000004853,1,SKU-0092,4,14.77,5.69,3.33,56.72
AM-0000004854,1,SKU-0005,3,103.01,6.57,23.02,325.48
AM-0000004854,2,SKU-0099,1,182.46,15.86,14.71,181.31
AM-0000004855,1,SKU-0057,1,448.00,43.86,23.23,427.37
AM-0000004855,2,SKU-0029,3,128.81,3.85,34.31,416.89
AM-0000004858,1,SKU-0010,1,319.19,19.42,16.61,316.38
AM-0000004858,2,SKU-0095,2,75.29,4.12,11.03,157.49
AM-0000004858,3,SKU-0109,1,372.19,1.10,21.46,392.55
AM-0000004859,1,SKU-0031,2,317.93,70.26,42.11,607.71
AM-0000004859,2,SKU-0037,1,63.26,2.59,3.23,63.90
AM-0000004860,1,SKU-0094,1,318.84,8.99,23.00,332.85
AM-0000004860,2,SKU-0010,1,325.77,37.30,14.04,302.51
AM-0000004863,1,SKU-0062,2,15.11,1.77,2.42,30.87
AM-0000004863,2,SKU-0058,2,274.09,37.95,29.96,540.19
AM-0000004864,1,SKU-0041,1,353.72,18.80,24.25,359.17
AM-0000004870,1,SKU-0078,2,178.10,0.31,24.92,380.81
AM-0000004873,1,SKU-0061,2,214.60,26.14,35.65,438.71
AM-0000004877,1,SKU-0090,1,284.61,33.25,10.34,261.70
AM-0000004877,2,SKU-0079,3,35.31,1.02,5.38,110.29
AM-0000004877,3,SKU-0063,2,23.69,0.68,4.20,50.90
AM-0000004877,4,SKU-0068,1,76.04,2.52,5.63,79.15
AM-0000004879,1,SKU-0098,1,320.80,17.63,13.71,316.88
AM-0000004879,2,SKU-0094,1,317.96,8.56,19.57,328.97
AM-0000004882,1,SKU-0029,2,137.59,21.24,12.30,266.24
AM-0000004884,1,SKU-0040,4,250.12,27.41,63.41,1036.48
AM-0000004885,1,SKU-0022,2,228.38,46.32,30.94,441.38
AM-0000004885,2,SKU-0079,1,32.32,3.60,1.46,30.18
AM-0000004886,1,SKU-0114,2,227.97,7.51,24.65,473.08
AM-0000004886,2,SKU-0035,1,140.50,6.61,11.62,145.51
AM-0000004892,1,SKU-0048,3,195.21,64.78,34.48,555.33
AM-0000004892,2,SKU-0045,1,86.90,9.10,6.68,84.48
AM-0000004892,3,SKU-0046,1,132.46,14.17,6.48,124.77
AM-0000004893,1,SKU-0034,1,344.18,18.98,18.88,344.08
AM-0000004893,2,SKU-0022,1,200.74,22.81,9.51,187.44
AM-0000004903,1,SKU-0048,2,192.90,1.64,30.96,415.12
AM-0000004905,1,SKU-0012,1,76.44,2.95,5.20,78.69
AM-0000004905,2,SKU-0062,1,14.73,0.98,0.77,14.52
AM-0000004905,3,SKU-0049,2,237.20,39.90,23.79,458.29
AM-0000004912,1,SKU-0074,2,110.58,24.11,9.33,206.38
AM-0000004912,2,SKU-0070,1,236.64,18.74,10.59,228.49
AM-0000004912,3,SKU-0072,1,166.28,5.23,8.87,169.92
AM-0000004912,4,SKU-0021,4,122.54,33.34,25.05,481.87
AM-0000004912,5,SKU-0099,1,184.27,18.94,14.26,179.59
AM-0000004913,1,SKU-0067,2,57.52,6.28,9.55,118.31
AM-0000004914,1,SKU-0013,1,298.19,19.05,24.63,303.77
AM-0000004914,2,SKU-0047,1,16.86,0.99,0.86,16.73
AM-0000004914,3,SKU-0090,2,276.08,20.41,30.16,561.91
AM-0000004915,1,SKU-0103,2,311.49,42.40,41.60,622.18
AM-0000004915,2,SKU-0050,4,420.30,60.90,67.98,1688.28
AM-0000004917,1,SKU-0042,1,386.36,42.50,26.11,369.97
AM-0000004917,2,SKU-0052,1,252.44,9.01,10.49,253.92
AM-0000004917,3,SKU-0064,2,25.78,1.13,3.37,53.80
AM-0000004923,1,SKU-0113,1,146.80,17.17,9.91,139.54
AM-0000004923,2,SKU-0005,1,104.74,1.63,7.89,111.00
AM-0000004925,1,SKU-0024,1,30.39,0.35,1.92,31.96
AM-0000004925,2,SKU-0029,1,142.00,7.75,11.53,145.78
AM-0000004925,3,SKU-0003,4,32.73,15.50,4.85,120.27
AM-0000004925,4,SKU-0103,1,348.60,26.70,25.94,347.84
AM-0000004927,1,SKU-0112,3,217.05,52.34,41.15,639.96
AM-0000004927,2,SKU-0116,1,382.20,3.32,17.73,396.61
AM-0000004927,3,SKU-0010,2,294.86,38.27,23.57,575.02
AM-0000004927,4,SKU-0002,2,148.15,15.62,17.79,298.47
AM-0000004932,1,SKU-0004,2,132.19,6.99,23.03,280.42
AM-0000004936,1,SKU-0100,1,272.86,20.30,21.87,274.43
AM-0000004948,1,SKU-0004,1,124.56,1.49,5.33,128.40
AM-0000004948,2,SKU-0090,1,260.94,19.45,19.07,260.56
AM-0000004948,3,SKU-0115,1,264.37,23.13,15.22,256.46
AM-0000004950,1,SKU-0087,2,171.48,19.54,19.56,342.98
AM-0000004950,2,SKU-0030,1,213.79,14.08,11.29,211.00
AM-0000004956,1,SKU-0112,1,207.90,23.99,15.91,199.82
AM-0000004958,1,SKU-0008,1,45.91,3.12,2.93,45.72
AM-0000004958,2,SKU-0071,1,319.13,18.11,19.19,320.21
AM-0000004958,3,SKU-0049,3,241.44,53.51,35.01,705.82
AM-0000004961,1,SKU-0016,1,124.50,6.35,5.04,123.19
AM-0000004961,2,SKU-0045,1,92.82,3.50,6.26,95.58
AM-0000004961,3,SKU-0007,1,244.15,22.97,15.11,236.29
AM-0000004962,1,SKU-0041,1,310.37,12.82,17.17,314.72
AM-0000004962,2,SKU-0076,1,94.42,8.49,4.21,90.14
AM-0000004962,3,SKU-0116,1,404.35,47.41,24.40,381.34
AM-0000004963,1,SKU-0020,1,221.96,13.95,13.50,221.51
AM-0000004963,2,SKU-0096,1,31.18,2.65,1.33,29.86
AM-0000004964,1,SKU-0030,3,237.59,78.79,26.44,660.42
AM-0000004964,2,SKU-0080,2,93.01,10.23,12.90,188.69
AM-0000004964,3,SKU-0011,2,285.30,53.77,25.66,542.49
AM-0000004964,4,SKU-0057,2,448.82,37.45,61.83,922.02
AM-0000004965,1,SKU-0052,1,273.38,30.45,18.09,261.02
AM-0000004965,2,SKU-0057,4,440.85,192.83,90.67,1661.24
AM-0000004967,1,SKU-0062,1,14.31,0.57,1.05,14.79
AM-0000004968,1,SKU-0022,1,217.32,5.44,11.25,223.13
AM-0000004968,2,SKU-0093,1,271.07,16.80,18.41,272.68
AM-0000004970,1,SKU-0024,3,32.40,4.56,5.07,97.71
AM-0000004970,2,SKU-0028,1,84.87,8.39,5.57,82.05
AM-0000004975,1,SKU-0044,1,267.06,9.89,19.57,276.74
AM-0000004976,1,SKU-0065,1,148.16,4.00,12.06,156.22
AM-0000004976,2,SKU-0032,1,195.49,2.46,15.07,208.10
AM-0000004976,3,SKU-0108,2,152.40,2.83,16.80,318.77
AM-0000004977,1,SKU-0053,3,327.60,54.42,69.06,997.44
AM-0000004977,2,SKU-0041,2,361.49,71.69,30.99,682.28
AM-0000004977,3,SKU-0017,1,67.20,7.69,4.08,63.59
AM-0000004977,4,SKU-0088,1,125.82,3.56,7.06,129.32
AM-0000004979,1,SKU-0047,1,17.34,1.74,1.02,16.62
AM-0000004979,2,SKU-0116,4,426.76,78.09,109.75,1738.70
AM-0000004981,1,SKU-0069,2,245.12,57.35,17.36,450.25
AM-0000004981,2,SKU-0034,1,376.43,37.11,22.35,361.67
AM-0000004983,1,SKU-0071,3,331.68,52.37,38.47,981.14
AM-0000004984,1,SKU-0113,2,145.90,20.38,15.88,287.30
AM-0000004984,2,SKU-0042,1,385.15,2.92,27.93,410.16
AM-0000004984,3,SKU-0001,3,344.35,120.89,46.30,958.46
AM-0000004984,4,SKU-0044,1,271.79,27.76,14.11,258.14
AM-0000004984,5,SKU-0081,1,49.95,0.14,3.78,53.59
AM-0000004988,1,SKU-0115,1,276.92,15.63,16.20,277.49
AM-0000004988,2,SKU-0050,4,391.18,14.32,114.69,1665.09
AM-0000004992,1,SKU-0056,2,262.09,9.90,24.81,539.09
AM-0000004993,1,SKU-0069,1,236.66,13.61,13.90,236.95
AM-0000004993,2,SKU-0077,1,250.35,3.82,10.91,257.44
AM-0000004993,3,SKU-0017,1,68.65,1.87,5.35,72.13
AM-0000004993,4,SKU-0031,1,335.79,39.07,13.30,310.02
AM-0000004995,1,SKU-0043,4,139.76,32.26,25.64,552.42
AM-0000004995,2,SKU-0032,1,176.31,19.73,9.33,165.91
AM-0000004996,1,SKU-0070,1,247.14,15.56,16.67,248.25
AM-0000004996,2,SKU-0037,1,64.32,0.11,4.20,68.41
AM-0000004997,1,SKU-0017,1,69.05,2.00,4.83,71.88
AM-0000004997,2,SKU-0059,2,130.45,24.46,12.13,248.57
AM-0000004997,3,SKU-0050,1,393.47,23.77,18.10,387.80
AM-0000004998,1,SKU-0014,2,342.33,28.57,57.13,713.22
AM-0000004998,2,SKU-0027,1,60.60,2.70,3.53,61.43
AM-0000004999,1,SKU-0076,3,107.20,31.46,17.40,307.54
AM-0000004999,2,SKU-0006,3,159.90,0.37,36.69,516.02
