source_order_id,order_datetime,processed_datetime,customer_id,currency,subtotal,tax_amount,shipping_amount,discount_amount,order_total,order_status
#0000011,2025-07-06T08:26:00,2025-07-07T08:14:00,CUST-00369,USD,1363.79,69.17,4.99,34.31,1403.64,Cancelled
#0000012,2026-01-14T21:25:00,2026-01-14T08:55:00,CUST-00002,USD,845.85,40.18,0.00,53.15,832.88,Delivered
#0000015,2026-02-04T12:10:00,2026-02-05T10:57:00,CUST-01700,USD,216.74,10.56,12.99,8.01,232.28,Delivered
#0000017,2026-03-16T21:47:00,2026-03-18T19:10:00,CUST-01844,USD,2086.50,120.41,7.99,125.06,2089.84,Shipped
#0000020,2026-06-06T15:49:00,2026-06-07T18:30:00,CUST-02202,USD,275.39,13.36,0.00,1.87,286.88,Delivered
#0000025,2025-10-06T14:28:00,2025-10-06T14:12:00,CUST-00975,USD,336.88,26.74,12.99,1.94,374.67,Delivered
#0000027,2025-11-25T18:29:00,2025-11-25T08:49:00,CUST-01087,USD,553.98,33.48,0.00,48.76,538.70,Delivered
#0000029,2025-12-25T21:05:00,2025-12-26T17:51:00,CUST-00905,USD,688.89,47.69,4.99,44.15,697.42,Delivered
#0000036,2025-11-06T08:19:00,2025-11-07T08:55:00,CUST-01705,USD,547.10,32.15,0.00,23.20,556.05,Processing
#0000038,2025-11-14T14:31:00,2025-11-15T17:28:00,CUST-00010,USD,1992.95,130.76,0.00,111.88,2011.83,Delivered
#0000045,2026-05-04T08:46:00,2026-05-04T22:51:00,CUST-00855,USD,223.91,18.05,0.00,11.89,230.07,Shipped
#0000049,2026-02-10T20:35:00,2026-02-11T08:36:00,CUST-01153,USD,945.04,61.25,7.99,60.46,953.82,Delivered
#0000050,2025-12-25T18:36:00,2025-12-27T18:40:00,CUST-02011,USD,937.06,75.67,4.99,70.59,947.13,Processing
#0000054,2026-06-07T16:30:00,2026-06-09T22:50:00,CUST-02448,USD,942.99,65.63,0.00,92.88,915.74,Shipped
#0000056,2025-11-09T11:16:00,2025-11-10T17:26:00,CUST-00688,USD,361.07,23.55,12.99,29.60,368.01,Delivered
#0000057,2025-12-26T19:46:00,2025-12-26T10:37:00,CUST-01453,USD,399.28,27.88,12.99,20.18,419.97,Delivered
#0000059,2026-04-22T13:33:00,2026-04-22T14:31:00,CUST-00125,USD,170.08,11.20,0.00,19.75,161.53,Processing
#0000061,2025-07-25T10:01:00,2025-07-25T08:57:00,CUST-01102,USD,862.63,61.41,4.99,44.90,884.13,Shipped
#0000062,2026-03-21T13:59:00,2026-03-23T15:36:00,CUST-02047,USD,324.65,24.89,4.99,16.36,338.17,Delivered
#0000067,2026-02-23T10:47:00,2026-02-23T12:23:00,CUST-00359,USD,845.29,43.24,0.00,40.18,848.35,Shipped
#0000068,2026-04-20T16:53:00,2026-04-22T18:18:00,CUST-00067,USD,526.41,33.42,0.00,16.39,543.44,Delivered
#0000069,2025-07-29T21:50:00,2025-07-30T21:35:00,CUST-01440,USD,27.73,1.93,12.99,0.38,42.27,Delivered
#0000077,2025-07-05T21:33:00,2025-07-05T19:02:00,CUST-00618,USD,162.52,10.91,12.99,7.77,178.65,Delivered
#0000078,2025-08-05T13:19:00,2025-08-07T14:52:00,CUST-01430,USD,1988.91,117.09,7.99,142.17,1971.82,Delivered
#0000085,2026-06-14T10:23:00,2026-06-14T08:01:00,CUST-01271,USD,706.92,55.79,0.00,53.57,709.14,Shipped
#0000090,2026-05-03T08:58:00,2026-05-04T18:38:00,CUST-02205,USD,433.46,29.67,0.00,21.82,441.31,Processing
#0000095,2026-01-10T15:20:00,2026-01-12T20:05:00,CUST-02565,USD,144.81,10.23,12.99,4.36,163.67,Delivered
#0000096,2025-11-30T22:11:00,2025-12-02T13:52:00,CUST-00314,USD,390.30,22.96,0.00,4.33,408.93,Delivered
#0000104,2025-12-19T13:54:00,2025-12-19T16:11:00,CUST-00333,USD,251.48,12.23,12.99,26.80,249.90,Delivered
#0000113,2025-10-17T13:19:00,2025-10-17T17:20:00,CUST-01545,USD,970.12,68.15,0.00,57.51,980.76,Delivered
#0000118,2026-01-18T18:02:00,2026-01-19T20:14:00,CUST-00018,USD,1498.95,75.78,12.99,45.30,1542.42,Shipped
#0000119,2025-12-03T16:42:00,2025-12-05T19:56:00,CUST-02144,USD,1755.28,100.80,4.99,176.75,1684.32,Delivered
#0000120,2025-07-14T13:36:00,2025-07-14T22:06:00,CUST-00297,USD,314.64,19.52,7.99,15.46,326.69,Shipped
#0000133,2025-11-13T11:49:00,2025-11-15T22:53:00,CUST-01132,USD,1610.32,65.33,0.00,102.25,1573.40,Delivered
#0000134,2026-06-30T14:59:00,2026-06-30T20:37:00,CUST-00188,USD,629.30,43.75,12.99,44.86,641.18,Delivered
#0000137,2026-01-20T19:15:00,2026-01-20T22:31:00,CUST-00834,USD,46.33,2.12,0.00,1.44,47.01,Shipped
#0000139,2025-08-27T14:00:00,2025-08-29T15:52:00,CUST-01896,USD,148.99,10.42,4.99,0.87,163.53,Cancelled
#0000147,2026-02-16T19:49:00,2026-02-16T13:43:00,CUST-01132,USD,1883.66,146.49,7.99,64.93,1973.21,Delivered
#0000152,2026-01-18T22:26:00,2026-01-20T13:59:00,CUST-02146,USD,1714.29,101.74,12.99,140.00,1689.02,Delivered
#0000157,2026-05-20T10:02:00,2026-05-20T18:35:00,CUST-02160,USD,183.75,11.21,4.99,6.88,193.07,Delivered
#0000158,2025-07-29T13:15:00,2025-07-31T19:54:00,CUST-02016,USD,724.06,46.10,4.99,71.16,703.99,Delivered
#0000159,2026-04-25T10:06:00,2026-04-27T12:20:00,CUST-00424,USD,71.05,2.94,7.99,5.17,76.81,Delivered
#0000162,2025-12-03T11:54:00,2025-12-05T10:37:00,CUST-00870,USD,91.91,3.92,7.99,1.48,102.34,Shipped
#0000168,2026-01-21T17:12:00,2026-01-22T10:34:00,CUST-02120,USD,1239.78,57.05,7.99,59.22,1245.60,Delivered
#0000171,2026-06-27T10:41:00,2026-06-29T11:22:00,CUST-01384,USD,575.67,43.93,0.00,19.18,600.42,Processing
#0000182,2026-05-27T19:27:00,2026-05-29T16:18:00,CUST-00071,USD,862.71,62.58,7.99,40.34,892.94,Shipped
#0000183,2025-12-26T17:57:00,2025-12-27T18:24:00,CUST-01034,USD,1084.70,57.12,12.99,97.07,1057.74,Delivered
#0000189,2026-01-04T22:40:00,2026-01-06T19:45:00,CUST-00386,USD,294.02,17.50,0.00,12.15,299.37,Delivered
#0000198,2025-12-17T19:08:00,2025-12-17T12:55:00,CUST-02456,USD,109.21,6.92,0.00,0.82,115.31,Delivered
#0000207,2025-12-24T22:58:00,2025-12-26T16:42:00,CUST-01667,USD,518.97,30.05,4.99,28.94,525.07,Delivered
#0000217,2025-10-15T16:49:00,2025-10-16T15:15:00,CUST-00028,USD,706.11,45.05,12.99,67.99,696.16,Shipped
#0000226,2025-12-23T10:20:00,2025-12-25T10:40:00,CUST-00293,USD,742.19,35.63,7.99,51.50,734.31,Delivered
#0000235,2026-03-22T14:09:00,2026-03-24T10:53:00,CUST-02362,USD,16.12,1.27,4.99,0.64,21.74,Delivered
#0000240,2025-11-05T15:08:00,2025-11-05T15:03:00,CUST-02572,USD,492.98,26.58,0.00,15.51,504.05,Shipped
#0000241,2025-09-05T09:41:00,2025-09-07T18:19:00,CUST-01398,USD,234.21,19.09,4.99,0.02,258.27,Delivered
#0000248,2025-10-14T10:38:00,2025-10-14T11:18:00,CUST-01405,USD,202.02,12.54,4.99,18.89,200.66,Delivered
#0000252,2026-01-15T22:47:00,2026-01-15T17:35:00,CUST-02309,USD,198.20,14.49,0.00,6.03,206.66,Delivered
#0000253,2026-01-07T22:49:00,2026-01-09T20:39:00,CUST-01884,USD,459.98,34.80,4.99,45.87,453.90,Delivered
#0000255,2026-02-09T15:52:00,2026-02-11T13:23:00,CUST-00242,USD,1108.07,56.56,0.00,63.29,1101.34,Delivered
#0000256,2025-12-05T14:20:00,2025-12-05T11:16:00,CUST-01993,USD,656.03,46.65,0.00,27.55,675.13,Delivered
#0000263,2026-05-13T14:53:00,2026-05-14T12:58:00,CUST-02014,USD,816.21,49.02,4.99,43.80,826.42,Shipped
#0000266,2026-04-23T13:19:00,2026-04-25T11:26:00,CUST-01241,USD,92.78,6.34,4.99,3.81,100.30,Shipped
#0000268,2026-05-15T11:06:00,2026-05-17T12:17:00,CUST-00837,USD,505.54,32.28,0.00,10.20,527.62,Delivered
#0000275,2026-01-21T12:44:00,2026-01-21T09:32:00,CUST-01216,USD,1240.14,72.82,4.99,138.01,1179.94,Delivered
#0000277,2026-01-15T08:36:00,2026-01-17T17:40:00,CUST-00212,USD,186.54,11.03,0.00,17.71,179.86,Delivered
#0000296,2026-06-28T10:01:00,2026-06-30T09:41:00,CUST-01496,USD,173.44,14.63,0.00,2.44,185.63,Delivered
#0000301,2025-11-13T22:34:00,2025-11-15T22:37:00,CUST-01541,USD,641.49,38.17,12.99,37.86,654.79,Delivered
#0000303,2025-10-05T14:53:00,2025-10-05T12:19:00,CUST-01064,USD,456.91,26.71,0.00,37.66,445.96,Delivered
#0000306,2025-07-17T13:14:00,2025-07-19T21:13:00,CUST-02297,USD,615.26,46.33,7.99,48.91,620.67,Delivered
#0000308,2026-03-10T21:52:00,2026-03-12T09:08:00,CUST-01389,USD,735.90,29.83,0.00,70.76,694.97,Shipped
#0000309,2026-06-09T21:30:00,2026-06-10T17:58:00,CUST-02122,USD,294.91,13.83,4.99,11.44,302.29,Shipped
#0000314,2025-12-03T16:17:00,2025-12-05T17:53:00,CUST-02323,USD,1162.47,58.63,0.00,103.07,1118.03,Delivered
#0000317,2025-12-02T22:34:00,2025-12-02T12:06:00,CUST-02422,USD,1671.32,90.26,4.99,95.82,1670.75,Processing
#0000319,2026-05-23T10:02:00,2026-05-25T10:25:00,CUST-01776,USD,399.50,21.42,7.99,25.57,403.34,Delivered
#0000320,2026-05-30T20:57:00,2026-05-30T20:32:00,CUST-01280,USD,179.56,6.44,7.99,19.41,174.58,Delivered
#0000322,2025-07-21T16:32:00,2025-07-22T16:02:00,CUST-02241,USD,1778.85,122.25,7.99,147.46,1761.63,Shipped
#0000324,2025-09-11T21:17:00,2025-09-12T21:24:00,CUST-02294,USD,292.94,16.42,0.00,15.71,293.65,Delivered
#0000326,2025-12-29T19:57:00,2025-12-31T18:13:00,CUST-01776,USD,2118.60,114.25,7.99,134.47,2106.37,Processing
#0000328,2026-04-13T19:09:00,2026-04-14T17:47:00,CUST-02574,USD,492.60,18.66,4.99,40.61,475.64,Delivered
#0000331,2026-05-31T22:03:00,2026-06-02T17:05:00,CUST-00038,USD,86.72,5.87,12.99,3.47,102.11,Delivered
#0000336,2025-09-30T20:39:00,2025-10-02T21:59:00,CUST-00370,USD,555.56,35.46,7.99,27.59,571.42,Shipped
#0000341,2026-06-07T08:48:00,2026-06-08T09:03:00,CUST-00887,USD,71.10,4.76,12.99,7.62,81.23,Delivered
#0000342,2026-01-29T18:38:00,2026-01-30T13:30:00,CUST-00816,USD,812.68,64.90,0.00,12.58,865.00,Delivered
#0000345,2025-12-14T18:01:00,2025-12-15T18:50:00,CUST-00072,USD,226.30,16.16,0.00,5.31,237.15,Delivered
#0000348,2026-02-09T13:27:00,2026-02-10T12:19:00,CUST-01402,USD,737.21,36.50,4.99,81.21,697.49,Delivered
#0000349,2025-08-16T14:37:00,2025-08-16T22:50:00,CUST-02185,USD,2840.03,207.73,0.00,173.21,2874.55,Delivered
#0000352,2025-08-16T17:08:00,2025-08-16T22:41:00,CUST-01113,USD,1482.12,79.59,12.99,83.01,1491.69,Delivered
#0000356,2026-06-08T22:43:00,2026-06-08T08:55:00,CUST-02519,USD,207.08,11.07,0.00,3.13,215.02,Delivered
#0000358,2026-05-15T12:23:00,2026-05-17T10:06:00,CUST-00186,USD,208.04,11.82,0.00,22.51,197.35,Delivered
#0000363,2025-08-12T16:07:00,2025-08-13T09:08:00,CUST-01027,USD,579.93,36.72,7.99,48.01,576.63,Delivered
#0000364,2025-08-07T10:23:00,2025-08-08T17:25:00,CUST-01343,USD,1086.40,53.03,0.00,79.38,1060.05,Delivered
#0000371,2026-03-03T08:28:00,2026-03-05T22:44:00,CUST-00917,USD,1043.58,63.58,0.00,89.08,1018.08,Delivered
#0000372,2025-09-25T11:45:00,2025-09-27T21:26:00,CUST-00654,USD,367.24,15.05,7.99,42.16,348.12,Shipped
#0000375,2026-03-12T22:52:00,2026-03-13T15:30:00,CUST-02329,USD,163.41,7.61,12.99,3.63,180.38,Delivered
#0000379,2025-11-21T08:17:00,2025-11-22T08:20:00,CUST-01256,USD,323.54,21.25,0.00,16.91,327.88,Delivered
#0000383,2025-08-09T13:54:00,2025-08-09T10:43:00,CUST-00285,USD,1153.00,68.57,12.99,73.44,1161.12,Delivered
#0000384,2026-01-01T08:47:00,2026-01-01T17:10:00,CUST-00115,USD,519.06,29.51,7.99,44.03,512.53,Delivered
#0000387,2026-01-09T13:53:00,2026-01-09T20:09:00,CUST-02062,USD,1008.11,61.49,0.00,91.46,978.14,Delivered
#0000388,2025-09-13T09:39:00,2025-09-14T19:38:00,CUST-01804,USD,769.90,52.85,7.99,76.43,754.31,Shipped
#0000389,2025-11-03T21:06:00,2025-11-05T12:47:00,CUST-01005,USD,161.22,7.42,7.99,15.30,161.33,Delivered
#0000392,2025-07-18T18:34:00,2025-07-20T12:36:00,CUST-00979,USD,379.08,17.19,12.99,25.63,383.63,Shipped
#0000396,2025-08-07T16:54:00,2025-08-09T18:01:00,CUST-00260,USD,144.18,9.69,0.00,8.58,145.29,Delivered
#0000399,2026-05-17T15:44:00,2026-05-18T17:48:00,CUST-01010,USD,540.94,35.75,7.99,24.43,560.25,Delivered
#0000400,2025-08-30T13:09:00,2025-08-30T13:14:00,CUST-00668,USD,771.07,44.87,0.00,61.94,754.00,Delivered
#0000402,2026-02-13T22:41:00,2026-02-15T09:44:00,CUST-01630,USD,322.27,17.64,0.00,15.07,324.84,Delivered
#0000409,2025-07-24T11:52:00,2025-07-26T17:54:00,CUST-00385,USD,503.51,29.11,4.99,3.87,533.74,Shipped
#0000414,2026-03-07T22:06:00,2026-03-07T17:37:00,CUST-02028,USD,504.68,27.98,7.99,38.89,501.76,Delivered
#0000417,2025-08-22T21:44:00,2025-08-22T16:10:00,CUST-01000,USD,951.12,57.92,7.99,58.44,958.59,Delivered
#0000420,2025-08-31T19:37:00,2025-09-01T21:38:00,CUST-01007,USD,60.62,3.36,0.00,3.32,60.66,Shipped
#0000422,2026-06-09T14:42:00,2026-06-11T11:36:00,CUST-00464,USD,1185.18,83.33,12.99,59.49,1222.01,Delivered
#0000423,2026-06-18T17:22:00,2026-06-18T08:46:00,CUST-00661,USD,1001.27,57.43,4.99,69.05,994.64,Delivered
#0000425,2025-08-21T12:12:00,2025-08-21T20:29:00,CUST-00904,USD,365.47,17.31,0.00,17.58,365.20,Shipped
#0000426,2026-05-20T21:13:00,2026-05-20T13:23:00,CUST-00119,USD,288.24,17.20,4.99,20.32,290.11,Shipped
#0000427,2026-05-07T15:49:00,2026-05-09T21:56:00,CUST-00539,USD,412.90,30.19,0.00,24.67,418.42,Delivered
#0000428,2025-08-03T15:11:00,2025-08-05T19:40:00,CUST-02222,USD,1184.82,84.13,0.00,59.85,1209.10,Shipped
#0000431,2026-03-27T10:15:00,2026-03-28T14:22:00,CUST-00870,USD,168.24,8.32,7.99,17.19,167.36,Delivered
#0000432,2026-06-11T19:32:00,2026-06-11T19:33:00,CUST-01049,USD,552.06,21.94,0.00,28.28,545.72,Delivered
#0000434,2025-09-01T13:56:00,2025-09-03T20:30:00,CUST-01006,USD,343.97,23.05,7.99,13.76,361.25,Delivered
#0000439,2025-08-03T21:38:00,2025-08-05T17:53:00,CUST-00805,USD,665.89,37.29,0.00,55.43,647.75,Shipped
#0000443,2026-05-26T20:56:00,2026-05-26T17:14:00,CUST-01819,USD,2325.58,119.52,12.99,78.31,2379.78,Delivered
#0000452,2026-03-21T11:10:00,2026-03-22T08:01:00,CUST-01363,USD,403.98,19.52,7.99,13.22,418.27,Delivered
#0000453,2026-02-24T13:56:00,2026-02-25T19:20:00,CUST-00496,USD,68.36,2.75,0.00,1.02,70.09,Processing
#0000454,2025-12-28T20:54:00,2025-12-28T19:11:00,CUST-01475,USD,701.52,41.39,0.00,33.02,709.89,Processing
#0000456,2026-03-01T13:20:00,2026-03-02T14:25:00,CUST-01528,USD,360.95,23.35,7.99,9.30,382.99,Delivered
#0000471,2025-11-02T17:30:00,2025-11-03T08:56:00,CUST-01382,USD,1246.93,92.70,7.99,75.66,1271.96,Delivered
#0000473,2026-02-27T17:37:00,2026-03-01T09:54:00,CUST-00372,USD,206.31,10.83,0.00,21.44,195.70,Delivered
#0000474,2025-12-31T15:15:00,2026-01-01T21:19:00,CUST-02380,USD,881.49,39.36,7.99,38.47,890.37,Delivered
#0000476,2025-07-13T13:58:00,2025-07-15T20:14:00,CUST-01972,USD,497.70,28.66,4.99,43.54,487.81,Processing
#0000478,2025-08-21T14:20:00,2025-08-21T17:57:00,CUST-00553,USD,395.28,26.90,0.00,18.51,403.67,Delivered
#0000479,2025-10-05T16:38:00,2025-10-06T19:57:00,CUST-02512,USD,839.20,50.32,4.99,64.01,830.50,Delivered
#0000482,2026-04-07T10:58:00,2026-04-07T21:43:00,CUST-02308,USD,375.14,28.11,4.99,16.05,392.19,Delivered
#0000488,2026-03-17T18:56:00,2026-03-17T10:20:00,CUST-01439,USD,548.40,42.90,12.99,22.74,581.55,Delivered
#0000496,2026-01-26T13:21:00,2026-01-27T22:55:00,CUST-00565,USD,744.67,44.64,7.99,51.87,745.43,Delivered
#0000502,2025-10-18T11:24:00,2025-10-20T13:44:00,CUST-01770,USD,361.90,24.39,0.00,30.76,355.53,Delivered
#0000505,2026-04-19T14:27:00,2026-04-20T18:43:00,CUST-00187,USD,170.19,7.72,0.00,19.32,158.59,Shipped
#0000510,2025-12-21T10:50:00,2025-12-22T16:12:00,CUST-02296,USD,565.87,30.29,0.00,23.06,573.10,Shipped
#0000522,2025-11-28T16:32:00,2025-11-30T20:51:00,CUST-00986,USD,18.06,1.52,0.00,0.81,18.77,Delivered
#0000527,2026-05-31T17:09:00,2026-06-02T12:49:00,CUST-01090,USD,833.55,44.08,4.99,39.92,842.70,Cancelled
#0000528,2025-12-27T08:54:00,2025-12-29T11:28:00,CUST-02455,USD,296.62,19.02,4.99,15.61,305.02,Shipped
#0000531,2026-06-08T19:34:00,2026-06-09T18:43:00,CUST-01813,USD,206.60,10.86,7.99,6.32,219.13,Delivered
#0000536,2026-03-17T18:46:00,2026-03-18T10:12:00,CUST-01007,USD,798.40,40.38,0.00,16.16,822.62,Delivered
#0000539,2025-12-09T11:48:00,2025-12-11T12:49:00,CUST-00246,USD,74.68,5.82,12.99,5.26,88.23,Delivered
#0000540,2025-09-26T13:44:00,2025-09-27T11:38:00,CUST-01713,USD,894.89,52.14,12.99,59.53,900.49,Shipped
#0000546,2025-10-03T17:51:00,2025-10-05T21:39:00,CUST-00473,USD,328.88,22.80,12.99,3.34,361.33,Delivered
#0000548,2026-02-10T09:47:00,2026-02-11T14:24:00,CUST-01877,USD,898.43,42.74,12.99,11.23,942.93,Delivered
#0000556,2025-12-31T13:38:00,2025-12-31T08:56:00,CUST-02112,USD,584.88,36.88,7.99,22.04,607.71,Delivered
#0000562,2026-03-29T22:55:00,2026-03-29T14:25:00,CUST-00539,USD,376.91,30.72,0.00,3.24,404.39,Delivered
#0000565,2025-10-17T08:09:00,2025-10-19T13:59:00,CUST-00639,USD,316.28,17.68,7.99,23.58,318.37,Delivered
#0000568,2026-05-21T10:13:00,2026-05-23T21:48:00,CUST-00741,USD,97.43,5.41,12.99,5.68,110.15,Shipped
#0000571,2025-11-04T17:54:00,2025-11-04T14:49:00,CUST-02401,USD,129.19,8.54,12.99,11.05,139.67,Delivered
#0000573,2026-02-04T20:27:00,2026-02-05T14:28:00,CUST-01680,USD,606.42,37.82,0.00,50.18,594.06,Delivered
#0000576,2025-11-02T20:29:00,2025-11-04T19:18:00,CUST-01339,USD,272.03,17.41,12.99,19.96,282.47,Delivered
#0000577,2026-02-02T09:02:00,2026-02-03T16:07:00,CUST-00412,USD,82.42,4.99,4.99,2.40,90.00,Shipped
#0000584,2025-11-12T22:32:00,2025-11-12T10:39:00,CUST-02094,USD,279.61,18.93,7.99,14.63,291.90,Delivered
#0000594,2025-11-26T22:15:00,2025-11-26T16:09:00,CUST-01229,USD,325.47,16.95,12.99,7.44,347.97,Shipped
#0000595,2026-04-17T10:51:00,2026-04-17T13:24:00,CUST-00236,USD,270.80,13.12,12.99,24.70,272.21,Delivered
#0000607,2025-09-11T14:25:00,2025-09-13T19:55:00,CUST-02554,USD,247.35,12.56,7.99,10.86,257.04,Delivered
#0000610,2026-02-25T19:18:00,2026-02-25T08:54:00,CUST-01524,USD,640.99,30.17,12.99,40.36,643.79,Cancelled
#0000615,2025-09-13T09:59:00,2025-09-13T08:07:00,CUST-01873,USD,2218.54,156.85,4.99,178.08,2202.30,Delivered
#0000618,2026-01-05T14:55:00,2026-01-05T16:31:00,CUST-01757,USD,96.91,5.46,12.99,7.84,107.52,Processing
#0000620,2025-09-01T17:37:00,2025-09-02T08:35:00,CUST-01064,USD,1556.60,74.28,0.00,99.35,1531.53,Delivered
#0000629,2025-07-18T17:38:00,2025-07-18T13:03:00,CUST-00204,USD,1076.82,59.56,4.99,72.99,1068.38,Delivered
#0000630,2026-01-30T20:19:00,2026-01-30T15:46:00,CUST-01567,USD,556.72,36.08,0.00,54.66,538.14,Delivered
#0000631,2025-07-23T20:14:00,2025-07-25T12:07:00,CUST-00992,USD,592.24,43.84,4.99,57.13,583.94,Delivered
#0000632,2025-08-09T13:42:00,2025-08-10T09:16:00,CUST-00963,USD,520.21,33.70,12.99,16.12,550.78,Delivered
#0000635,2026-04-27T13:17:00,2026-04-28T22:02:00,CUST-02051,USD,54.78,4.47,4.99,4.61,59.63,Delivered
#0000636,2025-11-29T11:45:00,2025-11-29T19:21:00,CUST-00650,USD,219.44,16.37,0.00,18.03,217.78,Delivered
#0000641,2026-04-21T08:55:00,2026-04-21T09:25:00,CUST-02456,USD,586.44,38.04,7.99,35.67,596.80,Shipped
#0000642,2025-07-02T16:40:00,2025-07-02T12:55:00,CUST-02166,USD,921.29,47.05,0.00,55.76,912.58,Delivered
#0000645,2025-07-02T13:55:00,2025-07-02T08:05:00,CUST-01375,USD,428.46,23.79,7.99,3.86,456.38,Processing
#0000647,2025-09-12T09:12:00,2025-09-13T16:12:00,CUST-00789,USD,107.85,5.63,12.99,3.57,122.90,Shipped
#0000652,2025-08-16T14:31:00,2025-08-18T15:21:00,CUST-00896,USD,1280.70,85.74,12.99,101.54,1277.89,Shipped
#0000655,2025-11-30T14:36:00,2025-11-30T19:36:00,CUST-00811,USD,137.00,5.85,7.99,7.99,142.85,Delivered
#0000656,2026-06-02T14:25:00,2026-06-03T09:15:00,CUST-02072,USD,257.93,12.71,7.99,29.20,249.43,Cancelled
#0000658,2026-03-19T22:23:00,2026-03-19T14:19:00,CUST-01310,USD,113.19,7.25,4.99,8.76,116.67,Delivered
#0000659,2025-10-07T17:39:00,2025-10-07T18:08:00,CUST-00776,USD,1085.25,47.76,7.99,93.88,1047.12,Delivered
#0000663,2025-11-09T16:20:00,2025-11-09T21:00:00,CUST-00465,CAD,24.10,1.67,12.99,0.87,37.89,Shipped
#0000668,2026-05-20T12:16:00,2026-05-22T14:47:00,CUST-01397,USD,255.64,19.86,0.00,27.21,248.29,Delivered
#0000674,2026-06-24T21:33:00,2026-06-24T19:21:00,CUST-00857,USD,727.64,35.89,4.99,70.70,697.82,Delivered
#0000675,2026-02-07T09:04:00,2026-02-09T15:38:00,CUST-00066,USD,858.04,53.60,12.99,19.24,905.39,Delivered
#0000680,2026-04-11T10:10:00,2026-04-13T08:55:00,CUST-00055,USD,1092.97,61.38,0.00,82.83,1071.52,Processing
#0000684,2025-10-03T14:01:00,2025-10-03T09:00:00,CUST-00629,USD,148.60,6.36,4.99,12.83,147.12,Delivered
#0000690,2025-08-28T10:57:00,2025-08-30T22:00:00,CUST-01198,USD,324.17,24.33,12.99,10.12,351.37,Delivered
#0000696,2025-11-18T13:47:00,2025-11-20T17:41:00,CUST-00235,USD,1022.92,44.09,4.99,92.13,979.87,Delivered
#0000697,2026-01-16T10:00:00,2026-01-17T14:36:00,CUST-01800,USD,388.37,29.38,12.99,12.91,417.83,Delivered
#0000702,2026-01-22T17:15:00,2026-01-24T10:23:00,CUST-02062,USD,344.69,15.74,7.99,29.30,339.12,Delivered
#0000704,2026-03-09T19:37:00,2026-03-10T20:17:00,CUST-01476,USD,104.97,4.78,7.99,11.60,106.14,Shipped
#0000707,2026-02-15T14:44:00,2026-02-15T12:27:00,CUST-02030,USD,272.76,14.58,0.00,3.22,284.12,Shipped
#0000708,2026-02-19T13:39:00,2026-02-20T19:11:00,CUST-00682,USD,590.87,46.17,0.00,38.17,598.87,Delivered
#0000715,2026-04-07T22:37:00,2026-04-08T16:24:00,CUST-01479,USD,888.37,62.49,0.00,21.99,928.87,Delivered
#0000717,2025-11-13T11:27:00,2025-11-13T16:26:00,CUST-01483,USD,120.19,8.95,7.99,4.20,132.93,Delivered
#0000720,2026-05-27T18:44:00,2026-05-29T16:28:00,CUST-02486,USD,28.35,1.62,0.00,1.30,28.67,Shipped
#0000722,2025-12-24T19:13:00,2025-12-24T15:25:00,CUST-01720,USD,606.84,34.34,7.99,23.08,626.09,Delivered
#0000723,2025-09-23T08:01:00,2025-09-24T22:22:00,CUST-00344,USD,630.28,28.64,12.99,62.52,609.39,Delivered
#0000725,2025-12-02T19:37:00,2025-12-02T21:33:00,CUST-02326,USD,70.47,3.82,7.99,1.96,80.32,Delivered
#0000730,2026-03-28T22:20:00,2026-03-28T20:54:00,CUST-02412,USD,1059.39,74.96,12.99,78.08,1069.26,Delivered
#0000738,2026-02-03T10:09:00,2026-02-03T10:13:00,CUST-00933,USD,615.16,31.14,12.99,36.15,623.14,Processing
#0000740,2026-01-04T09:03:00,2026-01-04T17:53:00,CUST-01788,USD,544.92,28.20,12.99,11.21,574.90,Delivered
#0000745,2025-11-07T22:59:00,2025-11-09T20:07:00,CUST-01294,USD,369.15,21.74,0.00,23.60,367.29,Cancelled
#0000747,2025-07-31T08:12:00,2025-07-31T09:02:00,CUST-00038,USD,311.61,17.64,0.00,29.19,300.06,Delivered
#0000759,2025-08-11T12:33:00,2025-08-13T22:58:00,CUST-00436,USD,1634.24,117.56,7.99,144.47,1615.32,Delivered
#0000761,2026-04-28T08:05:00,2026-04-29T19:23:00,CUST-00683,USD,627.69,41.02,0.00,27.46,641.25,Cancelled
#0000763,2025-12-15T12:52:00,2025-12-15T09:21:00,CUST-02007,USD,1024.22,60.75,0.00,71.52,1013.45,Delivered
#0000767,2026-05-03T15:53:00,2026-05-05T14:11:00,CUST-01390,USD,367.48,28.16,0.00,24.32,371.32,Cancelled
#0000775,2025-09-10T09:40:00,2025-09-12T08:35:00,CUST-02438,USD,118.53,7.04,7.99,13.10,120.46,Delivered
#0000776,2025-10-11T22:33:00,2025-10-12T09:18:00,CUST-02045,USD,361.85,26.04,0.00,16.93,370.96,Delivered
#0000779,2026-05-31T18:13:00,2026-06-01T17:58:00,CUST-01854,USD,291.87,17.21,7.99,19.11,297.96,Shipped
#0000781,2025-11-02T09:01:00,2025-11-02T16:26:00,CUST-00794,USD,351.04,24.22,12.99,35.58,352.67,Delivered
#0000788,2025-11-12T21:09:00,2025-11-13T08:49:00,CUST-01346,USD,97.80,3.87,12.99,11.43,103.23,Delivered
#0000793,2025-07-14T18:29:00,2025-07-15T18:35:00,CUST-00558,USD,56.89,3.89,4.99,4.30,61.47,Delivered
#0000804,2026-03-31T21:43:00,2026-04-02T20:14:00,CUST-01362,USD,1794.83,91.79,4.99,142.42,1749.19,Processing
#0000806,2026-02-12T21:48:00,2026-02-13T13:30:00,CUST-01858,USD,243.00,9.39,7.99,21.66,238.72,Delivered
#0000812,2026-05-09T08:46:00,2026-05-10T17:20:00,CUST-02396,USD,305.10,12.82,7.99,4.02,321.89,Processing
#0000814,2025-07-29T12:42:00,2025-07-31T09:28:00,CUST-00889,USD,285.87,19.04,0.00,15.25,289.66,Shipped
#0000815,2026-06-15T17:40:00,2026-06-17T21:46:00,CUST-02342,USD,200.17,13.57,4.99,13.18,205.55,Delivered
#0000825,2025-10-02T11:48:00,2025-10-04T15:56:00,CUST-01208,USD,139.42,6.20,7.99,0.98,152.63,Shipped
#0000829,2025-09-05T20:27:00,2025-09-05T14:47:00,CUST-01262,USD,197.58,11.82,7.99,3.69,213.70,Delivered
#0000835,2025-07-25T08:11:00,2025-07-26T10:34:00,CUST-00983,USD,743.56,54.61,0.00,37.86,760.31,Shipped
#0000836,2026-02-06T16:37:00,2026-02-06T11:34:00,CUST-00873,USD,1595.22,131.94,7.99,93.24,1641.91,Processing
#0000841,2025-08-20T21:34:00,2025-08-20T08:50:00,CUST-01436,USD,75.22,3.61,0.00,4.36,74.47,Delivered
#0000844,2025-10-23T10:07:00,2025-10-23T12:30:00,CUST-01007,USD,541.66,34.04,0.00,22.77,552.93,Delivered
#0000848,2025-07-01T13:46:00,2025-07-01T19:34:00,CUST-00578,USD,1225.91,82.57,12.99,56.86,1264.61,Delivered
#0000849,2026-01-07T10:14:00,2026-01-08T09:22:00,CUST-00498,USD,53.74,2.96,0.00,4.95,51.75,Delivered
#0000857,2025-10-26T10:58:00,2025-10-27T09:33:00,CUST-02102,USD,20.29,1.19,0.00,0.08,21.40,Delivered
#0000859,2025-11-29T20:50:00,2025-11-29T12:34:00,CUST-00591,USD,292.63,12.22,7.99,15.03,297.81,Delivered
#0000861,2026-04-02T11:11:00,2026-04-04T13:25:00,CUST-01170,USD,378.83,29.67,7.99,3.25,413.24,Processing
#0000863,2025-11-13T19:04:00,2025-11-13T16:43:00,CUST-00158,USD,32.73,1.72,4.99,2.70,36.74,Delivered
#0000866,2025-12-11T10:39:00,2025-12-12T19:10:00,CUST-01356,USD,498.30,23.59,0.00,37.12,484.77,Shipped
#0000867,2026-05-05T13:08:00,2026-05-06T18:48:00,CUST-00299,USD,235.45,13.43,7.99,10.06,246.81,Delivered
#0000869,2026-02-28T13:51:00,2026-03-02T10:00:00,CUST-01046,USD,261.27,13.61,12.99,17.00,270.87,Delivered
#0000873,2026-05-25T19:49:00,2026-05-25T20:28:00,CUST-01165,USD,102.34,7.52,0.00,11.57,98.29,Delivered
#0000874,2025-11-04T16:04:00,2025-11-06T13:25:00,CUST-02584,USD,14.76,0.61,0.00,0.28,15.09,Delivered
#0000875,2026-02-10T11:40:00,2026-02-10T22:54:00,CUST-01557,USD,1189.96,59.36,0.00,80.57,1168.75,Delivered
#0000878,2026-01-03T20:42:00,2026-01-03T21:03:00,CUST-02082,USD,117.81,7.33,0.00,5.55,119.59,Delivered
#0000881,2026-06-15T14:23:00,2026-06-16T08:33:00,CUST-01400,USD,770.50,36.92,7.99,45.84,769.57,Delivered
#0000883,2025-09-07T19:38:00,2025-09-08T21:43:00,CUST-00590,USD,420.89,33.17,0.00,20.72,433.34,Delivered
#0000891,2026-05-04T17:04:00,2026-05-05T11:51:00,CUST-01696,USD,384.42,14.86,4.99,39.30,364.97,Delivered
#0000896,2025-09-27T19:08:00,2025-09-27T21:41:00,CUST-01605,USD,99.78,8.22,0.00,2.18,105.82,Delivered
#0000897,2025-11-09T08:15:00,2025-11-10T12:52:00,CUST-00898,USD,227.88,8.76,0.00,22.29,214.35,Delivered
#0000900,2025-08-17T22:42:00,2025-08-17T08:41:00,CUST-00322,USD,197.04,14.42,0.00,18.27,193.19,Delivered
#0000901,2026-04-16T10:10:00,2026-04-16T20:28:00,CUST-01575,USD,997.74,50.90,4.99,10.11,1043.52,Processing
#0000904,2025-10-30T15:28:00,2025-11-01T11:35:00,CUST-01648,USD,1050.41,74.16,4.99,79.16,1050.40,Shipped
#0000907,2025-09-21T18:31:00,2025-09-21T10:22:00,CUST-00472,USD,1156.12,64.42,0.00,22.36,1198.18,Delivered
#0000910,2025-10-13T21:15:00,2025-10-13T22:16:00,CUST-00278,USD,1875.54,151.64,7.99,65.89,1969.28,Processing
#0000911,2025-10-19T14:32:00,2025-10-19T15:45:00,CUST-00025,USD,923.93,63.60,12.99,86.64,913.88,Cancelled
#0000918,2025-10-11T17:40:00,2025-10-13T15:12:00,CUST-01528,USD,1208.07,50.48,12.99,116.23,1155.31,Delivered
#0000919,2026-05-20T18:42:00,2026-05-22T12:49:00,CUST-01193,USD,370.82,24.39,4.99,32.25,367.95,Delivered
#0000923,2025-09-16T13:19:00,2025-09-16T17:46:00,CUST-00775,USD,1260.83,67.12,12.99,56.51,1284.43,Delivered
#0000924,2025-12-06T21:07:00,2025-12-08T12:22:00,CUST-00734,USD,15.24,0.71,12.99,0.13,28.81,Shipped
#0000925,2026-06-04T13:29:00,2026-06-04T20:47:00,CUST-01847,USD,1465.43,83.44,0.00,76.49,1472.38,Shipped
#0000927,2026-05-23T18:23:00,2026-05-25T21:37:00,CUST-00617,USD,73.73,3.04,12.99,7.08,82.68,Delivered
#0000931,2026-06-24T21:43:00,2026-06-25T12:59:00,CUST-01934,USD,30.84,2.21,4.99,0.10,37.94,Delivered
#0000934,2026-04-23T11:29:00,2026-04-23T09:57:00,CUST-01666,USD,454.35,26.80,0.00,15.95,465.20,Delivered
#0000935,2025-07-22T18:21:00,2025-07-23T13:31:00,CUST-02053,USD,2011.16,124.58,12.99,162.18,1986.55,Delivered
#0000938,2025-08-14T12:52:00,2025-08-16T10:04:00,CUST-00569,USD,914.19,60.09,0.00,82.07,892.21,Delivered
#0000942,2025-09-25T22:03:00,2025-09-26T16:48:00,CUST-02088,USD,923.50,71.58,0.00,36.74,958.34,Shipped
#0000952,2026-04-25T14:39:00,2026-04-25T22:29:00,CUST-00478,USD,1196.06,67.55,0.00,74.03,1189.58,Delivered
#0000955,2026-03-20T13:55:00,2026-03-20T17:48:00,CUST-00427,USD,389.00,16.93,4.99,24.66,386.26,Delivered
#0000959,2025-09-14T11:49:00,2025-09-15T18:47:00,CUST-00130,USD,760.89,50.07,4.99,60.37,755.58,Delivered
#0000967,2025-12-24T10:20:00,2025-12-25T08:31:00,CUST-00999,USD,232.25,13.14,0.00,11.40,233.99,Delivered
#0000976,2025-11-24T09:46:00,2025-11-26T18:42:00,CUST-01497,USD,131.70,5.06,4.99,9.31,132.44,Delivered
#0000977,2025-12-30T17:20:00,2025-12-31T16:08:00,CUST-00320,USD,285.21,15.52,0.00,2.09,298.64,Delivered
#0000980,2026-04-17T09:36:00,2026-04-18T20:11:00,CUST-02334,USD,735.03,28.74,7.99,84.56,687.20,Delivered
#0000982,2025-09-08T17:02:00,2025-09-09T11:42:00,CUST-01711,USD,432.56,20.03,4.99,41.16,416.42,Processing
#0000983,2025-08-31T13:08:00,2025-08-31T18:31:00,CUST-01257,USD,416.90,21.34,7.99,25.27,420.96,Delivered
#0000993,2026-05-02T14:05:00,2026-05-04T10:53:00,CUST-02063,USD,620.30,33.57,0.00,20.24,633.63,Cancelled
#0000997,2025-09-03T10:49:00,2025-09-03T12:24:00,CUST-01751,USD,85.92,6.52,0.00,3.27,89.17,Delivered
#0000999,2025-08-31T11:04:00,2025-09-01T16:25:00,CUST-01120,USD,596.65,42.59,0.00,57.32,581.92,Delivered
#0001000,2026-06-01T10:36:00,2026-06-01T14:49:00,CUST-00122,USD,27.89,1.11,12.99,3.22,38.77,Processing
#0001006,2026-06-28T13:29:00,2026-06-28T17:13:00,CUST-00872,USD,70.77,5.68,0.00,1.08,75.37,Delivered
#0001009,2026-02-28T13:40:00,2026-02-28T18:25:00,CUST-01491,USD,230.66,14.54,4.99,21.33,228.86,Delivered
#0001010,2026-01-02T13:10:00,2026-01-04T18:11:00,CUST-02204,USD,560.83,38.73,7.99,44.08,563.47,Delivered
#0001014,2026-04-30T11:46:00,2026-05-02T21:24:00,CUST-01892,USD,778.48,39.42,7.99,92.54,733.35,Delivered
#0001025,2026-02-05T09:40:00,2026-02-05T18:13:00,CUST-01617,USD,206.59,11.83,4.99,9.68,213.73,Delivered
#0001031,2025-11-14T13:04:00,2025-11-16T16:56:00,CUST-00369,USD,1340.00,78.35,0.00,30.19,1388.16,Delivered
#0001037,2025-11-30T21:36:00,2025-12-01T18:25:00,CUST-01692,USD,1042.28,77.00,12.99,52.86,1079.41,Delivered
#0001038,2026-04-28T11:17:00,2026-04-29T15:05:00,CUST-01797,USD,292.61,21.87,7.99,8.98,313.49,Shipped
#0001041,2025-12-18T17:14:00,2025-12-19T22:55:00,CUST-01092,USD,145.07,8.71,0.00,14.14,139.64,Delivered
#0001049,2025-10-29T17:48:00,2025-10-30T19:31:00,CUST-00092,USD,83.76,5.35,0.00,3.60,85.51,Delivered
#0001050,2026-03-27T15:11:00,2026-03-28T10:37:00,CUST-01030,USD,55.94,4.83,12.99,0.48,73.28,Delivered
#0001051,2026-01-17T15:24:00,2026-01-19T10:38:00,CUST-00990,USD,1481.73,100.02,0.00,68.70,1513.05,Processing
#0001053,2026-05-06T19:01:00,2026-05-08T10:47:00,CUST-02257,USD,1296.82,80.15,0.00,76.80,1300.17,Shipped
#0001057,2025-09-30T10:28:00,2025-10-02T19:45:00,CUST-02254,USD,636.80,36.10,4.99,26.80,651.09,Delivered
#0001060,2026-04-13T08:44:00,2026-04-15T20:20:00,CUST-01918,USD,362.70,15.70,0.00,7.56,370.84,Shipped
#0001068,2026-05-21T18:06:00,2026-05-22T14:37:00,CUST-01123,USD,1998.39,116.75,4.99,148.83,1971.30,Delivered
#0001070,2026-04-26T09:59:00,2026-04-27T10:15:00,CUST-00853,USD,73.74,5.88,4.99,5.13,79.48,Delivered
#0001071,2026-02-26T14:12:00,2026-02-27T16:46:00,CUST-01984,USD,752.85,52.85,0.00,27.83,777.87,Delivered
#0001076,2026-02-13T21:50:00,2026-02-13T22:28:00,CUST-01137,USD,406.20,27.57,7.99,18.62,423.14,Delivered
#0001078,2025-10-04T21:44:00,2025-10-04T12:39:00,CUST-01142,USD,596.53,35.57,4.99,56.60,580.49,Delivered
#0001079,2025-08-08T13:27:00,2025-08-09T19:07:00,CUST-00018,USD,313.27,12.26,0.00,17.34,308.19,Shipped
#0001080,2025-08-09T15:22:00,2025-08-09T13:45:00,CUST-00441,USD,17.45,0.82,0.00,1.99,16.28,Delivered
#0001081,2025-11-09T15:17:00,2025-11-10T12:27:00,CUST-01468,USD,339.40,27.35,0.00,28.68,338.07,Delivered
#0001082,2025-07-27T15:02:00,2025-07-28T19:00:00,CUST-02518,USD,248.89,11.87,0.00,9.53,251.23,Delivered
#0001086,2025-10-19T14:38:00,2025-10-21T17:06:00,CUST-00811,USD,691.18,45.02,12.99,17.37,731.82,Delivered
#0001091,2025-07-04T17:32:00,2025-07-04T20:00:00,CUST-01353,USD,789.13,46.21,12.99,45.44,802.89,Delivered
#0001093,2026-02-18T12:14:00,2026-02-18T16:45:00,CUST-00916,USD,1081.03,77.82,0.00,45.34,1113.51,Shipped
#0001095,2025-12-01T08:06:00,2025-12-02T17:14:00,CUST-01366,USD,369.93,13.85,4.99,32.55,356.22,Delivered
#0001097,2026-01-21T11:21:00,2026-01-21T18:02:00,CUST-01761,USD,1358.56,69.15,12.99,48.68,1392.02,Delivered
#0001100,2026-02-25T17:06:00,2026-02-27T17:12:00,CUST-02485,USD,341.02,12.93,4.99,36.60,322.34,Delivered
#0001101,2025-07-13T09:28:00,2025-07-14T15:30:00,CUST-01169,USD,112.88,8.25,4.99,5.99,120.13,Delivered
#0001105,2025-07-19T09:05:00,2025-07-20T16:10:00,CUST-02480,USD,388.04,20.95,0.00,39.63,369.36,Processing
#0001110,2025-11-23T18:40:00,2025-11-24T16:14:00,CUST-01878,USD,133.52,9.42,0.00,5.93,137.01,Delivered
#0001111,2025-09-29T16:30:00,2025-10-01T12:39:00,CUST-00917,USD,344.90,15.48,0.00,35.40,324.98,Delivered
#0001113,2026-02-10T22:39:00,2026-02-10T20:36:00,CUST-01924,USD,777.09,60.44,0.00,56.50,781.03,Delivered
#0001116,2025-09-13T08:05:00,2025-09-13T14:24:00,CUST-00166,USD,91.52,6.23,12.99,0.29,110.45,Shipped
#0001133,2025-08-03T15:52:00,2025-08-04T14:19:00,CUST-00711,USD,1240.96,65.93,12.99,53.03,1266.85,Shipped
#0001140,2025-08-08T20:39:00,2025-08-09T21:31:00,CUST-01618,USD,692.72,42.38,0.00,0.79,734.31,Cancelled
#0001141,2025-12-04T11:25:00,2025-12-05T09:59:00,CUST-00059,USD,446.76,22.07,7.99,28.14,448.68,Shipped
#0001151,2025-08-23T09:42:00,2025-08-24T18:47:00,CUST-00879,USD,323.96,18.19,7.99,10.83,339.31,Delivered
#0001156,2025-09-09T12:25:00,2025-09-11T11:20:00,CUST-00461,USD,1404.90,108.86,12.99,63.87,1462.88,Cancelled
#0001157,2026-03-01T19:04:00,2026-03-01T08:52:00,CUST-00893,USD,785.37,68.98,7.99,10.26,852.08,Delivered
#0001159,2026-01-09T10:20:00,2026-01-09T17:49:00,CUST-01537,USD,35.48,2.46,0.00,1.52,36.42,Delivered
#0001163,2026-03-28T15:45:00,2026-03-29T22:28:00,CUST-01220,USD,95.67,3.76,4.99,2.83,101.59,Shipped
#0001164,2026-01-14T20:39:00,2026-01-14T18:16:00,CUST-00786,USD,1505.12,69.94,7.99,96.79,1486.26,Delivered
#0001165,2025-11-25T18:06:00,2025-11-26T18:02:00,CUST-02314,USD,149.53,7.13,0.00,0.20,156.46,Delivered
#0001177,2025-12-26T09:48:00,2025-12-26T22:34:00,CUST-01640,USD,45.04,3.48,4.99,2.45,51.06,Shipped
#0001185,2025-07-11T17:35:00,2025-07-13T18:41:00,CUST-01630,USD,504.44,19.84,12.99,24.71,512.56,Delivered
#0001187,2025-10-14T17:48:00,2025-10-16T13:43:00,CUST-00702,USD,1581.47,92.33,4.99,88.71,1590.08,Shipped
#0001188,2026-03-05T09:32:00,2026-03-06T20:43:00,CUST-00933,USD,565.15,33.08,0.00,33.22,565.01,Shipped
#0001193,2025-08-30T13:06:00,2025-09-01T22:21:00,CUST-00639,USD,845.52,58.24,0.00,24.71,879.05,Delivered
#0001196,2025-10-14T21:07:00,2025-10-16T12:24:00,CUST-01418,USD,761.67,51.77,12.99,34.50,791.93,Delivered
#0001201,2025-07-12T17:52:00,2025-07-12T09:20:00,CUST-00806,USD,294.71,20.81,12.99,19.09,309.42,Delivered
#0001203,2025-11-16T12:01:00,2025-11-16T08:01:00,CUST-02126,USD,996.08,69.84,4.99,75.96,994.95,Shipped
#0001208,2025-07-26T09:40:00,2025-07-26T18:21:00,CUST-01530,USD,528.69,26.16,0.00,40.75,514.10,Shipped
#0001210,2026-01-30T19:16:00,2026-02-01T19:36:00,CUST-01048,USD,1285.00,55.74,12.99,92.79,1260.94,Delivered
#0001217,2025-11-19T17:22:00,2025-11-19T13:38:00,CUST-00327,USD,132.08,11.25,7.99,6.08,145.24,Delivered
#0001219,2025-11-23T09:09:00,2025-11-25T21:04:00,CUST-00503,USD,398.33,21.31,12.99,11.72,420.91,Delivered
#0001227,2025-12-25T18:41:00,2025-12-26T08:46:00,CUST-00663,CAD,811.50,50.50,4.99,74.61,792.38,Shipped
#0001229,2025-10-05T11:39:00,2025-10-05T17:24:00,CUST-02076,USD,63.92,4.91,7.99,4.12,72.70,Delivered
#0001232,2026-04-07T11:20:00,2026-04-09T21:14:00,CUST-02502,USD,1031.51,72.92,12.99,44.40,1073.02,Delivered
#0001239,2026-05-01T09:37:00,2026-05-01T16:32:00,CUST-00438,USD,641.19,39.08,12.99,48.43,644.83,Shipped
#0001241,2026-03-17T18:42:00,2026-03-17T09:44:00,CUST-01242,USD,839.67,72.55,0.00,9.04,903.18,Processing
#0001243,2025-10-02T10:48:00,2025-10-04T22:55:00,CUST-01403,USD,213.72,16.41,0.00,12.92,217.21,Delivered
#0001244,2025-12-29T11:22:00,2025-12-30T12:21:00,CUST-00966,USD,225.13,12.20,0.00,24.42,212.91,Delivered
#0001248,2026-03-18T13:06:00,2026-03-18T15:30:00,CUST-00365,USD,23.81,0.94,4.99,1.76,27.98,Processing
#0001250,2026-04-17T21:50:00,2026-04-18T11:12:00,CUST-00037,USD,551.08,36.15,7.99,25.69,569.53,Shipped
#0001262,2025-12-26T18:36:00,2025-12-28T13:17:00,CUST-02284,USD,112.43,8.55,0.00,1.76,119.22,Delivered
#0001264,2025-11-21T22:41:00,2025-11-21T21:59:00,CUST-01613,USD,1423.70,101.28,7.99,157.65,1375.32,Delivered
#0001265,2026-01-29T13:02:00,2026-01-31T15:48:00,CUST-00048,USD,833.81,47.18,12.99,58.99,834.99,Delivered
#0001266,2026-05-02T15:18:00,2026-05-03T18:39:00,CUST-00360,USD,1216.97,56.18,7.99,53.54,1227.60,Processing
#0001267,2025-07-31T08:10:00,2025-08-01T13:52:00,CUST-02292,USD,111.40,8.97,0.00,1.99,118.38,Delivered
#0001268,2025-09-03T18:10:00,2025-09-04T09:08:00,CUST-02540,USD,302.72,14.71,7.99,26.76,298.66,Delivered
#0001270,2026-01-28T11:09:00,2026-01-30T08:12:00,CUST-00291,USD,739.80,35.79,0.00,29.44,746.15,Shipped
#0001272,2026-06-21T18:00:00,2026-06-21T19:33:00,CUST-02015,USD,273.62,21.67,0.00,4.89,290.40,Shipped
#0001273,2025-07-13T10:56:00,2025-07-15T13:09:00,CUST-02051,USD,103.30,4.64,4.99,7.14,105.79,Delivered
#0001274,2025-09-25T17:10:00,2025-09-25T19:59:00,CUST-00596,USD,528.50,39.44,12.99,35.74,545.19,Delivered
#0001276,2026-02-05T13:41:00,2026-02-07T13:56:00,CUST-01796,USD,1449.39,93.75,12.99,81.77,1474.36,Delivered
#0001277,2026-01-05T13:50:00,2026-01-06T19:36:00,CUST-00666,USD,1037.43,67.80,0.00,70.45,1034.78,Delivered
#0001280,2026-04-02T14:14:00,2026-04-04T19:16:00,CUST-00836,USD,355.21,18.40,4.99,24.54,354.06,Delivered
#0001281,2025-11-10T18:50:00,2025-11-10T11:31:00,CUST-02470,USD,837.61,45.59,7.99,73.28,817.91,Delivered
#0001283,2025-10-31T18:00:00,2025-11-02T22:45:00,CUST-00078,USD,32.57,2.68,4.99,0.46,39.78,Delivered
#0001295,2026-04-14T08:01:00,2026-04-16T16:49:00,CUST-01521,USD,578.28,38.41,0.00,13.11,603.58,Delivered
#0001299,2026-05-26T18:08:00,2026-05-26T21:59:00,CUST-00333,USD,518.69,30.23,7.99,22.89,534.02,Shipped
#0001300,2026-06-26T14:53:00,2026-06-28T14:15:00,CUST-00062,USD,141.12,10.66,0.00,9.96,141.82,Delivered
#0001302,2026-03-26T19:08:00,2026-03-26T16:30:00,CUST-01910,USD,324.60,15.64,0.00,35.00,305.24,Shipped
#0001304,2025-10-08T16:09:00,2025-10-09T19:20:00,CUST-01647,USD,1240.36,88.48,0.00,38.22,1290.62,Delivered
#0001306,2025-11-23T12:59:00,2025-11-23T18:52:00,CUST-02041,USD,372.59,24.74,0.00,32.16,365.17,Delivered
#0001308,2025-07-07T08:53:00,2025-07-09T11:14:00,CUST-00585,USD,450.83,29.09,4.99,44.81,440.10,Delivered
#0001313,2026-05-29T12:29:00,2026-05-31T14:08:00,CUST-00929,USD,147.94,9.00,0.00,12.31,144.63,Delivered
#0001315,2026-05-08T19:32:00,2026-05-10T14:23:00,CUST-00904,USD,238.60,13.99,12.99,14.53,251.05,Shipped
#0001319,2025-07-17T11:56:00,2025-07-17T10:55:00,CUST-00528,USD,123.12,7.26,0.00,9.74,120.64,Delivered
#0001320,2025-10-26T11:42:00,2025-10-27T22:34:00,CUST-00624,USD,337.88,22.23,4.99,3.30,361.80,Delivered
#0001325,2025-08-13T22:12:00,2025-08-14T20:52:00,CUST-00406,USD,917.53,40.78,0.00,67.05,891.26,Delivered
#0001330,2026-02-26T17:37:00,2026-02-28T08:22:00,CUST-00177,USD,1604.31,112.26,12.99,114.25,1615.31,Delivered
#0001333,2026-01-26T12:29:00,2026-01-26T10:32:00,CUST-01915,USD,100.86,6.11,0.00,4.55,102.42,Processing
#0001335,2026-03-05T21:18:00,2026-03-07T18:43:00,CUST-02494,USD,695.19,49.65,0.00,1.97,742.87,Delivered
#0001339,2025-07-14T18:07:00,2025-07-15T14:00:00,CUST-02324,USD,72.34,4.73,0.00,6.03,71.04,Delivered
#0001340,2025-09-17T17:57:00,2025-09-17T21:11:00,CUST-00381,USD,439.88,21.13,0.00,30.23,430.78,Delivered
#0001352,2026-01-31T13:13:00,2026-02-01T18:22:00,CUST-01370,USD,368.70,28.93,12.99,17.40,393.22,Delivered
#0001353,2025-11-06T14:20:00,2025-11-06T15:23:00,CUST-00483,USD,370.02,20.45,4.99,40.65,354.81,Delivered
#0001356,2026-04-08T11:09:00,2026-04-08T09:03:00,CUST-01508,USD,692.96,45.15,0.00,51.44,686.67,Processing
#0001357,2025-10-17T11:33:00,2025-10-18T17:40:00,CUST-00059,USD,417.92,23.85,7.99,32.53,417.23,Shipped
#0001371,2025-09-29T09:03:00,2025-09-30T08:59:00,CUST-00143,USD,648.67,39.79,12.99,59.26,642.19,Delivered
#0001372,2025-10-21T13:51:00,2025-10-22T17:43:00,CUST-00807,USD,195.16,12.54,7.99,11.69,204.00,Processing
#0001375,2026-01-30T18:57:00,2026-02-01T08:53:00,CUST-01489,USD,203.28,14.31,12.99,1.31,229.27,Delivered
#0001376,2026-05-20T20:52:00,2026-05-22T21:15:00,CUST-00467,USD,356.84,25.47,4.99,7.17,380.13,Shipped
#0001378,2026-03-17T17:20:00,2026-03-19T09:27:00,CUST-02164,USD,321.68,12.81,12.99,5.40,342.08,Delivered
#0001381,2026-03-25T10:00:00,2026-03-26T12:15:00,CUST-01682,USD,1060.59,80.94,4.99,79.69,1066.83,Delivered
#0001392,2026-02-18T22:57:00,2026-02-18T12:21:00,CUST-00719,USD,172.64,14.01,4.99,12.32,179.32,Delivered
#0001404,2025-11-28T12:08:00,2025-11-30T09:33:00,CUST-00370,USD,536.33,37.62,4.99,24.12,554.82,Delivered
#0001406,2026-01-29T21:12:00,2026-01-29T18:52:00,CUST-00202,USD,94.67,7.75,7.99,3.85,106.56,Delivered
#0001413,2026-05-10T15:37:00,2026-05-11T12:23:00,CUST-02501,USD,343.93,23.50,0.00,0.40,367.03,Delivered
#0001421,2026-02-16T10:30:00,2026-02-16T21:12:00,CUST-01364,USD,17.03,1.43,12.99,0.88,30.57,Delivered
#0001427,2025-08-11T13:22:00,2025-08-12T09:45:00,CUST-00934,USD,97.44,5.84,0.00,2.76,100.52,Delivered
#0001430,2026-05-18T18:49:00,2026-05-18T22:10:00,CUST-01088,USD,682.42,49.77,7.99,74.25,665.93,Delivered
#0001433,2025-11-29T09:32:00,2025-11-29T12:02:00,CUST-02235,USD,195.59,8.63,7.99,3.77,208.44,Delivered
#0001434,2026-01-09T16:14:00,2026-01-11T08:55:00,CUST-02122,USD,110.58,6.09,4.99,4.75,116.91,Shipped
#0001436,2025-07-13T12:52:00,2025-07-15T22:18:00,CUST-01209,USD,249.86,19.56,12.99,16.67,265.74,Shipped
#0001443,2025-08-12T11:14:00,2025-08-12T12:33:00,CUST-00653,USD,666.62,36.23,0.00,39.43,663.42,Delivered
#0001446,2025-11-04T11:18:00,2025-11-04T20:02:00,CUST-00084,USD,517.36,21.16,12.99,42.18,509.33,Shipped
#0001451,2026-02-26T08:10:00,2026-02-27T20:20:00,CUST-02373,USD,678.75,46.28,4.99,31.41,698.61,Processing
#0001452,2025-10-02T19:44:00,2025-10-04T08:36:00,CUST-00057,USD,184.18,10.24,0.00,10.73,183.69,Delivered
#0001453,2026-02-04T08:38:00,2026-02-05T11:24:00,CUST-02174,USD,852.96,50.09,7.99,38.14,872.90,Delivered
#0001455,2025-08-11T19:34:00,2025-08-13T18:43:00,CUST-00192,USD,450.30,35.38,0.00,10.46,475.22,Processing
#0001459,2026-01-11T18:42:00,2026-01-12T16:59:00,CUST-02173,USD,460.62,29.30,12.99,47.19,455.72,Shipped
#0001466,2026-06-21T17:12:00,2026-06-23T08:08:00,CUST-00095,USD,340.12,23.77,0.00,37.86,326.03,Delivered
#0001474,2026-06-30T19:30:00,2026-06-30T17:25:00,CUST-00215,USD,528.13,24.08,0.00,36.86,515.35,Delivered
#0001486,2025-11-26T19:15:00,2025-11-26T22:07:00,CUST-02463,USD,426.36,22.47,0.00,40.18,408.65,Delivered
#0001489,2025-09-04T16:45:00,2025-09-06T15:34:00,CUST-01098,USD,1171.93,69.19,12.99,49.50,1204.61,Delivered
#0001491,2026-02-14T19:31:00,2026-02-14T09:44:00,CUST-01976,USD,623.66,36.57,7.99,48.85,619.37,Delivered
#0001502,2025-11-05T12:42:00,2025-11-07T10:18:00,CUST-00188,USD,18.02,0.87,7.99,1.29,25.59,Delivered
#0001504,2026-02-28T19:46:00,2026-02-28T15:44:00,CUST-02316,USD,1265.81,81.80,0.00,107.88,1239.73,Delivered
#0001516,2025-07-30T11:44:00,2025-07-31T19:10:00,CUST-01644,USD,890.42,49.00,4.99,75.89,868.52,Delivered
#0001517,2025-08-31T15:52:00,2025-08-31T17:18:00,CUST-00777,USD,1516.01,99.92,4.99,63.40,1557.52,Processing
#0001526,2026-03-14T09:07:00,2026-03-15T20:36:00,CUST-01990,USD,1105.26,61.95,4.99,60.30,1111.90,Delivered
#0001527,2025-08-15T10:47:00,2025-08-17T13:34:00,CUST-01852,USD,936.47,66.71,7.99,39.26,971.91,Delivered
#0001533,2026-03-19T18:42:00,2026-03-21T14:34:00,CUST-02376,USD,371.60,26.65,7.99,33.36,372.88,Delivered
#0001547,2025-09-15T10:09:00,2025-09-15T21:45:00,CUST-00943,USD,904.32,66.48,0.00,72.04,898.76,Delivered
#0001548,2025-12-08T11:23:00,2025-12-10T17:32:00,CUST-02288,USD,165.07,10.37,12.99,19.48,168.95,Delivered
#0001551,2026-05-25T16:09:00,2026-05-26T10:22:00,CUST-00448,USD,624.76,30.52,12.99,21.60,646.67,Delivered
#0001552,2026-06-02T09:08:00,2026-06-03T10:13:00,CUST-00299,USD,510.82,28.82,7.99,25.15,522.48,Delivered
#0001554,2026-05-08T09:20:00,2026-05-10T13:49:00,CUST-00280,USD,1175.27,68.41,0.00,11.80,1231.88,Shipped
#0001557,2026-04-29T12:45:00,2026-05-01T11:44:00,CUST-02228,USD,893.39,47.24,0.00,83.14,857.49,Delivered
#0001558,2026-02-03T17:09:00,2026-02-04T22:40:00,CUST-00763,USD,435.85,26.34,7.99,26.32,443.86,Delivered
#0001559,2026-06-28T16:51:00,2026-06-29T15:24:00,CUST-02231,USD,694.27,39.63,0.00,42.37,691.53,Shipped
#0001563,2026-04-10T14:07:00,2026-04-11T16:25:00,CUST-01269,USD,177.59,8.44,4.99,11.66,179.36,Shipped
#0001564,2026-01-05T15:57:00,2026-01-06T19:32:00,CUST-01928,USD,393.42,18.42,0.00,15.36,396.48,Delivered
#0001570,2026-05-25T08:29:00,2026-05-27T13:40:00,CUST-01767,USD,492.20,21.61,7.99,41.61,480.19,Delivered
#0001571,2026-04-28T11:11:00,2026-04-30T11:48:00,CUST-01082,USD,463.56,38.26,4.99,15.17,491.64,Processing
#0001573,2025-07-25T22:07:00,2025-07-25T16:20:00,CUST-01800,USD,285.00,13.94,4.99,16.31,287.62,Delivered
#0001574,2025-08-11T09:11:00,2025-08-12T08:35:00,CUST-01014,USD,267.61,14.42,12.99,12.27,282.75,Delivered
#0001579,2025-11-11T09:25:00,2025-11-13T12:34:00,CUST-00047,USD,755.82,43.62,0.00,65.45,733.99,Delivered
#0001580,2025-07-12T09:18:00,2025-07-12T11:12:00,CUST-00211,USD,599.00,26.43,12.99,17.31,621.11,Delivered
#0001584,2025-08-17T20:07:00,2025-08-18T21:46:00,CUST-02230,USD,553.40,24.66,0.00,58.86,519.20,Cancelled
#0001588,2025-07-08T20:18:00,2025-07-08T13:31:00,CUST-00046,USD,439.66,29.44,4.99,38.05,436.04,Delivered
#0001589,2025-07-15T11:52:00,2025-07-15T19:47:00,CUST-01601,USD,488.78,29.77,12.99,28.34,503.20,Delivered
#0001593,2025-12-15T21:00:00,2025-12-16T13:44:00,CUST-01770,USD,343.81,17.52,4.99,38.05,328.27,Delivered
#0001598,2025-09-19T22:13:00,2025-09-19T09:34:00,CUST-00509,USD,138.73,11.52,0.00,6.58,143.67,Delivered
#0001602,2026-01-27T21:58:00,2026-01-28T12:44:00,CUST-01206,USD,336.12,21.30,7.99,3.18,362.23,Delivered
#0001611,2025-11-28T16:11:00,2025-11-29T18:45:00,CUST-02083,USD,530.17,33.39,4.99,59.74,508.81,Delivered
#0001613,2025-12-21T19:54:00,2025-12-23T08:47:00,CUST-01603,USD,1182.38,70.18,7.99,81.65,1178.90,Delivered
#0001615,2026-01-08T21:14:00,2026-01-10T19:31:00,CUST-01902,USD,216.50,17.66,0.00,17.27,216.89,Delivered
#0001619,2025-07-09T11:19:00,2025-07-10T10:36:00,CUST-02287,USD,762.64,47.27,0.00,69.02,740.89,Delivered
#0001620,2026-04-30T08:51:00,2026-05-02T21:33:00,CUST-00223,USD,80.05,3.13,12.99,6.06,90.11,Shipped
#0001621,2025-10-13T13:55:00,2025-10-15T09:37:00,CUST-01034,USD,25.78,1.05,7.99,2.36,32.46,Delivered
#0001624,2025-12-27T14:32:00,2025-12-27T11:23:00,CUST-00820,USD,606.81,28.15,0.00,40.80,594.16,Shipped
#0001630,2026-06-23T17:59:00,2026-06-24T17:08:00,CUST-01465,USD,114.38,4.43,4.99,9.64,114.16,Delivered
#0001631,2026-01-10T12:59:00,2026-01-11T08:51:00,CUST-00825,USD,1239.05,71.42,4.99,67.63,1247.83,Delivered
#0001634,2026-01-27T15:01:00,2026-01-29T10:20:00,CUST-01152,USD,1052.82,57.73,12.99,103.82,1019.72,Delivered
#0001636,2026-02-07T13:35:00,2026-02-07T11:12:00,CUST-01481,USD,198.96,9.45,4.99,4.25,209.15,Delivered
#0001637,2025-09-27T22:26:00,2025-09-28T22:53:00,CUST-02326,USD,350.63,21.09,7.99,29.67,350.04,Delivered
#0001640,2026-05-05T11:07:00,2026-05-06T10:03:00,CUST-00297,USD,1823.97,130.18,12.99,82.27,1884.87,Delivered
#0001641,2025-09-01T09:57:00,2025-09-03T18:11:00,CUST-00917,USD,775.27,46.99,0.00,22.48,799.78,Delivered
#0001642,2025-09-27T08:08:00,2025-09-27T19:58:00,CUST-01075,USD,1267.48,71.98,0.00,67.65,1271.81,Processing
#0001643,2026-01-02T11:48:00,2026-01-04T15:02:00,CUST-00146,USD,781.62,43.62,12.99,76.34,761.89,Processing
#0001659,2025-08-11T14:33:00,2025-08-11T15:05:00,CUST-02255,USD,650.46,48.83,4.99,2.20,702.08,Delivered
#0001664,2026-06-10T08:20:00,2026-06-10T10:18:00,CUST-00988,USD,113.21,6.44,12.99,8.28,124.36,Delivered
#0001667,2025-12-10T19:14:00,2025-12-11T16:29:00,CUST-00141,USD,23.42,1.39,12.99,2.54,35.26,Delivered
#0001672,2025-11-03T10:18:00,2025-11-04T19:59:00,CUST-00437,USD,156.43,8.23,4.99,16.98,152.67,Delivered
#0001676,2026-02-05T19:44:00,2026-02-07T14:11:00,CUST-00914,USD,1076.99,73.61,0.00,68.38,1082.22,Delivered
#0001678,2026-04-04T12:49:00,2026-04-04T13:45:00,CUST-00845,USD,260.30,15.61,12.99,2.45,286.45,Delivered
#0001680,2026-03-20T21:51:00,2026-03-20T19:43:00,CUST-02314,USD,540.20,31.59,7.99,17.44,562.34,Processing
#0001685,2026-01-04T11:47:00,2026-01-06T17:15:00,CUST-00692,USD,879.52,53.22,0.00,76.82,855.92,Delivered
#0001687,2026-02-04T16:21:00,2026-02-04T09:54:00,CUST-01808,USD,298.36,20.03,7.99,20.46,305.92,Shipped
#0001693,2026-01-08T10:25:00,2026-01-08T21:43:00,CUST-02424,USD,408.51,30.25,12.99,6.45,445.30,Delivered
#0001700,2025-10-07T10:32:00,2025-10-09T22:04:00,CUST-00003,USD,759.96,38.21,7.99,15.32,790.84,Delivered
#0001702,2026-01-08T15:29:00,2026-01-10T11:33:00,CUST-02537,USD,377.37,21.22,7.99,40.62,365.96,Delivered
#0001705,2026-02-19T12:21:00,2026-02-19T18:41:00,CUST-00139,USD,143.97,8.69,12.99,4.06,161.59,Delivered
#0001708,2026-02-14T14:33:00,2026-02-14T09:11:00,CUST-00488,USD,291.66,20.17,4.99,16.49,300.33,Delivered
#0001709,2025-07-12T21:53:00,2025-07-14T17:59:00,CUST-00914,USD,388.45,17.40,7.99,31.86,381.98,Delivered
#0001722,2026-02-24T19:09:00,2026-02-25T22:40:00,CUST-02523,USD,261.81,21.63,0.00,10.44,273.00,Delivered
#0001732,2025-12-22T11:59:00,2025-12-23T18:15:00,CUST-01729,USD,236.21,19.76,4.99,3.90,257.06,Cancelled
#0001736,2026-01-05T13:36:00,2026-01-07T11:11:00,CUST-02232,USD,609.95,29.96,0.00,16.65,623.26,Delivered
#0001737,2026-06-07T12:01:00,2026-06-08T18:40:00,CUST-00293,USD,175.96,12.14,12.99,13.72,187.37,Delivered
#0001742,2025-09-14T19:34:00,2025-09-15T17:11:00,CUST-01481,USD,548.82,40.14,4.99,60.55,533.40,Delivered
#0001745,2026-06-12T13:11:00,2026-06-12T21:55:00,CUST-02247,USD,1077.51,83.22,7.99,35.13,1133.59,Delivered
#0001749,2026-03-02T16:19:00,2026-03-04T10:00:00,CUST-00997,USD,295.43,21.43,4.99,7.09,314.76,Delivered
#0001756,2025-08-21T08:26:00,2025-08-23T16:57:00,CUST-00157,USD,1158.25,68.40,0.00,109.97,1116.68,Shipped
#0001759,2025-07-24T15:24:00,2025-07-25T19:04:00,CUST-01770,USD,2083.52,135.33,4.99,114.44,2109.40,Shipped
#0001762,2026-01-20T15:49:00,2026-01-21T21:21:00,CUST-00562,USD,1760.32,108.99,12.99,32.47,1849.83,Delivered
#0001763,2025-08-27T11:30:00,2025-08-29T18:50:00,CUST-00262,USD,287.39,11.08,12.99,21.54,289.92,Shipped
#0001765,2026-04-16T19:12:00,2026-04-16T17:29:00,CUST-01855,USD,312.78,23.27,4.99,31.85,309.19,Delivered
#0001768,2025-10-16T21:52:00,2025-10-18T16:21:00,CUST-02593,USD,830.98,62.88,0.00,72.99,820.87,Delivered
#0001776,2025-07-14T16:37:00,2025-07-16T10:39:00,CUST-01958,USD,618.22,48.60,4.99,11.36,660.45,Delivered
#0001777,2025-11-07T21:30:00,2025-11-09T17:01:00,CUST-00917,USD,74.29,5.14,7.99,0.23,87.19,Delivered
#0001781,2026-02-22T16:47:00,2026-02-24T15:57:00,CUST-00903,USD,533.91,23.85,12.99,40.81,529.94,Shipped
#0001782,2026-02-11T09:59:00,2026-02-11T15:54:00,CUST-00130,USD,225.22,14.56,0.00,1.20,238.58,Shipped
#0001786,2026-03-29T17:59:00,2026-03-30T10:09:00,CUST-01641,USD,240.06,11.38,12.99,0.21,264.22,Delivered
#0001787,2026-05-24T18:45:00,2026-05-25T13:16:00,CUST-00512,USD,1701.67,95.53,12.99,148.49,1661.70,Shipped
#0001788,2025-07-11T10:07:00,2025-07-13T13:31:00,CUST-02155,USD,250.68,14.97,0.00,8.20,257.45,Delivered
#0001789,2025-07-26T16:41:00,2025-07-28T13:27:00,CUST-00536,USD,473.95,31.83,7.99,11.21,502.56,Processing
#0001790,2025-07-27T21:45:00,2025-07-27T13:22:00,CUST-00193,USD,148.54,8.30,0.00,10.05,146.79,Delivered
#0001793,2026-05-03T11:44:00,2026-05-03T22:00:00,CUST-00902,USD,460.32,24.84,12.99,25.22,472.93,Shipped
#0001794,2025-07-23T22:31:00,2025-07-23T13:48:00,CUST-00356,USD,1024.47,71.50,4.99,65.94,1035.02,Delivered
#0001795,2025-09-29T14:57:00,2025-10-01T15:08:00,CUST-02196,USD,233.35,14.24,0.00,22.81,224.78,Shipped
#0001800,2025-08-14T19:13:00,2025-08-16T09:05:00,CUST-00156,USD,145.65,11.47,0.00,13.55,143.57,Shipped
#0001804,2026-05-12T15:11:00,2026-05-13T13:04:00,CUST-01901,USD,411.94,30.26,7.99,10.43,439.76,Delivered
#0001805,2026-02-13T17:27:00,2026-02-14T10:36:00,CUST-01763,USD,673.24,42.63,0.00,41.76,674.11,Delivered
#0001806,2025-07-11T18:30:00,2025-07-11T22:20:00,CUST-01248,USD,69.65,5.30,4.99,4.81,75.13,Delivered
#0001811,2025-12-14T10:13:00,2025-12-15T20:07:00,CUST-01466,USD,1150.03,79.70,4.99,127.05,1107.67,Delivered
#0001815,2026-04-23T21:16:00,2026-04-25T08:34:00,CUST-00423,USD,1380.75,64.29,4.99,76.42,1373.61,Processing
#0001821,2025-12-11T14:00:00,2025-12-12T19:17:00,CUST-01888,USD,358.03,19.76,12.99,27.35,363.43,Delivered
#0001823,2025-10-27T10:09:00,2025-10-28T14:06:00,CUST-01651,USD,641.71,49.12,0.00,48.03,642.80,Delivered
#0001825,2026-05-24T17:31:00,2026-05-24T15:40:00,CUST-02583,USD,410.58,28.40,0.00,39.98,399.00,Delivered
#0001826,2025-12-13T12:17:00,2025-12-15T22:00:00,CUST-00529,USD,75.60,2.77,12.99,7.35,84.01,Delivered
#0001827,2026-04-27T08:06:00,2026-04-27T12:20:00,CUST-00149,USD,1612.85,116.55,12.99,84.71,1657.68,Delivered
#0001834,2026-06-30T09:36:00,2026-06-30T19:16:00,CUST-02443,USD,1692.39,92.69,7.99,164.69,1628.38,Processing
#0001842,2025-10-12T12:31:00,2025-10-13T17:51:00,CUST-00676,USD,578.88,28.30,0.00,60.58,546.60,Cancelled
#0001847,2026-06-07T14:31:00,2026-06-09T21:43:00,CUST-01701,USD,842.54,48.96,12.99,52.26,852.23,Delivered
#0001852,2025-11-08T20:59:00,2025-11-08T10:59:00,CUST-00567,USD,226.26,8.67,4.99,16.95,222.97,Delivered
#0001855,2026-03-25T22:03:00,2026-03-25T22:12:00,CUST-02203,USD,928.73,39.18,7.99,54.39,921.51,Delivered
#0001857,2026-01-07T21:48:00,2026-01-09T19:53:00,CUST-00629,USD,437.33,29.52,7.99,25.94,448.90,Processing
#0001864,2025-07-11T16:50:00,2025-07-12T08:49:00,CUST-00428,USD,1119.54,71.38,0.00,60.12,1130.80,Shipped
#0001865,2026-04-10T17:22:00,2026-04-12T19:22:00,CUST-00317,USD,1091.36,75.21,0.00,20.73,1145.84,Delivered
#0001868,2026-03-18T18:01:00,2026-03-20T20:40:00,CUST-00201,USD,204.29,11.64,0.00,8.70,207.23,Delivered
#0001869,2025-09-07T21:59:00,2025-09-09T09:46:00,CUST-02451,USD,487.57,40.35,12.99,20.94,519.97,Delivered
#0001870,2026-06-24T12:57:00,2026-06-25T18:30:00,CUST-00991,USD,723.54,33.65,0.00,9.69,747.50,Delivered
#0001875,2025-10-25T17:12:00,2025-10-26T19:54:00,CUST-00060,USD,602.83,39.23,0.00,51.70,590.36,Delivered
#0001878,2026-04-02T11:04:00,2026-04-02T10:54:00,CUST-02579,USD,1490.48,101.71,12.99,127.25,1477.93,Delivered
#0001880,2025-08-10T20:36:00,2025-08-12T17:02:00,CUST-02378,USD,482.32,21.27,7.99,40.20,471.38,Delivered
#0001882,2026-05-07T17:12:00,2026-05-07T17:47:00,CUST-01531,USD,90.35,4.73,7.99,1.17,101.90,Delivered
#0001883,2025-08-25T21:45:00,2025-08-27T19:58:00,CUST-00365,USD,475.36,23.87,0.00,52.22,447.01,Delivered
#0001889,2026-03-04T12:53:00,2026-03-06T16:25:00,CUST-01270,CAD,213.91,13.10,0.00,16.90,210.11,Delivered
#0001894,2026-04-29T10:46:00,2026-04-29T11:46:00,CUST-01280,USD,403.93,22.72,0.00,5.42,421.23,Delivered
#0001898,2026-06-04T10:37:00,2026-06-05T17:46:00,CUST-00889,USD,975.21,49.59,12.99,69.28,968.51,Delivered
#0001909,2025-11-28T12:59:00,2025-11-29T08:52:00,CUST-00004,USD,250.43,9.77,7.99,15.06,253.13,Delivered
#0001910,2025-12-20T19:22:00,2025-12-21T20:23:00,CUST-01560,USD,415.00,29.29,4.99,30.58,418.70,Delivered
#0001911,2025-09-17T14:45:00,2025-09-18T14:20:00,CUST-00449,USD,382.89,21.17,0.00,29.69,374.37,Processing
#0001922,2026-06-19T21:26:00,2026-06-19T10:22:00,CUST-00291,USD,709.86,28.54,4.99,54.44,688.95,Delivered
#0001925,2026-01-26T22:17:00,2026-01-28T20:14:00,CUST-01835,USD,632.43,38.44,0.00,27.43,643.44,Cancelled
#0001928,2026-04-19T15:47:00,2026-04-20T12:17:00,CUST-02581,USD,625.76,30.92,4.99,33.49,628.18,Delivered
#0001929,2026-03-19T15:10:00,2026-03-19T18:08:00,CUST-01461,USD,221.33,14.92,0.00,7.54,228.71,Delivered
#0001931,2026-03-24T11:20:00,2026-03-25T15:40:00,CUST-00277,USD,565.02,36.95,4.99,10.68,596.28,Shipped
#0001933,2025-12-29T14:38:00,2025-12-29T20:06:00,CUST-02196,USD,183.64,14.13,0.00,20.67,177.10,Delivered
#0001939,2025-10-02T15:35:00,2025-10-02T08:20:00,CUST-00140,USD,51.18,3.91,4.99,1.65,58.43,Delivered
#0001941,2026-01-05T14:33:00,2026-01-07T11:22:00,CUST-01718,USD,662.59,42.83,7.99,28.87,684.54,Delivered
#0001943,2025-08-04T18:00:00,2025-08-05T16:22:00,CUST-01237,USD,617.07,46.38,0.00,32.24,631.21,Delivered
#0001952,2026-03-09T20:12:00,2026-03-10T09:11:00,CUST-01090,USD,2661.84,181.04,0.00,131.02,2711.86,Delivered
#0001956,2026-01-24T22:48:00,2026-01-25T10:39:00,CUST-02070,USD,325.08,18.72,12.99,32.66,324.13,Delivered
#0001957,2025-07-24T11:39:00,2025-07-24T19:44:00,CUST-01029,USD,275.26,16.10,12.99,31.28,273.07,Delivered
#0001960,2025-10-18T15:16:00,2025-10-18T12:20:00,CUST-01371,USD,321.54,15.16,12.99,17.58,332.11,Delivered
#0001965,2026-05-06T15:46:00,2026-05-06T08:37:00,CUST-01259,USD,187.27,7.90,7.99,15.64,187.52,Shipped
#0001971,2025-11-08T13:21:00,2025-11-09T20:44:00,CUST-01570,USD,470.98,38.68,12.99,11.24,511.41,Shipped
#0001974,2026-05-18T12:50:00,2026-05-18T14:43:00,CUST-01488,USD,95.15,4.10,4.99,0.80,103.44,Delivered
#0001975,2026-05-19T18:14:00,2026-05-19T13:45:00,CUST-01319,USD,715.00,49.40,12.99,42.70,734.69,Delivered
#0001976,2026-01-01T14:19:00,2026-01-03T12:55:00,CUST-01558,USD,2495.08,155.28,12.99,138.99,2524.36,Delivered
#0001978,2026-04-08T19:44:00,2026-04-09T16:21:00,CUST-00241,USD,771.23,50.31,0.00,29.45,792.09,Delivered
#0001979,2026-01-13T18:54:00,2026-01-15T13:25:00,CUST-00828,USD,1188.75,80.27,4.99,45.88,1228.13,Delivered
#0001983,2026-06-16T21:51:00,2026-06-16T08:28:00,CUST-02032,USD,853.23,49.86,0.00,37.27,865.82,Delivered
#0001984,2026-04-13T13:30:00,2026-04-13T08:35:00,CUST-02081,USD,1270.78,71.37,12.99,27.97,1327.17,Shipped
#0001985,2026-05-14T09:20:00,2026-05-16T09:14:00,CUST-02019,USD,139.04,6.19,7.99,0.05,153.17,Delivered
#0001986,2025-08-25T10:29:00,2025-08-25T14:40:00,CUST-01410,USD,228.79,15.31,4.99,17.67,231.42,Delivered
#0001987,2025-08-24T12:00:00,2025-08-26T12:36:00,CUST-02584,USD,562.19,25.73,0.00,41.76,546.16,Shipped
#0001988,2026-05-28T16:51:00,2026-05-30T13:48:00,CUST-00758,USD,259.08,14.46,0.00,10.70,262.84,Delivered
#0001995,2026-03-19T15:11:00,2026-03-19T09:31:00,CUST-01437,USD,405.78,19.20,7.99,19.90,413.07,Delivered
#0001999,2025-08-05T19:21:00,2025-08-07T13:23:00,CUST-00989,USD,99.79,6.51,0.00,10.42,95.88,Shipped
#0002001,2025-08-27T21:02:00,2025-08-27T22:25:00,CUST-00795,USD,1575.40,107.59,0.00,123.58,1559.41,Delivered
#0002002,2026-03-21T16:37:00,2026-03-22T21:42:00,CUST-01871,USD,516.10,29.91,0.00,51.66,494.35,Delivered
#0002006,2025-11-15T16:54:00,2025-11-17T14:03:00,CUST-00809,USD,935.88,64.06,0.00,23.01,976.93,Delivered
#0002009,2025-10-26T15:29:00,2025-10-26T15:30:00,CUST-00830,USD,1399.05,79.49,12.99,90.62,1400.91,Shipped
#0002011,2026-05-27T18:48:00,2026-05-27T17:39:00,CUST-02157,USD,747.54,35.47,0.00,32.40,750.61,Delivered
#0002012,2026-01-11T19:14:00,2026-01-11T18:15:00,CUST-01206,USD,1558.59,67.77,4.99,111.48,1519.87,Delivered
#0002016,2025-11-10T22:50:00,2025-11-11T18:37:00,CUST-02279,USD,1232.73,56.33,0.00,66.07,1222.99,Delivered
#0002024,2026-04-24T22:39:00,2026-04-24T20:49:00,CUST-00708,USD,167.34,8.75,0.00,6.18,169.91,Delivered
#0002027,2026-02-18T20:06:00,2026-02-19T21:12:00,CUST-01661,USD,1357.24,67.92,7.99,134.64,1298.51,Delivered
#0002028,2025-07-24T17:13:00,2025-07-25T18:09:00,CUST-02107,USD,692.14,45.35,0.00,42.08,695.41,Processing
#0002029,2025-08-14T18:56:00,2025-08-16T21:03:00,CUST-02411,USD,1822.56,94.31,4.99,94.27,1827.59,Delivered
#0002030,2025-08-26T16:44:00,2025-08-26T16:40:00,CUST-01985,USD,576.01,36.59,7.99,40.89,579.70,Delivered
#0002031,2025-12-22T21:28:00,2025-12-22T18:28:00,CUST-02366,USD,697.83,37.14,0.00,31.61,703.36,Delivered
#0002032,2025-07-09T08:19:00,2025-07-10T21:03:00,CUST-02168,USD,101.78,4.51,0.00,3.75,102.54,Processing
#0002035,2025-12-08T13:22:00,2025-12-10T19:51:00,CUST-00998,USD,125.74,9.87,4.99,12.44,128.16,Delivered
#0002036,2025-10-09T14:56:00,2025-10-11T16:26:00,CUST-01247,USD,255.50,13.63,4.99,27.87,246.25,Delivered
#0002039,2026-03-11T20:57:00,2026-03-12T10:11:00,CUST-01110,USD,792.93,56.22,4.99,45.38,808.76,Delivered
#0002040,2025-09-12T17:21:00,2025-09-14T16:41:00,CUST-01634,USD,197.60,11.13,4.99,5.66,208.06,Delivered
#0002041,2026-05-22T21:40:00,2026-05-23T22:08:00,CUST-01868,USD,867.51,69.26,12.99,20.37,929.39,Shipped
#0002043,2026-05-07T18:04:00,2026-05-08T08:05:00,CUST-00306,USD,970.00,77.34,0.00,5.78,1041.56,Delivered
#0002044,2025-10-22T14:55:00,2025-10-23T21:42:00,CUST-01193,USD,1286.67,91.03,4.99,82.57,1300.12,Cancelled
#0002047,2025-10-06T20:42:00,2025-10-08T10:43:00,CUST-01675,USD,256.67,13.18,7.99,6.12,271.72,Delivered
#0002048,2025-10-07T21:07:00,2025-10-09T18:33:00,CUST-00672,USD,139.14,10.77,7.99,0.83,157.07,Shipped
#0002049,2026-02-13T09:17:00,2026-02-15T19:10:00,CUST-01572,USD,22.66,1.06,12.99,2.23,34.48,Delivered
#0002057,2025-10-07T11:09:00,2025-10-08T13:22:00,CUST-00280,USD,795.78,52.63,0.00,49.80,798.61,Cancelled
#0002060,2026-05-07T16:12:00,2026-05-08T09:22:00,CUST-01435,USD,205.57,8.77,12.99,14.24,213.09,Shipped
#0002062,2026-06-02T14:23:00,2026-06-03T22:38:00,CUST-01861,USD,964.69,74.27,7.99,80.98,965.97,Delivered
#0002064,2026-05-08T08:45:00,2026-05-09T12:39:00,CUST-00667,USD,507.74,20.14,0.00,11.92,515.96,Delivered
#0002066,2026-03-27T17:37:00,2026-03-27T18:35:00,CUST-00024,USD,33.68,1.73,12.99,0.90,47.50,Delivered
#0002067,2026-02-13T10:19:00,2026-02-14T17:13:00,CUST-01013,USD,205.80,9.75,4.99,23.14,197.40,Delivered
#0002068,2026-05-20T19:52:00,2026-05-22T17:58:00,CUST-01111,USD,451.77,31.35,0.00,26.50,456.62,Delivered
#0002070,2025-08-22T18:02:00,2025-08-23T12:20:00,CUST-02209,USD,395.12,19.88,0.00,40.39,374.61,Delivered
#0002073,2025-10-18T21:08:00,2025-10-20T22:33:00,CUST-02484,USD,711.20,30.80,4.99,6.08,740.91,Delivered
#0002074,2025-09-06T20:18:00,2025-09-06T19:21:00,CUST-01755,USD,366.56,24.33,7.99,23.25,375.63,Delivered
#0002079,2026-04-03T11:11:00,2026-04-05T09:21:00,CUST-01048,USD,1623.57,75.74,4.99,156.96,1547.34,Shipped
#0002081,2025-08-08T10:17:00,2025-08-08T19:23:00,CUST-02367,USD,45.32,2.66,7.99,2.85,53.12,Delivered
#0002083,2026-06-04T17:44:00,2026-06-05T15:21:00,CUST-01643,USD,1662.65,102.17,0.00,151.32,1613.50,Delivered
#0002087,2026-02-15T13:09:00,2026-02-16T19:39:00,CUST-00030,USD,147.35,11.55,7.99,12.45,154.44,Delivered
#0002091,2026-02-04T22:49:00,2026-02-06T10:36:00,CUST-00901,USD,287.61,18.76,0.00,14.08,292.29,Delivered
#0002092,2026-03-02T14:29:00,2026-03-02T20:11:00,CUST-00280,USD,452.95,27.54,0.00,37.10,443.39,Processing
#0002093,2026-01-11T16:11:00,2026-01-13T20:02:00,CUST-00432,USD,609.32,33.86,0.00,62.94,580.24,Delivered
#0002096,2025-07-20T12:31:00,2025-07-21T09:31:00,CUST-02114,USD,156.72,10.53,4.99,9.13,163.11,Delivered
#0002097,2025-10-21T19:57:00,2025-10-22T18:43:00,CUST-02435,USD,662.86,28.04,12.99,27.72,676.17,Shipped
#0002103,2026-04-02T22:50:00,2026-04-04T17:12:00,CUST-02455,USD,17.07,0.65,0.00,1.15,16.57,Delivered
#0002104,2026-06-16T08:09:00,2026-06-16T11:20:00,CUST-00555,USD,513.18,19.86,0.00,34.27,498.77,Shipped
#0002118,2025-09-22T15:58:00,2025-09-24T11:47:00,CUST-01818,USD,440.13,21.85,12.99,40.54,434.43,Shipped
#0002120,2026-05-11T20:46:00,2026-05-11T21:35:00,CUST-01175,USD,184.90,14.86,0.00,15.99,183.77,Delivered
#0002122,2025-07-18T10:23:00,2025-07-19T13:23:00,CUST-01534,USD,398.91,20.98,4.99,12.96,411.92,Delivered
#0002125,2025-12-31T10:56:00,2026-01-01T12:08:00,CUST-00186,USD,90.42,3.57,0.00,8.66,85.33,Delivered
#0002126,2025-12-27T09:43:00,2025-12-28T18:04:00,CUST-00223,USD,328.86,23.07,0.00,17.17,334.76,Processing
#0002136,2025-09-06T20:38:00,2025-09-06T12:14:00,CUST-02268,USD,781.42,31.97,4.99,60.91,757.47,Delivered
#0002138,2026-02-02T12:01:00,2026-02-03T13:51:00,CUST-00742,USD,596.04,41.30,12.99,51.54,598.79,Delivered
#0002144,2026-06-16T21:16:00,2026-06-18T14:48:00,CUST-02061,USD,516.63,39.18,12.99,16.89,551.91,Processing
#0002146,2025-11-02T21:44:00,2025-11-03T15:21:00,CUST-01024,USD,203.39,14.80,7.99,24.35,201.83,Delivered
#0002148,2026-05-25T22:52:00,2026-05-26T20:51:00,CUST-02577,USD,739.28,53.69,12.99,15.94,790.02,Shipped
#0002152,2025-12-19T13:13:00,2025-12-20T12:05:00,CUST-01178,USD,1976.89,146.05,4.99,142.64,1985.29,Delivered
#0002153,2026-03-17T11:00:00,2026-03-19T10:07:00,CUST-00743,USD,907.30,61.68,12.99,78.39,903.58,Delivered
#0002160,2025-10-28T13:52:00,2025-10-28T20:56:00,CUST-00339,USD,787.33,41.51,12.99,55.79,786.04,Cancelled
#0002164,2026-06-28T21:07:00,2026-06-28T13:36:00,CUST-01344,USD,827.55,43.70,0.00,76.46,794.79,Cancelled
#0002165,2025-10-23T22:12:00,2025-10-25T16:12:00,CUST-01419,USD,890.97,50.19,0.00,59.22,881.94,Delivered
#0002166,2025-09-09T21:22:00,2025-09-11T16:52:00,CUST-01784,USD,786.12,60.92,0.00,87.21,759.83,Delivered
#0002171,2025-11-16T08:19:00,2025-11-16T15:50:00,CUST-01002,USD,639.17,31.63,12.99,30.46,653.33,Delivered
#0002186,2025-07-09T10:28:00,2025-07-11T20:42:00,CUST-01220,USD,261.36,14.61,7.99,13.15,270.81,Delivered
#0002192,2025-07-18T08:25:00,2025-07-18T12:51:00,CUST-00697,USD,172.27,14.03,0.00,11.51,174.79,Shipped
#0002193,2025-08-16T11:08:00,2025-08-16T18:32:00,CUST-01741,USD,153.79,9.45,7.99,2.56,168.67,Delivered
#0002195,2025-08-21T14:34:00,2025-08-23T14:11:00,CUST-00075,USD,157.54,7.15,0.00,12.25,152.44,Processing
#0002199,2025-12-23T16:28:00,2025-12-25T09:32:00,CUST-00016,USD,455.44,36.87,12.99,31.83,473.47,Processing
#0002202,2025-10-31T19:22:00,2025-11-01T15:17:00,CUST-01112,USD,1373.55,57.26,7.99,126.87,1311.93,Processing
#0002211,2025-11-23T13:17:00,2025-11-25T19:33:00,CUST-01606,USD,277.92,21.71,0.00,32.77,266.86,Delivered
#0002213,2026-04-06T14:46:00,2026-04-08T20:10:00,CUST-01152,USD,218.03,10.75,12.99,7.81,233.96,Delivered
#0002214,2025-10-15T18:24:00,2025-10-17T20:56:00,CUST-00930,USD,426.45,28.99,0.00,29.63,425.81,Delivered
#0002218,2026-02-08T17:55:00,2026-02-10T12:40:00,CUST-00297,USD,441.81,22.95,12.99,42.37,435.38,Delivered
#0002222,2026-06-10T15:45:00,2026-06-11T15:22:00,CUST-00903,USD,578.85,26.54,12.99,52.91,565.47,Delivered
#0002231,2026-05-27T10:03:00,2026-05-29T09:40:00,CUST-00187,USD,206.03,16.95,0.00,0.58,222.40,Delivered
#0002237,2025-07-21T19:38:00,2025-07-22T13:55:00,CUST-01951,USD,143.34,9.18,12.99,11.59,153.92,Delivered
#0002241,2026-06-24T19:44:00,2026-06-24T19:17:00,CUST-00676,USD,943.86,74.90,0.00,36.39,982.37,Shipped
#0002249,2025-12-18T20:15:00,2025-12-19T18:38:00,CUST-01869,USD,453.83,20.78,4.99,35.62,443.98,Processing
#0002255,2026-04-21T10:23:00,2026-04-23T11:02:00,CUST-02022,USD,252.74,10.12,0.00,18.32,244.54,Delivered
#0002257,2026-01-06T17:20:00,2026-01-07T09:02:00,CUST-00491,USD,828.32,41.54,7.99,76.49,801.36,Shipped
#0002258,2025-08-18T15:09:00,2025-08-19T20:42:00,CUST-01807,USD,238.48,16.82,12.99,27.93,240.36,Shipped
#0002259,2026-01-24T13:30:00,2026-01-24T19:32:00,CUST-02574,USD,139.52,6.81,0.00,13.05,133.28,Shipped
#0002261,2025-11-25T13:28:00,2025-11-27T19:58:00,CUST-01749,USD,871.95,49.75,0.00,28.18,893.52,Delivered
#0002262,2026-01-26T14:59:00,2026-01-26T18:03:00,CUST-01960,USD,352.71,17.10,0.00,29.32,340.49,Delivered
#0002264,2025-08-10T09:03:00,2025-08-10T20:56:00,CUST-02486,USD,100.33,6.06,0.00,6.72,99.67,Shipped
#0002268,2025-09-21T13:42:00,2025-09-22T13:08:00,CUST-00895,USD,262.20,19.75,0.00,31.09,250.86,Shipped
#0002273,2026-03-02T09:16:00,2026-03-04T10:00:00,CUST-00781,USD,497.61,27.53,12.99,17.48,520.65,Shipped
#0002274,2026-01-10T12:11:00,2026-01-12T12:42:00,CUST-01670,USD,65.71,2.79,7.99,6.27,70.22,Delivered
#0002278,2026-04-14T08:48:00,2026-04-16T15:04:00,CUST-01703,USD,676.62,48.05,0.00,66.53,658.14,Shipped
#0002279,2026-05-04T09:16:00,2026-05-04T15:10:00,CUST-01624,USD,315.52,24.95,7.99,8.49,339.97,Delivered
#0002294,2026-06-05T17:24:00,2026-06-06T11:50:00,CUST-00800,USD,1240.43,60.72,0.00,26.96,1274.19,Delivered
#0002298,2025-08-24T08:00:00,2025-08-26T08:57:00,CUST-01344,USD,1339.16,79.96,4.99,103.09,1321.02,Delivered
#0002299,2026-01-09T09:52:00,2026-01-09T12:09:00,CUST-02133,USD,432.40,24.75,0.00,48.66,408.49,Shipped
#0002301,2025-10-21T20:44:00,2025-10-23T20:06:00,CUST-01601,USD,149.38,12.38,12.99,10.66,164.09,Processing
#0002311,2025-08-14T08:03:00,2025-08-15T20:24:00,CUST-01985,USD,833.40,51.92,7.99,17.61,875.70,Delivered
#0002312,2026-05-13T09:11:00,2026-05-13T18:11:00,CUST-02446,USD,677.73,37.91,7.99,72.78,650.85,Delivered
#0002313,2025-11-19T16:24:00,2025-11-21T18:52:00,CUST-00687,USD,132.71,9.60,12.99,9.96,145.34,Delivered
#0002314,2025-09-25T15:38:00,2025-09-27T11:45:00,CUST-00182,USD,473.35,31.96,0.00,30.02,475.29,Delivered
#0002318,2025-09-02T19:25:00,2025-09-04T21:32:00,CUST-00096,USD,155.47,13.25,7.99,8.01,168.70,Delivered
#0002323,2026-03-29T22:25:00,2026-03-30T16:54:00,CUST-00963,USD,414.80,18.11,0.00,27.17,405.74,Delivered
#0002329,2026-06-28T08:41:00,2026-06-30T09:50:00,CUST-01048,USD,1228.77,77.38,0.00,77.16,1228.99,Delivered
#0002333,2025-08-11T16:34:00,2025-08-12T22:08:00,CUST-01617,USD,163.45,6.77,0.00,8.05,162.17,Delivered
#0002334,2025-11-23T19:01:00,2025-11-23T08:16:00,CUST-01380,USD,343.34,25.09,0.00,12.04,356.39,Delivered
#0002336,2026-04-06T10:37:00,2026-04-08T20:31:00,CUST-00020,USD,221.18,19.01,0.00,7.30,232.89,Delivered
#0002342,2026-04-01T10:23:00,2026-04-02T14:36:00,CUST-00930,USD,1274.76,72.27,12.99,60.20,1299.82,Delivered
#0002344,2025-09-25T12:05:00,2025-09-27T14:57:00,CUST-01869,USD,325.45,17.58,7.99,32.53,318.49,Cancelled
#0002345,2025-09-19T09:10:00,2025-09-20T16:40:00,CUST-01616,USD,103.83,7.68,7.99,6.51,112.99,Delivered
#0002354,2025-08-15T09:12:00,2025-08-17T12:34:00,CUST-01627,USD,1223.52,65.86,7.99,117.53,1179.84,Delivered
#0002357,2025-10-07T20:54:00,2025-10-08T20:07:00,CUST-01175,USD,561.02,31.44,0.00,25.18,567.28,Cancelled
#0002358,2026-03-27T08:10:00,2026-03-27T10:08:00,CUST-01200,USD,951.36,61.95,0.00,11.39,1001.92,Delivered
#0002361,2025-12-06T13:41:00,2025-12-07T09:55:00,CUST-00891,USD,775.45,57.05,4.99,49.38,788.11,Delivered
#0002363,2025-07-16T11:00:00,2025-07-16T22:22:00,CUST-00832,USD,174.94,8.55,12.99,0.81,195.67,Delivered
#0002370,2025-07-06T20:01:00,2025-07-06T15:42:00,CUST-00921,USD,1385.33,85.48,12.99,122.06,1361.74,Processing
#0002371,2026-01-05T11:36:00,2026-01-07T16:29:00,CUST-01633,USD,1103.99,73.61,4.99,54.42,1128.17,Delivered
#0002372,2026-06-14T16:50:00,2026-06-16T16:21:00,CUST-02225,USD,217.35,8.71,12.99,14.90,224.15,Delivered
#0002375,2025-12-09T14:20:00,2025-12-11T19:24:00,CUST-02290,USD,34.64,1.52,0.00,1.01,35.15,Shipped
#0002377,2025-12-31T21:36:00,2025-12-31T15:24:00,CUST-02406,USD,1084.29,52.79,0.00,77.15,1059.93,Delivered
#0002380,2025-10-31T11:29:00,2025-11-01T11:46:00,CUST-01039,USD,279.51,18.84,12.99,26.72,284.62,Delivered
#0002386,2026-05-18T21:13:00,2026-05-20T14:31:00,CUST-01429,USD,138.76,9.80,12.99,7.79,153.76,Delivered
#0002388,2026-03-31T08:31:00,2026-03-31T20:54:00,CUST-01570,USD,966.82,64.38,12.99,76.94,967.25,Delivered
#0002394,2025-08-29T14:44:00,2025-08-31T18:41:00,CUST-00073,USD,1786.88,123.31,0.00,169.83,1740.36,Delivered
#0002397,2025-07-18T16:42:00,2025-07-19T12:32:00,CUST-00271,USD,256.80,17.91,7.99,14.49,268.21,Shipped
#0002417,2025-12-23T09:08:00,2025-12-25T08:56:00,CUST-01262,USD,109.94,7.31,12.99,6.70,123.54,Delivered
#0002421,2025-12-19T18:26:00,2025-12-20T19:41:00,CUST-01012,USD,860.76,67.50,4.99,44.20,889.05,Delivered
#0002424,2026-05-14T11:29:00,2026-05-14T21:22:00,CUST-01255,USD,66.35,3.64,0.00,4.35,65.64,Delivered
#0002428,2026-03-16T08:56:00,2026-03-17T12:24:00,CUST-01086,USD,627.23,42.17,12.99,57.79,624.60,Delivered
#0002431,2025-08-13T12:53:00,2025-08-15T17:18:00,CUST-00638,USD,899.75,61.80,4.99,36.00,930.54,Delivered
#0002437,2025-12-31T14:46:00,2026-01-01T17:21:00,CUST-01077,USD,452.42,28.05,7.99,47.14,441.32,Delivered
#0002440,2025-08-30T22:06:00,2025-09-01T19:54:00,CUST-00226,USD,47.00,2.05,0.00,0.82,48.23,Processing
#0002441,2026-06-13T22:08:00,2026-06-13T19:40:00,CUST-01549,USD,332.52,28.72,4.99,1.74,364.49,Delivered
#0002442,2025-11-13T14:37:00,2025-11-14T12:39:00,CUST-00788,USD,802.29,61.36,0.00,55.99,807.66,Shipped
#0002446,2025-09-02T14:47:00,2025-09-02T20:36:00,CUST-02385,USD,108.55,5.51,4.99,3.19,115.86,Shipped
#0002450,2026-06-26T14:52:00,2026-06-27T18:09:00,CUST-00094,USD,239.05,19.55,0.00,10.51,248.09,Cancelled
#0002451,2026-06-21T17:26:00,2026-06-22T13:13:00,CUST-01890,USD,988.54,72.47,0.00,77.37,983.64,Processing
#0002452,2026-01-06T17:23:00,2026-01-07T20:03:00,CUST-00935,USD,389.28,17.10,4.99,5.61,405.76,Delivered
#0002455,2025-09-08T18:13:00,2025-09-09T21:28:00,CUST-00662,USD,112.85,5.31,12.99,8.17,122.98,Delivered
#0002458,2026-06-17T11:22:00,2026-06-19T17:34:00,CUST-02249,USD,1376.39,107.86,4.99,82.64,1406.60,Processing
#0002459,2026-01-01T11:56:00,2026-01-03T09:48:00,CUST-01581,USD,885.30,55.50,0.00,22.30,918.50,Delivered
#0002461,2025-10-08T13:45:00,2025-10-08T14:35:00,CUST-01439,USD,703.51,46.11,4.99,35.69,718.92,Delivered
#0002468,2025-12-02T21:45:00,2025-12-04T22:48:00,CUST-00707,USD,330.87,13.38,0.00,15.22,329.03,Delivered
#0002477,2026-03-01T21:42:00,2026-03-01T16:19:00,CUST-02225,USD,1265.94,59.56,0.00,87.38,1238.12,Delivered
#0002483,2026-05-04T08:40:00,2026-05-06T17:00:00,CUST-01627,USD,162.84,10.42,4.99,8.11,170.14,Delivered
#0002490,2026-03-12T08:05:00,2026-03-12T17:50:00,CUST-01845,USD,29.58,1.69,4.99,2.77,33.49,Delivered
#0002497,2026-05-18T10:45:00,2026-05-19T14:32:00,CUST-01999,USD,452.52,19.42,0.00,19.97,451.97,Delivered
#0002504,2025-11-26T13:40:00,2025-11-26T14:54:00,CUST-01752,USD,164.44,10.08,7.99,3.85,178.66,Delivered
#0002505,2025-07-12T13:58:00,2025-07-14T10:29:00,CUST-00547,USD,1144.42,75.60,12.99,25.62,1207.39,Delivered
#0002506,2025-10-25T14:52:00,2025-10-26T15:45:00,CUST-02304,USD,1006.46,57.49,7.99,53.05,1018.89,Delivered
#0002510,2025-09-29T13:07:00,2025-09-29T13:07:00,CUST-00745,USD,393.00,30.79,7.99,0.03,431.75,Delivered
#0002512,2026-05-05T09:02:00,2026-05-05T10:51:00,CUST-00303,USD,119.99,7.21,0.00,7.86,119.34,Delivered
#0002513,2026-04-13T09:51:00,2026-04-13T11:11:00,CUST-02244,USD,1360.58,71.00,4.99,40.39,1396.18,Shipped
#0002528,2026-06-20T12:48:00,2026-06-21T10:54:00,CUST-02495,USD,640.15,47.01,0.00,49.21,637.95,Delivered
#0002531,2025-09-13T13:09:00,2025-09-14T16:56:00,CUST-01721,USD,269.32,17.46,4.99,13.57,278.20,Delivered
#0002537,2026-04-16T12:04:00,2026-04-17T21:48:00,CUST-01671,USD,93.12,5.89,7.99,6.32,100.68,Delivered
#0002538,2025-10-06T13:50:00,2025-10-07T08:18:00,CUST-00305,USD,1997.80,132.16,0.00,209.09,1920.87,Delivered
#0002539,2025-10-29T16:39:00,2025-10-29T16:19:00,CUST-02593,USD,1018.47,42.41,12.99,93.90,979.97,Delivered
#0002542,2026-04-18T20:36:00,2026-04-18T15:17:00,CUST-01108,USD,987.41,64.55,12.99,33.18,1031.77,Delivered
#0002544,2025-11-16T19:13:00,2025-11-18T15:01:00,CUST-01382,USD,127.43,6.00,12.99,14.83,131.59,Delivered
#0002545,2025-09-21T12:12:00,2025-09-22T19:57:00,CUST-01058,USD,152.92,9.75,4.99,4.09,163.57,Delivered
#0002550,2025-08-17T12:25:00,2025-08-17T15:02:00,CUST-02292,USD,607.23,27.61,12.99,46.57,601.26,Delivered
#0002553,2025-12-16T11:15:00,2025-12-17T15:13:00,CUST-02095,USD,353.34,22.87,0.00,11.31,364.90,Delivered
#0002554,2026-06-29T14:27:00,2026-06-29T16:52:00,CUST-02468,USD,1558.87,116.89,12.99,61.75,1627.00,Cancelled
#0002555,2025-11-05T20:47:00,2025-11-06T12:52:00,CUST-02549,USD,412.35,18.46,12.99,14.62,429.18,Delivered
#0002557,2026-03-26T19:03:00,2026-03-27T18:17:00,CUST-00275,USD,248.94,13.71,0.00,14.87,247.78,Delivered
#0002560,2026-05-25T13:26:00,2026-05-27T09:41:00,CUST-00553,USD,377.01,25.41,0.00,41.67,360.75,Shipped
#0002562,2026-03-21T12:09:00,2026-03-22T12:08:00,CUST-00129,USD,543.91,26.82,0.00,50.28,520.45,Processing
#0002567,2025-11-12T11:07:00,2025-11-14T22:15:00,CUST-02432,USD,60.89,4.45,0.00,5.96,59.38,Shipped
#0002570,2025-10-22T19:54:00,2025-10-23T17:07:00,CUST-01776,USD,564.34,28.21,7.99,39.95,560.59,Delivered
#0002574,2026-02-14T08:16:00,2026-02-16T15:33:00,CUST-02431,USD,972.50,49.69,12.99,69.76,965.42,Delivered
#0002583,2026-06-02T08:39:00,2026-06-03T09:05:00,CUST-00444,USD,481.74,30.92,12.99,43.14,482.51,Delivered
#0002599,2025-07-12T16:21:00,2025-07-12T15:44:00,CUST-00559,USD,241.16,13.68,7.99,15.85,246.98,Delivered
#0002601,2026-05-27T11:30:00,2026-05-29T09:35:00,CUST-00025,USD,411.91,23.62,12.99,22.72,425.80,Shipped
#0002607,2026-04-04T09:25:00,2026-04-05T13:05:00,CUST-02335,USD,85.36,5.93,4.99,6.45,89.83,Delivered
#0002608,2026-05-29T09:28:00,2026-05-31T09:34:00,CUST-00442,USD,1646.02,97.26,4.99,66.87,1681.40,Shipped
#0002610,2026-04-16T11:14:00,2026-04-18T19:06:00,CUST-02301,USD,446.36,28.86,12.99,25.81,462.40,Shipped
#0002611,2026-01-31T12:18:00,2026-02-02T13:44:00,CUST-01392,USD,1006.02,49.35,12.99,52.80,1015.56,Shipped
#0002614,2026-04-07T16:35:00,2026-04-07T08:20:00,CUST-00254,USD,239.61,18.58,4.99,15.20,247.98,Delivered
#0002619,2025-11-13T18:58:00,2025-11-14T14:08:00,CUST-01484,USD,453.10,30.87,4.99,32.85,456.11,Delivered
#0002621,2025-07-29T08:25:00,2025-07-31T21:59:00,CUST-02458,USD,154.73,7.51,0.00,12.48,149.76,Processing
#0002622,2025-10-17T18:04:00,2025-10-17T21:03:00,CUST-02226,USD,1473.50,73.90,0.00,145.62,1401.78,Delivered
#0002626,2025-09-11T21:12:00,2025-09-13T20:52:00,CUST-02219,USD,308.20,14.33,0.00,1.64,320.89,Delivered
#0002628,2026-06-12T19:35:00,2026-06-12T10:14:00,CUST-01678,USD,726.68,60.73,4.99,15.68,776.72,Shipped
#0002629,2026-04-28T10:11:00,2026-04-30T22:00:00,CUST-00667,USD,1109.21,78.19,0.00,83.52,1103.88,Delivered
#0002632,2026-06-26T10:06:00,2026-06-26T09:40:00,CUST-02336,USD,1060.86,64.13,4.99,65.45,1064.53,Delivered
#0002637,2026-04-17T19:08:00,2026-04-17T18:22:00,CUST-01978,USD,301.58,18.28,0.00,12.92,306.94,Delivered
#0002638,2025-11-06T20:59:00,2025-11-08T21:00:00,CUST-01753,USD,23.44,1.77,0.00,1.28,23.93,Delivered
#0002640,2025-10-26T11:01:00,2025-10-27T10:59:00,CUST-00792,USD,362.88,17.87,0.00,3.65,377.10,Delivered
#0002647,2026-01-06T10:29:00,2026-01-06T19:01:00,CUST-00534,USD,496.31,23.32,7.99,29.80,497.82,Processing
#0002649,2025-12-02T10:48:00,2025-12-03T17:50:00,CUST-00257,USD,970.81,80.37,0.00,47.49,1003.69,Delivered
#0002655,2025-12-30T22:03:00,2026-01-01T08:01:00,CUST-00668,USD,1245.67,72.99,12.99,51.93,1279.72,Delivered
#0002659,2025-11-04T11:16:00,2025-11-04T12:47:00,CUST-00027,USD,837.12,68.00,12.99,33.00,885.11,Delivered
#0002662,2025-11-12T13:34:00,2025-11-13T16:57:00,CUST-00502,USD,247.96,19.39,7.99,4.43,270.91,Delivered
#0002663,2025-10-08T13:01:00,2025-10-10T14:17:00,CUST-00604,USD,951.44,49.28,0.00,35.95,964.77,Delivered
#0002667,2025-12-18T09:29:00,2025-12-18T14:44:00,CUST-01500,USD,42.80,3.24,4.99,3.91,47.12,Delivered
#0002668,2026-05-17T17:58:00,2026-05-17T08:48:00,CUST-00772,USD,101.27,7.52,0.00,6.18,102.61,Shipped
#0002669,2025-08-19T11:36:00,2025-08-20T16:30:00,CUST-01077,USD,1661.67,115.16,7.99,70.77,1714.05,Processing
#0002676,2026-02-10T14:17:00,2026-02-12T09:35:00,CUST-02203,USD,305.72,14.37,7.99,10.18,317.90,Processing
#0002680,2026-01-24T08:55:00,2026-01-26T19:32:00,CUST-01851,USD,322.54,23.15,7.99,34.20,319.48,Delivered
#0002685,2025-07-06T20:44:00,2025-07-08T11:32:00,CUST-01992,USD,617.89,28.30,0.00,48.08,598.11,Delivered
#0002687,2025-07-03T12:58:00,2025-07-04T10:50:00,CUST-02374,USD,384.13,22.59,7.99,31.97,382.74,Shipped
#0002689,2026-06-04T13:20:00,2026-06-05T21:50:00,CUST-02279,USD,271.68,21.42,4.99,6.84,291.25,Delivered
#0002690,2025-08-05T17:54:00,2025-08-05T08:48:00,CUST-01737,USD,833.32,51.47,4.99,65.38,824.40,Shipped
#0002700,2026-06-10T10:14:00,2026-06-11T19:16:00,CUST-01459,USD,243.71,18.24,0.00,6.92,255.03,Delivered
#0002703,2025-08-05T22:19:00,2025-08-07T22:50:00,CUST-01015,USD,946.90,70.57,0.00,60.62,956.85,Delivered
#0002704,2026-02-21T12:03:00,2026-02-22T20:38:00,CUST-01799,USD,146.26,8.25,12.99,3.10,164.40,Delivered
#0002707,2026-04-09T12:05:00,2026-04-09T17:51:00,CUST-02051,USD,948.78,77.57,0.00,45.00,981.35,Processing
#0002709,2026-03-18T15:35:00,2026-03-18T14:13:00,CUST-02150,USD,80.30,5.22,12.99,5.64,92.87,Processing
#0002722,2025-07-10T18:04:00,2025-07-12T15:05:00,CUST-01459,USD,413.58,29.44,0.00,13.16,429.86,Shipped
#0002729,2025-09-12T08:08:00,2025-09-14T21:46:00,CUST-02337,USD,663.44,51.90,4.99,23.74,696.59,Delivered
#0002732,2025-12-08T16:24:00,2025-12-09T10:00:00,CUST-00020,USD,151.23,9.17,0.00,11.42,148.98,Processing
#0002733,2025-12-09T15:48:00,2025-12-11T12:11:00,CUST-00374,USD,14.91,0.64,12.99,1.22,27.32,Delivered
#0002734,2026-06-10T14:53:00,2026-06-11T22:33:00,CUST-02062,USD,238.97,19.23,4.99,10.92,252.27,Shipped
#0002735,2026-06-01T14:32:00,2026-06-01T19:47:00,CUST-01812,USD,99.21,3.51,7.99,11.77,98.94,Delivered
#0002738,2025-12-10T13:19:00,2025-12-12T12:43:00,CUST-00661,USD,822.96,55.68,4.99,53.83,829.80,Shipped
#0002742,2025-09-08T08:38:00,2025-09-10T09:05:00,CUST-00481,USD,1057.32,61.17,12.99,103.87,1027.61,Delivered
#0002744,2026-03-22T18:42:00,2026-03-24T19:57:00,CUST-02011,USD,140.02,10.42,12.99,4.75,158.68,Processing
#0002747,2025-12-16T15:55:00,2025-12-18T22:26:00,CUST-01915,USD,53.02,3.04,0.00,4.65,51.41,Shipped
#0002748,2025-10-18T18:59:00,2025-10-18T09:35:00,CUST-00079,USD,360.71,25.28,0.00,11.12,374.87,Delivered
#0002752,2026-06-09T20:05:00,2026-06-10T11:49:00,CUST-00429,USD,589.86,35.93,0.00,51.79,574.00,Delivered
#0002753,2026-06-17T14:30:00,2026-06-19T21:20:00,CUST-01914,USD,210.89,9.60,4.99,8.05,217.43,Delivered
#0002755,2025-12-07T17:23:00,2025-12-09T10:19:00,CUST-00449,USD,366.08,21.03,0.00,11.36,375.75,Delivered
#0002757,2026-06-23T18:47:00,2026-06-25T10:10:00,CUST-01029,USD,668.94,36.59,4.99,17.07,693.45,Delivered
#0002762,2025-08-19T20:28:00,2025-08-19T15:13:00,CUST-00966,USD,2561.25,112.31,0.00,201.33,2472.23,Delivered
#0002766,2025-08-10T13:39:00,2025-08-12T22:39:00,CUST-02523,USD,744.54,49.33,0.00,75.35,718.52,Processing
#0002770,2025-12-24T08:36:00,2025-12-24T08:03:00,CUST-00728,USD,497.50,19.48,12.99,44.32,485.65,Delivered
#0002771,2026-05-02T21:36:00,2026-05-04T16:52:00,CUST-00441,USD,283.46,21.68,12.99,12.81,305.32,Delivered
#0002774,2026-02-19T22:17:00,2026-02-21T22:32:00,CUST-01346,USD,456.21,39.07,0.00,15.03,480.25,Delivered
#0002776,2026-04-01T17:11:00,2026-04-02T21:20:00,CUST-00178,USD,889.48,47.05,4.99,30.48,911.04,Delivered
#0002798,2025-10-01T11:25:00,2025-10-01T17:21:00,CUST-00524,USD,557.56,25.80,0.00,64.44,518.92,Processing
#0002801,2025-11-08T08:03:00,2025-11-10T21:08:00,CUST-01321,USD,30.13,1.47,12.99,2.36,42.23,Shipped
#0002804,2025-10-12T19:59:00,2025-10-14T18:03:00,CUST-01301,USD,933.34,48.92,0.00,37.27,944.99,Delivered
#0002812,2025-07-24T09:03:00,2025-07-24T16:38:00,CUST-02408,USD,224.65,10.58,12.99,18.38,229.84,Delivered
#0002821,2026-01-19T08:54:00,2026-01-19T13:36:00,CUST-02594,USD,80.73,6.11,4.99,3.94,87.89,Delivered
#0002822,2026-05-25T20:20:00,2026-05-27T12:42:00,CUST-01969,USD,833.98,64.21,7.99,40.55,865.63,Delivered
#0002823,2025-10-29T18:07:00,2025-10-30T18:16:00,CUST-02403,USD,1191.42,88.62,7.99,82.11,1205.92,Processing
#0002825,2025-09-08T12:18:00,2025-09-09T11:03:00,CUST-01005,USD,204.38,9.15,0.00,23.39,190.14,Delivered
#0002826,2026-04-09T22:22:00,2026-04-11T11:24:00,CUST-00645,USD,662.26,26.12,0.00,47.73,640.65,Delivered
#0002829,2026-01-25T20:51:00,2026-01-26T15:22:00,CUST-02000,USD,676.18,49.20,7.99,30.22,703.15,Processing
#0002832,2025-10-13T16:14:00,2025-10-15T11:33:00,CUST-01852,USD,1081.81,72.59,7.99,58.52,1103.87,Shipped
#0002834,2025-08-24T15:17:00,2025-08-25T10:07:00,CUST-02586,USD,832.17,60.33,0.00,54.48,838.02,Delivered
#0002839,2026-05-08T09:01:00,2026-05-10T09:17:00,CUST-02538,USD,593.36,42.89,0.00,3.33,632.92,Delivered
#0002840,2025-09-30T19:22:00,2025-10-02T13:17:00,CUST-00379,USD,247.29,14.36,0.00,21.39,240.26,Delivered
#0002850,2026-06-30T18:34:00,2026-06-30T18:32:00,CUST-01333,USD,248.20,13.32,4.99,17.68,248.83,Delivered
#0002852,2025-12-29T20:50:00,2025-12-30T11:38:00,CUST-01796,USD,211.58,7.80,0.00,17.00,202.38,Delivered
#0002856,2025-09-10T08:53:00,2025-09-11T15:25:00,CUST-00547,USD,394.53,16.33,7.99,25.17,393.68,Delivered
#0002858,2026-05-25T14:19:00,2026-05-25T15:06:00,CUST-00692,USD,192.06,10.26,12.99,5.69,209.62,Delivered
#0002864,2025-08-02T22:04:00,2025-08-02T12:06:00,CUST-00461,USD,231.80,11.63,0.00,22.18,221.25,Delivered
#0002868,2025-07-24T19:28:00,2025-07-26T08:28:00,CUST-02126,USD,1075.00,55.59,7.99,42.15,1096.43,Delivered
#0002869,2025-12-27T09:43:00,2025-12-28T10:32:00,CUST-01522,USD,1405.27,80.47,7.99,151.05,1342.68,Shipped
#0002870,2025-12-14T17:15:00,2025-12-15T18:36:00,CUST-01935,USD,730.85,48.82,12.99,30.36,762.30,Processing
#0002874,2025-07-17T21:05:00,2025-07-17T14:12:00,CUST-00632,USD,63.47,3.01,4.99,3.93,67.54,Delivered
#0002876,2026-04-15T10:57:00,2026-04-16T19:28:00,CUST-02460,USD,614.97,38.80,0.00,59.34,594.43,Delivered
#0002877,2026-05-15T18:46:00,2026-05-15T18:33:00,CUST-00397,USD,1038.62,67.76,7.99,31.62,1082.75,Delivered
#0002880,2025-11-27T14:30:00,2025-11-28T19:34:00,CUST-00545,USD,504.58,26.56,7.99,28.86,510.27,Processing
#0002883,2026-04-19T17:12:00,2026-04-20T10:54:00,CUST-02416,USD,984.59,60.42,12.99,66.66,991.34,Delivered
#0002887,2026-02-02T22:47:00,2026-02-03T10:21:00,CUST-01740,USD,426.82,22.43,0.00,42.33,406.92,Delivered
#0002890,2026-04-05T15:08:00,2026-04-05T10:00:00,CUST-00799,USD,376.04,15.71,0.00,16.71,375.04,Delivered
#0002894,2026-05-31T21:28:00,2026-06-01T15:16:00,CUST-02027,USD,333.19,28.41,4.99,6.37,360.22,Processing
#0002896,2025-11-13T11:59:00,2025-11-13T14:31:00,CUST-00152,USD,309.10,22.40,7.99,35.32,304.17,Delivered
#0002897,2025-07-16T17:30:00,2025-07-16T17:52:00,CUST-01032,USD,1055.89,61.67,4.99,79.64,1042.91,Delivered
#0002898,2026-02-21T12:55:00,2026-02-23T17:19:00,CUST-02081,USD,847.27,54.87,4.99,72.86,834.27,Delivered
#0002904,2026-02-09T12:22:00,2026-02-10T14:24:00,CUST-01391,USD,1091.97,58.90,0.00,40.37,1110.50,Delivered
#0002905,2026-04-30T18:06:00,2026-04-30T16:19:00,CUST-00540,USD,174.04,9.52,4.99,4.81,183.74,Delivered
#0002908,2026-05-30T15:21:00,2026-05-30T17:52:00,CUST-00277,USD,386.73,25.86,4.99,19.04,398.54,Processing
#0002912,2025-07-29T16:56:00,2025-07-29T22:34:00,CUST-00502,USD,128.89,10.42,12.99,1.87,150.43,Delivered
#0002915,2026-04-26T13:27:00,2026-04-28T12:12:00,CUST-01240,USD,358.04,27.10,7.99,31.86,361.27,Delivered
#0002917,2026-03-21T18:47:00,2026-03-21T11:32:00,CUST-00365,USD,847.76,67.71,12.99,50.49,877.97,Shipped
#0002918,2025-07-14T10:14:00,2025-07-14T17:44:00,CUST-02104,USD,928.75,66.47,12.99,34.80,973.41,Delivered
#0002920,2025-08-11T09:03:00,2025-08-12T18:33:00,CUST-02206,USD,35.60,2.90,0.00,1.42,37.08,Delivered
#0002924,2026-02-18T08:09:00,2026-02-20T09:19:00,CUST-02563,USD,234.07,18.54,0.00,23.49,229.12,Delivered
#0002930,2026-03-31T10:25:00,2026-04-02T19:54:00,CUST-02282,USD,317.42,21.98,12.99,28.73,323.66,Delivered
#0002931,2025-10-13T11:07:00,2025-10-15T17:51:00,CUST-01009,USD,134.51,7.95,4.99,12.50,134.95,Delivered
#0002932,2026-01-01T15:40:00,2026-01-03T22:13:00,CUST-01474,USD,1516.24,106.89,0.00,141.71,1481.42,Processing
#0002939,2026-04-04T15:16:00,2026-04-06T13:06:00,CUST-00211,USD,694.00,44.54,7.99,37.32,709.21,Delivered
#0002942,2026-01-28T11:23:00,2026-01-28T21:03:00,CUST-01387,USD,205.80,16.48,7.99,10.34,219.93,Shipped
#0002944,2026-01-31T14:34:00,2026-02-01T08:17:00,CUST-01523,USD,568.07,33.04,12.99,32.58,581.52,Delivered
#0002945,2026-03-24T19:01:00,2026-03-25T11:17:00,CUST-00955,USD,373.62,16.37,12.99,31.09,371.89,Delivered
#0002954,2026-06-09T13:59:00,2026-06-09T11:06:00,CUST-01127,USD,274.65,14.17,0.00,6.38,282.44,Shipped
#0002955,2026-03-14T08:25:00,2026-03-15T20:03:00,CUST-02378,USD,324.00,17.86,0.00,23.43,318.43,Delivered
#0002964,2026-06-08T22:35:00,2026-06-09T19:43:00,CUST-01252,USD,289.72,15.58,7.99,13.66,299.63,Delivered
#0002966,2026-04-11T14:47:00,2026-04-11T10:47:00,CUST-01454,USD,1126.29,92.26,7.99,96.57,1129.97,Delivered
#0002974,2025-11-21T19:56:00,2025-11-23T11:26:00,CUST-02324,USD,543.64,38.57,4.99,24.18,563.02,Delivered
#0002975,2026-01-15T10:55:00,2026-01-16T09:08:00,CUST-00335,USD,67.24,5.21,4.99,1.42,76.02,Processing
#0002980,2026-05-25T12:22:00,2026-05-25T16:11:00,CUST-00401,USD,183.64,9.26,0.00,15.83,177.07,Processing
#0002984,2026-05-06T12:42:00,2026-05-07T15:31:00,CUST-02150,USD,659.50,30.60,0.00,72.64,617.46,Delivered
#0002988,2026-06-03T19:43:00,2026-06-03T15:57:00,CUST-02304,USD,535.02,29.45,7.99,52.25,520.21,Shipped
#0002993,2026-06-18T20:45:00,2026-06-20T17:26:00,CUST-00683,USD,153.92,7.12,12.99,16.05,157.98,Delivered
#0002996,2025-07-06T10:25:00,2025-07-08T22:17:00,CUST-00515,USD,864.91,39.13,4.99,74.58,834.45,Delivered
#0003003,2026-05-09T13:09:00,2026-05-11T18:45:00,CUST-00014,USD,732.51,47.21,0.00,27.74,751.98,Delivered
#0003005,2026-03-14T08:38:00,2026-03-14T20:00:00,CUST-00535,USD,1311.43,69.90,0.00,44.83,1336.50,Cancelled
#0003013,2025-09-16T11:13:00,2025-09-18T13:44:00,CUST-00915,USD,2022.06,120.84,0.00,103.30,2039.60,Delivered
#0003014,2025-07-21T21:04:00,2025-07-23T08:40:00,CUST-01736,USD,1080.99,63.76,4.99,63.54,1086.20,Delivered
#0003017,2026-06-19T13:21:00,2026-06-20T10:38:00,CUST-00158,USD,1122.47,69.45,4.99,54.65,1142.26,Delivered
#0003018,2026-01-25T14:36:00,2026-01-26T11:32:00,CUST-02004,USD,573.23,31.79,0.00,10.38,594.64,Delivered
#0003019,2025-09-16T10:53:00,2025-09-16T19:32:00,CUST-01404,USD,758.13,38.76,0.00,58.38,738.51,Delivered
#0003027,2026-01-23T21:16:00,2026-01-24T19:27:00,CUST-00385,USD,241.16,20.26,7.99,12.13,257.28,Delivered
#0003033,2025-10-03T08:10:00,2025-10-04T18:01:00,CUST-01871,USD,1772.69,128.15,12.99,124.93,1788.90,Delivered
#0003048,2026-01-17T22:12:00,2026-01-19T20:23:00,CUST-01775,USD,140.57,9.02,7.99,5.04,152.54,Shipped
#0003049,2026-03-18T11:17:00,2026-03-19T19:20:00,CUST-00713,USD,2386.78,144.14,4.99,104.94,2430.97,Processing
#0003052,2026-03-29T12:37:00,2026-03-31T14:25:00,CUST-00765,USD,396.07,30.93,4.99,28.26,403.73,Delivered
#0003055,2026-02-18T17:51:00,2026-02-19T16:38:00,CUST-01724,USD,500.62,34.25,12.99,23.87,523.99,Delivered
#0003058,2025-08-14T19:14:00,2025-08-15T16:14:00,CUST-01502,USD,989.33,58.37,0.00,33.58,1014.12,Delivered
#0003067,2026-04-14T13:55:00,2026-04-14T08:41:00,CUST-01071,USD,860.91,58.49,0.00,82.95,836.45,Shipped
#0003069,2026-04-08T13:39:00,2026-04-10T22:03:00,CUST-00462,USD,1093.84,80.56,7.99,106.24,1076.15,Shipped
#0003072,2026-05-03T08:27:00,2026-05-03T13:11:00,CUST-01324,USD,824.31,47.31,0.00,28.95,842.67,Delivered
#0003076,2025-11-08T13:14:00,2025-11-09T14:13:00,CUST-00296,USD,274.34,13.02,7.99,14.94,280.41,Delivered
#0003079,2025-07-23T19:47:00,2025-07-24T17:21:00,CUST-02306,USD,358.82,27.85,4.99,29.08,362.58,Shipped
#0003081,2025-07-06T17:40:00,2025-07-06T22:50:00,CUST-01500,USD,539.02,44.24,4.99,34.57,553.68,Delivered
#0003082,2025-08-06T12:21:00,2025-08-06T12:47:00,CUST-00568,USD,1172.97,72.51,0.00,85.11,1160.37,Delivered
#0003083,2025-08-27T16:34:00,2025-08-28T20:42:00,CUST-02188,USD,817.64,40.65,4.99,50.06,813.22,Delivered
#0003086,2025-08-25T14:19:00,2025-08-25T11:49:00,CUST-00631,USD,114.78,7.33,12.99,12.31,122.79,Processing
#0003088,2026-05-17T14:34:00,2026-05-19T11:28:00,CUST-02129,USD,247.09,18.17,7.99,27.69,245.56,Shipped
#0003090,2026-02-11T18:59:00,2026-02-13T20:23:00,CUST-02095,USD,381.36,22.45,4.99,5.69,403.11,Delivered
#0003092,2026-01-03T12:12:00,2026-01-03T11:50:00,CUST-00867,USD,394.16,33.03,0.00,12.40,414.79,Delivered
#0003095,2026-01-05T17:11:00,2026-01-05T11:01:00,CUST-01008,USD,168.10,13.67,0.00,11.22,170.55,Processing
#0003098,2025-09-20T10:25:00,2025-09-20T12:22:00,CUST-00335,USD,506.91,26.49,0.00,6.94,526.46,Shipped
#0003100,2026-01-13T14:46:00,2026-01-13T18:07:00,CUST-00287,USD,117.15,4.86,0.00,10.22,111.79,Delivered
#0003102,2026-03-04T10:24:00,2026-03-05T20:53:00,CUST-00277,USD,1144.52,56.65,4.99,115.28,1090.88,Delivered
#0003103,2025-09-11T15:40:00,2025-09-13T22:44:00,CUST-01843,USD,64.38,4.16,7.99,2.11,74.42,Delivered
#0003109,2025-09-20T22:33:00,2025-09-20T19:46:00,CUST-00088,USD,99.04,6.26,0.00,1.04,104.26,Shipped
#0003114,2025-10-20T11:52:00,2025-10-20T21:49:00,CUST-02558,USD,115.50,5.19,4.99,1.42,124.26,Delivered
#0003116,2026-04-21T17:09:00,2026-04-22T21:52:00,CUST-00973,CAD,723.59,46.48,4.99,34.34,740.72,Delivered
#0003123,2025-10-31T12:58:00,2025-11-02T12:45:00,CUST-01438,USD,125.51,6.73,12.99,4.71,140.52,Delivered
#0003124,2026-03-03T17:02:00,2026-03-04T14:32:00,CUST-00632,USD,216.29,15.06,0.00,13.03,218.32,Delivered
#0003125,2026-02-07T18:17:00,2026-02-07T15:00:00,CUST-00036,USD,571.11,36.55,7.99,49.87,565.78,Delivered
#0003130,2026-04-20T16:13:00,2026-04-20T19:51:00,CUST-01675,USD,1309.00,89.28,4.99,79.97,1323.30,Delivered
#0003131,2025-09-18T12:15:00,2025-09-19T17:24:00,CUST-02213,USD,152.37,7.03,0.00,2.97,156.43,Cancelled
#0003136,2025-08-10T17:33:00,2025-08-10T17:45:00,CUST-01169,USD,482.38,26.45,0.00,45.31,463.52,Shipped
#0003140,2025-09-28T20:03:00,2025-09-28T20:50:00,CUST-00749,USD,245.63,12.22,0.00,2.70,255.15,Delivered
#0003141,2026-01-19T09:06:00,2026-01-20T15:54:00,CUST-00864,USD,314.56,19.13,12.99,26.56,320.12,Delivered
#0003142,2025-12-21T10:34:00,2025-12-22T08:57:00,CUST-00451,USD,1479.96,81.71,0.00,131.71,1429.96,Shipped
#0003143,2026-01-10T10:11:00,2026-01-11T15:55:00,CUST-01676,USD,249.57,18.89,7.99,14.68,261.77,Delivered
#0003144,2026-06-11T14:51:00,2026-06-12T21:24:00,CUST-02317,USD,278.20,18.67,12.99,20.77,289.09,Delivered
#0003146,2026-03-14T10:53:00,2026-03-16T16:45:00,CUST-01609,USD,1018.94,45.70,12.99,79.17,998.46,Delivered
#0003149,2026-02-22T09:09:00,2026-02-24T21:32:00,CUST-01396,USD,70.81,3.65,0.00,8.23,66.23,Delivered
#0003150,2026-06-21T12:36:00,2026-06-21T16:30:00,CUST-00525,USD,72.39,3.53,12.99,4.82,84.09,Shipped
#0003152,2025-09-17T21:22:00,2025-09-18T11:21:00,CUST-00298,USD,632.10,45.42,12.99,12.59,677.92,Processing
#0003153,2025-07-25T08:49:00,2025-07-27T16:26:00,CUST-01509,USD,1064.08,59.72,4.99,74.56,1054.23,Delivered
#0003155,2026-04-22T19:09:00,2026-04-22T15:26:00,CUST-01595,USD,218.06,12.48,4.99,19.49,216.04,Delivered
#0003156,2026-02-04T18:18:00,2026-02-05T18:56:00,CUST-02279,USD,1711.51,96.52,0.00,133.34,1674.69,Shipped
#0003160,2025-11-23T17:46:00,2025-11-25T16:24:00,CUST-02498,USD,351.74,20.71,12.99,36.54,348.90,Delivered
#0003163,2025-11-10T17:08:00,2025-11-12T19:25:00,CUST-01293,USD,154.23,9.59,12.99,10.69,166.12,Delivered
#0003169,2026-03-30T10:39:00,2026-03-30T08:13:00,CUST-00280,USD,1032.37,78.14,4.99,115.00,1000.50,Delivered
#0003175,2026-01-25T15:00:00,2026-01-26T12:39:00,CUST-01394,USD,79.48,6.24,12.99,3.58,95.13,Shipped
#0003181,2026-06-09T18:03:00,2026-06-09T16:31:00,CUST-02389,USD,1409.88,91.11,7.99,59.61,1449.37,Delivered
#0003182,2025-10-18T08:16:00,2025-10-20T20:36:00,CUST-00744,USD,719.76,45.56,7.99,34.29,739.02,Delivered
#0003184,2026-02-05T21:48:00,2026-02-05T13:11:00,CUST-00592,USD,953.79,46.79,4.99,61.22,944.35,Delivered
#0003191,2025-08-14T22:57:00,2025-08-14T20:57:00,CUST-01808,USD,413.99,17.86,7.99,17.06,422.78,Delivered
#0003194,2026-05-17T14:56:00,2026-05-17T13:53:00,CUST-01819,USD,504.16,26.54,0.00,31.11,499.59,Processing
#0003195,2026-06-07T22:00:00,2026-06-08T19:30:00,CUST-01333,USD,962.95,53.13,12.99,93.43,935.64,Delivered
#0003196,2026-03-02T10:14:00,2026-03-04T16:54:00,CUST-00320,USD,569.38,28.80,7.99,8.24,597.93,Shipped
#0003202,2026-01-24T21:17:00,2026-01-25T15:08:00,CUST-00257,USD,861.13,55.58,4.99,31.31,890.39,Processing
#0003210,2026-01-30T16:20:00,2026-01-30T12:29:00,CUST-02569,USD,370.23,27.77,12.99,20.06,390.93,Shipped
#0003211,2025-09-11T09:11:00,2025-09-11T11:37:00,CUST-01862,USD,1437.84,81.35,0.00,78.91,1440.28,Delivered
#0003215,2025-09-17T15:07:00,2025-09-19T14:34:00,CUST-01015,USD,413.52,20.96,0.00,31.11,403.37,Delivered
#0003217,2026-05-26T10:57:00,2026-05-27T17:41:00,CUST-00503,USD,363.02,25.80,7.99,21.24,375.57,Delivered
#0003226,2026-06-09T18:31:00,2026-06-11T20:51:00,CUST-00975,USD,365.56,27.17,12.99,13.09,392.63,Delivered
#0003230,2025-11-07T15:55:00,2025-11-09T15:34:00,CUST-00587,USD,105.72,4.00,12.99,9.02,113.69,Delivered
#0003232,2026-06-25T18:07:00,2026-06-26T12:06:00,CUST-00751,USD,31.57,2.67,0.00,1.53,32.71,Delivered
#0003235,2025-12-04T17:27:00,2025-12-05T13:57:00,CUST-02322,USD,645.72,34.96,12.99,51.86,641.81,Shipped
#0003238,2025-09-20T08:45:00,2025-09-22T09:36:00,CUST-00221,USD,972.47,59.43,4.99,43.20,993.69,Delivered
#0003240,2025-08-18T20:42:00,2025-08-19T21:06:00,CUST-00069,USD,678.80,48.79,0.00,69.30,658.29,Delivered
#0003242,2025-09-25T19:48:00,2025-09-25T17:32:00,CUST-02353,USD,76.65,3.27,4.99,6.94,77.97,Delivered
#0003248,2026-05-20T12:43:00,2026-05-20T20:32:00,CUST-00294,USD,286.14,18.61,0.00,15.84,288.91,Delivered
#0003249,2026-03-17T12:36:00,2026-03-17T19:24:00,CUST-02362,USD,325.13,20.49,0.00,2.56,343.06,Delivered
#0003253,2025-08-29T22:18:00,2025-08-31T17:41:00,CUST-01744,USD,799.26,42.44,0.00,49.34,792.36,Delivered
#0003254,2026-01-20T08:18:00,2026-01-20T08:08:00,CUST-00466,USD,696.55,41.75,7.99,11.57,734.72,Shipped
#0003255,2025-07-04T15:31:00,2025-07-04T20:40:00,CUST-00413,USD,515.74,28.36,0.00,18.12,525.98,Processing
#0003268,2025-07-23T10:27:00,2025-07-24T08:56:00,CUST-01133,USD,725.87,37.76,4.99,50.64,717.98,Shipped
#0003271,2025-11-15T11:23:00,2025-11-15T17:41:00,CUST-01561,USD,1053.18,46.35,12.99,58.78,1053.74,Shipped
#0003272,2026-01-02T08:29:00,2026-01-02T10:37:00,CUST-00841,USD,216.70,13.19,4.99,7.66,227.22,Delivered
#0003273,2025-12-22T15:56:00,2025-12-23T10:19:00,CUST-02007,USD,835.49,56.47,7.99,55.02,844.93,Delivered
#0003281,2026-03-01T18:39:00,2026-03-02T14:27:00,CUST-00749,USD,805.87,43.10,0.00,35.37,813.60,Delivered
#0003288,2025-08-01T20:25:00,2025-08-03T13:37:00,CUST-00116,USD,325.16,13.56,0.00,15.65,323.07,Delivered
#0003295,2025-09-13T22:39:00,2025-09-13T16:43:00,CUST-02233,USD,376.16,22.35,7.99,19.59,386.91,Delivered
#0003301,2026-04-01T16:01:00,2026-04-01T17:11:00,CUST-01105,USD,566.32,36.85,12.99,17.08,599.08,Processing
#0003302,2026-04-25T11:45:00,2026-04-27T19:53:00,CUST-01418,USD,352.65,18.06,0.00,22.78,347.93,Delivered
#0003304,2026-05-23T17:13:00,2026-05-24T22:01:00,CUST-00102,USD,269.05,20.75,7.99,14.50,283.29,Delivered
#0003305,2026-02-12T12:15:00,2026-02-13T10:59:00,CUST-02444,USD,1259.83,92.14,12.99,86.84,1278.12,Delivered
#0003309,2025-07-01T15:16:00,2025-07-02T08:14:00,CUST-01857,USD,1453.02,72.83,0.00,121.88,1403.97,Delivered
#0003312,2025-09-24T08:19:00,2025-09-24T11:40:00,CUST-00657,USD,670.59,42.89,0.00,35.92,677.56,Shipped
#0003314,2026-02-22T19:59:00,2026-02-24T09:34:00,CUST-01878,USD,512.79,32.70,12.99,24.04,534.44,Delivered
#0003317,2026-03-08T17:26:00,2026-03-10T16:25:00,CUST-00869,USD,319.59,15.45,4.99,27.70,312.33,Delivered
#0003318,2025-07-06T09:43:00,2025-07-08T16:05:00,CUST-01665,USD,260.60,20.99,0.00,27.17,254.42,Delivered
#0003319,2025-12-08T22:46:00,2025-12-08T18:01:00,CUST-02276,USD,353.65,13.92,4.99,16.55,356.01,Delivered
#0003320,2025-12-17T17:59:00,2025-12-18T22:47:00,CUST-02150,USD,1438.06,92.83,0.00,56.17,1474.72,Delivered
#0003321,2025-07-18T18:53:00,2025-07-19T22:45:00,CUST-01565,USD,473.56,35.00,12.99,45.30,476.25,Cancelled
#0003322,2025-08-02T19:59:00,2025-08-03T21:42:00,CUST-00845,USD,367.17,19.35,12.99,32.21,367.30,Processing
#0003323,2026-06-21T17:56:00,2026-06-23T09:02:00,CUST-01210,USD,228.03,17.96,0.00,11.91,234.08,Delivered
#0003324,2026-04-21T13:12:00,2026-04-23T10:54:00,CUST-02525,USD,468.83,27.79,7.99,25.48,479.13,Delivered
#0003327,2026-01-22T21:34:00,2026-01-24T10:48:00,CUST-01416,USD,593.81,46.69,0.00,35.67,604.83,Delivered
#0003333,2026-04-30T17:27:00,2026-04-30T09:33:00,CUST-00912,USD,209.18,15.65,0.00,14.04,210.79,Delivered
#0003336,2025-11-27T10:04:00,2025-11-28T15:16:00,CUST-00759,USD,267.23,13.84,0.00,0.36,280.71,Delivered
#0003339,2026-02-04T19:12:00,2026-02-06T12:50:00,CUST-01072,USD,63.24,2.51,0.00,2.18,63.57,Shipped
#0003343,2025-12-23T21:35:00,2025-12-25T10:07:00,CUST-01346,USD,1165.84,98.87,7.99,65.42,1207.28,Shipped
#0003346,2025-08-16T17:23:00,2025-08-16T21:11:00,CUST-00084,USD,1534.74,104.52,0.00,69.13,1570.13,Delivered
#0003356,2026-01-18T15:30:00,2026-01-18T08:54:00,CUST-02325,USD,733.36,49.11,12.99,53.86,741.60,Shipped
#0003357,2026-06-18T22:01:00,2026-06-18T09:23:00,CUST-01958,USD,92.25,4.13,7.99,6.67,97.70,Delivered
#0003363,2026-05-18T20:26:00,2026-05-20T22:35:00,CUST-01637,USD,461.78,33.50,7.99,43.27,460.00,Shipped
#0003365,2026-02-21T10:23:00,2026-02-21T14:25:00,CUST-00232,USD,695.14,42.35,0.00,49.13,688.36,Shipped
#0003366,2025-09-11T20:40:00,2025-09-13T18:46:00,CUST-01846,USD,478.85,21.88,0.00,7.29,493.44,Delivered
#0003372,2026-06-20T14:14:00,2026-06-21T19:47:00,CUST-01593,USD,822.02,50.08,0.00,63.15,808.95,Processing
#0003373,2026-04-13T14:59:00,2026-04-15T14:12:00,CUST-01467,USD,167.92,12.98,0.00,11.09,169.81,Delivered
#0003375,2026-06-28T19:57:00,2026-06-29T13:06:00,CUST-01559,USD,453.36,33.46,0.00,49.01,437.81,Delivered
#0003377,2025-12-30T14:11:00,2025-12-30T17:38:00,CUST-02011,USD,198.44,13.41,4.99,21.32,195.52,Delivered
#0003379,2025-07-22T19:58:00,2025-07-22T11:15:00,CUST-01005,USD,706.22,36.30,0.00,68.14,674.38,Shipped
#0003382,2026-05-22T17:29:00,2026-05-24T10:06:00,CUST-00723,USD,260.01,21.50,7.99,11.39,278.11,Delivered
#0003383,2026-05-06T11:55:00,2026-05-06T15:05:00,CUST-02573,USD,117.91,7.19,0.00,9.36,115.74,Delivered
#0003387,2025-09-29T20:41:00,2025-09-30T14:11:00,CUST-02308,USD,442.44,28.11,7.99,43.08,435.46,Delivered
#0003388,2025-07-12T22:52:00,2025-07-12T17:09:00,CUST-00514,USD,301.44,14.22,4.99,26.45,294.20,Delivered
#0003389,2025-10-04T11:58:00,2025-10-05T09:51:00,CUST-01646,USD,590.05,34.59,7.99,41.76,590.87,Shipped
#0003393,2025-09-28T19:28:00,2025-09-29T10:00:00,CUST-00450,USD,64.32,5.24,0.00,4.03,65.53,Processing
#0003397,2026-02-08T19:23:00,2026-02-08T13:21:00,CUST-00459,USD,854.36,61.42,0.00,65.32,850.46,Delivered
#0003404,2025-10-12T11:57:00,2025-10-14T13:57:00,CUST-01823,USD,2737.47,166.16,4.99,112.17,2796.45,Shipped
#0003410,2026-05-26T12:44:00,2026-05-27T15:32:00,CUST-00322,USD,95.85,5.91,12.99,9.56,105.19,Delivered
#0003412,2026-04-08T09:35:00,2026-04-10T14:56:00,CUST-01098,USD,1363.86,109.88,0.00,64.45,1409.29,Delivered
#0003414,2025-08-19T14:32:00,2025-08-21T16:32:00,CUST-01989,USD,309.33,16.04,12.99,27.98,310.38,Delivered
#0003420,2026-03-11T10:15:00,2026-03-12T15:36:00,CUST-01208,USD,67.47,2.60,4.99,3.95,71.11,Delivered
#0003422,2026-03-27T21:10:00,2026-03-27T13:35:00,CUST-00398,USD,990.44,71.68,12.99,94.55,980.56,Delivered
#0003427,2025-10-03T15:07:00,2025-10-03T11:22:00,CUST-01724,USD,310.14,20.33,12.99,15.30,328.16,Cancelled
#0003428,2026-05-27T09:17:00,2026-05-28T17:21:00,CUST-00188,USD,291.86,13.10,4.99,6.83,303.12,Delivered
#0003433,2026-01-17T17:09:00,2026-01-18T11:45:00,CUST-02033,CAD,1330.34,80.16,12.99,78.73,1344.76,Processing
#0003444,2025-09-02T12:24:00,2025-09-04T18:08:00,CUST-00138,USD,567.45,21.88,4.99,31.23,563.09,Delivered
#0003463,2026-02-09T17:22:00,2026-02-11T19:01:00,CUST-01290,USD,336.95,17.89,7.99,34.99,327.84,Processing
#0003464,2025-08-19T08:55:00,2025-08-20T19:28:00,CUST-00022,USD,99.76,6.04,7.99,5.69,108.10,Delivered
#0003465,2026-04-06T12:00:00,2026-04-06T12:58:00,CUST-02034,USD,329.69,24.10,7.99,31.57,330.21,Delivered
#0003466,2026-02-28T17:55:00,2026-02-28T08:17:00,CUST-00142,USD,338.34,20.54,12.99,22.47,349.40,Delivered
#0003467,2026-04-13T09:04:00,2026-04-14T12:19:00,CUST-00235,USD,1572.33,86.67,4.99,85.19,1578.80,Shipped
#0003472,2025-08-07T16:34:00,2025-08-09T16:21:00,CUST-00627,USD,51.84,2.28,0.00,1.88,52.24,Delivered
#0003473,2026-06-14T20:15:00,2026-06-14T14:30:00,CUST-02393,USD,22.25,1.75,0.00,0.43,23.57,Shipped
#0003478,2025-12-03T11:58:00,2025-12-04T15:30:00,CUST-02219,USD,144.81,9.49,4.99,10.80,148.49,Shipped
#0003479,2026-03-30T21:59:00,2026-03-31T21:16:00,CUST-02280,USD,293.36,11.58,0.00,11.50,293.44,Delivered
#0003486,2025-07-17T13:13:00,2025-07-19T12:17:00,CUST-00479,USD,299.54,17.48,0.00,5.42,311.60,Delivered
#0003488,2026-05-25T14:30:00,2026-05-25T22:19:00,CUST-01127,USD,1142.44,76.40,0.00,57.25,1161.59,Shipped
#0003491,2025-10-08T20:19:00,2025-10-09T20:05:00,CUST-00685,USD,1026.78,67.21,0.00,69.56,1024.43,Processing
#0003499,2025-09-04T20:53:00,2025-09-05T11:21:00,CUST-00312,USD,66.97,5.31,0.00,7.70,64.58,Delivered
#0003502,2025-12-26T11:49:00,2025-12-27T20:16:00,CUST-02056,USD,371.92,27.61,0.00,42.87,356.66,Shipped
#0003504,2025-07-31T17:16:00,2025-08-02T12:23:00,CUST-01742,USD,153.89,11.88,7.99,11.70,162.06,Delivered
#0003505,2025-09-06T20:10:00,2025-09-07T10:47:00,CUST-01727,USD,441.59,24.12,0.00,39.99,425.72,Delivered
#0003514,2026-06-03T09:23:00,2026-06-04T11:17:00,CUST-00690,USD,432.27,29.49,0.00,22.54,439.22,Delivered
#0003523,2026-06-07T15:56:00,2026-06-07T18:58:00,CUST-01207,USD,408.81,24.53,0.00,16.38,416.96,Shipped
#0003528,2026-05-23T17:51:00,2026-05-23T09:19:00,CUST-00709,USD,149.69,8.72,0.00,10.76,147.65,Delivered
#0003531,2025-10-04T18:31:00,2025-10-06T18:33:00,CUST-00530,USD,747.04,49.20,4.99,42.52,758.71,Shipped
#0003532,2025-08-01T11:35:00,2025-08-01T13:42:00,CUST-01302,USD,25.37,2.14,7.99,0.70,34.80,Delivered
#0003533,2026-05-04T20:44:00,2026-05-05T10:26:00,CUST-00465,USD,994.86,55.97,4.99,47.03,1008.79,Delivered
#0003539,2025-09-13T19:02:00,2025-09-13T20:19:00,CUST-01627,USD,107.37,6.48,0.00,4.94,108.91,Delivered
#0003542,2025-12-15T16:07:00,2025-12-17T20:08:00,CUST-01690,USD,1214.64,54.54,0.00,13.54,1255.64,Delivered
#0003543,2026-04-12T10:44:00,2026-04-13T11:45:00,CUST-00926,USD,470.18,29.47,7.99,18.83,488.81,Shipped
#0003544,2026-03-18T11:17:00,2026-03-19T21:35:00,CUST-02058,USD,825.37,51.67,12.99,38.67,851.36,Shipped
#0003546,2026-06-04T08:47:00,2026-06-05T14:29:00,CUST-00194,USD,669.75,49.68,0.00,68.31,651.12,Delivered
#0003549,2025-12-21T10:37:00,2025-12-21T21:25:00,CUST-02138,USD,2142.56,137.53,0.00,146.89,2133.20,Processing
#0003558,2025-09-10T15:54:00,2025-09-11T21:57:00,CUST-01511,USD,576.31,33.05,7.99,62.19,555.16,Shipped
#0003559,2025-09-08T21:01:00,2025-09-09T08:04:00,CUST-02600,USD,181.92,14.12,4.99,15.41,185.62,Shipped
#0003560,2025-08-05T13:43:00,2025-08-05T19:27:00,CUST-02039,USD,287.08,12.56,7.99,19.13,288.50,Shipped
#0003565,2025-12-22T15:00:00,2025-12-24T18:15:00,CUST-00608,USD,408.32,27.69,7.99,10.41,433.59,Cancelled
#0003566,2025-12-04T17:26:00,2025-12-05T09:42:00,CUST-00678,USD,413.79,25.56,0.00,15.78,423.57,Delivered
#0003567,2025-12-04T19:03:00,2025-12-05T20:10:00,CUST-01706,USD,770.90,36.62,12.99,35.97,784.54,Delivered
#0003568,2025-07-01T18:37:00,2025-07-03T12:45:00,CUST-02178,USD,253.25,15.55,0.00,10.17,258.63,Delivered
#0003569,2025-12-10T12:16:00,2025-12-10T16:57:00,CUST-00721,USD,95.37,4.07,0.00,3.66,95.78,Processing
#0003570,2025-07-02T08:19:00,2025-07-03T11:28:00,CUST-00456,USD,252.97,14.54,0.00,3.63,263.88,Delivered
#0003573,2025-11-18T20:52:00,2025-11-20T17:41:00,CUST-02181,USD,407.68,32.86,4.99,34.34,411.19,Cancelled
#0003574,2026-03-22T08:04:00,2026-03-24T20:02:00,CUST-01331,USD,968.96,47.69,0.00,38.14,978.51,Shipped
#0003575,2025-10-30T14:47:00,2025-10-31T17:45:00,CUST-01912,USD,500.12,34.66,0.00,41.11,493.67,Delivered
#0003582,2025-12-15T11:32:00,2025-12-15T10:26:00,CUST-02219,USD,1241.85,95.40,0.00,116.83,1220.42,Delivered
#0003583,2025-09-10T13:30:00,2025-09-10T16:23:00,CUST-02313,USD,66.86,4.83,4.99,3.63,73.05,Delivered
#0003586,2025-10-29T19:09:00,2025-10-31T08:38:00,CUST-01995,USD,588.02,43.51,7.99,14.91,624.61,Delivered
#0003591,2026-02-22T08:37:00,2026-02-23T17:01:00,CUST-02413,USD,735.98,39.72,0.00,15.58,760.12,Delivered
#0003598,2026-05-01T13:34:00,2026-05-03T12:02:00,CUST-01632,USD,265.37,22.31,7.99,14.36,281.31,Delivered
#0003603,2025-10-28T21:24:00,2025-10-28T17:48:00,CUST-00288,USD,85.35,3.69,7.99,7.52,89.51,Delivered
#0003605,2025-07-18T10:15:00,2025-07-20T09:56:00,CUST-01508,USD,463.90,21.90,0.00,36.46,449.34,Delivered
#0003606,2026-06-11T10:08:00,2026-06-13T16:48:00,CUST-00271,USD,242.53,13.13,0.00,20.84,234.82,Delivered
#0003608,2025-07-04T12:55:00,2025-07-06T13:05:00,CUST-01924,USD,509.96,29.07,4.99,4.83,539.19,Delivered
#0003610,2025-09-07T14:24:00,2025-09-07T09:16:00,CUST-02027,USD,485.21,31.98,7.99,29.27,495.91,Delivered
#0003613,2025-10-17T10:45:00,2025-10-19T17:36:00,CUST-00080,USD,84.70,5.48,0.00,4.10,86.08,Delivered
#0003615,2025-11-08T09:03:00,2025-11-08T14:24:00,CUST-01837,USD,32.22,2.22,0.00,2.76,31.68,Delivered
#0003617,2025-09-15T18:21:00,2025-09-15T13:03:00,CUST-00257,USD,693.31,38.17,4.99,10.16,726.31,Cancelled
#0003618,2026-02-05T11:46:00,2026-02-06T10:34:00,CUST-00047,USD,1645.36,85.21,0.00,128.83,1601.74,Delivered
#0003626,2026-06-14T16:37:00,2026-06-16T09:00:00,CUST-00091,USD,121.99,5.77,4.99,5.34,127.41,Delivered
#0003630,2026-02-12T15:00:00,2026-02-12T18:21:00,CUST-01197,USD,933.62,62.91,4.99,43.90,957.62,Shipped
#0003631,2025-09-07T09:06:00,2025-09-08T18:20:00,CUST-00348,USD,143.06,11.61,7.99,13.09,149.57,Delivered
#0003635,2026-03-03T21:17:00,2026-03-04T14:56:00,CUST-01079,USD,427.08,27.36,0.00,16.64,437.80,Shipped
#0003637,2025-09-13T10:39:00,2025-09-14T11:28:00,CUST-01565,USD,25.23,1.04,7.99,2.41,31.85,Delivered
#0003640,2025-08-29T18:57:00,2025-08-29T19:15:00,CUST-01416,USD,304.22,13.94,12.99,13.97,317.18,Delivered
#0003642,2026-04-03T19:53:00,2026-04-03T08:20:00,CUST-00779,USD,775.60,39.13,12.99,7.31,820.41,Delivered
#0003651,2026-01-30T12:42:00,2026-02-01T12:49:00,CUST-01655,USD,495.22,36.13,7.99,34.41,504.93,Delivered
#0003655,2026-03-20T14:32:00,2026-03-21T16:12:00,CUST-00297,USD,296.50,12.43,4.99,31.82,282.10,Delivered
#0003658,2025-07-25T21:47:00,2025-07-27T08:00:00,CUST-01953,USD,484.83,29.09,0.00,32.07,481.85,Shipped
#0003662,2025-12-12T17:39:00,2025-12-14T13:19:00,CUST-00578,USD,530.25,35.10,12.99,34.44,543.90,Shipped
#0003663,2026-06-17T11:59:00,2026-06-18T20:49:00,CUST-01808,USD,219.86,12.48,0.00,18.93,213.41,Delivered
#0003668,2025-10-28T15:30:00,2025-10-29T22:32:00,CUST-01587,USD,143.61,7.98,12.99,0.18,164.40,Shipped
#0003669,2026-01-14T14:26:00,2026-01-16T08:44:00,CUST-01740,USD,1190.80,70.11,4.99,118.59,1147.31,Shipped
#0003671,2026-02-27T19:19:00,2026-03-01T17:03:00,CUST-00270,USD,1052.17,76.30,12.99,79.98,1061.48,Delivered
#0003673,2025-09-06T12:29:00,2025-09-07T19:04:00,CUST-02463,USD,49.16,2.72,4.99,5.45,51.42,Delivered
#0003674,2025-07-02T15:46:00,2025-07-03T20:22:00,CUST-02486,USD,77.61,3.25,0.00,2.56,78.30,Shipped
#0003677,2026-05-09T08:42:00,2026-05-10T10:28:00,CUST-01687,USD,182.36,7.40,7.99,9.45,188.30,Delivered
#0003680,2026-01-22T20:47:00,2026-01-22T12:46:00,CUST-00377,USD,342.20,16.69,0.00,9.51,349.38,Delivered
#0003682,2025-12-26T13:28:00,2025-12-28T20:08:00,CUST-00645,USD,181.42,15.10,12.99,10.76,198.75,Delivered
#0003686,2025-09-23T19:56:00,2025-09-23T15:28:00,CUST-00517,USD,97.77,3.60,4.99,11.22,95.14,Delivered
#0003695,2026-02-22T12:46:00,2026-02-22T11:45:00,CUST-01502,USD,1269.85,85.61,4.99,29.25,1331.20,Delivered
#0003697,2025-11-10T08:38:00,2025-11-10T15:15:00,CUST-02043,USD,206.79,12.99,12.99,23.65,209.12,Delivered
#0003707,2026-01-04T10:13:00,2026-01-05T17:14:00,CUST-00435,USD,135.14,8.91,12.99,2.02,155.02,Delivered
#0003711,2025-10-02T17:42:00,2025-10-03T12:42:00,CUST-01540,USD,621.02,33.71,12.99,30.21,637.51,Cancelled
#0003719,2026-04-26T12:10:00,2026-04-27T10:17:00,CUST-01713,USD,653.02,42.78,12.99,23.33,685.46,Delivered
#0003720,2025-12-08T09:50:00,2025-12-10T15:46:00,CUST-00385,USD,420.32,25.06,0.00,29.51,415.87,Delivered
#0003726,2025-08-20T18:01:00,2025-08-21T18:59:00,CUST-01915,USD,841.42,41.55,4.99,36.79,851.17,Processing
#0003729,2026-02-06T20:11:00,2026-02-06T12:14:00,CUST-01048,USD,761.68,36.99,7.99,34.94,771.72,Delivered
#0003730,2026-02-11T21:28:00,2026-02-13T09:54:00,CUST-01009,USD,1394.72,51.85,4.99,116.82,1334.74,Processing
#0003736,2025-09-13T19:26:00,2025-09-15T08:05:00,CUST-02317,USD,198.84,11.81,7.99,4.34,214.30,Delivered
#0003740,2025-07-12T13:08:00,2025-07-13T22:41:00,CUST-02327,USD,133.54,9.54,12.99,12.34,143.73,Cancelled
#0003741,2026-01-02T13:34:00,2026-01-02T22:58:00,CUST-02326,USD,536.87,34.87,7.99,59.62,520.11,Processing
#0003742,2025-12-09T21:54:00,2025-12-11T20:36:00,CUST-01182,USD,191.62,8.66,0.00,4.58,195.70,Delivered
#0003746,2026-01-12T10:07:00,2026-01-14T19:58:00,CUST-02024,USD,46.65,2.86,0.00,2.62,46.89,Shipped
#0003750,2025-11-13T17:06:00,2025-11-15T20:53:00,CUST-02351,USD,340.17,19.73,0.00,33.57,326.33,Shipped
#0003752,2025-07-27T09:53:00,2025-07-28T09:50:00,CUST-00111,USD,893.40,63.79,0.00,86.02,871.17,Delivered
#0003755,2026-01-05T14:06:00,2026-01-07T09:44:00,CUST-02027,USD,289.62,21.13,12.99,16.32,307.42,Delivered
#0003756,2025-12-22T09:42:00,2025-12-22T18:59:00,CUST-01975,USD,150.49,7.79,7.99,16.70,149.57,Shipped
#0003758,2025-11-01T21:12:00,2025-11-01T20:10:00,CUST-01659,USD,112.26,7.42,7.99,5.86,121.81,Shipped
#0003776,2025-09-01T09:37:00,2025-09-02T13:08:00,CUST-00843,USD,2877.29,194.92,4.99,99.03,2978.17,Processing
#0003778,2026-04-18T16:07:00,2026-04-18T22:33:00,CUST-02021,USD,389.49,32.02,12.99,25.74,408.76,Delivered
#0003782,2026-02-13T17:54:00,2026-02-14T17:50:00,CUST-01583,USD,718.04,36.08,7.99,35.72,726.39,Delivered
#0003785,2026-05-27T21:54:00,2026-05-29T11:31:00,CUST-02006,USD,373.66,21.89,12.99,23.25,385.29,Delivered
#0003786,2026-03-02T18:18:00,2026-03-04T13:18:00,CUST-00286,USD,366.97,28.29,4.99,33.09,367.16,Delivered
#0003789,2025-12-01T14:13:00,2025-12-02T12:27:00,CUST-01461,USD,406.74,30.62,7.99,24.58,420.77,Delivered
#0003797,2025-12-09T21:47:00,2025-12-10T10:50:00,CUST-02259,USD,460.95,35.08,12.99,14.97,494.05,Delivered
#0003802,2025-07-13T17:17:00,2025-07-13T13:24:00,CUST-01067,USD,141.80,7.20,7.99,1.93,155.06,Shipped
#0003805,2026-03-28T15:19:00,2026-03-28T19:40:00,CUST-00635,USD,238.90,16.86,0.00,8.89,246.87,Delivered
#0003813,2025-11-19T19:24:00,2025-11-19T19:22:00,CUST-00917,USD,680.03,40.50,12.99,32.38,701.14,Delivered
#0003816,2026-05-07T20:34:00,2026-05-08T20:49:00,CUST-01889,USD,1050.13,60.66,12.99,72.29,1051.49,Delivered
#0003817,2026-02-12T21:17:00,2026-02-13T15:55:00,CUST-01310,USD,969.20,56.30,7.99,55.15,978.34,Delivered
#0003826,2025-07-16T18:04:00,2025-07-18T10:57:00,CUST-00425,USD,249.16,9.95,0.00,21.16,237.95,Delivered
#0003827,2026-01-30T10:51:00,2026-01-30T21:43:00,CUST-00500,USD,324.22,27.04,0.00,10.36,340.90,Delivered
#0003834,2026-04-22T08:57:00,2026-04-24T17:46:00,CUST-02488,USD,157.86,12.07,12.99,11.36,171.56,Delivered
#0003836,2026-01-18T17:03:00,2026-01-19T16:08:00,CUST-02255,USD,340.83,17.07,12.99,38.20,332.69,Delivered
#0003837,2025-08-14T10:04:00,2025-08-15T17:04:00,CUST-02034,USD,887.76,73.01,7.99,60.12,908.64,Delivered
#0003841,2026-04-02T13:14:00,2026-04-03T21:28:00,CUST-01320,USD,36.14,2.68,0.00,0.81,38.01,Delivered
#0003845,2026-03-11T10:38:00,2026-03-13T15:17:00,CUST-01818,USD,419.10,23.80,7.99,25.20,425.69,Delivered
#0003850,2026-02-06T16:40:00,2026-02-06T12:40:00,CUST-00242,USD,814.24,44.07,0.00,84.95,773.36,Shipped
#0003851,2026-04-11T18:46:00,2026-04-12T21:52:00,CUST-02517,USD,677.22,43.99,0.00,30.15,691.06,Shipped
#0003854,2026-03-13T08:22:00,2026-03-15T19:20:00,CUST-00475,USD,146.29,9.98,4.99,7.77,153.49,Cancelled
#0003864,2026-03-03T20:44:00,2026-03-04T20:43:00,CUST-00620,USD,699.84,38.14,0.00,40.28,697.70,Cancelled
#0003867,2025-07-29T22:30:00,2025-07-31T17:19:00,CUST-00236,USD,498.38,35.66,0.00,51.71,482.33,Delivered
#0003870,2025-09-23T16:10:00,2025-09-24T21:26:00,CUST-00911,USD,925.07,60.61,0.00,99.35,886.33,Delivered
#0003871,2025-07-19T14:50:00,2025-07-21T15:30:00,CUST-00018,USD,147.89,7.88,7.99,10.53,153.23,Shipped
#0003872,2026-04-06T20:21:00,2026-04-07T17:32:00,CUST-02025,USD,633.00,38.79,4.99,64.30,612.48,Delivered
#0003878,2026-03-27T20:22:00,2026-03-27T14:13:00,CUST-02201,USD,163.34,12.91,7.99,11.56,172.68,Delivered
#0003890,2026-06-18T11:34:00,2026-06-18T11:18:00,CUST-00188,USD,1203.24,83.93,4.99,81.61,1210.55,Delivered
#0003892,2026-05-22T22:06:00,2026-05-22T21:50:00,CUST-01097,USD,1007.07,67.30,4.99,41.82,1037.54,Delivered
#0003893,2025-11-27T08:04:00,2025-11-28T18:04:00,CUST-00999,USD,1558.78,84.54,0.00,97.57,1545.75,Delivered
#0003894,2026-05-27T13:58:00,2026-05-29T09:17:00,CUST-01033,USD,336.65,16.74,12.99,12.72,353.66,Delivered
#0003896,2026-02-02T10:41:00,2026-02-04T12:11:00,CUST-02254,USD,1143.84,68.05,7.99,123.26,1096.62,Delivered
#0003897,2025-11-01T22:59:00,2025-11-03T13:25:00,CUST-01620,USD,244.47,18.52,4.99,26.09,241.89,Cancelled
#0003898,2025-12-04T11:24:00,2025-12-04T10:53:00,CUST-01355,USD,471.35,27.01,12.99,44.58,466.77,Delivered
#0003899,2026-03-07T15:21:00,2026-03-07T12:16:00,CUST-00820,USD,250.55,16.00,0.00,9.22,257.33,Delivered
#0003901,2025-11-13T20:05:00,2025-11-15T19:05:00,CUST-01955,USD,904.77,45.71,4.99,69.57,885.90,Delivered
#0003902,2025-07-04T18:14:00,2025-07-06T21:20:00,CUST-01054,USD,986.30,42.28,7.99,81.03,955.54,Delivered
#0003919,2026-02-15T19:55:00,2026-02-17T20:35:00,CUST-02558,USD,381.49,19.78,0.00,30.12,371.15,Delivered
#0003920,2026-01-15T09:59:00,2026-01-16T12:58:00,CUST-01879,USD,1138.28,67.58,7.99,40.92,1172.93,Shipped
#0003923,2026-02-13T17:37:00,2026-02-14T18:50:00,CUST-01322,USD,26.49,1.03,0.00,0.83,26.69,Delivered
#0003927,2026-03-02T14:07:00,2026-03-04T09:50:00,CUST-01723,USD,2880.45,153.65,0.00,125.58,2908.52,Delivered
#0003930,2025-08-06T22:59:00,2025-08-07T08:02:00,CUST-00363,USD,122.73,9.91,12.99,0.94,144.69,Delivered
#0003937,2025-11-26T22:53:00,2025-11-27T14:58:00,CUST-00907,USD,1534.00,81.80,4.99,67.86,1552.93,Shipped
#0003945,2026-02-02T17:30:00,2026-02-02T17:47:00,CUST-01699,USD,1292.30,76.98,0.00,74.17,1295.11,Processing
#0003949,2026-05-05T11:42:00,2026-05-07T11:36:00,CUST-01946,USD,359.45,23.87,12.99,37.09,359.22,Processing
#0003961,2026-01-24T08:05:00,2026-01-25T10:12:00,CUST-01785,USD,431.76,28.94,12.99,22.12,451.57,Delivered
#0003962,2025-10-23T11:39:00,2025-10-23T22:10:00,CUST-01181,USD,71.30,4.10,0.00,2.73,72.67,Delivered
#0003963,2026-01-27T08:09:00,2026-01-29T12:07:00,CUST-01658,USD,165.80,11.61,0.00,4.34,173.07,Delivered
#0003966,2026-06-16T15:35:00,2026-06-17T13:12:00,CUST-00566,USD,1332.86,99.83,0.00,83.85,1348.84,Delivered
#0003970,2026-01-19T15:04:00,2026-01-20T15:16:00,CUST-02375,USD,248.45,14.34,4.99,7.26,260.52,Shipped
#0003978,2025-09-30T12:17:00,2025-10-02T19:47:00,CUST-00829,USD,2700.76,156.00,0.00,172.23,2684.53,Cancelled
#0003983,2026-03-19T12:37:00,2026-03-21T18:56:00,CUST-00222,USD,737.27,33.29,4.99,78.69,696.86,Delivered
#0003984,2025-11-16T12:37:00,2025-11-17T13:00:00,CUST-01447,USD,301.39,20.38,4.99,7.60,319.16,Shipped
#0003985,2026-04-23T14:49:00,2026-04-23T10:09:00,CUST-00102,USD,546.74,31.86,4.99,57.82,525.77,Delivered
#0003992,2026-05-14T13:01:00,2026-05-14T21:20:00,CUST-01121,USD,1048.44,68.97,7.99,70.09,1055.31,Delivered
#0004002,2025-12-04T22:50:00,2025-12-06T18:27:00,CUST-00261,USD,421.44,17.07,7.99,38.56,407.94,Delivered
#0004008,2026-06-24T15:04:00,2026-06-26T11:50:00,CUST-01553,USD,451.18,21.84,12.99,11.24,474.77,Delivered
#0004019,2025-08-22T11:28:00,2025-08-23T10:38:00,CUST-02288,USD,1571.29,93.07,4.99,83.91,1585.44,Shipped
#0004020,2026-01-25T09:29:00,2026-01-27T18:43:00,CUST-00196,USD,613.27,25.94,7.99,58.21,588.99,Delivered
#0004021,2026-01-22T09:22:00,2026-01-22T11:38:00,CUST-01328,USD,1426.22,91.34,4.99,65.15,1457.40,Delivered
#0004022,2025-09-24T10:21:00,2025-09-25T13:00:00,CUST-00134,USD,667.66,38.68,4.99,56.38,654.95,Delivered
#0004024,2026-02-27T17:02:00,2026-02-28T20:16:00,CUST-01878,USD,724.79,42.07,12.99,33.77,746.08,Shipped
#0004029,2025-09-22T09:23:00,2025-09-23T14:30:00,CUST-01803,USD,551.07,38.62,0.00,22.31,567.38,Shipped
#0004034,2026-04-27T14:37:00,2026-04-27T11:31:00,CUST-01685,USD,353.63,20.94,12.99,4.81,382.75,Delivered
#0004046,2025-08-09T17:27:00,2025-08-11T17:03:00,CUST-02456,USD,130.29,6.92,0.00,2.18,135.03,Delivered
#0004048,2025-10-26T21:17:00,2025-10-28T18:11:00,CUST-01969,USD,300.73,13.11,4.99,29.48,289.35,Delivered
#0004050,2026-04-26T10:30:00,2026-04-27T14:15:00,CUST-00795,CAD,302.86,16.69,12.99,23.45,309.09,Delivered
#0004052,2026-05-18T08:37:00,2026-05-18T19:17:00,CUST-02331,USD,249.65,10.56,4.99,15.43,249.77,Shipped
#0004053,2026-01-04T08:08:00,2026-01-06T17:45:00,CUST-00668,USD,882.12,37.26,7.99,28.48,898.89,Delivered
#0004056,2026-05-20T09:06:00,2026-05-22T17:44:00,CUST-00937,USD,448.75,36.97,0.00,3.19,482.53,Delivered
#0004060,2025-10-23T10:52:00,2025-10-25T12:11:00,CUST-00392,USD,210.71,13.62,0.00,24.35,199.98,Delivered
#0004063,2025-09-19T17:03:00,2025-09-20T22:07:00,CUST-01773,USD,155.47,10.87,12.99,15.43,163.90,Delivered
#0004064,2025-11-20T16:27:00,2025-11-22T10:08:00,CUST-00836,USD,268.18,21.42,12.99,19.28,283.31,Delivered
#0004067,2025-10-29T12:33:00,2025-10-31T11:19:00,CUST-01162,USD,529.83,39.02,12.99,12.19,569.65,Delivered
#0004069,2026-04-23T22:10:00,2026-04-23T18:55:00,CUST-00825,USD,244.02,17.69,7.99,20.51,249.19,Delivered
#0004070,2025-08-31T12:59:00,2025-09-01T09:42:00,CUST-01653,USD,440.91,36.12,12.99,25.72,464.30,Shipped
#0004072,2025-08-04T14:30:00,2025-08-05T12:11:00,CUST-01303,USD,333.68,22.50,4.99,21.99,339.18,Shipped
#0004081,2026-04-12T12:39:00,2026-04-12T14:26:00,CUST-00357,USD,336.14,21.36,0.00,1.51,355.99,Delivered
#0004091,2026-05-28T09:47:00,2026-05-30T20:17:00,CUST-00171,USD,983.41,39.86,12.99,84.78,951.48,Delivered
#0004093,2025-07-08T17:00:00,2025-07-08T21:28:00,CUST-01806,USD,24.64,1.02,4.99,0.65,30.00,Delivered
#0004098,2026-01-29T15:25:00,2026-01-31T19:11:00,CUST-00383,USD,704.24,35.69,0.00,39.62,700.31,Delivered
#0004101,2026-04-29T19:24:00,2026-05-01T14:18:00,CUST-00450,USD,1490.73,108.70,4.99,137.37,1467.05,Delivered
#0004102,2025-12-29T17:37:00,2025-12-30T09:37:00,CUST-02121,USD,144.89,10.26,0.00,8.46,146.69,Processing
#0004108,2026-01-18T12:09:00,2026-01-20T11:58:00,CUST-01300,USD,301.51,20.02,0.00,16.68,304.85,Delivered
#0004112,2025-08-08T18:57:00,2025-08-10T22:27:00,CUST-00101,USD,443.45,34.53,4.99,18.00,464.97,Delivered
#0004115,2026-03-21T10:20:00,2026-03-22T21:53:00,CUST-01734,USD,846.10,38.70,0.00,22.04,862.76,Delivered
#0004118,2026-02-21T21:44:00,2026-02-22T17:47:00,CUST-01403,USD,743.25,40.07,0.00,44.23,739.09,Delivered
#0004119,2026-05-01T14:50:00,2026-05-01T22:33:00,CUST-01465,USD,497.86,35.72,4.99,12.33,526.24,Delivered
#0004121,2026-05-26T10:55:00,2026-05-26T12:49:00,CUST-01766,USD,1463.75,99.00,12.99,56.60,1519.14,Delivered
#0004126,2025-10-24T20:06:00,2025-10-26T16:22:00,CUST-00756,USD,617.73,37.18,0.00,40.70,614.21,Delivered
#0004127,2025-10-28T15:02:00,2025-10-30T14:54:00,CUST-01634,USD,819.31,57.94,0.00,77.29,799.96,Delivered
#0004128,2026-03-20T20:34:00,2026-03-22T21:55:00,CUST-00601,USD,279.16,13.61,0.00,15.86,276.91,Delivered
#0004130,2025-08-30T15:47:00,2025-08-30T19:06:00,CUST-01574,USD,1076.25,55.10,4.99,96.99,1039.35,Shipped
#0004140,2025-07-18T22:49:00,2025-07-18T13:50:00,CUST-02291,USD,31.23,2.41,0.00,2.58,31.06,Delivered
#0004141,2026-02-27T12:57:00,2026-03-01T08:28:00,CUST-01623,USD,800.37,46.79,4.99,55.76,796.39,Shipped
#0004142,2025-11-28T13:51:00,2025-11-30T11:54:00,CUST-02183,USD,885.92,43.91,12.99,99.57,843.25,Delivered
#0004146,2026-01-10T16:00:00,2026-01-11T14:47:00,CUST-00927,USD,468.63,28.83,0.00,29.66,467.80,Delivered
#0004147,2025-07-10T09:38:00,2025-07-12T17:56:00,CUST-02013,USD,862.62,51.59,12.99,20.22,906.98,Shipped
#0004150,2025-10-05T22:32:00,2025-10-07T08:44:00,CUST-02490,USD,814.20,42.63,12.99,68.19,801.63,Delivered
#0004154,2025-09-27T16:06:00,2025-09-27T11:49:00,CUST-00144,USD,272.18,17.31,4.99,28.91,265.57,Shipped
#0004157,2025-10-15T17:37:00,2025-10-17T16:54:00,CUST-02499,USD,311.84,24.10,0.00,22.26,313.68,Cancelled
#0004158,2026-04-27T21:20:00,2026-04-28T08:36:00,CUST-01946,USD,201.65,14.61,0.00,21.94,194.32,Shipped
#0004159,2026-02-12T18:10:00,2026-02-14T21:41:00,CUST-01905,USD,62.17,2.99,0.00,1.93,63.23,Shipped
#0004162,2025-10-16T10:31:00,2025-10-17T13:47:00,CUST-01250,USD,928.46,37.32,4.99,20.84,949.93,Delivered
#0004166,2025-12-21T08:38:00,2025-12-23T08:17:00,CUST-02463,USD,533.28,38.88,0.00,8.78,563.38,Delivered
#0004168,2025-11-29T13:29:00,2025-12-01T11:26:00,CUST-01716,USD,2084.78,149.28,0.00,78.03,2156.03,Delivered
#0004173,2026-02-02T22:44:00,2026-02-04T12:08:00,CUST-01696,USD,562.26,30.99,0.00,33.10,560.15,Shipped
#0004175,2026-04-02T15:54:00,2026-04-04T08:58:00,CUST-00116,USD,675.49,46.29,4.99,44.73,682.04,Delivered
#0004176,2026-03-22T22:33:00,2026-03-23T12:51:00,CUST-00351,USD,591.51,37.06,4.99,28.16,605.40,Delivered
#0004177,2026-05-23T09:44:00,2026-05-24T19:10:00,CUST-01330,USD,777.83,45.47,0.00,41.44,781.86,Delivered
#0004182,2026-05-21T08:07:00,2026-05-21T21:07:00,CUST-01536,USD,892.17,43.56,4.99,43.01,897.71,Shipped
#0004185,2025-10-16T21:59:00,2025-10-17T19:57:00,CUST-01708,USD,765.80,50.07,7.99,24.34,799.52,Processing
#0004189,2025-10-09T16:49:00,2025-10-10T11:11:00,CUST-02002,USD,917.96,72.32,0.00,56.45,933.83,Delivered
#0004196,2026-04-23T19:14:00,2026-04-25T15:53:00,CUST-00683,USD,561.29,36.20,12.99,45.86,564.62,Delivered
#0004198,2026-01-09T08:02:00,2026-01-11T20:05:00,CUST-01626,USD,173.45,13.14,7.99,10.81,183.77,Processing
#0004201,2025-08-16T21:15:00,2025-08-17T11:22:00,CUST-00821,CAD,243.09,19.58,0.00,14.51,248.16,Delivered
#0004206,2026-01-11T19:10:00,2026-01-11T15:34:00,CUST-02222,USD,664.28,41.44,12.99,59.75,658.96,Processing
#0004208,2025-07-07T15:04:00,2025-07-09T12:16:00,CUST-02014,USD,490.30,29.66,12.99,42.29,490.66,Delivered
#0004212,2025-09-13T11:24:00,2025-09-15T11:33:00,CUST-00685,USD,405.63,25.34,12.99,22.20,421.76,Processing
#0004215,2025-12-22T21:44:00,2025-12-23T10:38:00,CUST-02397,USD,793.54,56.33,7.99,72.85,785.01,Delivered
#0004219,2025-09-24T10:45:00,2025-09-25T15:05:00,CUST-00361,USD,589.82,41.88,7.99,3.86,635.83,Delivered
#0004221,2026-04-12T10:56:00,2026-04-12T08:30:00,CUST-02517,USD,1266.22,77.51,12.99,74.86,1281.86,Delivered
#0004222,2026-05-15T10:57:00,2026-05-16T17:16:00,CUST-01460,USD,379.35,27.59,0.00,36.53,370.41,Delivered
#0004226,2025-09-01T17:54:00,2025-09-01T19:31:00,CUST-01976,USD,1788.80,91.79,12.99,142.43,1751.15,Shipped
#0004234,2025-10-27T14:53:00,2025-10-29T11:56:00,CUST-00064,USD,964.35,42.36,0.00,49.96,956.75,Cancelled
#0004235,2025-09-12T12:01:00,2025-09-12T20:17:00,CUST-01532,USD,392.04,25.75,0.00,37.17,380.62,Delivered
#0004239,2025-11-18T21:04:00,2025-11-20T11:24:00,CUST-00482,USD,626.73,35.22,7.99,30.21,639.73,Delivered
#0004244,2025-10-27T18:31:00,2025-10-29T19:09:00,CUST-01291,USD,1171.22,65.39,0.00,93.61,1143.00,Delivered
#0004246,2025-10-03T17:38:00,2025-10-05T20:05:00,CUST-01273,USD,31.58,1.26,0.00,0.48,32.36,Cancelled
#0004253,2026-03-13T13:31:00,2026-03-15T20:09:00,CUST-01042,USD,329.46,18.94,12.99,18.68,342.71,Delivered
#0004268,2026-03-23T12:11:00,2026-03-23T21:54:00,CUST-02036,USD,399.48,19.28,0.00,32.54,386.22,Delivered
#0004269,2025-10-11T16:11:00,2025-10-11T15:27:00,CUST-01031,USD,366.44,21.41,0.00,3.55,384.30,Delivered
#0004270,2026-03-07T09:30:00,2026-03-09T20:31:00,CUST-01669,USD,337.80,26.50,7.99,39.47,332.82,Delivered
#0004272,2026-05-07T15:58:00,2026-05-08T14:27:00,CUST-01522,USD,706.79,34.15,0.00,57.13,683.81,Processing
#0004282,2025-09-01T22:58:00,2025-09-01T17:41:00,CUST-01026,USD,623.89,36.91,12.99,49.55,624.24,Delivered
#0004286,2025-08-23T08:08:00,2025-08-24T11:54:00,CUST-01840,USD,31.93,1.51,7.99,2.87,38.56,Delivered
#0004287,2025-10-20T09:35:00,2025-10-22T13:40:00,CUST-00908,USD,427.50,19.74,12.99,32.46,427.77,Delivered
#0004296,2026-04-20T12:22:00,2026-04-21T12:43:00,CUST-02310,USD,59.28,3.22,0.00,4.80,57.70,Delivered
#0004297,2025-10-14T09:57:00,2025-10-15T12:36:00,CUST-02223,USD,209.66,17.21,0.00,13.27,213.60,Delivered
#0004307,2026-03-24T10:03:00,2026-03-25T18:49:00,CUST-01881,USD,404.08,25.15,0.00,25.59,403.64,Delivered
#0004308,2025-12-21T17:23:00,2025-12-21T12:05:00,CUST-00607,USD,1039.12,68.51,7.99,47.81,1067.81,Shipped
#0004310,2026-03-04T15:29:00,2026-03-05T12:29:00,CUST-02058,USD,680.96,49.29,12.99,34.87,708.37,Delivered
#0004311,2026-06-16T21:07:00,2026-06-16T08:41:00,CUST-00173,USD,963.99,60.14,7.99,85.37,946.75,Delivered
#0004312,2025-08-04T10:34:00,2025-08-05T18:20:00,CUST-01863,USD,902.55,41.38,0.00,78.85,865.08,Delivered
#0004316,2025-11-25T08:40:00,2025-11-27T22:00:00,CUST-01521,USD,1518.44,105.08,0.00,122.01,1501.51,Delivered
#0004322,2026-01-21T17:45:00,2026-01-21T19:04:00,CUST-02274,USD,104.72,8.59,0.00,9.17,104.14,Delivered
#0004330,2026-06-15T08:12:00,2026-06-17T14:54:00,CUST-01144,USD,1116.17,75.00,7.99,67.75,1131.41,Processing
#0004338,2025-11-02T09:10:00,2025-11-02T18:33:00,CUST-00589,USD,260.12,18.41,7.99,23.13,263.39,Delivered
#0004341,2025-09-10T11:50:00,2025-09-11T17:23:00,CUST-01564,USD,1646.64,85.91,0.00,82.18,1650.37,Delivered
#0004344,2026-04-01T12:10:00,2026-04-01T09:53:00,CUST-02111,USD,2398.83,139.67,0.00,183.36,2355.14,Processing
#0004345,2025-12-19T15:07:00,2025-12-21T16:20:00,CUST-01645,USD,1484.78,70.41,7.99,62.39,1500.79,Delivered
#0004350,2025-11-24T11:02:00,2025-11-26T12:54:00,CUST-00129,USD,512.98,39.22,12.99,24.53,540.66,Processing
#0004352,2025-12-09T18:50:00,2025-12-10T19:30:00,CUST-02058,USD,56.86,3.81,0.00,2.48,58.19,Delivered
#0004357,2026-05-22T11:15:00,2026-05-22T22:37:00,CUST-01465,USD,650.13,45.96,12.99,53.58,655.50,Shipped
#0004363,2026-05-01T20:18:00,2026-05-03T14:30:00,CUST-01117,USD,357.75,17.71,12.99,37.71,350.74,Delivered
#0004367,2026-04-18T15:02:00,2026-04-20T17:10:00,CUST-00790,USD,650.40,31.90,7.99,61.36,628.93,Delivered
#0004380,2026-06-03T12:44:00,2026-06-05T12:18:00,CUST-00396,USD,60.82,5.26,0.00,2.01,64.07,Delivered
#0004385,2026-06-02T17:02:00,2026-06-03T22:17:00,CUST-00702,USD,236.49,11.31,0.00,10.46,237.34,Shipped
#0004390,2025-10-06T19:26:00,2025-10-08T16:56:00,CUST-00087,USD,1255.92,81.10,0.00,101.09,1235.93,Shipped
#0004392,2026-05-15T18:57:00,2026-05-16T18:52:00,CUST-02348,USD,669.46,35.15,7.99,76.98,635.62,Processing
#0004394,2025-10-17T17:36:00,2025-10-18T11:45:00,CUST-01481,USD,1164.10,81.77,0.00,78.84,1167.03,Delivered
#0004396,2025-09-20T08:55:00,2025-09-22T09:43:00,CUST-01157,USD,305.68,24.29,7.99,22.99,314.97,Delivered
#0004413,2026-05-31T18:26:00,2026-06-01T14:09:00,CUST-02081,USD,89.89,3.76,0.00,5.46,88.19,Shipped
#0004417,2026-02-25T20:29:00,2026-02-26T16:23:00,CUST-01444,USD,625.85,43.26,4.99,51.34,622.76,Delivered
#0004424,2025-09-25T17:46:00,2025-09-25T08:51:00,CUST-01375,USD,651.38,41.58,0.00,32.17,660.79,Delivered
#0004430,2026-05-01T22:20:00,2026-05-03T08:20:00,CUST-00134,USD,745.98,49.84,7.99,7.75,796.06,Delivered
#0004450,2026-01-18T20:51:00,2026-01-20T14:10:00,CUST-00005,USD,237.60,11.71,12.99,19.98,242.32,Delivered
#0004458,2026-06-25T21:57:00,2026-06-26T14:46:00,CUST-01290,USD,257.90,19.88,0.00,9.70,268.08,Delivered
#0004459,2025-08-09T14:31:00,2025-08-09T08:48:00,CUST-02152,USD,1135.75,59.60,0.00,60.84,1134.51,Processing
#0004460,2026-03-23T12:12:00,2026-03-25T19:02:00,CUST-01091,USD,819.28,50.85,0.00,33.78,836.35,Delivered
#0004461,2026-03-12T14:39:00,2026-03-14T21:13:00,CUST-02015,USD,1002.54,60.34,4.99,40.13,1027.74,Delivered
#0004473,2025-10-21T10:12:00,2025-10-22T15:54:00,CUST-00859,USD,227.49,10.08,7.99,14.30,231.26,Delivered
#0004476,2026-03-22T15:06:00,2026-03-22T09:05:00,CUST-01312,USD,107.86,5.11,7.99,3.52,117.44,Processing
#0004485,2026-06-05T13:11:00,2026-06-06T20:01:00,CUST-01941,USD,1235.19,77.94,4.99,50.61,1267.51,Processing
#0004486,2025-11-25T19:13:00,2025-11-26T09:22:00,CUST-02158,USD,258.14,12.29,0.00,0.25,270.18,Delivered
#0004487,2026-02-17T08:33:00,2026-02-19T16:32:00,CUST-00323,USD,1028.39,44.97,12.99,99.14,987.21,Delivered
#0004489,2025-07-12T18:09:00,2025-07-12T09:55:00,CUST-02383,USD,394.52,29.90,4.99,26.30,403.11,Cancelled
#0004490,2026-05-07T16:59:00,2026-05-08T22:41:00,CUST-01173,USD,778.80,36.07,12.99,21.62,806.24,Delivered
#0004492,2026-03-10T12:37:00,2026-03-12T11:57:00,CUST-01327,USD,164.88,8.71,12.99,2.14,184.44,Delivered
#0004493,2025-12-07T15:08:00,2025-12-08T21:41:00,CUST-01737,USD,207.37,8.86,12.99,10.82,218.40,Delivered
#0004501,2025-12-02T11:22:00,2025-12-04T12:48:00,CUST-00090,USD,923.35,66.32,0.00,25.83,963.84,Delivered
#0004503,2025-10-20T09:59:00,2025-10-21T08:42:00,CUST-01700,USD,636.17,43.42,7.99,18.96,668.62,Delivered
#0004506,2026-03-04T17:07:00,2026-03-04T09:35:00,CUST-00069,USD,286.98,15.01,0.00,31.45,270.54,Shipped
#0004512,2025-12-15T22:46:00,2025-12-15T17:29:00,CUST-01368,USD,405.11,24.49,0.00,44.40,385.20,Delivered
#0004515,2025-11-14T13:59:00,2025-11-16T21:37:00,CUST-02585,USD,504.78,32.67,0.00,27.73,509.72,Shipped
#0004516,2025-08-05T15:00:00,2025-08-07T19:06:00,CUST-01075,USD,320.24,21.78,7.99,21.99,328.02,Shipped
#0004523,2026-05-22T20:09:00,2026-05-22T09:04:00,CUST-00053,USD,965.32,80.86,12.99,16.59,1042.58,Delivered
#0004524,2025-12-12T14:55:00,2025-12-14T14:29:00,CUST-02072,USD,416.34,22.10,7.99,31.54,414.89,Processing
#0004527,2025-07-28T17:21:00,2025-07-28T19:55:00,CUST-00663,USD,832.24,51.68,7.99,35.89,856.02,Delivered
#0004528,2025-09-26T08:34:00,2025-09-28T17:15:00,CUST-02140,USD,99.38,7.50,12.99,11.60,108.27,Delivered
#0004540,2026-01-17T16:20:00,2026-01-17T15:21:00,CUST-02123,USD,193.75,11.87,4.99,17.20,193.41,Processing
#0004552,2025-10-27T14:41:00,2025-10-28T17:26:00,CUST-02187,USD,45.84,2.87,4.99,1.25,52.45,Shipped
#0004555,2025-11-23T19:43:00,2025-11-24T09:26:00,CUST-00548,USD,599.82,39.67,4.99,40.31,604.17,Delivered
#0004557,2025-08-27T14:31:00,2025-08-28T17:34:00,CUST-00070,USD,376.16,27.07,4.99,22.78,385.44,Shipped
#0004559,2025-11-19T18:00:00,2025-11-19T22:09:00,CUST-00386,USD,563.93,42.87,0.00,27.96,578.84,Delivered
#0004562,2025-07-03T16:59:00,2025-07-05T15:20:00,CUST-01889,USD,71.75,3.70,12.99,4.95,83.49,Delivered
#0004568,2026-02-12T16:01:00,2026-02-13T19:54:00,CUST-01562,USD,391.71,30.25,0.00,32.17,389.79,Delivered
#0004572,2025-12-28T14:13:00,2025-12-29T12:12:00,CUST-01688,USD,595.57,43.64,12.99,35.76,616.44,Delivered
#0004574,2026-03-30T14:00:00,2026-03-30T22:31:00,CUST-00349,USD,497.97,32.94,7.99,45.94,492.96,Shipped
#0004575,2025-10-07T16:48:00,2025-10-09T19:04:00,CUST-00601,USD,466.64,23.01,4.99,52.02,442.62,Processing
#0004579,2026-05-31T19:50:00,2026-06-02T18:44:00,CUST-02379,USD,1208.83,83.96,7.99,53.04,1247.74,Shipped
#0004586,2026-01-15T12:21:00,2026-01-15T22:23:00,CUST-00702,USD,1435.38,99.27,12.99,133.60,1414.04,Delivered
#0004590,2026-05-16T15:34:00,2026-05-18T17:18:00,CUST-00209,USD,378.02,28.06,7.99,29.01,385.06,Delivered
#0004594,2026-03-18T12:33:00,2026-03-18T14:35:00,CUST-02562,USD,64.02,5.18,0.00,6.11,63.09,Delivered
#0004599,2025-08-10T12:58:00,2025-08-11T08:12:00,CUST-02261,USD,588.06,36.88,0.00,54.24,570.70,Delivered
#0004601,2026-04-08T22:39:00,2026-04-09T10:39:00,CUST-02050,USD,220.46,11.94,7.99,26.19,214.20,Shipped
#0004602,2026-01-24T08:48:00,2026-01-25T17:42:00,CUST-00080,USD,195.92,14.74,0.00,14.83,195.83,Delivered
#0004619,2026-03-03T18:02:00,2026-03-05T11:36:00,CUST-02028,USD,1489.51,95.98,0.00,125.62,1459.87,Shipped
#0004620,2025-12-20T11:06:00,2025-12-20T14:13:00,CUST-02401,USD,2141.98,165.47,12.99,126.02,2194.42,Delivered
#0004624,2025-08-21T19:05:00,2025-08-22T14:10:00,CUST-00561,USD,233.74,11.08,0.00,26.12,218.70,Shipped
#0004628,2025-12-13T15:04:00,2025-12-15T16:11:00,CUST-01961,USD,378.31,16.64,4.99,5.29,394.65,Delivered
#0004630,2026-02-28T09:19:00,2026-03-02T21:41:00,CUST-01577,USD,554.40,37.82,7.99,46.83,553.38,Delivered
#0004632,2025-07-20T14:29:00,2025-07-22T22:25:00,CUST-01294,USD,1382.25,91.61,12.99,128.82,1358.03,Delivered
#0004642,2026-05-18T14:18:00,2026-05-19T14:52:00,CUST-01131,USD,1412.74,69.80,4.99,76.18,1411.35,Delivered
#0004647,2025-09-11T22:41:00,2025-09-13T17:41:00,CUST-01759,USD,497.38,22.34,0.00,27.07,492.65,Delivered
#0004649,2026-06-07T13:04:00,2026-06-09T19:56:00,CUST-01811,USD,298.44,14.17,4.99,32.16,285.44,Delivered
#0004651,2025-10-08T14:25:00,2025-10-09T21:45:00,CUST-02397,USD,1110.66,90.13,0.00,39.42,1161.37,Delivered
#0004655,2025-09-25T11:47:00,2025-09-27T13:01:00,CUST-02298,USD,441.22,21.72,4.99,21.10,446.83,Shipped
#0004657,2025-10-08T14:46:00,2025-10-09T13:26:00,CUST-01082,USD,499.08,26.60,0.00,28.29,497.39,Delivered
#0004659,2026-01-07T18:28:00,2026-01-09T18:19:00,CUST-00181,USD,1233.87,97.19,0.00,45.00,1286.06,Delivered
#0004673,2026-04-03T17:41:00,2026-04-04T22:33:00,CUST-02498,USD,581.56,41.82,0.00,46.59,576.79,Delivered
#0004674,2025-07-21T13:59:00,2025-07-21T15:00:00,CUST-00939,USD,721.96,49.18,0.00,41.68,729.46,Shipped
#0004676,2026-02-07T09:34:00,2026-02-09T18:50:00,CUST-00427,USD,648.48,41.46,0.00,27.35,662.59,Delivered
#0004678,2026-05-18T12:38:00,2026-05-19T21:41:00,CUST-01762,USD,1131.90,65.30,12.99,63.06,1147.13,Delivered
#0004680,2025-11-06T19:53:00,2025-11-07T17:25:00,CUST-02441,USD,1189.90,85.00,12.99,105.84,1182.05,Delivered
#0004684,2025-12-30T17:14:00,2026-01-01T14:32:00,CUST-01267,USD,244.44,15.46,0.00,23.12,236.78,Delivered
#0004685,2026-05-29T17:19:00,2026-05-29T10:34:00,CUST-02138,USD,92.00,7.13,4.99,5.10,99.02,Delivered
#0004686,2026-01-27T09:19:00,2026-01-28T14:08:00,CUST-01396,USD,426.15,30.15,12.99,16.69,452.60,Delivered
#0004687,2025-09-18T15:49:00,2025-09-18T18:18:00,CUST-02413,USD,65.41,2.47,7.99,7.74,68.13,Delivered
#0004695,2026-04-21T15:20:00,2026-04-23T20:55:00,CUST-00907,USD,1114.64,69.61,4.99,13.08,1176.16,Delivered
#0004703,2025-12-27T20:21:00,2025-12-28T09:41:00,CUST-01286,USD,332.70,25.19,0.00,22.88,335.01,Delivered
#0004707,2025-08-04T08:09:00,2025-08-06T10:59:00,CUST-00805,USD,846.95,42.98,0.00,65.68,824.25,Processing
#0004710,2025-08-29T08:53:00,2025-08-31T16:33:00,CUST-00904,USD,448.06,34.79,7.99,48.88,441.96,Delivered
#0004711,2026-03-28T14:53:00,2026-03-29T10:33:00,CUST-01348,USD,815.18,39.23,7.99,72.23,790.17,Shipped
#0004714,2026-01-31T16:21:00,2026-02-02T16:20:00,CUST-02193,USD,345.70,28.48,0.00,20.76,353.42,Delivered
#0004719,2025-12-17T15:21:00,2025-12-18T21:03:00,CUST-01978,USD,232.79,10.67,0.00,20.37,223.09,Delivered
#0004725,2025-11-27T22:57:00,2025-11-27T18:24:00,CUST-00407,USD,1179.58,68.59,0.00,58.32,1189.85,Delivered
#0004731,2026-01-23T19:25:00,2026-01-23T15:04:00,CUST-02474,USD,68.97,5.58,7.99,4.68,77.86,Delivered
#0004732,2025-08-07T10:16:00,2025-08-08T21:10:00,CUST-01148,USD,523.41,28.83,4.99,14.25,542.98,Delivered
#0004736,2026-01-24T08:07:00,2026-01-26T08:51:00,CUST-02284,USD,634.37,43.43,4.99,34.33,648.46,Delivered
#0004739,2026-01-08T10:45:00,2026-01-09T15:50:00,CUST-01301,USD,32.82,1.83,12.99,0.12,47.52,Processing
#0004743,2025-10-30T14:53:00,2025-10-30T18:17:00,CUST-01410,USD,690.10,41.65,0.00,47.80,683.95,Delivered
#0004744,2025-11-12T16:47:00,2025-11-12T11:23:00,CUST-00821,USD,1072.32,58.76,7.99,42.54,1096.53,Delivered
#0004745,2025-07-27T21:18:00,2025-07-27T20:31:00,CUST-01258,USD,174.73,7.83,4.99,8.19,179.36,Delivered
#0004747,2025-11-10T13:15:00,2025-11-12T16:32:00,CUST-01881,USD,107.77,6.99,0.00,5.45,109.31,Delivered
#0004749,2025-11-13T22:37:00,2025-11-13T17:27:00,CUST-02105,USD,551.58,26.72,12.99,39.40,551.89,Delivered
#0004750,2026-02-13T16:40:00,2026-02-14T22:00:00,CUST-00844,USD,173.68,12.37,0.00,20.65,165.40,Processing
#0004759,2026-04-30T16:40:00,2026-05-02T14:14:00,CUST-00689,USD,535.10,25.97,12.99,31.40,542.66,Delivered
#0004762,2025-08-22T10:44:00,2025-08-23T19:00:00,CUST-02167,USD,264.10,10.75,0.00,12.75,262.10,Shipped
#0004763,2025-12-28T20:31:00,2025-12-29T19:16:00,CUST-01214,USD,346.25,25.01,0.00,24.40,346.86,Cancelled
#0004766,2026-05-28T08:10:00,2026-05-28T16:23:00,CUST-00646,USD,762.68,61.91,0.00,5.01,819.58,Delivered
#0004767,2026-05-06T10:25:00,2026-05-08T13:53:00,CUST-00758,USD,266.71,13.43,12.99,30.86,262.27,Processing
#0004769,2026-01-09T20:49:00,2026-01-10T16:33:00,CUST-00394,USD,629.18,31.90,4.99,28.45,637.62,Processing
#0004770,2026-05-03T14:59:00,2026-05-04T20:55:00,CUST-01535,USD,470.87,23.88,4.99,43.94,455.80,Delivered
#0004772,2026-03-16T15:17:00,2026-03-17T17:33:00,CUST-01036,USD,756.81,58.16,0.00,46.91,768.06,Delivered
#0004773,2026-01-03T09:17:00,2026-01-04T17:47:00,CUST-02414,USD,665.85,50.67,4.99,35.04,686.47,Delivered
#0004777,2026-03-06T08:38:00,2026-03-08T10:46:00,CUST-01841,USD,103.64,6.13,0.00,0.18,109.59,Shipped
#0004779,2026-04-26T12:11:00,2026-04-26T13:42:00,CUST-00443,USD,710.48,55.71,0.00,39.04,727.15,Delivered
#0004782,2025-10-02T10:40:00,2025-10-03T09:24:00,CUST-01196,USD,1244.66,81.06,0.00,17.73,1307.99,Cancelled
#0004783,2026-06-11T09:17:00,2026-06-11T21:32:00,CUST-00156,USD,118.19,5.59,12.99,13.44,123.33,Delivered
#0004787,2025-08-07T20:49:00,2025-08-07T14:57:00,CUST-00637,USD,1140.05,68.16,0.00,76.96,1131.25,Shipped
#0004794,2025-09-24T16:23:00,2025-09-24T16:05:00,CUST-02132,USD,260.56,16.58,4.99,23.92,258.21,Delivered
#0004796,2025-08-29T20:15:00,2025-08-30T20:51:00,CUST-02057,USD,1260.31,56.45,12.99,71.63,1258.12,Delivered
#0004797,2025-09-09T17:29:00,2025-09-11T10:56:00,CUST-00863,USD,1012.51,71.93,7.99,41.80,1050.63,Delivered
#0004800,2025-07-08T22:13:00,2025-07-10T11:55:00,CUST-02230,USD,958.75,49.43,0.00,34.85,973.33,Delivered
#0004803,2025-10-18T10:10:00,2025-10-18T08:59:00,CUST-00232,USD,1154.05,71.44,7.99,47.70,1185.78,Delivered
#0004808,2025-10-23T12:40:00,2025-10-25T16:04:00,CUST-00717,USD,222.04,13.33,7.99,19.20,224.16,Delivered
#0004819,2026-01-18T21:39:00,2026-01-18T09:41:00,CUST-00964,USD,376.48,19.14,4.99,39.21,361.40,Shipped
#0004820,2026-05-06T22:34:00,2026-05-07T13:02:00,CUST-01757,USD,286.30,12.03,12.99,19.95,291.37,Delivered
#0004822,2025-12-24T14:08:00,2025-12-24T11:23:00,CUST-01785,USD,651.70,43.53,7.99,39.71,663.51,Processing
#0004826,2026-04-30T14:03:00,2026-05-01T10:58:00,CUST-02417,USD,458.67,25.02,12.99,47.19,449.49,Processing
#0004832,2026-01-21T15:07:00,2026-01-21T14:32:00,CUST-01211,USD,99.77,6.78,7.99,4.19,110.35,Delivered
#0004836,2026-06-15T18:49:00,2026-06-16T13:15:00,CUST-02392,USD,451.32,32.27,7.99,6.89,484.69,Delivered
#0004837,2026-06-28T18:53:00,2026-06-29T16:50:00,CUST-02395,USD,1258.68,86.78,4.99,16.26,1334.19,Shipped
#0004841,2025-07-29T08:10:00,2025-07-29T14:47:00,CUST-00843,USD,725.62,50.09,0.00,40.18,735.53,Shipped
#0004846,2025-09-13T13:14:00,2025-09-15T15:35:00,CUST-00481,USD,771.27,57.86,4.99,24.47,809.65,Delivered
#0004849,2025-09-17T18:24:00,2025-09-17T10:09:00,CUST-02083,USD,444.96,31.13,0.00,21.82,454.27,Delivered
#0004852,2026-02-01T16:41:00,2026-02-01T19:35:00,CUST-01902,USD,546.75,24.85,12.99,26.96,557.63,Shipped
#0004857,2026-06-12T22:40:00,2026-06-13T18:59:00,CUST-00565,USD,440.18,25.94,0.00,35.28,430.84,Delivered
#0004866,2025-08-19T20:36:00,2025-08-21T17:21:00,CUST-02222,USD,158.95,8.12,7.99,16.75,158.31,Cancelled
#0004867,2026-02-04T14:57:00,2026-02-05T09:52:00,CUST-00800,USD,392.92,19.92,4.99,38.85,378.98,Delivered
#0004869,2026-04-28T17:08:00,2026-04-30T18:47:00,CUST-01953,USD,323.86,13.40,4.99,2.58,339.67,Delivered
#0004874,2025-09-28T14:14:00,2025-09-28T18:45:00,CUST-02190,USD,505.55,28.48,12.99,20.08,526.94,Delivered
#0004876,2025-11-12T20:06:00,2025-11-12T11:45:00,CUST-01283,USD,216.37,13.61,0.00,9.43,220.55,Processing
#0004878,2026-05-16T09:01:00,2026-05-18T14:56:00,CUST-02004,USD,510.60,38.73,0.00,19.80,529.53,Delivered
#0004880,2026-05-12T12:06:00,2026-05-14T12:33:00,CUST-01467,USD,1035.74,72.76,12.99,30.61,1090.88,Shipped
#0004883,2026-05-19T11:44:00,2026-05-19T20:54:00,CUST-00068,USD,1374.62,111.37,7.99,22.57,1471.41,Delivered
#0004895,2026-03-06T10:10:00,2026-03-07T11:32:00,CUST-02556,USD,192.56,8.64,0.00,14.39,186.81,Shipped
#0004897,2025-10-22T20:15:00,2025-10-23T13:25:00,CUST-02540,CAD,479.56,22.93,0.00,4.43,498.06,Shipped
#0004899,2025-12-17T17:31:00,2025-12-17T16:41:00,CUST-01257,USD,134.87,7.16,0.00,5.84,136.19,Delivered
#0004900,2025-09-04T13:05:00,2025-09-06T11:45:00,CUST-01064,USD,1794.98,124.39,0.00,61.71,1857.66,Shipped
#0004902,2026-05-13T12:44:00,2026-05-15T17:57:00,CUST-02521,USD,1364.47,82.79,0.00,89.28,1357.98,Delivered
#0004906,2025-11-22T08:26:00,2025-11-23T22:35:00,CUST-01276,USD,679.51,40.84,4.99,22.67,702.67,Delivered
#0004908,2026-03-07T18:26:00,2026-03-09T15:34:00,CUST-01069,USD,174.86,13.95,4.99,18.80,175.00,Shipped
#0004909,2025-08-08T12:07:00,2025-08-10T19:19:00,CUST-00246,USD,246.55,14.94,0.00,23.19,238.30,Processing
#0004911,2025-08-18T14:16:00,2025-08-20T22:39:00,CUST-01948,USD,197.00,10.12,7.99,22.79,192.32,Delivered
#0004918,2025-10-13T16:56:00,2025-10-14T22:01:00,CUST-00975,USD,286.17,23.76,7.99,16.80,301.12,Delivered
#0004920,2026-02-26T22:19:00,2026-02-28T09:13:00,CUST-00167,USD,217.65,8.57,12.99,19.48,219.73,Delivered
#0004921,2026-04-20T11:43:00,2026-04-20T20:05:00,CUST-00291,USD,1303.22,72.57,7.99,112.94,1270.84,Processing
#0004922,2026-01-22T12:31:00,2026-01-24T11:52:00,CUST-02328,USD,299.45,25.52,12.99,0.46,337.50,Delivered
#0004926,2025-11-13T19:35:00,2025-11-15T10:25:00,CUST-01238,USD,1192.17,72.79,0.00,56.07,1208.89,Shipped
#0004938,2026-05-07T22:04:00,2026-05-08T10:59:00,CUST-02050,USD,798.28,48.35,0.00,76.89,769.74,Delivered
#0004940,2026-04-04T22:58:00,2026-04-06T18:42:00,CUST-01750,USD,315.74,23.81,0.00,19.38,320.17,Delivered
#0004946,2026-03-16T17:50:00,2026-03-17T14:39:00,CUST-01153,USD,152.32,9.52,4.99,15.69,151.14,Delivered
#0004954,2026-06-30T08:17:00,2026-06-30T18:50:00,CUST-01089,USD,317.49,23.90,4.99,2.55,343.83,Delivered
#0004955,2026-04-30T13:54:00,2026-05-01T18:04:00,CUST-01927,USD,1134.87,58.32,7.99,57.68,1143.50,Shipped
#0004966,2026-04-11T11:44:00,2026-04-13T13:45:00,CUST-01486,USD,954.48,64.62,0.00,56.93,962.17,Delivered
#0004969,2025-12-03T12:42:00,2025-12-04T15:48:00,CUST-00068,USD,326.47,20.46,12.99,16.74,343.18,Shipped
#0004971,2026-06-26T15:16:00,2026-06-26T10:21:00,CUST-02545,USD,697.03,45.02,12.99,44.01,711.03,Delivered
#0004974,2025-09-27T20:23:00,2025-09-29T22:37:00,CUST-01840,USD,1009.86,50.29,4.99,54.31,1010.83,Delivered
#0004978,2025-11-08T22:38:00,2025-11-08T21:46:00,CUST-02317,USD,1115.90,57.42,0.00,69.10,1104.22,Delivered
#0004980,2025-07-07T14:52:00,2025-07-08T09:22:00,CUST-00093,USD,53.90,2.51,12.99,2.09,67.31,Shipped
#0004982,2025-12-26T11:19:00,2025-12-26T12:41:00,CUST-01872,USD,93.24,4.79,12.99,3.32,107.70,Delivered
#0004990,2026-01-21T22:17:00,2026-01-23T19:29:00,CUST-00796,CAD,1162.37,65.48,0.00,82.66,1145.19,Delivered
#0004994,2025-07-18T21:11:00,2025-07-20T12:49:00,CUST-01268,USD,408.88,17.91,7.99,20.29,414.49,Delivered
#0005000,2025-11-30T15:11:00,2025-11-30T16:30:00,CUST-01879,USD,14.41,0.96,7.99,0.91,22.45,Delivered
