source_order_id,line_number,sku,quantity,unit_price,line_discount,line_tax,line_total
#0000011,1,SKU-0053,3,365.35,6.05,51.22,1141.22
#0000011,2,SKU-0007,1,237.35,25.00,15.83,228.18
#0000011,3,SKU-0024,1,30.39,3.26,2.12,29.25
#0000012,1,SKU-0108,1,136.23,15.34,9.81,130.70
#0000012,2,SKU-0120,2,252.60,30.77,19.67,494.10
#0000012,3,SKU-0039,2,102.21,7.04,10.70,208.08
#0000015,1,SKU-0005,2,108.37,8.01,10.56,219.29
#0000017,1,SKU-0107,3,383.97,85.50,48.08,1114.49
#0000017,2,SKU-0114,1,238.67,22.29,15.19,231.57
#0000017,3,SKU-0001,2,347.96,17.27,57.14,735.79
#0000020,1,SKU-0044,1,275.39,1.87,13.36,286.88
#0000025,1,SKU-0053,1,336.88,1.94,26.74,361.68
#0000027,1,SKU-0111,2,219.75,37.34,29.35,431.51
#0000027,2,SKU-0105,1,114.48,11.42,4.13,107.19
#0000029,1,SKU-0074,1,127.12,7.50,6.84,126.46
#0000029,2,SKU-0109,1,382.77,28.21,30.48,385.04
#0000029,3,SKU-0045,2,89.50,8.44,10.37,180.93
#0000036,1,SKU-0045,1,80.99,8.46,2.95,75.48
#0000036,2,SKU-0035,1,141.32,9.85,5.46,136.93
#0000036,3,SKU-0003,2,31.93,3.62,3.50,63.74
#0000036,4,SKU-0077,1,260.93,1.27,20.24,279.90
#0000038,1,SKU-0098,1,326.01,20.10,27.27,333.18
#0000038,2,SKU-0116,4,381.73,82.06,94.14,1539.00
#0000038,3,SKU-0025,1,140.02,9.72,9.35,139.65
#0000045,1,SKU-0012,3,69.30,11.83,17.03,213.10
#0000045,2,SKU-0062,1,16.01,0.06,1.02,16.97
#0000049,1,SKU-0051,1,100.05,7.73,7.93,100.25
#0000049,2,SKU-0109,1,377.12,23.34,26.14,379.92
#0000049,3,SKU-0049,1,227.95,19.31,11.10,219.74
#0000049,4,SKU-0020,1,239.92,10.08,16.08,245.92
#0000050,1,SKU-0057,1,432.06,39.19,34.47,427.34
#0000050,2,SKU-0120,2,252.50,31.40,41.20,514.80
#0000054,1,SKU-0069,2,218.86,47.38,34.41,424.75
#0000054,2,SKU-0089,1,24.45,0.15,2.05,26.35
#0000054,3,SKU-0061,1,206.41,20.43,11.12,197.10
#0000054,4,SKU-0096,1,31.89,3.76,1.29,29.42
#0000054,5,SKU-0100,1,242.52,21.16,16.76,238.12
#0000056,1,SKU-0041,1,361.07,29.60,23.55,355.02
#0000057,1,SKU-0087,2,199.64,20.18,27.88,406.98
#0000059,1,SKU-0097,1,170.08,19.75,11.20,161.53
#0000061,1,SKU-0100,2,254.30,36.99,36.45,508.06
#0000061,2,SKU-0004,2,129.45,1.90,20.35,277.35
#0000061,3,SKU-0051,1,95.13,6.01,4.61,93.73
#0000062,1,SKU-0041,1,324.65,16.36,24.89,333.18
#0000067,1,SKU-0044,1,242.40,5.77,14.90,251.53
#0000067,2,SKU-0117,1,94.58,0.59,6.01,100.00
#0000067,3,SKU-0047,1,16.25,0.13,0.82,16.94
#0000067,4,SKU-0082,2,246.03,33.69,21.51,479.88
#0000068,1,SKU-0023,1,166.19,11.88,9.20,163.51
#0000068,2,SKU-0032,2,180.11,4.51,24.22,379.93
#0000069,1,SKU-0055,1,27.73,0.38,1.93,29.28
#0000077,1,SKU-0004,1,116.50,6.63,7.13,117.00
#0000077,2,SKU-0063,2,23.01,1.14,3.78,48.66
#0000078,1,SKU-0063,1,23.46,0.76,1.09,23.79
#0000078,2,SKU-0092,1,15.79,1.30,0.85,15.34
#0000078,3,SKU-0112,3,195.89,15.75,33.16,605.08
#0000078,4,SKU-0057,3,428.95,118.35,77.53,1246.03
#0000078,5,SKU-0028,1,75.14,6.01,4.46,73.59
#0000085,1,SKU-0018,2,158.68,37.82,24.28,303.82
#0000085,2,SKU-0109,1,389.56,15.75,31.51,405.32
#0000090,1,SKU-0056,1,270.67,3.62,16.78,283.83
#0000090,2,SKU-0099,1,162.79,18.20,12.89,157.48
#0000095,1,SKU-0003,1,34.51,0.07,2.37,36.81
#0000095,2,SKU-0062,1,15.98,0.47,0.84,16.35
#0000095,3,SKU-0106,1,94.32,3.82,7.02,97.52
#0000096,1,SKU-0016,2,116.24,0.13,15.03,247.38
#0000096,2,SKU-0101,1,157.82,4.20,7.93,161.55
#0000104,1,SKU-0090,1,251.48,26.80,12.23,236.91
#0000113,1,SKU-0085,5,143.82,48.65,46.62,717.07
#0000113,2,SKU-0115,1,251.02,8.86,21.53,263.69
#0000118,1,SKU-0004,3,138.59,36.13,21.39,401.03
#0000118,2,SKU-0001,3,361.06,9.17,54.39,1128.40
#0000119,1,SKU-0005,2,96.84,18.43,14.20,189.45
#0000119,2,SKU-0038,2,282.48,56.46,38.36,546.86
#0000119,3,SKU-0064,1,24.00,2.31,1.03,22.72
#0000119,4,SKU-0034,2,394.72,85.45,38.46,742.45
#0000119,5,SKU-0039,2,91.60,14.10,8.75,177.85
#0000120,1,SKU-0079,2,35.38,0.00,2.90,73.66
#0000120,2,SKU-0119,1,243.88,15.46,16.62,245.04
#0000133,1,SKU-0116,3,441.50,94.20,50.33,1280.63
#0000133,2,SKU-0010,1,285.82,8.05,15.00,292.77
#0000134,1,SKU-0052,1,253.67,11.02,20.95,263.60
#0000134,2,SKU-0092,2,16.46,3.03,2.59,32.48
#0000134,3,SKU-0053,1,342.71,30.81,20.21,332.11
#0000137,1,SKU-0008,1,46.33,1.44,2.12,47.01
#0000139,1,SKU-0085,1,148.99,0.87,10.42,158.54
#0000147,1,SKU-0067,1,52.72,2.28,3.61,54.05
#0000147,2,SKU-0060,3,229.28,13.72,54.07,728.19
#0000147,3,SKU-0074,1,121.96,4.08,7.14,125.02
#0000147,4,SKU-0040,3,246.70,40.83,58.84,758.11
#0000147,5,SKU-0077,1,281.04,4.02,22.83,299.85
#0000152,1,SKU-0057,1,446.82,50.33,19.55,416.04
#0000152,2,SKU-0047,1,17.09,0.64,0.79,17.24
#0000152,3,SKU-0070,4,254.60,78.11,69.66,1009.95
#0000152,4,SKU-0016,2,115.99,10.92,11.74,232.80
#0000157,1,SKU-0083,1,183.75,6.88,11.21,188.08
#0000158,1,SKU-0035,4,148.91,58.83,36.55,573.36
#0000158,2,SKU-0016,1,128.42,12.33,9.55,125.64
#0000159,1,SKU-0017,1,71.05,5.17,2.94,68.82
#0000162,1,SKU-0045,1,91.91,1.48,3.92,94.35
#0000168,1,SKU-0022,2,204.39,4.68,18.06,422.16
#0000168,2,SKU-0046,2,139.62,24.92,13.80,268.12
#0000168,3,SKU-0026,2,275.88,29.62,25.19,547.33
#0000171,1,SKU-0105,1,111.24,5.05,9.36,115.55
#0000171,2,SKU-0004,1,135.59,2.39,11.55,144.75
#0000171,3,SKU-0089,1,26.80,1.31,1.72,27.21
#0000171,4,SKU-0046,2,151.02,10.43,21.30,312.91
#0000182,1,SKU-0025,3,137.41,25.64,33.88,420.47
#0000182,2,SKU-0061,2,225.24,14.70,28.70,464.48
#0000183,1,SKU-0080,1,83.21,0.29,3.33,86.25
#0000183,2,SKU-0103,3,333.83,96.78,53.79,958.50
#0000189,1,SKU-0004,1,131.34,7.85,7.72,131.21
#0000189,2,SKU-0068,2,81.34,4.30,9.78,168.16
#0000198,1,SKU-0005,1,109.21,0.82,6.92,115.31
#0000207,1,SKU-0093,1,269.78,0.70,13.93,283.01
#0000207,2,SKU-0038,1,249.19,28.24,16.12,237.07
#0000217,1,SKU-0018,1,166.15,9.65,8.68,165.18
#0000217,2,SKU-0011,2,269.98,58.34,36.37,517.99
#0000226,1,SKU-0103,2,352.53,49.22,32.87,688.71
#0000226,2,SKU-0079,1,37.13,2.28,2.76,37.61
#0000235,1,SKU-0062,1,16.12,0.64,1.27,16.75
#0000240,1,SKU-0097,1,169.96,0.63,11.93,181.26
#0000240,2,SKU-0031,1,323.02,14.88,14.65,322.79
#0000241,1,SKU-0068,3,78.07,0.02,19.09,253.28
#0000248,1,SKU-0037,3,67.34,18.89,12.54,195.67
#0000252,1,SKU-0019,4,49.55,6.03,14.49,206.66
#0000253,1,SKU-0056,2,229.99,45.87,34.80,448.91
#0000255,1,SKU-0030,2,219.40,9.67,22.33,451.46
#0000255,2,SKU-0071,1,298.12,23.39,13.37,288.10
#0000255,3,SKU-0109,1,371.15,30.23,20.86,361.78
#0000256,1,SKU-0059,1,125.93,6.60,5.94,125.27
#0000256,2,SKU-0065,1,145.90,4.18,9.64,151.36
#0000256,3,SKU-0116,1,384.20,16.77,31.07,398.50
#0000263,1,SKU-0006,1,175.43,8.66,12.37,179.14
#0000263,2,SKU-0030,2,203.21,12.38,18.75,412.79
#0000263,3,SKU-0070,1,234.36,22.76,17.90,229.50
#0000266,1,SKU-0117,1,92.78,3.81,6.34,95.31
#0000268,1,SKU-0018,1,162.98,4.15,8.95,167.78
#0000268,2,SKU-0001,1,342.56,6.05,23.33,359.84
#0000275,1,SKU-0050,3,413.38,138.01,72.82,1174.95
#0000277,1,SKU-0104,1,186.54,17.71,11.03,179.86
#0000296,1,SKU-0009,1,173.44,2.44,14.63,185.63
#0000301,1,SKU-0029,2,135.98,14.31,17.82,275.47
#0000301,2,SKU-0081,1,48.23,5.37,2.10,44.96
#0000301,3,SKU-0018,2,160.65,18.18,18.25,321.37
#0000303,1,SKU-0100,1,247.87,26.37,16.65,238.15
#0000303,2,SKU-0030,1,209.04,11.29,10.06,207.81
#0000306,1,SKU-0059,1,130.45,2.13,11.40,139.72
#0000306,2,SKU-0066,1,73.99,6.05,5.84,73.78
#0000306,3,SKU-0029,1,137.34,12.25,9.16,134.25
#0000306,4,SKU-0012,4,68.37,28.48,19.93,264.93
#0000308,1,SKU-0100,3,245.30,70.76,29.83,694.97
#0000309,1,SKU-0093,1,294.91,11.44,13.83,297.30
#0000314,1,SKU-0101,1,154.17,13.72,6.93,147.38
#0000314,2,SKU-0056,2,257.88,57.32,19.69,478.13
#0000314,3,SKU-0077,2,246.27,32.03,32.01,492.52
#0000317,1,SKU-0116,1,392.77,16.55,24.99,401.21
#0000317,2,SKU-0038,1,271.70,7.36,21.98,286.32
#0000317,3,SKU-0071,1,324.64,10.57,13.59,327.66
#0000317,4,SKU-0048,1,178.45,4.10,11.34,185.69
#0000317,5,SKU-0083,3,167.92,57.24,18.36,464.88
#0000319,1,SKU-0056,1,248.21,21.42,11.81,238.60
#0000319,2,SKU-0002,1,151.29,4.15,9.61,156.75
#0000320,1,SKU-0023,1,179.56,19.41,6.44,166.59
#0000322,1,SKU-0014,3,382.19,74.87,76.67,1148.37
#0000322,2,SKU-0049,2,208.14,48.95,32.77,400.10
#0000322,3,SKU-0070,1,216.00,23.64,12.81,205.17
#0000324,1,SKU-0094,1,292.94,15.71,16.42,293.65
#0000326,1,SKU-0091,1,159.54,17.66,9.87,151.75
#0000326,2,SKU-0093,2,299.01,53.71,26.17,570.48
#0000326,3,SKU-0087,4,186.36,58.13,41.07,728.38
#0000326,4,SKU-0118,1,235.97,2.91,12.81,245.87
#0000326,5,SKU-0050,1,379.63,2.06,24.33,401.90
#0000328,1,SKU-0051,5,98.52,40.61,18.66,470.65
#0000331,1,SKU-0081,2,43.36,3.47,5.87,89.12
#0000336,1,SKU-0097,2,180.70,20.47,25.83,366.76
#0000336,2,SKU-0061,1,194.16,7.12,9.63,196.67
#0000341,1,SKU-0110,1,71.10,7.62,4.76,68.24
#0000342,1,SKU-0003,1,34.17,2.09,2.35,34.43
#0000342,2,SKU-0117,4,107.56,0.49,37.09,466.84
#0000342,3,SKU-0107,1,348.27,10.00,25.46,363.73
#0000345,1,SKU-0118,1,226.30,5.31,16.16,237.15
#0000348,1,SKU-0041,2,332.23,77.56,31.20,618.10
#0000348,2,SKU-0067,1,55.25,2.31,4.35,57.29
#0000348,3,SKU-0092,1,17.50,1.34,0.95,17.11
#0000349,1,SKU-0001,1,379.46,21.21,16.16,374.41
#0000349,2,SKU-0109,3,351.48,63.23,81.25,1072.46
#0000349,3,SKU-0112,2,204.40,37.09,29.55,401.26
#0000349,4,SKU-0087,3,201.09,46.89,46.97,603.35
#0000349,5,SKU-0042,1,394.06,4.79,33.80,423.07
#0000352,1,SKU-0112,1,222.00,11.60,10.45,220.85
#0000352,2,SKU-0114,1,203.33,1.59,11.11,212.85
#0000352,3,SKU-0050,2,418.04,48.75,47.08,834.41
#0000352,4,SKU-0096,1,33.13,3.42,1.25,30.96
#0000352,5,SKU-0005,2,93.79,17.65,9.70,179.63
#0000356,1,SKU-0054,1,207.08,3.13,11.07,215.02
#0000358,1,SKU-0039,2,104.02,22.51,11.82,197.35
#0000363,1,SKU-0017,1,75.01,8.77,3.04,69.28
#0000363,2,SKU-0055,3,32.35,0.25,5.01,101.81
#0000363,3,SKU-0050,1,407.87,38.99,28.67,397.55
#0000364,1,SKU-0114,4,227.29,66.97,42.52,884.71
#0000364,2,SKU-0106,1,94.99,10.75,3.72,87.96
#0000364,3,SKU-0028,1,82.25,1.66,6.79,87.38
#0000371,1,SKU-0013,1,302.70,9.89,23.34,316.15
#0000371,2,SKU-0070,2,232.45,53.04,21.87,433.73
#0000371,3,SKU-0035,2,137.99,26.15,18.37,268.20
#0000372,1,SKU-0099,2,183.62,42.16,15.05,340.13
#0000375,1,SKU-0083,1,163.41,3.63,7.61,167.39
#0000379,1,SKU-0006,1,164.14,11.83,12.06,164.37
#0000379,2,SKU-0072,1,159.40,5.08,9.19,163.51
#0000383,1,SKU-0098,2,333.85,53.68,38.72,652.74
#0000383,2,SKU-0036,1,298.85,14.24,22.56,307.17
#0000383,3,SKU-0099,1,186.45,5.52,7.29,188.22
#0000384,1,SKU-0020,1,234.42,11.81,8.97,231.58
#0000384,2,SKU-0017,1,70.83,8.34,3.89,66.38
#0000384,3,SKU-0023,1,168.24,18.71,13.05,162.58
#0000384,4,SKU-0047,3,15.19,5.17,3.60,44.00
#0000387,1,SKU-0097,2,166.35,27.39,21.32,326.63
#0000387,2,SKU-0036,1,270.11,28.30,11.42,253.23
#0000387,3,SKU-0104,2,202.65,35.77,28.75,398.28
#0000388,1,SKU-0089,3,27.38,7.97,6.54,80.71
#0000388,2,SKU-0062,2,14.29,2.74,1.28,27.12
#0000388,3,SKU-0093,1,299.48,31.40,16.23,284.31
#0000388,4,SKU-0004,3,119.90,34.32,28.80,354.18
#0000389,1,SKU-0018,1,161.22,15.30,7.42,153.34
#0000392,1,SKU-0084,1,379.08,25.63,17.19,370.64
#0000396,1,SKU-0065,1,144.18,8.58,9.69,145.29
#0000399,1,SKU-0100,2,270.47,24.43,35.75,552.26
#0000400,1,SKU-0114,1,220.30,2.11,13.78,231.97
#0000400,2,SKU-0068,1,74.05,7.56,3.94,70.43
#0000400,3,SKU-0090,1,248.87,26.77,9.88,231.98
#0000400,4,SKU-0030,1,227.85,25.50,17.27,219.62
#0000402,1,SKU-0005,1,106.65,3.67,8.14,111.12
#0000402,2,SKU-0033,2,107.81,11.40,9.50,213.72
#0000409,1,SKU-0020,2,219.65,0.02,25.63,464.91
#0000409,2,SKU-0003,1,32.82,1.00,1.60,33.42
#0000409,3,SKU-0055,1,31.39,2.85,1.88,30.42
#0000414,1,SKU-0111,2,252.34,38.89,27.98,493.77
#0000417,1,SKU-0010,3,317.04,58.44,57.92,950.60
#0000420,1,SKU-0027,1,60.62,3.32,3.36,60.66
#0000422,1,SKU-0066,5,78.41,2.98,31.23,420.30
#0000422,2,SKU-0097,2,164.46,10.52,24.04,342.44
#0000422,3,SKU-0017,2,64.70,10.90,9.04,127.54
#0000422,4,SKU-0098,1,334.81,35.09,19.02,318.74
#0000423,1,SKU-0087,3,172.27,57.85,24.63,483.59
#0000423,2,SKU-0037,1,73.30,0.24,3.72,76.78
#0000423,3,SKU-0117,1,104.64,1.56,7.55,110.63
#0000423,4,SKU-0002,2,153.26,9.40,21.53,318.65
#0000425,1,SKU-0045,2,80.82,7.84,8.25,162.05
#0000425,2,SKU-0114,1,203.83,9.74,9.06,203.15
#0000426,1,SKU-0039,2,87.47,9.81,10.12,175.25
#0000426,2,SKU-0105,1,113.30,10.51,7.08,109.87
#0000427,1,SKU-0119,1,264.51,12.30,21.94,274.15
#0000427,2,SKU-0113,1,148.39,12.37,8.25,144.27
#0000428,1,SKU-0075,2,25.25,0.88,2.73,52.35
#0000428,2,SKU-0074,3,117.36,9.01,26.94,370.01
#0000428,3,SKU-0120,1,270.41,14.73,22.72,278.40
#0000428,4,SKU-0115,1,282.60,21.07,18.62,280.15
#0000428,5,SKU-0111,1,229.23,14.16,13.12,228.19
#0000431,1,SKU-0018,1,168.24,17.19,8.32,159.37
#0000432,1,SKU-0099,3,184.02,28.28,21.94,545.72
#0000434,1,SKU-0093,1,280.09,9.45,20.11,290.75
#0000434,2,SKU-0055,2,31.94,4.31,2.94,62.51
#0000439,1,SKU-0105,1,113.91,11.88,9.00,111.03
#0000439,2,SKU-0061,2,215.11,30.52,20.19,419.89
#0000439,3,SKU-0033,1,121.76,13.03,8.10,116.83
#0000443,1,SKU-0048,2,196.96,14.70,33.55,412.77
#0000443,2,SKU-0070,3,232.10,22.30,28.53,702.53
#0000443,3,SKU-0013,4,308.84,41.31,57.44,1251.49
#0000452,1,SKU-0035,1,138.38,12.96,7.49,132.91
#0000452,2,SKU-0011,1,265.60,0.26,12.03,277.37
#0000453,1,SKU-0092,4,17.09,1.02,2.75,70.09
#0000454,1,SKU-0050,1,424.48,4.34,23.76,443.90
#0000454,2,SKU-0035,2,138.52,28.68,17.63,265.99
#0000456,1,SKU-0033,2,123.86,2.13,18.72,264.31
#0000456,2,SKU-0016,1,113.23,7.17,4.63,110.69
#0000471,1,SKU-0104,1,212.02,0.14,13.79,225.67
#0000471,2,SKU-0119,1,238.53,7.35,19.65,250.83
#0000471,3,SKU-0034,2,398.19,68.17,59.26,787.47
#0000473,1,SKU-0061,1,206.31,21.44,10.83,195.70
#0000474,1,SKU-0034,2,391.95,29.60,35.58,789.88
#0000474,2,SKU-0079,3,32.53,8.87,3.78,92.50
#0000476,1,SKU-0100,2,248.85,43.54,28.66,482.82
#0000478,1,SKU-0088,3,131.76,18.51,26.90,403.67
#0000479,1,SKU-0100,2,241.57,31.66,33.60,485.08
#0000479,2,SKU-0079,2,37.80,7.82,2.95,70.73
#0000479,3,SKU-0025,2,140.23,24.53,13.77,269.70
#0000482,1,SKU-0075,4,27.48,8.58,8.43,109.77
#0000482,2,SKU-0065,1,151.29,0.91,12.38,162.76
#0000482,3,SKU-0074,1,113.93,6.56,7.30,114.67
#0000488,1,SKU-0100,2,274.20,22.74,42.90,568.56
#0000496,1,SKU-0062,2,14.50,2.25,2.36,29.11
#0000496,2,SKU-0083,1,162.62,2.29,10.82,171.15
#0000496,3,SKU-0104,3,184.35,47.33,31.46,537.18
#0000502,1,SKU-0092,2,15.50,0.55,1.96,32.41
#0000502,2,SKU-0067,1,53.72,5.94,4.26,52.04
#0000502,3,SKU-0093,1,277.18,24.27,18.17,271.08
#0000505,1,SKU-0099,1,170.19,19.32,7.72,158.59
#0000510,1,SKU-0014,1,336.60,13.51,19.85,342.94
#0000510,2,SKU-0024,1,34.86,2.86,1.59,33.59
#0000510,3,SKU-0112,1,194.41,6.69,8.85,196.57
#0000522,1,SKU-0102,1,18.06,0.81,1.52,18.77
#0000527,1,SKU-0058,2,257.00,16.20,29.89,527.69
#0000527,2,SKU-0103,1,319.55,23.72,14.19,310.02
#0000528,1,SKU-0088,2,148.31,15.61,19.02,300.03
#0000531,1,SKU-0054,1,206.60,6.32,10.86,211.14
#0000536,1,SKU-0048,4,191.16,14.81,38.80,788.63
#0000536,2,SKU-0047,2,16.88,1.35,1.58,33.99
#0000539,1,SKU-0066,1,74.68,5.26,5.82,75.24
#0000540,1,SKU-0041,2,306.01,36.98,34.03,609.07
#0000540,2,SKU-0052,1,282.87,22.55,18.11,278.43
#0000546,1,SKU-0009,2,164.44,3.34,22.80,348.34
#0000548,1,SKU-0084,2,382.65,7.93,36.29,793.66
#0000548,2,SKU-0065,1,133.13,3.30,6.45,136.28
#0000556,1,SKU-0042,1,413.02,5.07,24.52,432.47
#0000556,2,SKU-0045,2,85.93,16.97,12.36,167.25
#0000562,1,SKU-0010,1,327.12,0.54,27.39,353.97
#0000562,2,SKU-0081,1,49.79,2.70,3.33,50.42
#0000565,1,SKU-0006,2,158.14,23.58,17.68,310.38
#0000568,1,SKU-0051,1,97.43,5.68,5.41,97.16
#0000571,1,SKU-0059,1,129.19,11.05,8.54,126.68
#0000573,1,SKU-0006,1,161.40,15.43,6.05,152.02
#0000573,2,SKU-0114,2,222.51,34.75,31.77,442.04
#0000576,1,SKU-0120,1,272.03,19.96,17.41,269.48
#0000577,1,SKU-0055,1,31.11,2.03,1.71,30.79
#0000577,2,SKU-0067,1,51.31,0.37,3.28,54.22
#0000584,1,SKU-0082,1,279.61,14.63,18.93,283.91
#0000594,1,SKU-0048,1,188.42,2.71,9.68,195.39
#0000594,2,SKU-0029,1,137.05,4.73,7.27,139.59
#0000595,1,SKU-0059,2,135.40,24.70,13.12,259.22
#0000607,1,SKU-0026,1,247.35,10.86,12.56,249.05
#0000610,1,SKU-0042,1,374.39,15.47,14.53,373.45
#0000610,2,SKU-0023,1,165.07,15.08,11.52,161.51
#0000610,3,SKU-0105,1,101.53,9.81,4.12,95.84
#0000615,1,SKU-0074,5,108.51,57.33,43.55,528.77
#0000615,2,SKU-0084,3,390.75,70.40,77.92,1179.77
#0000615,3,SKU-0040,2,251.87,50.35,35.38,488.77
#0000618,1,SKU-0117,1,96.91,7.84,5.46,94.53
#0000620,1,SKU-0047,1,16.31,1.55,1.13,15.89
#0000620,2,SKU-0071,3,315.23,47.28,44.18,942.59
#0000620,3,SKU-0049,1,227.43,20.23,14.23,221.43
#0000620,4,SKU-0109,1,367.17,30.29,14.74,351.62
#0000629,1,SKU-0048,2,188.72,9.60,31.13,398.97
#0000629,2,SKU-0037,1,64.71,5.35,3.86,63.22
#0000629,3,SKU-0038,2,249.35,43.91,19.06,473.85
#0000629,4,SKU-0029,1,135.97,14.13,5.51,127.35
#0000630,1,SKU-0036,2,278.36,54.66,36.08,538.14
#0000631,1,SKU-0027,1,67.41,6.79,4.91,65.53
#0000631,2,SKU-0033,1,104.81,1.46,7.26,110.61
#0000631,3,SKU-0042,1,420.02,48.88,31.67,402.81
#0000632,1,SKU-0076,3,103.07,7.93,23.01,324.29
#0000632,2,SKU-0110,2,73.18,6.94,5.81,145.23
#0000632,3,SKU-0095,1,64.64,1.25,4.88,68.27
#0000635,1,SKU-0067,1,54.78,4.61,4.47,54.64
#0000636,1,SKU-0069,1,219.44,18.03,16.37,217.78
#0000641,1,SKU-0120,2,293.22,35.67,38.04,588.81
#0000642,1,SKU-0112,1,218.32,13.36,12.11,217.07
#0000642,2,SKU-0035,1,144.51,3.71,8.08,148.88
#0000642,3,SKU-0118,2,215.79,24.27,18.06,425.37
#0000642,4,SKU-0029,1,126.88,14.42,8.80,121.26
#0000645,1,SKU-0031,1,341.50,2.60,19.51,358.41
#0000645,2,SKU-0019,2,43.48,1.26,4.28,89.98
#0000647,1,SKU-0005,1,107.85,3.57,5.63,109.91
#0000652,1,SKU-0059,1,133.63,12.95,7.93,128.61
#0000652,2,SKU-0103,1,342.25,2.70,24.16,363.71
#0000652,3,SKU-0031,2,312.24,71.70,42.09,594.87
#0000652,4,SKU-0048,1,180.34,14.19,11.56,177.71
#0000655,1,SKU-0095,2,68.50,7.99,5.85,134.86
#0000656,1,SKU-0052,1,257.93,29.20,12.71,241.44
#0000658,1,SKU-0105,1,113.19,8.76,7.25,111.68
#0000659,1,SKU-0116,2,418.34,64.75,34.94,806.87
#0000659,2,SKU-0100,1,248.57,29.13,12.82,232.26
#0000663,1,SKU-0089,1,24.10,0.87,1.67,24.90
#0000668,1,SKU-0007,1,255.64,27.21,19.86,248.29
#0000674,1,SKU-0048,4,181.91,70.70,35.89,692.83
#0000675,1,SKU-0046,1,143.06,6.92,6.96,143.10
#0000675,2,SKU-0023,2,161.22,1.12,25.96,347.28
#0000675,3,SKU-0087,2,196.27,11.20,20.68,402.02
#0000680,1,SKU-0023,2,154.82,33.11,13.41,289.94
#0000680,2,SKU-0100,3,261.11,49.72,47.97,781.58
#0000684,1,SKU-0046,1,148.60,12.83,6.36,142.13
#0000690,1,SKU-0031,1,324.17,10.12,24.33,338.38
#0000696,1,SKU-0109,1,411.25,41.66,18.12,387.71
#0000696,2,SKU-0087,3,203.89,50.47,25.97,587.17
#0000697,1,SKU-0040,1,241.69,2.74,18.24,257.19
#0000697,2,SKU-0079,4,36.67,10.17,11.14,147.65
#0000702,1,SKU-0107,1,344.69,29.30,15.74,331.13
#0000704,1,SKU-0105,1,104.97,11.60,4.78,98.15
#0000707,1,SKU-0096,1,33.31,1.52,1.81,33.60
#0000707,2,SKU-0044,1,239.45,1.70,12.77,250.52
#0000708,1,SKU-0060,1,255.89,2.63,22.28,275.54
#0000708,2,SKU-0077,1,258.57,27.28,17.85,249.14
#0000708,3,SKU-0028,1,76.41,8.26,6.04,74.19
#0000715,1,SKU-0119,1,271.40,3.55,12.88,280.73
#0000715,2,SKU-0092,2,15.28,0.44,2.18,32.30
#0000715,3,SKU-0016,2,130.00,2.37,20.58,278.21
#0000715,4,SKU-0013,1,326.41,15.63,26.85,337.63
#0000717,1,SKU-0012,1,76.44,3.25,5.97,79.16
#0000717,2,SKU-0019,1,43.75,0.95,2.98,45.78
#0000720,1,SKU-0055,1,28.35,1.30,1.62,28.67
#0000722,1,SKU-0047,1,15.40,1.62,1.06,14.84
#0000722,2,SKU-0118,2,218.63,11.07,25.46,451.65
#0000722,3,SKU-0035,1,154.18,10.39,7.82,151.61
#0000723,1,SKU-0087,2,194.29,34.89,16.57,370.26
#0000723,2,SKU-0074,2,120.85,27.63,12.07,226.14
#0000725,1,SKU-0066,1,70.47,1.96,3.82,72.33
#0000730,1,SKU-0118,2,200.11,29.20,32.38,403.40
#0000730,2,SKU-0076,2,100.48,14.60,11.15,197.51
#0000730,3,SKU-0098,1,308.57,28.45,19.08,299.20
#0000730,4,SKU-0002,1,149.64,5.83,12.35,156.16
#0000738,1,SKU-0025,3,124.14,15.61,22.21,379.02
#0000738,2,SKU-0016,2,121.37,20.54,8.93,231.13
#0000740,1,SKU-0058,2,272.46,11.21,28.20,561.91
#0000745,1,SKU-0054,1,236.03,9.10,11.41,238.34
#0000745,2,SKU-0095,2,66.56,14.50,10.33,128.95
#0000747,1,SKU-0098,1,311.61,29.19,17.64,300.06
#0000759,1,SKU-0045,2,90.16,13.96,14.93,181.29
#0000759,2,SKU-0082,4,249.42,97.69,69.09,969.08
#0000759,3,SKU-0104,1,192.92,6.60,16.74,203.06
#0000759,4,SKU-0016,2,131.66,26.22,16.80,253.90
#0000761,1,SKU-0041,1,347.47,25.16,16.56,338.87
#0000761,2,SKU-0011,1,280.22,2.30,24.46,302.38
#0000763,1,SKU-0100,1,258.40,25.06,16.05,249.39
#0000763,2,SKU-0009,1,179.36,19.14,13.42,173.64
#0000763,3,SKU-0103,1,313.86,13.29,15.47,316.04
#0000763,4,SKU-0038,1,272.60,14.03,15.81,274.38
#0000767,1,SKU-0084,1,367.48,24.32,28.16,371.32
#0000775,1,SKU-0105,1,118.53,13.10,7.04,112.47
#0000776,1,SKU-0084,1,361.85,16.93,26.04,370.96
#0000779,1,SKU-0045,2,82.52,18.43,6.99,153.60
#0000779,2,SKU-0025,1,126.83,0.68,10.22,136.37
#0000781,1,SKU-0110,1,67.09,7.31,3.44,63.22
#0000781,2,SKU-0051,2,102.76,22.44,16.46,199.54
#0000781,3,SKU-0075,2,25.20,4.49,2.62,48.53
#0000781,4,SKU-0055,1,28.03,1.34,1.70,28.39
#0000788,1,SKU-0076,1,97.80,11.43,3.87,90.24
#0000793,1,SKU-0067,1,56.89,4.30,3.89,56.48
#0000804,1,SKU-0082,5,290.57,136.00,66.98,1383.83
#0000804,2,SKU-0103,1,341.98,6.42,24.81,360.37
#0000806,1,SKU-0011,1,243.00,21.66,9.39,230.73
#0000812,1,SKU-0036,1,305.10,4.02,12.82,313.90
#0000814,1,SKU-0094,1,285.87,15.25,19.04,289.66
#0000815,1,SKU-0105,1,109.24,11.77,7.68,105.15
#0000815,2,SKU-0045,1,90.93,1.41,5.89,95.41
#0000825,1,SKU-0043,1,139.42,0.98,6.20,144.64
#0000829,1,SKU-0005,2,98.79,3.69,11.82,205.71
#0000835,1,SKU-0065,3,132.54,7.07,32.29,422.84
#0000835,2,SKU-0068,1,81.22,8.06,4.60,77.76
#0000835,3,SKU-0011,1,264.72,22.73,17.72,259.71
#0000836,1,SKU-0070,3,223.01,2.17,58.55,725.41
#0000836,2,SKU-0041,3,308.73,91.07,73.39,908.51
#0000841,1,SKU-0079,2,37.61,4.36,3.61,74.47
#0000844,1,SKU-0113,2,144.79,12.27,15.16,292.47
#0000844,2,SKU-0100,1,252.08,10.50,18.88,260.46
#0000848,1,SKU-0117,1,97.85,10.82,5.41,92.44
#0000848,2,SKU-0119,2,250.57,21.33,39.90,519.71
#0000848,3,SKU-0002,1,142.12,8.36,9.06,142.82
#0000848,4,SKU-0006,3,161.60,16.35,28.20,496.65
#0000849,1,SKU-0064,2,26.87,4.95,2.96,51.75
#0000857,1,SKU-0102,1,20.29,0.08,1.19,21.40
#0000859,1,SKU-0058,1,292.63,15.03,12.22,289.82
#0000861,1,SKU-0021,1,112.08,2.08,7.28,117.28
#0000861,2,SKU-0119,1,266.75,1.17,22.39,287.97
#0000863,1,SKU-0079,1,32.73,2.70,1.72,31.75
#0000866,1,SKU-0067,1,50.57,0.22,3.62,53.97
#0000866,2,SKU-0092,1,15.59,1.21,0.99,15.37
#0000866,3,SKU-0057,1,432.14,35.69,18.98,415.43
#0000867,1,SKU-0119,1,235.45,10.06,13.43,238.82
#0000869,1,SKU-0044,1,261.27,17.00,13.61,257.88
#0000873,1,SKU-0067,2,51.17,11.57,7.52,98.29
#0000874,1,SKU-0092,1,14.76,0.28,0.61,15.09
#0000875,1,SKU-0001,1,352.72,10.41,15.66,357.97
#0000875,2,SKU-0044,2,240.82,52.12,25.51,455.03
#0000875,3,SKU-0003,1,36.31,0.57,2.86,38.60
#0000875,4,SKU-0104,1,194.38,13.55,8.93,189.76
#0000875,5,SKU-0016,1,124.91,3.92,6.40,127.39
#0000878,1,SKU-0004,1,117.81,5.55,7.33,119.59
#0000881,1,SKU-0050,2,385.25,45.84,36.92,761.58
#0000883,1,SKU-0021,1,126.71,2.27,9.55,133.99
#0000883,2,SKU-0093,1,294.18,18.45,23.62,299.35
#0000891,1,SKU-0107,1,384.42,39.30,14.86,359.98
#0000896,1,SKU-0051,1,99.78,2.18,8.22,105.82
#0000897,1,SKU-0028,3,75.96,22.29,8.76,214.35
#0000900,1,SKU-0032,1,197.04,18.27,14.42,193.19
#0000901,1,SKU-0010,3,332.58,10.11,50.90,1038.53
#0000904,1,SKU-0031,1,297.85,8.18,22.70,312.37
#0000904,2,SKU-0021,3,125.02,29.32,22.68,368.42
#0000904,3,SKU-0047,2,17.36,2.12,2.10,34.70
#0000904,4,SKU-0009,2,171.39,39.54,26.68,329.92
#0000907,1,SKU-0058,4,289.03,22.36,64.42,1198.18
#0000910,1,SKU-0116,4,424.01,50.75,144.90,1790.19
#0000910,2,SKU-0091,1,179.50,15.14,6.74,171.10
#0000911,1,SKU-0026,3,247.79,77.61,48.16,713.92
#0000911,2,SKU-0080,2,90.28,9.03,15.44,186.97
#0000918,1,SKU-0109,3,402.69,116.23,50.48,1142.32
#0000919,1,SKU-0053,1,370.82,32.25,24.39,362.96
#0000923,1,SKU-0080,1,97.97,1.65,5.36,101.68
#0000923,2,SKU-0088,3,147.54,12.39,30.67,460.90
#0000923,3,SKU-0041,2,360.12,42.47,31.09,708.86
#0000924,1,SKU-0062,1,15.24,0.13,0.71,15.82
#0000925,1,SKU-0030,3,231.45,27.58,39.52,706.29
#0000925,2,SKU-0009,2,180.61,6.76,15.30,369.76
#0000925,3,SKU-0025,3,136.62,42.15,28.62,396.33
#0000927,1,SKU-0028,1,73.73,7.08,3.04,69.69
#0000931,1,SKU-0092,2,15.42,0.10,2.21,32.95
#0000934,1,SKU-0062,1,15.63,0.52,0.77,15.88
#0000934,2,SKU-0006,1,160.10,7.14,6.34,159.30
#0000934,3,SKU-0030,1,208.61,2.39,15.72,221.94
#0000934,4,SKU-0110,1,70.01,5.90,3.97,68.08
#0000935,1,SKU-0034,1,357.68,16.84,29.22,370.06
#0000935,2,SKU-0107,2,357.54,70.12,44.09,689.05
#0000935,3,SKU-0052,2,253.72,49.45,21.97,479.96
#0000935,4,SKU-0050,1,430.96,25.77,29.30,434.49
#0000938,1,SKU-0106,1,99.48,3.57,8.22,104.13
#0000938,2,SKU-0077,3,271.57,78.50,51.87,788.08
#0000942,1,SKU-0090,2,269.42,23.57,45.67,560.94
#0000942,2,SKU-0107,1,360.39,10.28,24.98,375.09
#0000942,3,SKU-0064,1,24.27,2.89,0.93,22.31
#0000952,1,SKU-0096,2,30.23,0.37,3.39,63.48
#0000952,2,SKU-0057,2,430.19,67.67,43.28,835.99
#0000952,3,SKU-0081,2,50.29,4.57,6.35,102.36
#0000952,4,SKU-0101,1,174.64,1.42,14.53,187.75
#0000955,1,SKU-0032,2,178.07,23.48,14.82,347.48
#0000955,2,SKU-0079,1,32.86,1.18,2.11,33.79
#0000959,1,SKU-0070,3,253.63,60.37,50.07,750.59
#0000967,1,SKU-0068,1,76.93,8.84,5.33,73.42
#0000967,2,SKU-0023,1,155.32,2.56,7.81,160.57
#0000976,1,SKU-0073,1,131.70,9.31,5.06,127.45
#0000977,1,SKU-0093,1,285.21,2.09,15.52,298.64
#0000980,1,SKU-0070,3,245.01,84.56,28.74,679.21
#0000982,1,SKU-0062,2,14.72,0.90,2.46,31.00
#0000982,2,SKU-0079,3,36.14,9.32,6.68,105.78
#0000982,3,SKU-0065,2,147.35,30.94,10.89,274.65
#0000983,1,SKU-0085,1,149.05,8.06,6.35,147.34
#0000983,2,SKU-0044,1,267.85,17.21,14.99,265.63
#0000993,1,SKU-0022,2,229.12,3.30,21.85,476.79
#0000993,2,SKU-0035,1,162.06,16.94,11.72,156.84
#0000997,1,SKU-0096,3,28.64,3.27,6.52,89.17
#0000999,1,SKU-0109,1,381.99,39.49,30.55,373.05
#0000999,2,SKU-0061,1,214.66,17.83,12.04,208.87
#0001000,1,SKU-0075,1,27.89,3.22,1.11,25.78
#0001006,1,SKU-0110,1,70.77,1.08,5.68,75.37
#0001009,1,SKU-0037,1,65.00,4.30,4.08,64.78
#0001009,2,SKU-0091,1,165.66,17.03,10.46,159.09
#0001010,1,SKU-0088,1,139.79,8.03,9.20,140.96
#0001010,2,SKU-0037,1,62.93,2.43,5.11,65.61
#0001010,3,SKU-0014,1,332.49,30.58,22.59,324.50
#0001010,4,SKU-0063,1,25.62,3.04,1.83,24.41
#0001014,1,SKU-0104,3,214.33,76.95,30.20,596.24
#0001014,2,SKU-0108,1,135.49,15.59,9.22,129.12
#0001025,1,SKU-0104,1,206.59,9.68,11.83,208.74
#0001031,1,SKU-0118,4,223.18,16.76,44.75,920.71
#0001031,2,SKU-0008,2,45.11,9.82,6.01,86.41
#0001031,3,SKU-0109,1,357.06,3.61,27.59,381.04
#0001037,1,SKU-0071,1,290.02,20.91,19.05,288.16
#0001037,2,SKU-0041,1,351.58,0.53,29.20,380.25
#0001037,3,SKU-0064,1,23.55,2.29,1.07,22.33
#0001037,4,SKU-0047,1,16.81,0.54,0.93,17.20
#0001037,5,SKU-0098,1,360.32,28.59,26.75,358.48
#0001038,1,SKU-0081,3,49.11,3.29,9.88,153.92
#0001038,2,SKU-0012,2,72.64,5.69,11.99,151.58
#0001041,1,SKU-0043,1,145.07,14.14,8.71,139.64
#0001049,1,SKU-0080,1,83.76,3.60,5.35,85.51
#0001050,1,SKU-0067,1,55.94,0.48,4.83,60.29
#0001051,1,SKU-0104,1,195.29,21.93,10.23,183.59
#0001051,2,SKU-0037,1,69.73,0.25,3.63,73.11
#0001051,3,SKU-0067,2,55.44,5.57,5.06,110.37
#0001051,4,SKU-0059,1,118.31,2.51,5.01,120.81
#0001051,5,SKU-0007,4,246.88,38.44,76.09,1025.17
#0001053,1,SKU-0100,1,271.75,5.75,16.01,282.01
#0001053,2,SKU-0094,1,306.70,36.68,21.00,291.02
#0001053,3,SKU-0088,2,132.79,23.19,13.07,255.46
#0001053,4,SKU-0118,1,228.85,8.37,14.73,235.21
#0001053,5,SKU-0105,2,111.97,2.81,15.34,236.47
#0001057,1,SKU-0040,1,240.52,19.77,17.27,238.02
#0001057,2,SKU-0001,1,352.76,2.93,16.28,366.11
#0001057,3,SKU-0081,1,43.52,4.10,2.55,41.97
#0001060,1,SKU-0076,1,95.06,0.07,4.15,99.14
#0001060,2,SKU-0114,1,233.41,6.32,9.58,236.67
#0001060,3,SKU-0079,1,34.23,1.17,1.97,35.03
#0001068,1,SKU-0086,2,22.42,4.28,2.01,42.57
#0001068,2,SKU-0057,2,441.29,55.20,60.95,888.33
#0001068,3,SKU-0084,3,356.99,89.35,53.79,1035.41
#0001070,1,SKU-0064,3,24.58,5.13,5.88,74.49
#0001071,1,SKU-0058,2,254.14,27.11,41.07,522.24
#0001071,2,SKU-0119,1,244.57,0.72,11.78,255.63
#0001076,1,SKU-0050,1,406.20,18.62,27.57,415.15
#0001078,1,SKU-0017,2,72.19,16.76,9.25,136.87
#0001078,2,SKU-0073,1,126.88,12.84,9.86,123.90
#0001078,3,SKU-0059,1,126.08,9.63,8.68,125.13
#0001078,4,SKU-0019,1,47.00,4.70,1.80,44.10
#0001078,5,SKU-0085,1,152.19,12.67,5.98,145.50
#0001079,1,SKU-0010,1,313.27,17.34,12.26,308.19
#0001080,1,SKU-0047,1,17.45,1.99,0.82,16.28
#0001081,1,SKU-0103,1,339.40,28.68,27.35,338.07
#0001082,1,SKU-0052,1,248.89,9.53,11.87,251.23
#0001086,1,SKU-0004,3,117.23,1.33,27.51,377.87
#0001086,2,SKU-0014,1,339.49,16.04,17.51,340.96
#0001091,1,SKU-0073,1,121.87,3.94,5.01,122.94
#0001091,2,SKU-0076,2,100.93,0.28,13.28,214.86
#0001091,3,SKU-0085,1,165.60,18.42,11.71,158.89
#0001091,4,SKU-0015,1,224.29,20.25,10.40,214.44
#0001091,5,SKU-0068,1,75.51,2.55,5.81,78.77
#0001093,1,SKU-0084,1,362.41,17.16,26.11,371.36
#0001093,2,SKU-0056,3,239.54,28.18,51.71,742.15
#0001095,1,SKU-0004,3,123.31,32.55,13.85,351.23
#0001097,1,SKU-0007,4,244.90,43.58,47.98,984.00
#0001097,2,SKU-0059,1,134.68,0.72,6.82,140.78
#0001097,3,SKU-0011,1,244.28,4.38,14.35,254.25
#0001100,1,SKU-0053,1,341.02,36.60,12.93,317.35
#0001101,1,SKU-0105,1,112.88,5.99,8.25,115.14
#0001105,1,SKU-0107,1,388.04,39.63,20.95,369.36
#0001110,1,SKU-0037,1,68.49,4.34,4.66,68.81
#0001110,2,SKU-0012,1,65.03,1.59,4.76,68.20
#0001111,1,SKU-0103,1,344.90,35.40,15.48,324.98
#0001113,1,SKU-0120,1,267.51,4.40,19.36,282.47
#0001113,2,SKU-0011,2,254.79,52.10,41.08,498.56
#0001116,1,SKU-0106,1,91.52,0.29,6.23,97.46
#0001133,1,SKU-0100,1,261.35,8.40,10.80,263.75
#0001133,2,SKU-0095,3,64.70,5.10,16.08,205.08
#0001133,3,SKU-0045,4,89.67,8.01,18.84,369.51
#0001133,4,SKU-0034,1,373.53,25.72,17.22,365.03
#0001133,5,SKU-0075,2,26.65,5.80,2.99,50.49
#0001140,1,SKU-0053,2,346.36,0.79,42.38,734.31
#0001141,1,SKU-0114,2,223.38,28.14,22.07,440.69
#0001151,1,SKU-0067,1,51.84,4.20,4.12,51.76
#0001151,2,SKU-0002,2,136.06,6.63,14.07,279.56
#0001156,1,SKU-0093,5,280.98,63.87,108.86,1449.89
#0001157,1,SKU-0090,3,261.79,10.26,68.98,844.09
#0001159,1,SKU-0079,1,35.48,1.52,2.46,36.42
#0001163,1,SKU-0080,1,95.67,2.83,3.76,96.60
#0001164,1,SKU-0053,4,376.28,96.79,69.94,1478.27
#0001165,1,SKU-0085,1,149.53,0.20,7.13,156.46
#0001177,1,SKU-0019,1,45.04,2.45,3.48,46.07
#0001185,1,SKU-0077,2,252.22,24.71,19.84,499.57
#0001187,1,SKU-0107,2,366.64,78.13,42.97,698.12
#0001187,2,SKU-0045,3,79.80,6.69,14.96,247.67
#0001187,3,SKU-0075,1,27.87,1.06,2.18,28.99
#0001187,4,SKU-0104,3,193.64,2.83,32.22,610.31
#0001188,1,SKU-0069,1,218.33,26.09,11.75,203.99
#0001188,2,SKU-0023,2,173.41,7.13,21.33,361.02
#0001193,1,SKU-0022,4,211.38,24.71,58.24,879.05
#0001196,1,SKU-0057,1,445.01,28.22,37.19,453.98
#0001196,2,SKU-0097,2,158.33,6.28,14.58,324.96
#0001201,1,SKU-0073,2,118.70,13.99,16.58,239.99
#0001201,2,SKU-0075,1,28.92,2.54,2.33,28.71
#0001201,3,SKU-0096,1,28.39,2.56,1.90,27.73
#0001203,1,SKU-0055,4,29.18,12.37,4.31,108.66
#0001203,2,SKU-0042,1,428.28,42.43,27.88,413.73
#0001203,3,SKU-0114,2,225.54,21.16,37.65,467.57
#0001208,1,SKU-0100,1,272.69,22.20,10.07,260.56
#0001208,2,SKU-0011,1,256.00,18.55,16.09,253.54
#0001210,1,SKU-0078,1,152.20,13.46,10.28,149.02
#0001210,2,SKU-0031,2,312.75,60.25,23.17,588.42
#0001210,3,SKU-0093,1,277.72,9.86,12.21,280.07
#0001210,4,SKU-0112,1,229.58,9.22,10.08,230.44
#0001217,1,SKU-0108,1,132.08,6.08,11.25,137.25
#0001219,1,SKU-0109,1,398.33,11.72,21.31,407.92
#0001227,1,SKU-0100,3,270.50,74.61,50.50,787.39
#0001229,1,SKU-0110,1,63.92,4.12,4.91,64.71
#0001232,1,SKU-0097,1,154.03,11.72,6.89,149.20
#0001232,2,SKU-0103,2,364.55,19.96,57.19,766.33
#0001232,3,SKU-0017,2,74.19,12.72,8.84,144.50
#0001239,1,SKU-0033,2,105.62,24.33,10.43,197.34
#0001239,2,SKU-0110,1,62.74,1.20,4.92,66.46
#0001239,3,SKU-0003,2,32.69,3.70,2.68,64.36
#0001239,4,SKU-0072,1,146.84,6.20,9.82,150.46
#0001239,5,SKU-0097,1,154.99,13.00,11.23,153.22
#0001241,1,SKU-0093,3,279.89,9.04,72.55,903.18
#0001243,1,SKU-0033,2,106.86,12.92,16.41,217.21
#0001244,1,SKU-0054,1,225.13,24.42,12.20,212.91
#0001248,1,SKU-0064,1,23.81,1.76,0.94,22.99
#0001250,1,SKU-0029,1,126.86,8.10,9.71,128.47
#0001250,2,SKU-0024,1,35.10,2.91,1.70,33.89
#0001250,3,SKU-0022,1,210.30,11.34,9.76,208.72
#0001250,4,SKU-0091,1,178.82,3.34,14.98,190.46
#0001262,1,SKU-0021,1,112.43,1.76,8.55,119.22
#0001264,1,SKU-0103,1,331.45,39.38,25.03,317.10
#0001264,2,SKU-0069,5,218.45,118.27,76.25,1050.23
#0001265,1,SKU-0048,1,191.83,4.49,15.79,203.13
#0001265,2,SKU-0069,2,248.07,53.82,18.40,460.72
#0001265,3,SKU-0088,1,145.84,0.68,12.99,158.15
#0001266,1,SKU-0013,2,310.84,13.72,30.03,637.99
#0001266,2,SKU-0018,3,160.05,31.07,20.69,469.77
#0001266,3,SKU-0033,1,115.14,8.75,5.46,111.85
#0001267,1,SKU-0105,1,111.40,1.99,8.97,118.38
#0001268,1,SKU-0002,2,151.36,26.76,14.71,290.67
#0001270,1,SKU-0042,2,369.90,29.44,35.79,746.15
#0001272,1,SKU-0104,1,211.12,3.44,17.33,225.01
#0001272,2,SKU-0003,2,31.25,1.45,4.34,65.39
#0001273,1,SKU-0075,1,28.78,2.63,1.81,27.96
#0001273,2,SKU-0063,3,24.84,4.51,2.83,72.84
#0001274,1,SKU-0082,1,262.46,21.15,19.45,260.76
#0001274,2,SKU-0077,1,266.04,14.59,19.99,271.44
#0001276,1,SKU-0042,2,402.71,8.45,55.40,852.37
#0001276,2,SKU-0096,1,28.59,1.01,1.20,28.78
#0001276,3,SKU-0010,2,307.69,72.31,37.15,580.22
#0001277,1,SKU-0039,1,102.47,4.92,5.58,103.13
#0001277,2,SKU-0025,3,125.46,17.11,19.81,379.08
#0001277,3,SKU-0065,2,134.53,29.97,18.66,257.75
#0001277,4,SKU-0095,4,72.38,18.45,23.75,294.82
#0001280,1,SKU-0092,1,17.13,0.66,1.26,17.73
#0001280,2,SKU-0101,2,169.04,23.88,17.14,331.34
#0001281,1,SKU-0052,1,244.09,18.69,16.73,242.13
#0001281,2,SKU-0059,3,117.78,38.84,16.87,331.37
#0001281,3,SKU-0101,1,166.31,15.26,8.52,159.57
#0001281,4,SKU-0066,1,73.87,0.49,3.47,76.85
#0001283,1,SKU-0003,1,32.57,0.46,2.68,34.79
#0001295,1,SKU-0084,1,335.30,3.51,22.36,354.15
#0001295,2,SKU-0119,1,242.98,9.60,16.05,249.43
#0001299,1,SKU-0025,1,133.44,1.84,8.29,139.89
#0001299,2,SKU-0033,1,114.99,4.47,6.09,116.61
#0001299,3,SKU-0051,1,98.05,8.81,6.98,96.22
#0001299,4,SKU-0078,1,172.21,7.77,8.87,173.31
#0001300,1,SKU-0002,1,141.12,9.96,10.66,141.82
#0001302,1,SKU-0041,1,324.60,35.00,15.64,305.24
#0001304,1,SKU-0094,2,298.05,16.93,50.83,630.00
#0001304,2,SKU-0040,1,242.33,7.82,16.97,251.48
#0001304,3,SKU-0072,1,158.35,2.44,6.93,162.84
#0001304,4,SKU-0115,1,243.58,11.03,13.75,246.30
#0001306,1,SKU-0043,1,153.78,14.22,11.86,151.42
#0001306,2,SKU-0089,1,27.83,3.30,0.99,25.52
#0001306,3,SKU-0104,1,190.98,14.64,11.89,188.23
#0001308,1,SKU-0085,2,165.61,38.60,23.65,316.27
#0001308,2,SKU-0073,1,119.61,6.21,5.44,118.84
#0001313,1,SKU-0113,1,147.94,12.31,9.00,144.63
#0001315,1,SKU-0060,1,238.60,14.53,13.99,238.06
#0001319,1,SKU-0067,1,51.30,2.30,2.52,51.52
#0001319,2,SKU-0017,1,71.82,7.44,4.74,69.12
#0001320,1,SKU-0101,1,169.00,2.42,13.99,180.57
#0001320,2,SKU-0006,1,168.88,0.88,8.24,176.24
#0001325,1,SKU-0068,1,76.17,2.20,4.28,78.25
#0001325,2,SKU-0033,1,108.12,8.13,5.61,105.60
#0001325,3,SKU-0052,2,268.86,47.84,22.67,512.55
#0001325,4,SKU-0051,2,97.76,8.88,8.22,194.86
#0001330,1,SKU-0084,2,386.01,72.29,43.68,743.41
#0001330,2,SKU-0093,3,277.43,41.96,68.58,858.91
#0001333,1,SKU-0037,1,68.55,3.71,3.87,68.71
#0001333,2,SKU-0003,1,32.31,0.84,2.24,33.71
#0001335,1,SKU-0020,3,231.73,1.97,49.65,742.87
#0001339,1,SKU-0079,2,36.17,6.03,4.73,71.04
#0001340,1,SKU-0070,2,219.94,30.23,21.13,430.78
#0001352,1,SKU-0112,1,194.17,0.06,16.46,210.57
#0001352,2,SKU-0023,1,174.53,17.34,12.47,169.66
#0001353,1,SKU-0063,1,23.10,0.93,1.60,23.77
#0001353,2,SKU-0041,1,317.51,37.71,17.61,297.41
#0001353,3,SKU-0055,1,29.41,2.01,1.24,28.64
#0001356,1,SKU-0010,1,320.80,11.92,19.52,328.40
#0001356,2,SKU-0034,1,372.16,39.52,25.63,358.27
#0001357,1,SKU-0033,2,115.92,11.31,11.49,232.02
#0001357,2,SKU-0083,1,186.08,21.22,12.36,177.22
#0001371,1,SKU-0101,2,169.97,28.36,22.45,334.03
#0001371,2,SKU-0002,1,140.90,16.14,6.70,131.46
#0001371,3,SKU-0017,1,70.96,7.96,3.29,66.29
#0001371,4,SKU-0076,1,96.87,6.80,7.35,97.42
#0001372,1,SKU-0051,2,97.58,11.69,12.54,196.01
#0001375,1,SKU-0037,3,67.76,1.31,14.31,216.28
#0001376,1,SKU-0065,2,145.05,5.02,19.74,304.82
#0001376,2,SKU-0096,2,33.37,2.15,5.73,70.32
#0001378,1,SKU-0018,2,160.84,5.40,12.81,329.09
#0001381,1,SKU-0098,3,353.53,79.69,80.94,1061.84
#0001392,1,SKU-0080,2,86.32,12.32,14.01,174.33
#0001404,1,SKU-0026,1,277.10,12.87,22.42,286.65
#0001404,2,SKU-0008,2,44.55,3.51,7.19,92.78
#0001404,3,SKU-0101,1,170.13,7.74,8.01,170.40
#0001406,1,SKU-0076,1,94.67,3.85,7.75,98.57
#0001413,1,SKU-0098,1,343.93,0.40,23.50,367.03
#0001421,1,SKU-0047,1,17.03,0.88,1.43,17.58
#0001427,1,SKU-0081,2,48.72,2.76,5.84,100.52
#0001430,1,SKU-0103,2,341.21,74.25,49.77,657.94
#0001433,1,SKU-0032,1,195.59,3.77,8.63,200.45
#0001434,1,SKU-0067,2,55.29,4.75,6.09,111.92
#0001436,1,SKU-0056,1,249.86,16.67,19.56,252.75
#0001443,1,SKU-0093,1,293.76,10.76,11.92,294.92
#0001443,2,SKU-0063,1,24.45,0.85,1.66,25.26
#0001443,3,SKU-0002,1,143.33,12.83,10.12,140.62
#0001443,4,SKU-0051,2,102.54,14.99,12.53,202.62
#0001446,1,SKU-0088,4,129.34,42.18,21.16,496.34
#0001451,1,SKU-0019,4,49.23,22.11,9.94,184.75
#0001451,2,SKU-0008,2,43.76,4.71,5.81,88.62
#0001451,3,SKU-0116,1,394.31,4.59,30.53,420.25
#0001452,1,SKU-0045,2,92.09,10.73,10.24,183.69
#0001453,1,SKU-0077,1,245.19,3.56,15.65,257.28
#0001453,2,SKU-0017,2,66.98,12.42,5.24,126.78
#0001453,3,SKU-0061,2,225.76,20.17,27.71,459.06
#0001453,4,SKU-0086,1,22.29,1.99,1.49,21.79
#0001455,1,SKU-0114,2,225.15,10.46,35.38,475.22
#0001459,1,SKU-0097,1,155.15,16.80,7.34,145.69
#0001459,2,SKU-0047,1,16.10,0.91,1.24,16.43
#0001459,3,SKU-0081,1,47.11,3.04,3.59,47.66
#0001459,4,SKU-0007,1,242.26,26.44,17.13,232.95
#0001466,1,SKU-0085,2,170.06,37.86,23.77,326.03
#0001474,1,SKU-0044,1,247.63,10.45,13.48,250.66
#0001474,2,SKU-0052,1,280.50,26.41,10.60,264.69
#0001486,1,SKU-0042,1,426.36,40.18,22.47,408.65
#0001489,1,SKU-0060,2,221.16,21.33,27.29,448.28
#0001489,2,SKU-0100,2,248.01,14.33,22.31,504.00
#0001489,3,SKU-0119,1,233.59,13.84,19.59,239.34
#0001491,1,SKU-0041,2,311.83,48.85,36.57,611.38
#0001502,1,SKU-0102,1,18.02,1.29,0.87,17.60
#0001504,1,SKU-0052,2,274.35,49.51,36.62,535.81
#0001504,2,SKU-0065,2,132.10,27.28,18.16,255.08
#0001504,3,SKU-0016,1,119.04,11.42,7.88,115.50
#0001504,4,SKU-0053,1,333.87,19.67,19.14,333.34
#0001516,1,SKU-0099,1,162.33,17.83,8.43,152.93
#0001516,2,SKU-0016,4,131.69,52.76,29.45,503.45
#0001516,3,SKU-0022,1,201.33,5.30,11.12,207.15
#0001517,1,SKU-0003,1,33.38,0.81,1.68,34.25
#0001517,2,SKU-0074,2,107.08,15.37,15.98,214.77
#0001517,3,SKU-0030,1,238.42,15.70,13.16,235.88
#0001517,4,SKU-0080,3,88.47,8.97,13.21,269.65
#0001517,5,SKU-0050,2,382.32,22.55,55.89,797.98
#0001526,1,SKU-0001,2,331.73,50.35,25.76,638.87
#0001526,2,SKU-0106,2,87.82,6.46,14.06,183.24
#0001526,3,SKU-0115,1,266.16,3.49,22.13,284.80
#0001527,1,SKU-0029,1,134.69,15.15,6.77,126.31
#0001527,2,SKU-0007,2,260.17,14.71,38.08,543.71
#0001527,3,SKU-0058,1,281.44,9.40,21.86,293.90
#0001533,1,SKU-0084,1,371.60,33.36,26.65,364.89
#0001547,1,SKU-0057,1,424.54,38.58,33.32,419.28
#0001547,2,SKU-0119,2,239.89,33.46,33.16,479.48
#0001548,1,SKU-0097,1,165.07,19.48,10.37,155.96
#0001551,1,SKU-0097,4,156.19,21.60,30.52,633.68
#0001552,1,SKU-0033,1,105.74,2.61,7.71,110.84
#0001552,2,SKU-0030,2,202.54,22.54,21.11,403.65
#0001554,1,SKU-0065,1,140.19,8.59,6.45,138.05
#0001554,2,SKU-0009,2,181.21,0.23,25.09,387.28
#0001554,3,SKU-0118,3,224.22,2.98,36.87,706.55
#0001557,1,SKU-0033,1,104.68,9.12,7.15,102.71
#0001557,2,SKU-0070,1,255.04,20.16,18.68,253.56
#0001557,3,SKU-0091,3,177.89,53.86,21.41,501.22
#0001558,1,SKU-0045,1,87.30,0.51,4.91,91.70
#0001558,2,SKU-0061,1,203.14,10.96,11.15,203.33
#0001558,3,SKU-0065,1,145.41,14.85,10.28,140.84
#0001559,1,SKU-0007,2,244.96,28.60,29.52,490.84
#0001559,2,SKU-0039,2,89.53,12.41,8.98,175.63
#0001559,3,SKU-0089,1,25.29,1.36,1.13,25.06
#0001563,1,SKU-0032,1,177.59,11.66,8.44,174.37
#0001564,1,SKU-0081,1,46.03,0.29,2.59,48.33
#0001564,2,SKU-0103,1,347.39,15.07,15.83,348.15
#0001570,1,SKU-0057,1,492.20,41.61,21.61,472.20
#0001571,1,SKU-0070,2,231.78,15.17,38.26,486.65
#0001573,1,SKU-0110,4,71.25,16.31,13.94,282.63
#0001574,1,SKU-0004,1,136.23,8.86,7.75,135.12
#0001574,2,SKU-0064,1,26.06,0.07,1.27,27.26
#0001574,3,SKU-0075,4,26.33,3.34,5.40,107.38
#0001579,1,SKU-0021,2,129.03,12.13,12.99,258.92
#0001579,2,SKU-0072,3,165.92,53.32,30.63,475.07
#0001580,1,SKU-0044,2,270.21,11.25,23.87,553.04
#0001580,2,SKU-0055,2,29.29,6.06,2.56,55.08
#0001584,1,SKU-0029,4,138.35,58.86,24.66,519.20
#0001588,1,SKU-0080,3,91.93,31.43,19.18,263.54
#0001588,2,SKU-0097,1,163.87,6.62,10.26,167.51
#0001589,1,SKU-0060,1,225.16,0.28,18.38,243.26
#0001589,2,SKU-0119,1,263.62,28.06,11.39,246.95
#0001593,1,SKU-0053,1,343.81,38.05,17.52,323.28
#0001598,1,SKU-0002,1,138.73,6.58,11.52,143.67
#0001602,1,SKU-0108,1,151.57,0.25,10.43,161.75
#0001602,2,SKU-0087,1,184.55,2.93,10.87,192.49
#0001611,1,SKU-0112,2,215.33,48.25,27.17,409.58
#0001611,2,SKU-0079,3,33.17,11.49,6.22,94.24
#0001613,1,SKU-0083,2,173.35,1.41,16.17,361.46
#0001613,2,SKU-0067,1,54.38,1.41,4.56,57.53
#0001613,3,SKU-0107,2,390.65,78.83,49.45,751.92
#0001615,1,SKU-0020,1,216.50,17.27,17.66,216.89
#0001619,1,SKU-0061,1,227.58,23.48,15.61,219.71
#0001619,2,SKU-0038,1,259.98,15.83,20.80,264.95
#0001619,3,SKU-0088,2,137.54,29.71,10.86,256.23
#0001620,1,SKU-0066,1,80.05,6.06,3.13,77.12
#0001621,1,SKU-0075,1,25.78,2.36,1.05,24.47
#0001624,1,SKU-0031,1,328.83,15.53,14.85,328.15
#0001624,2,SKU-0080,3,92.66,25.27,13.30,266.01
#0001630,1,SKU-0016,1,114.38,9.64,4.43,109.17
#0001631,1,SKU-0060,1,261.64,12.24,21.73,271.13
#0001631,2,SKU-0036,1,298.49,4.89,15.88,309.48
#0001631,3,SKU-0063,1,25.54,1.87,1.91,25.58
#0001631,4,SKU-0013,2,326.69,48.63,31.90,636.65
#0001634,1,SKU-0002,1,138.54,14.95,7.65,131.24
#0001634,2,SKU-0093,3,304.76,88.87,50.08,875.49
#0001636,1,SKU-0039,2,99.48,4.25,9.45,204.16
#0001637,1,SKU-0014,1,350.63,29.67,21.09,342.05
#0001640,1,SKU-0109,3,395.65,39.71,102.58,1249.82
#0001640,2,SKU-0031,2,318.51,42.56,27.60,622.06
#0001641,1,SKU-0010,2,336.43,18.19,39.48,694.15
#0001641,2,SKU-0105,1,102.41,4.29,7.51,105.63
#0001642,1,SKU-0017,1,65.99,3.84,4.58,66.73
#0001642,2,SKU-0058,2,259.51,22.87,28.07,524.22
#0001642,3,SKU-0043,1,151.07,2.13,10.21,159.15
#0001642,4,SKU-0049,1,210.52,16.30,13.11,207.33
#0001642,5,SKU-0031,1,320.88,22.51,16.01,314.38
#0001643,1,SKU-0005,5,93.86,53.15,25.75,441.90
#0001643,2,SKU-0094,1,312.32,23.19,17.87,307.00
#0001659,1,SKU-0041,2,325.23,2.20,48.83,697.09
#0001664,1,SKU-0033,1,113.21,8.28,6.44,111.37
#0001667,1,SKU-0063,1,23.42,2.54,1.39,22.27
#0001672,1,SKU-0072,1,156.43,16.98,8.23,147.68
#0001676,1,SKU-0020,3,233.15,32.59,47.77,714.63
#0001676,2,SKU-0101,1,163.76,17.52,8.74,154.98
#0001676,3,SKU-0033,2,106.89,18.27,17.10,212.61
#0001678,1,SKU-0086,3,21.22,0.92,3.51,66.25
#0001678,2,SKU-0005,2,98.32,1.53,12.10,207.21
#0001680,1,SKU-0100,2,270.10,17.44,31.59,554.35
#0001685,1,SKU-0033,1,116.10,8.67,6.50,113.93
#0001685,2,SKU-0067,2,55.52,3.50,6.31,113.85
#0001685,3,SKU-0114,3,217.46,64.65,40.41,628.14
#0001687,1,SKU-0088,2,149.18,20.46,20.03,297.93
#0001693,1,SKU-0116,1,408.51,6.45,30.25,432.31
#0001700,1,SKU-0069,1,240.96,2.00,15.52,254.48
#0001700,2,SKU-0097,3,173.00,13.32,22.69,528.37
#0001702,1,SKU-0103,1,360.32,39.79,20.37,340.90
#0001702,2,SKU-0092,1,17.05,0.83,0.85,17.07
#0001705,1,SKU-0085,1,143.97,4.06,8.69,148.60
#0001708,1,SKU-0005,3,97.22,16.49,20.17,295.34
#0001709,1,SKU-0097,1,167.37,15.79,8.25,159.83
#0001709,2,SKU-0114,1,221.08,16.07,9.15,214.16
#0001722,1,SKU-0081,1,51.19,0.98,3.65,53.86
#0001722,2,SKU-0030,1,210.62,9.46,17.98,219.14
#0001732,1,SKU-0044,1,236.21,3.90,19.76,252.07
#0001736,1,SKU-0074,1,112.72,2.93,4.44,114.23
#0001736,2,SKU-0069,1,215.10,9.82,8.55,213.83
#0001736,3,SKU-0049,1,211.87,2.81,13.59,222.65
#0001736,4,SKU-0079,2,35.13,1.09,3.38,72.55
#0001737,1,SKU-0037,1,71.40,7.90,3.78,67.28
#0001737,2,SKU-0067,1,53.35,1.36,4.23,56.22
#0001737,3,SKU-0047,3,17.07,4.46,4.13,50.88
#0001742,1,SKU-0091,3,182.94,60.55,40.14,528.41
#0001745,1,SKU-0049,4,239.85,25.83,78.30,1011.87
#0001745,2,SKU-0075,1,27.60,1.17,1.17,27.60
#0001745,3,SKU-0024,3,30.17,8.13,3.75,86.13
#0001749,1,SKU-0087,1,200.27,2.45,15.15,212.97
#0001749,2,SKU-0117,1,95.16,4.64,6.28,96.80
#0001756,1,SKU-0033,1,105.03,12.25,4.89,97.67
#0001756,2,SKU-0038,1,271.26,4.59,11.51,278.18
#0001756,3,SKU-0032,4,195.49,93.13,52.00,740.83
#0001759,1,SKU-0007,1,249.97,27.88,13.05,235.14
#0001759,2,SKU-0001,5,366.71,86.56,122.28,1869.27
#0001762,1,SKU-0092,1,16.37,1.60,1.21,15.98
#0001762,2,SKU-0116,3,397.63,29.16,75.57,1239.30
#0001762,3,SKU-0021,1,120.56,0.36,5.01,125.21
#0001762,4,SKU-0050,1,430.50,1.35,27.20,456.35
#0001763,1,SKU-0120,1,287.39,21.54,11.08,276.93
#0001765,1,SKU-0009,2,156.39,31.85,23.27,304.20
#0001768,1,SKU-0051,1,99.42,1.44,5.85,103.83
#0001768,2,SKU-0001,2,365.78,71.55,57.03,717.04
#0001776,1,SKU-0041,2,309.11,11.36,48.60,655.46
#0001777,1,SKU-0068,1,74.29,0.23,5.14,79.20
#0001781,1,SKU-0070,1,239.02,14.06,9.30,234.26
#0001781,2,SKU-0013,1,294.89,26.75,14.55,282.69
#0001782,1,SKU-0118,1,225.22,1.20,14.56,238.58
#0001786,1,SKU-0004,2,120.03,0.21,11.38,251.23
#0001787,1,SKU-0026,1,270.85,10.20,11.17,271.82
#0001787,2,SKU-0041,1,315.47,30.81,20.28,304.94
#0001787,3,SKU-0058,3,259.74,89.50,47.98,737.70
#0001787,4,SKU-0014,1,336.13,17.98,16.10,334.25
#0001788,1,SKU-0066,2,76.38,6.87,6.97,152.86
#0001788,2,SKU-0080,1,97.92,1.33,8.00,104.59
#0001789,1,SKU-0056,1,266.14,7.70,15.44,273.88
#0001789,2,SKU-0114,1,207.81,3.51,16.39,220.69
#0001790,1,SKU-0046,1,148.54,10.05,8.30,146.79
#0001793,1,SKU-0030,2,230.16,25.22,24.84,459.94
#0001794,1,SKU-0111,1,249.06,27.33,10.36,232.09
#0001794,2,SKU-0119,3,258.47,38.61,61.14,797.94
#0001795,1,SKU-0035,1,138.10,14.07,7.19,131.22
#0001795,2,SKU-0076,1,95.25,8.74,7.05,93.56
#0001800,1,SKU-0046,1,145.65,13.55,11.47,143.57
#0001804,1,SKU-0120,1,274.48,1.19,21.06,294.35
#0001804,2,SKU-0017,2,68.73,9.24,9.20,137.42
#0001805,1,SKU-0069,1,252.21,20.08,17.89,250.02
#0001805,2,SKU-0074,1,112.13,1.69,6.76,117.20
#0001805,3,SKU-0063,1,26.56,1.23,1.44,26.77
#0001805,4,SKU-0058,1,282.34,18.76,16.54,280.12
#0001806,1,SKU-0066,1,69.65,4.81,5.30,70.14
#0001811,1,SKU-0046,1,134.71,16.03,5.95,124.63
#0001811,2,SKU-0107,3,338.44,111.02,73.75,978.05
#0001815,1,SKU-0100,2,237.91,50.06,24.82,450.58
#0001815,2,SKU-0089,2,25.34,5.93,3.15,47.90
#0001815,3,SKU-0070,3,238.71,16.58,29.52,729.07
#0001815,4,SKU-0066,2,69.06,3.85,6.80,141.07
#0001821,1,SKU-0076,1,108.32,4.38,6.56,110.50
#0001821,2,SKU-0070,1,249.71,22.97,13.20,239.94
#0001823,1,SKU-0102,3,20.03,5.58,2.89,57.40
#0001823,2,SKU-0120,1,259.08,9.47,22.13,271.74
#0001823,3,SKU-0085,2,161.27,32.98,24.10,313.66
#0001825,1,SKU-0065,2,141.57,31.76,18.10,269.48
#0001825,2,SKU-0088,1,127.44,8.22,10.30,129.52
#0001826,1,SKU-0012,1,75.60,7.35,2.77,71.02
#0001827,1,SKU-0054,2,206.55,35.41,30.59,408.28
#0001827,2,SKU-0067,1,49.47,1.69,2.93,50.71
#0001827,3,SKU-0070,2,231.69,10.71,30.98,483.65
#0001827,4,SKU-0041,2,343.45,36.90,52.05,702.05
#0001834,1,SKU-0060,3,230.46,81.29,27.32,637.41
#0001834,2,SKU-0054,1,231.63,10.83,9.59,230.39
#0001834,3,SKU-0115,1,265.77,26.98,19.83,258.62
#0001834,4,SKU-0023,3,167.87,45.59,35.95,493.97
#0001842,1,SKU-0069,1,228.50,22.10,8.31,214.71
#0001842,2,SKU-0091,1,180.37,19.78,13.27,173.86
#0001842,3,SKU-0048,1,170.01,18.70,6.72,158.03
#0001847,1,SKU-0117,1,97.29,4.93,7.63,99.99
#0001847,2,SKU-0057,1,489.47,38.51,29.56,480.52
#0001847,3,SKU-0004,2,127.89,8.82,11.77,258.73
#0001852,1,SKU-0069,1,226.26,16.95,8.67,217.98
#0001855,1,SKU-0009,2,174.70,21.69,16.12,343.83
#0001855,2,SKU-0082,1,265.23,25.96,9.71,248.98
#0001855,3,SKU-0072,2,157.05,6.74,13.35,320.71
#0001857,1,SKU-0011,1,282.28,20.59,19.30,280.99
#0001857,2,SKU-0097,1,155.05,5.35,10.22,159.92
#0001864,1,SKU-0071,2,292.16,47.42,35.84,572.74
#0001864,2,SKU-0087,2,190.13,12.47,25.59,393.38
#0001864,3,SKU-0009,1,154.96,0.23,9.95,164.68
#0001865,1,SKU-0077,4,272.84,20.73,75.21,1145.84
#0001868,1,SKU-0030,1,204.29,8.70,11.64,207.23
#0001869,1,SKU-0036,1,282.59,4.13,23.66,302.12
#0001869,2,SKU-0117,2,102.49,16.81,16.69,204.86
#0001870,1,SKU-0103,2,361.77,9.69,33.65,747.50
#0001875,1,SKU-0023,2,158.60,34.88,19.84,302.16
#0001875,2,SKU-0104,1,211.59,13.62,16.42,214.39
#0001875,3,SKU-0037,1,74.04,3.20,2.97,73.81
#0001878,1,SKU-0001,4,372.62,127.25,101.71,1464.94
#0001880,1,SKU-0074,4,120.58,40.20,21.27,463.39
#0001882,1,SKU-0045,1,90.35,1.17,4.73,93.91
#0001883,1,SKU-0118,2,237.68,52.22,23.87,447.01
#0001889,1,SKU-0055,1,28.37,0.56,1.70,29.51
#0001889,2,SKU-0063,2,26.57,3.90,3.30,52.54
#0001889,3,SKU-0047,2,17.32,2.49,1.63,33.78
#0001889,4,SKU-0081,2,48.88,9.95,6.47,94.28
#0001894,1,SKU-0050,1,403.93,5.42,22.72,421.23
#0001898,1,SKU-0006,4,169.23,57.47,30.37,649.82
#0001898,2,SKU-0094,1,298.29,11.81,19.22,305.70
#0001909,1,SKU-0070,1,250.43,15.06,9.77,245.14
#0001910,1,SKU-0061,2,207.50,30.58,29.29,413.71
#0001911,1,SKU-0091,1,166.48,18.53,10.01,157.96
#0001911,2,SKU-0111,1,216.41,11.16,11.16,216.41
#0001922,1,SKU-0098,2,354.93,54.44,28.54,683.96
#0001925,1,SKU-0116,1,430.35,23.74,25.86,432.47
#0001925,2,SKU-0051,2,101.04,3.69,12.58,210.97
#0001928,1,SKU-0096,3,29.76,3.18,6.02,92.12
#0001928,2,SKU-0058,2,268.24,30.31,24.90,531.07
#0001929,1,SKU-0114,1,221.33,7.54,14.92,228.71
#0001931,1,SKU-0101,2,159.35,0.92,24.88,342.66
#0001931,2,SKU-0044,1,246.32,9.76,12.07,248.63
#0001933,1,SKU-0032,1,183.64,20.67,14.13,177.10
#0001939,1,SKU-0067,1,51.18,1.65,3.91,53.44
#0001941,1,SKU-0017,1,67.25,4.50,4.88,67.63
#0001941,2,SKU-0074,1,114.84,12.40,7.39,109.83
#0001941,3,SKU-0051,5,96.10,11.97,30.56,499.09
#0001943,1,SKU-0039,2,99.95,3.39,17.42,213.93
#0001943,2,SKU-0052,1,247.98,14.52,15.95,249.41
#0001943,3,SKU-0085,1,169.19,14.33,13.01,167.87
#0001952,1,SKU-0001,2,340.16,74.41,38.29,644.20
#0001952,2,SKU-0072,2,152.44,22.60,11.52,293.80
#0001952,3,SKU-0116,4,419.16,34.01,131.23,1773.86
#0001956,1,SKU-0068,1,82.63,7.70,5.46,80.39
#0001956,2,SKU-0040,1,242.45,24.96,13.26,230.75
#0001957,1,SKU-0046,2,137.63,31.28,16.10,260.08
#0001960,1,SKU-0032,1,193.76,2.57,9.70,200.89
#0001960,2,SKU-0088,1,127.78,15.01,5.46,118.23
#0001965,1,SKU-0032,1,187.27,15.64,7.90,179.53
#0001971,1,SKU-0012,1,73.70,5.11,3.74,72.33
#0001971,2,SKU-0107,1,397.28,6.13,34.94,426.09
#0001974,1,SKU-0039,1,95.15,0.80,4.10,98.45
#0001975,1,SKU-0120,2,291.59,37.08,42.71,588.81
#0001975,2,SKU-0095,2,65.91,5.62,6.69,132.89
#0001976,1,SKU-0041,1,320.78,8.59,17.54,329.73
#0001976,2,SKU-0020,3,243.57,49.73,42.96,723.94
#0001976,3,SKU-0120,1,273.31,16.52,21.50,278.29
#0001976,4,SKU-0038,3,282.18,47.30,56.20,855.44
#0001976,5,SKU-0071,1,323.74,16.85,17.08,323.97
#0001978,1,SKU-0063,1,23.28,0.36,1.56,24.48
#0001978,2,SKU-0082,1,248.51,12.76,15.99,251.74
#0001978,3,SKU-0016,4,124.86,16.33,32.76,515.87
#0001979,1,SKU-0073,3,119.84,2.90,21.95,378.57
#0001979,2,SKU-0103,2,360.92,37.03,49.57,734.38
#0001979,3,SKU-0074,1,107.39,5.95,8.75,110.19
#0001983,1,SKU-0113,1,165.44,9.63,7.01,162.82
#0001983,2,SKU-0108,3,143.48,15.33,23.36,438.47
#0001983,3,SKU-0052,1,257.35,12.31,19.49,264.53
#0001984,1,SKU-0044,1,239.28,5.81,17.01,250.48
#0001984,2,SKU-0084,2,381.25,4.39,37.21,795.32
#0001984,3,SKU-0093,1,269.00,17.77,17.15,268.38
#0001985,1,SKU-0043,1,139.04,0.05,6.19,145.18
#0001986,1,SKU-0022,1,228.79,17.67,15.31,226.43
#0001987,1,SKU-0102,1,19.33,1.26,1.47,19.54
#0001987,2,SKU-0108,1,145.16,7.66,5.54,143.04
#0001987,3,SKU-0059,2,133.10,28.55,11.72,249.37
#0001987,4,SKU-0025,1,131.50,4.29,7.00,134.21
#0001988,1,SKU-0025,2,129.54,10.70,14.46,262.84
#0001995,1,SKU-0081,1,46.40,2.81,3.51,47.10
#0001995,2,SKU-0032,2,179.69,17.09,15.69,357.98
#0001999,1,SKU-0039,1,99.79,10.42,6.51,95.88
#0002001,1,SKU-0086,1,21.64,1.45,0.91,21.10
#0002001,2,SKU-0060,3,234.76,24.50,48.06,727.84
#0002001,3,SKU-0112,4,212.37,97.63,58.62,810.47
#0002002,1,SKU-0020,1,244.68,21.39,10.29,233.58
#0002002,2,SKU-0077,1,271.42,30.27,19.62,260.77
#0002006,1,SKU-0086,2,22.17,0.63,2.88,46.59
#0002006,2,SKU-0059,1,131.54,3.53,6.01,134.02
#0002006,3,SKU-0118,1,206.95,6.90,17.90,217.95
#0002006,4,SKU-0104,2,189.87,6.23,25.58,399.09
#0002006,5,SKU-0067,3,57.77,5.72,11.69,179.28
#0002009,1,SKU-0112,1,202.86,19.30,14.48,198.04
#0002009,2,SKU-0003,3,34.30,11.50,5.75,97.15
#0002009,3,SKU-0067,1,51.77,1.69,3.23,53.31
#0002009,4,SKU-0120,2,275.85,23.90,32.27,560.07
#0002009,5,SKU-0044,2,244.91,34.23,23.76,479.35
#0002011,1,SKU-0092,3,16.35,5.42,3.07,46.70
#0002011,2,SKU-0102,1,19.28,1.46,0.91,18.73
#0002011,3,SKU-0080,1,95.47,8.29,5.23,92.41
#0002011,4,SKU-0082,2,291.87,17.23,26.26,592.77
#0002012,1,SKU-0094,1,270.71,30.21,11.95,252.45
#0002012,2,SKU-0082,3,278.03,52.72,33.89,815.26
#0002012,3,SKU-0003,3,33.85,5.13,5.72,102.14
#0002012,4,SKU-0034,1,352.24,23.42,16.21,345.03
#0002016,1,SKU-0059,3,132.57,18.99,18.14,396.86
#0002016,2,SKU-0090,3,278.34,47.08,38.19,826.13
#0002024,1,SKU-0047,2,15.74,2.96,1.27,29.79
#0002024,2,SKU-0110,2,67.93,3.22,7.48,140.12
#0002027,1,SKU-0046,1,150.07,17.73,8.49,140.83
#0002027,2,SKU-0109,3,402.39,116.91,59.43,1149.69
#0002028,1,SKU-0095,2,73.90,13.38,8.70,143.12
#0002028,2,SKU-0084,1,343.25,10.14,23.16,356.27
#0002028,3,SKU-0118,1,201.09,18.56,13.49,196.02
#0002029,1,SKU-0116,2,449.37,43.73,41.09,896.10
#0002029,2,SKU-0004,2,123.79,11.64,14.72,250.66
#0002029,3,SKU-0097,4,169.06,38.90,38.50,675.84
#0002030,1,SKU-0105,1,109.55,3.75,8.56,114.36
#0002030,2,SKU-0081,3,48.39,3.24,6.34,148.27
#0002030,3,SKU-0103,1,321.29,33.90,21.69,309.08
#0002031,1,SKU-0045,2,87.93,15.41,7.02,167.47
#0002031,2,SKU-0090,1,272.22,13.40,18.24,277.06
#0002031,3,SKU-0026,1,249.75,2.80,11.88,258.83
#0002032,1,SKU-0051,1,101.78,3.75,4.51,102.54
#0002035,1,SKU-0073,1,125.74,12.44,9.87,123.17
#0002036,1,SKU-0038,1,255.50,27.87,13.63,241.26
#0002039,1,SKU-0010,1,330.79,29.56,20.06,321.29
#0002039,2,SKU-0037,2,68.85,0.01,9.89,147.58
#0002039,3,SKU-0097,2,162.22,15.81,26.27,334.90
#0002040,1,SKU-0023,1,166.10,4.58,8.83,170.35
#0002040,2,SKU-0062,2,15.75,1.08,2.30,32.72
#0002041,1,SKU-0061,1,199.63,8.59,11.19,202.23
#0002041,2,SKU-0031,2,333.94,11.78,58.07,714.17
#0002043,1,SKU-0057,2,485.00,5.78,77.34,1041.56
#0002044,1,SKU-0090,2,265.47,26.68,28.51,532.77
#0002044,2,SKU-0077,3,251.91,55.89,62.52,762.36
#0002047,1,SKU-0060,1,256.67,6.12,13.18,263.73
#0002048,1,SKU-0025,1,139.14,0.83,10.77,149.08
#0002049,1,SKU-0063,1,22.66,2.23,1.06,21.49
#0002057,1,SKU-0011,3,265.26,49.80,52.63,798.61
#0002060,1,SKU-0104,1,205.57,14.24,8.77,200.10
#0002062,1,SKU-0041,2,357.22,52.84,56.11,717.71
#0002062,2,SKU-0077,1,250.25,28.14,18.16,240.27
#0002064,1,SKU-0011,2,253.87,11.92,20.14,515.96
#0002066,1,SKU-0003,1,33.68,0.90,1.73,34.51
#0002067,1,SKU-0062,1,14.14,1.31,0.79,13.62
#0002067,2,SKU-0003,1,35.56,3.72,2.68,34.52
#0002067,3,SKU-0023,1,156.10,18.11,6.28,144.27
#0002068,1,SKU-0076,3,109.32,24.12,24.40,328.24
#0002068,2,SKU-0004,1,123.81,2.38,6.95,128.38
#0002070,1,SKU-0089,1,26.43,1.40,1.64,26.67
#0002070,2,SKU-0001,1,368.69,38.99,18.24,347.94
#0002073,1,SKU-0009,4,172.00,3.55,29.36,713.81
#0002073,2,SKU-0064,1,23.20,2.53,1.44,22.11
#0002074,1,SKU-0083,1,169.28,15.67,12.92,166.53
#0002074,2,SKU-0027,3,65.76,7.58,11.41,201.11
#0002079,1,SKU-0103,4,331.66,134.46,58.68,1250.86
#0002079,2,SKU-0025,1,130.67,9.96,7.42,128.13
#0002079,3,SKU-0081,1,50.15,3.19,3.42,50.38
#0002079,4,SKU-0066,1,71.49,8.33,3.39,66.55
#0002079,5,SKU-0008,1,44.62,1.02,2.83,46.43
#0002081,1,SKU-0081,1,45.32,2.85,2.66,45.13
#0002083,1,SKU-0056,2,255.95,39.94,27.72,499.68
#0002083,2,SKU-0085,1,166.43,8.26,10.59,168.76
#0002083,3,SKU-0064,1,26.80,2.45,1.83,26.18
#0002083,4,SKU-0101,1,154.69,13.96,12.47,153.20
#0002083,5,SKU-0044,3,267.61,86.71,49.56,765.68
#0002087,1,SKU-0108,1,147.35,12.45,11.55,146.45
#0002091,1,SKU-0076,3,95.87,14.08,18.76,292.29
#0002092,1,SKU-0059,1,128.08,14.71,8.62,121.99
#0002092,2,SKU-0035,1,149.90,12.21,8.15,145.84
#0002092,3,SKU-0078,1,174.97,10.18,10.77,175.56
#0002093,1,SKU-0004,3,131.86,40.52,24.45,379.51
#0002093,2,SKU-0114,1,213.74,22.42,9.41,200.73
#0002096,1,SKU-0017,2,70.72,7.68,9.88,143.64
#0002096,2,SKU-0062,1,15.28,1.45,0.65,14.48
#0002097,1,SKU-0017,2,69.74,3.97,6.55,142.06
#0002097,2,SKU-0048,3,174.46,23.75,21.49,521.12
#0002103,1,SKU-0047,1,17.07,1.15,0.65,16.57
#0002104,1,SKU-0077,2,256.59,34.27,19.86,498.77
#0002118,1,SKU-0024,1,33.81,2.89,1.54,32.46
#0002118,2,SKU-0112,2,203.16,37.65,20.31,388.98
#0002120,1,SKU-0106,2,92.45,15.99,14.86,183.77
#0002122,1,SKU-0049,1,227.38,10.99,12.38,228.77
#0002122,2,SKU-0043,1,137.84,0.63,7.20,144.41
#0002122,3,SKU-0079,1,33.69,1.34,1.40,33.75
#0002125,1,SKU-0024,3,30.14,8.66,3.57,85.33
#0002126,1,SKU-0101,2,164.43,17.17,23.07,334.76
#0002136,1,SKU-0116,2,390.71,60.91,31.97,752.48
#0002138,1,SKU-0006,1,166.75,16.29,6.33,156.79
#0002138,2,SKU-0116,1,429.29,35.25,34.97,429.01
#0002144,1,SKU-0051,1,94.70,1.29,5.89,99.30
#0002144,2,SKU-0052,1,270.39,0.10,23.06,293.35
#0002144,3,SKU-0065,1,131.22,13.40,9.00,126.82
#0002144,4,SKU-0102,1,20.32,2.10,1.23,19.45
#0002146,1,SKU-0104,1,203.39,24.35,14.80,193.84
#0002148,1,SKU-0010,2,301.55,10.92,48.32,640.50
#0002148,2,SKU-0108,1,136.18,5.02,5.37,136.53
#0002152,1,SKU-0036,1,280.89,8.99,21.14,293.04
#0002152,2,SKU-0108,2,146.12,30.92,21.15,282.47
#0002152,3,SKU-0034,4,350.94,102.73,103.76,1404.79
#0002153,1,SKU-0094,2,278.14,51.01,43.86,549.13
#0002153,2,SKU-0059,1,135.74,5.98,7.58,137.34
#0002153,3,SKU-0101,1,171.34,18.54,6.79,159.59
#0002153,4,SKU-0019,1,43.94,2.86,3.45,44.53
#0002160,1,SKU-0113,1,168.51,6.31,13.35,175.55
#0002160,2,SKU-0050,1,389.31,24.80,18.50,383.01
#0002160,3,SKU-0069,1,229.51,24.68,9.66,214.49
#0002164,1,SKU-0001,2,356.41,76.33,34.09,670.58
#0002164,2,SKU-0105,1,114.73,0.13,9.61,124.21
#0002165,1,SKU-0054,1,239.02,24.86,9.72,223.88
#0002165,2,SKU-0102,2,20.63,2.55,2.47,41.18
#0002165,3,SKU-0009,2,180.17,15.86,16.97,361.45
#0002165,4,SKU-0044,1,250.35,15.95,21.03,255.43
#0002166,1,SKU-0026,3,262.04,87.21,60.92,759.83
#0002171,1,SKU-0055,1,30.66,2.43,1.40,29.63
#0002171,2,SKU-0111,2,252.35,24.46,23.83,504.07
#0002171,3,SKU-0105,1,103.81,3.57,6.40,106.64
#0002186,1,SKU-0017,2,63.51,6.90,7.29,127.41
#0002186,2,SKU-0027,2,67.17,6.25,7.32,135.41
#0002192,1,SKU-0091,1,172.27,11.51,14.03,174.79
#0002193,1,SKU-0002,1,153.79,2.56,9.45,160.68
#0002195,1,SKU-0025,1,122.77,8.63,5.72,119.86
#0002195,2,SKU-0024,1,34.77,3.62,1.43,32.58
#0002199,1,SKU-0060,2,227.72,31.83,36.87,460.48
#0002202,1,SKU-0004,2,137.19,8.88,10.88,276.38
#0002202,2,SKU-0014,2,377.58,82.07,27.97,701.06
#0002202,3,SKU-0087,1,176.45,20.42,6.77,162.80
#0002202,4,SKU-0048,1,167.56,15.50,11.64,163.70
#0002211,1,SKU-0052,1,277.92,32.77,21.71,266.86
#0002213,1,SKU-0022,1,218.03,7.81,10.75,220.97
#0002214,1,SKU-0090,1,251.65,11.97,19.23,258.91
#0002214,2,SKU-0078,1,174.80,17.66,9.76,166.90
#0002218,1,SKU-0083,2,172.48,39.72,16.58,321.82
#0002218,2,SKU-0005,1,96.85,2.65,6.37,100.57
#0002222,1,SKU-0048,3,192.95,52.91,26.54,552.48
#0002231,1,SKU-0022,1,206.03,0.58,16.95,222.40
#0002237,1,SKU-0029,1,143.34,11.59,9.18,140.93
#0002241,1,SKU-0013,3,314.62,36.39,74.90,982.37
#0002249,1,SKU-0054,1,241.77,14.29,12.63,240.11
#0002249,2,SKU-0020,1,212.06,21.33,8.15,198.88
#0002255,1,SKU-0090,1,252.74,18.32,10.12,244.54
#0002257,1,SKU-0011,1,283.61,12.38,20.90,292.13
#0002257,2,SKU-0091,3,181.57,64.11,20.64,501.24
#0002258,1,SKU-0054,1,238.48,27.93,16.82,227.37
#0002259,1,SKU-0088,1,139.52,13.05,6.81,133.28
#0002261,1,SKU-0087,3,173.00,10.52,34.65,543.13
#0002261,2,SKU-0014,1,352.95,17.66,15.10,350.39
#0002262,1,SKU-0110,1,71.94,7.75,2.59,66.78
#0002262,2,SKU-0058,1,280.77,21.57,14.51,273.71
#0002264,1,SKU-0051,1,100.33,6.72,6.06,99.67
#0002268,1,SKU-0077,1,262.20,31.09,19.75,250.86
#0002273,1,SKU-0078,3,165.87,17.48,27.53,507.66
#0002274,1,SKU-0012,1,65.71,6.27,2.79,62.23
#0002278,1,SKU-0103,2,338.31,66.53,48.05,658.14
#0002279,1,SKU-0078,2,157.76,8.49,24.95,331.98
#0002294,1,SKU-0112,3,216.73,0.28,29.46,679.37
#0002294,2,SKU-0094,2,295.12,26.68,31.26,594.82
#0002298,1,SKU-0069,3,232.67,49.83,49.39,697.57
#0002298,2,SKU-0021,3,110.00,33.18,12.12,308.94
#0002298,3,SKU-0004,1,128.35,14.66,5.83,119.52
#0002298,4,SKU-0023,1,182.80,5.42,12.62,190.00
#0002299,1,SKU-0050,1,432.40,48.66,24.75,408.49
#0002301,1,SKU-0095,2,74.69,10.66,12.38,151.10
#0002311,1,SKU-0061,4,208.35,17.61,51.92,867.71
#0002312,1,SKU-0078,1,168.49,15.69,7.86,160.66
#0002312,2,SKU-0069,2,254.62,57.09,30.05,482.20
#0002313,1,SKU-0004,1,132.71,9.96,9.60,132.35
#0002314,1,SKU-0088,2,141.99,19.67,19.43,283.74
#0002314,2,SKU-0087,1,189.37,10.35,12.53,191.55
#0002318,1,SKU-0072,1,155.47,8.01,13.25,160.71
#0002323,1,SKU-0118,2,207.40,27.17,18.11,405.74
#0002329,1,SKU-0120,1,284.75,18.36,17.43,283.82
#0002329,2,SKU-0032,4,197.16,57.49,46.79,777.94
#0002329,3,SKU-0101,1,155.38,1.31,13.16,167.23
#0002333,1,SKU-0018,1,163.45,8.05,6.77,162.17
#0002334,1,SKU-0087,2,171.67,12.04,25.09,356.39
#0002336,1,SKU-0040,1,221.18,7.30,19.01,232.89
#0002342,1,SKU-0019,1,43.20,0.34,3.67,46.53
#0002342,2,SKU-0046,2,129.34,12.05,20.96,267.59
#0002342,3,SKU-0010,1,308.78,8.46,20.53,320.85
#0002342,4,SKU-0093,2,307.30,35.69,24.17,603.08
#0002342,5,SKU-0064,2,24.75,3.66,2.94,48.78
#0002344,1,SKU-0095,1,73.77,3.59,3.92,74.10
#0002344,2,SKU-0069,1,251.68,28.94,13.66,236.40
#0002345,1,SKU-0079,3,34.61,6.51,7.68,105.00
#0002354,1,SKU-0119,2,246.49,50.52,18.90,461.36
#0002354,2,SKU-0016,1,119.98,12.75,7.98,115.21
#0002354,3,SKU-0094,1,316.80,35.25,23.05,304.60
#0002354,4,SKU-0019,2,49.53,2.92,7.93,104.07
#0002354,5,SKU-0022,1,194.70,16.09,8.00,186.61
#0002357,1,SKU-0101,3,158.48,22.14,25.25,478.55
#0002357,2,SKU-0028,1,85.58,3.04,6.19,88.73
#0002358,1,SKU-0065,2,147.09,9.35,19.06,303.89
#0002358,2,SKU-0014,2,328.59,2.04,42.89,698.03
#0002361,1,SKU-0046,2,148.76,2.31,25.41,320.62
#0002361,2,SKU-0009,3,159.31,47.07,31.64,462.50
#0002363,1,SKU-0091,1,174.94,0.81,8.55,182.68
#0002370,1,SKU-0103,1,335.21,36.37,24.02,322.86
#0002370,2,SKU-0090,2,267.84,32.80,22.18,525.06
#0002370,3,SKU-0100,2,257.22,52.89,39.28,500.83
#0002371,1,SKU-0071,1,329.77,18.52,24.89,336.14
#0002371,2,SKU-0063,3,23.53,5.53,5.20,70.26
#0002371,3,SKU-0025,1,139.23,2.15,7.69,144.77
#0002371,4,SKU-0088,1,132.00,7.94,8.80,132.86
#0002371,5,SKU-0074,4,108.10,20.28,27.03,439.15
#0002372,1,SKU-0012,3,72.45,14.90,8.71,211.16
#0002375,1,SKU-0024,1,34.64,1.01,1.52,35.15
#0002377,1,SKU-0020,1,221.73,16.10,11.86,217.49
#0002377,2,SKU-0114,4,207.96,58.49,38.75,812.10
#0002377,3,SKU-0055,1,30.72,2.56,2.18,30.34
#0002380,1,SKU-0082,1,279.51,26.72,18.84,271.63
#0002386,1,SKU-0002,1,138.76,7.79,9.80,140.77
#0002388,1,SKU-0107,2,336.96,66.78,48.47,655.61
#0002388,2,SKU-0065,1,138.18,9.98,8.83,137.03
#0002388,3,SKU-0072,1,154.72,0.18,7.08,161.62
#0002394,1,SKU-0054,1,203.33,20.31,8.09,191.11
#0002394,2,SKU-0079,1,34.31,0.17,3.02,37.16
#0002394,3,SKU-0034,4,370.73,144.17,107.04,1445.79
#0002394,4,SKU-0096,2,33.16,5.18,5.16,66.30
#0002397,1,SKU-0078,1,157.76,10.44,10.43,157.75
#0002397,2,SKU-0019,2,49.52,4.05,7.48,102.47
#0002417,1,SKU-0033,1,109.94,6.70,7.31,110.55
#0002421,1,SKU-0075,1,25.20,0.30,1.82,26.72
#0002421,2,SKU-0043,2,146.58,20.31,23.03,295.88
#0002421,3,SKU-0074,2,107.06,19.63,13.56,208.05
#0002421,4,SKU-0113,2,164.14,3.96,29.09,353.41
#0002424,1,SKU-0110,1,66.35,4.35,3.64,65.64
#0002428,1,SKU-0053,1,329.70,31.85,24.58,322.43
#0002428,2,SKU-0060,1,240.03,21.18,13.94,232.79
#0002428,3,SKU-0096,2,28.75,4.76,3.65,56.39
#0002431,1,SKU-0102,1,18.76,1.09,1.51,19.18
#0002431,2,SKU-0083,2,184.40,0.36,31.51,399.95
#0002431,3,SKU-0082,1,251.41,25.68,16.24,241.97
#0002431,4,SKU-0081,1,49.58,3.99,3.41,49.00
#0002431,5,SKU-0061,1,211.20,4.88,9.13,215.45
#0002437,1,SKU-0022,2,226.21,47.14,28.05,433.33
#0002440,1,SKU-0019,1,47.00,0.82,2.05,48.23
#0002441,1,SKU-0072,2,166.26,1.74,28.72,359.50
#0002442,1,SKU-0043,1,133.72,9.73,10.98,134.97
#0002442,2,SKU-0053,1,338.82,24.04,27.15,341.93
#0002442,3,SKU-0022,1,209.07,8.41,13.73,214.39
#0002442,4,SKU-0027,2,60.34,13.81,9.50,116.37
#0002446,1,SKU-0076,1,108.55,3.19,5.51,110.87
#0002450,1,SKU-0044,1,239.05,10.51,19.55,248.09
#0002451,1,SKU-0098,2,350.45,70.74,48.61,678.77
#0002451,2,SKU-0108,2,143.82,6.63,23.86,304.87
#0002452,1,SKU-0048,2,194.64,5.61,17.10,400.77
#0002455,1,SKU-0105,1,112.85,8.17,5.31,109.99
#0002458,1,SKU-0116,3,428.36,75.47,100.33,1309.94
#0002458,2,SKU-0039,1,91.31,7.17,7.53,91.67
#0002459,1,SKU-0022,1,213.54,0.61,13.04,225.97
#0002459,2,SKU-0060,3,223.92,21.69,42.46,692.53
#0002461,1,SKU-0079,1,35.40,4.13,1.67,32.94
#0002461,2,SKU-0084,1,342.66,8.67,23.60,357.59
#0002461,3,SKU-0078,1,154.29,8.70,11.03,156.62
#0002461,4,SKU-0028,2,85.58,14.19,9.81,166.78
#0002468,1,SKU-0053,1,330.87,15.22,13.38,329.03
#0002477,1,SKU-0042,2,396.12,37.40,32.40,787.24
#0002477,2,SKU-0092,2,15.92,1.60,2.60,32.84
#0002477,3,SKU-0095,1,66.54,6.74,3.66,63.46
#0002477,4,SKU-0087,2,187.66,41.64,20.90,354.58
#0002483,1,SKU-0067,3,54.28,8.11,10.42,165.15
#0002490,1,SKU-0075,1,29.58,2.77,1.69,28.50
#0002497,1,SKU-0118,2,226.26,19.97,19.42,451.97
#0002504,1,SKU-0068,1,76.42,0.04,4.91,81.29
#0002504,2,SKU-0081,2,44.01,3.81,5.17,89.38
#0002505,1,SKU-0094,2,305.88,2.43,37.14,646.47
#0002505,2,SKU-0095,1,74.18,4.05,4.15,74.28
#0002505,3,SKU-0049,2,229.24,19.14,34.31,473.65
#0002506,1,SKU-0105,1,117.76,8.01,5.69,115.44
#0002506,2,SKU-0011,1,267.92,15.23,11.96,264.65
#0002506,3,SKU-0056,1,272.18,8.95,13.26,276.49
#0002506,4,SKU-0006,2,174.30,20.86,26.58,354.32
#0002510,1,SKU-0087,2,196.50,0.03,30.79,423.76
#0002512,1,SKU-0066,1,77.15,6.78,4.71,75.08
#0002512,2,SKU-0102,2,21.42,1.08,2.50,44.26
#0002513,1,SKU-0061,1,193.57,6.85,9.23,195.95
#0002513,2,SKU-0016,1,117.31,1.61,9.90,125.60
#0002513,3,SKU-0060,3,245.65,26.87,32.80,742.88
#0002513,4,SKU-0071,1,312.75,5.06,19.07,326.76
#0002528,1,SKU-0013,1,276.79,20.08,18.86,275.57
#0002528,2,SKU-0090,1,260.33,24.67,20.39,256.05
#0002528,3,SKU-0106,1,103.03,4.46,7.76,106.33
#0002531,1,SKU-0004,1,129.54,8.20,9.06,130.40
#0002531,2,SKU-0095,2,69.89,5.37,8.40,142.81
#0002537,1,SKU-0008,2,46.56,6.32,5.89,92.69
#0002538,1,SKU-0112,1,227.92,20.60,10.29,217.61
#0002538,2,SKU-0010,4,329.51,134.65,97.27,1280.66
#0002538,3,SKU-0040,2,225.92,53.84,24.60,422.60
#0002539,1,SKU-0014,3,339.49,93.90,42.41,966.98
#0002542,1,SKU-0061,1,205.10,16.56,8.73,197.27
#0002542,2,SKU-0069,2,253.17,6.49,36.61,536.46
#0002542,3,SKU-0115,1,275.97,10.13,19.21,285.05
#0002544,1,SKU-0021,1,127.43,14.83,6.00,118.60
#0002545,1,SKU-0072,1,152.92,4.09,9.75,158.58
#0002550,1,SKU-0011,2,240.60,34.24,20.71,467.67
#0002550,2,SKU-0074,1,126.03,12.33,6.90,120.60
#0002553,1,SKU-0053,1,353.34,11.31,22.87,364.90
#0002554,1,SKU-0118,2,228.26,43.82,32.86,445.56
#0002554,2,SKU-0109,3,367.45,17.93,84.03,1168.45
#0002555,1,SKU-0042,1,412.35,14.62,18.46,416.19
#0002557,1,SKU-0040,1,248.94,14.87,13.71,247.78
#0002560,1,SKU-0026,1,240.97,25.68,16.63,231.92
#0002560,2,SKU-0110,2,68.02,15.99,8.78,128.83
#0002562,1,SKU-0037,2,63.65,9.12,5.34,123.52
#0002562,2,SKU-0025,3,138.87,41.16,21.48,396.93
#0002567,1,SKU-0027,1,60.89,5.96,4.45,59.38
#0002570,1,SKU-0043,2,147.60,32.18,17.34,280.36
#0002570,2,SKU-0119,1,269.14,7.77,10.87,272.24
#0002574,1,SKU-0026,1,253.38,23.35,11.89,241.92
#0002574,2,SKU-0118,3,230.18,45.33,35.92,681.13
#0002574,3,SKU-0096,1,28.58,1.08,1.88,29.38
#0002583,1,SKU-0013,1,284.79,28.12,19.50,276.17
#0002583,2,SKU-0012,1,67.65,3.24,4.63,69.04
#0002583,3,SKU-0025,1,129.30,11.78,6.79,124.31
#0002599,1,SKU-0011,1,241.16,15.85,13.68,238.99
#0002601,1,SKU-0102,1,19.04,0.15,1.59,20.48
#0002601,2,SKU-0040,1,238.63,7.06,16.11,247.68
#0002601,3,SKU-0019,1,45.25,5.31,1.92,41.86
#0002601,4,SKU-0076,1,108.99,10.20,4.00,102.79
#0002607,1,SKU-0008,2,42.68,6.45,5.93,84.84
#0002608,1,SKU-0058,1,283.11,4.98,20.53,298.66
#0002608,2,SKU-0053,1,379.23,34.41,19.03,363.85
#0002608,3,SKU-0056,4,245.92,27.48,57.70,1013.90
#0002610,1,SKU-0060,1,236.09,16.65,14.05,233.49
#0002610,2,SKU-0108,1,136.09,8.38,11.17,138.88
#0002610,3,SKU-0079,2,37.09,0.78,3.64,77.04
#0002611,1,SKU-0103,1,358.80,11.36,15.17,362.61
#0002611,2,SKU-0109,1,387.20,10.24,16.75,393.71
#0002611,3,SKU-0007,1,260.02,31.20,17.43,246.25
#0002614,1,SKU-0066,3,79.87,15.20,18.58,242.99
#0002619,1,SKU-0002,1,135.41,4.13,10.15,141.43
#0002619,2,SKU-0011,1,244.30,25.61,15.06,233.75
#0002619,3,SKU-0095,1,73.39,3.11,5.66,75.94
#0002621,1,SKU-0113,1,154.73,12.48,7.51,149.76
#0002622,1,SKU-0079,1,32.48,0.34,1.62,33.76
#0002622,2,SKU-0084,3,348.47,106.37,40.38,979.42
#0002622,3,SKU-0107,1,395.61,38.91,31.90,388.60
#0002626,1,SKU-0098,1,308.20,1.64,14.33,320.89
#0002628,1,SKU-0103,2,363.34,15.68,60.73,771.73
#0002629,1,SKU-0029,1,142.83,12.01,10.62,141.44
#0002629,2,SKU-0074,1,113.06,2.82,8.56,118.80
#0002629,3,SKU-0020,4,213.33,68.69,59.01,843.64
#0002632,1,SKU-0032,2,195.25,17.07,32.63,406.06
#0002632,2,SKU-0098,2,335.18,48.38,31.50,653.48
#0002637,1,SKU-0016,1,123.44,6.23,9.09,126.30
#0002637,2,SKU-0080,2,89.07,6.69,9.19,180.64
#0002638,1,SKU-0063,1,23.44,1.28,1.77,23.93
#0002640,1,SKU-0021,3,120.96,3.65,17.87,377.10
#0002647,1,SKU-0008,3,44.06,11.07,9.29,130.40
#0002647,2,SKU-0107,1,364.13,18.73,14.03,359.43
#0002649,1,SKU-0048,4,173.01,42.77,56.25,705.52
#0002649,2,SKU-0038,1,278.77,4.72,24.12,298.17
#0002655,1,SKU-0058,1,272.35,8.94,10.93,274.34
#0002655,2,SKU-0011,1,277.89,1.22,19.03,295.70
#0002655,3,SKU-0040,3,231.81,41.77,43.03,696.69
#0002659,1,SKU-0013,1,294.30,27.96,22.82,289.16
#0002659,2,SKU-0036,2,271.41,5.04,45.18,582.96
#0002662,1,SKU-0029,2,123.98,4.43,19.39,262.92
#0002663,1,SKU-0034,1,380.59,8.91,16.24,387.92
#0002663,2,SKU-0085,3,168.81,21.45,30.05,515.03
#0002663,3,SKU-0096,2,32.21,5.59,2.99,61.82
#0002667,1,SKU-0086,2,21.40,3.91,3.24,42.13
#0002668,1,SKU-0081,1,43.71,2.47,3.71,44.95
#0002668,2,SKU-0096,2,28.78,3.71,3.81,57.66
#0002669,1,SKU-0065,5,144.10,18.78,52.14,753.86
#0002669,2,SKU-0044,1,257.93,9.15,18.28,267.06
#0002669,3,SKU-0018,4,170.81,42.84,44.74,685.14
#0002676,1,SKU-0114,1,208.89,7.02,9.70,211.57
#0002676,2,SKU-0076,1,96.83,3.16,4.67,98.34
#0002680,1,SKU-0063,2,24.52,5.24,2.62,46.42
#0002680,2,SKU-0052,1,273.50,28.96,20.53,265.07
#0002685,1,SKU-0041,1,353.79,33.41,13.92,334.30
#0002685,2,SKU-0119,1,264.10,14.67,14.38,263.81
#0002687,1,SKU-0084,1,384.13,31.97,22.59,374.75
#0002689,1,SKU-0115,1,271.68,6.84,21.42,286.26
#0002690,1,SKU-0088,1,132.00,7.07,6.57,131.50
#0002690,2,SKU-0027,1,71.28,4.98,3.15,69.45
#0002690,3,SKU-0099,2,184.68,31.39,25.44,363.41
#0002690,4,SKU-0026,1,260.68,21.94,16.31,255.05
#0002700,1,SKU-0003,2,35.25,6.21,3.72,68.01
#0002700,2,SKU-0009,1,173.21,0.71,14.52,187.02
#0002703,1,SKU-0060,1,222.81,15.57,15.87,223.11
#0002703,2,SKU-0108,1,142.93,11.63,10.17,141.47
#0002703,3,SKU-0036,2,290.58,33.42,44.53,592.27
#0002704,1,SKU-0065,1,146.26,3.10,8.25,151.41
#0002707,1,SKU-0085,1,168.48,4.91,11.61,175.18
#0002707,2,SKU-0034,2,390.15,40.09,65.96,806.17
#0002709,1,SKU-0062,2,14.17,0.41,1.61,29.54
#0002709,2,SKU-0092,3,17.32,5.23,3.61,50.34
#0002722,1,SKU-0010,1,290.98,11.99,21.94,300.93
#0002722,2,SKU-0059,1,122.60,1.17,7.50,128.93
#0002729,1,SKU-0069,2,218.98,8.35,37.51,467.12
#0002729,2,SKU-0110,1,69.93,2.63,4.86,72.16
#0002729,3,SKU-0078,1,155.55,12.76,9.53,152.32
#0002732,1,SKU-0025,1,127.52,9.66,7.58,125.44
#0002732,2,SKU-0064,1,23.71,1.76,1.59,23.54
#0002733,1,SKU-0047,1,14.91,1.22,0.64,14.33
#0002734,1,SKU-0024,1,29.97,1.45,2.03,30.55
#0002734,2,SKU-0061,1,209.00,9.47,17.20,216.73
#0002735,1,SKU-0096,3,33.07,11.77,3.51,90.95
#0002738,1,SKU-0067,1,58.43,5.84,2.43,55.02
#0002738,2,SKU-0033,1,121.73,4.55,8.82,126.00
#0002738,3,SKU-0078,1,177.52,4.44,13.97,187.05
#0002738,4,SKU-0083,2,181.91,36.03,25.43,353.22
#0002738,5,SKU-0024,3,33.82,2.97,5.03,103.52
#0002742,1,SKU-0072,1,151.47,10.70,10.39,151.16
#0002742,2,SKU-0030,3,204.98,63.30,27.29,578.93
#0002742,3,SKU-0039,3,96.97,29.87,23.49,284.53
#0002744,1,SKU-0039,1,93.26,3.77,7.77,97.26
#0002744,2,SKU-0063,2,23.38,0.98,2.65,48.43
#0002747,1,SKU-0075,2,26.51,4.65,3.04,51.41
#0002748,1,SKU-0044,1,262.81,5.11,17.24,274.94
#0002748,2,SKU-0019,2,48.95,6.01,8.04,99.93
#0002752,1,SKU-0014,1,360.52,42.96,20.68,338.24
#0002752,2,SKU-0075,1,25.44,1.77,1.66,25.33
#0002752,3,SKU-0022,1,203.90,7.06,13.59,210.43
#0002753,1,SKU-0104,1,210.89,8.05,9.60,212.44
#0002755,1,SKU-0044,1,265.61,6.97,16.17,274.81
#0002755,2,SKU-0096,3,33.49,4.39,4.86,100.94
#0002757,1,SKU-0054,3,222.98,17.07,36.59,688.46
#0002762,1,SKU-0050,2,413.16,29.19,31.96,829.09
#0002762,2,SKU-0053,4,376.96,148.38,71.09,1430.55
#0002762,3,SKU-0040,1,227.09,23.76,9.26,212.59
#0002766,1,SKU-0050,2,372.27,75.35,49.33,718.52
#0002770,1,SKU-0040,2,248.75,44.32,19.48,472.66
#0002771,1,SKU-0029,2,141.73,12.81,21.68,292.33
#0002774,1,SKU-0029,1,142.37,8.19,11.83,146.01
#0002774,2,SKU-0103,1,313.84,6.84,27.24,334.24
#0002776,1,SKU-0006,4,166.44,9.93,32.24,688.07
#0002776,2,SKU-0118,1,223.72,20.55,14.81,217.98
#0002798,1,SKU-0120,2,278.78,64.44,25.80,518.92
#0002801,1,SKU-0055,1,30.13,2.36,1.47,29.24
#0002804,1,SKU-0111,3,243.09,31.68,36.77,734.36
#0002804,2,SKU-0017,1,64.42,3.43,3.40,64.39
#0002804,3,SKU-0046,1,139.65,2.16,8.75,146.24
#0002812,1,SKU-0112,1,224.65,18.38,10.58,216.85
#0002821,1,SKU-0068,1,80.73,3.94,6.11,82.90
#0002822,1,SKU-0098,2,334.31,36.69,55.36,687.29
#0002822,2,SKU-0095,2,65.30,0.07,6.21,136.74
#0002822,3,SKU-0047,2,17.38,3.79,2.64,33.61
#0002823,1,SKU-0034,2,376.71,71.55,55.90,737.77
#0002823,2,SKU-0069,2,219.00,10.56,32.72,460.16
#0002825,1,SKU-0114,1,204.38,23.39,9.15,190.14
#0002826,1,SKU-0022,2,212.32,41.01,16.05,399.68
#0002826,2,SKU-0054,1,237.62,6.72,10.07,240.97
#0002829,1,SKU-0036,1,260.91,18.38,20.59,263.12
#0002829,2,SKU-0074,1,115.58,4.73,4.62,115.47
#0002829,3,SKU-0040,1,230.14,4.24,18.33,244.23
#0002829,4,SKU-0110,1,69.55,2.87,5.66,72.34
#0002832,1,SKU-0009,1,159.59,17.99,7.37,148.97
#0002832,2,SKU-0097,3,175.11,17.24,32.22,540.31
#0002832,3,SKU-0116,1,396.89,23.29,33.00,406.60
#0002834,1,SKU-0035,1,162.27,15.00,11.57,158.84
#0002834,2,SKU-0044,1,268.63,26.28,19.05,261.40
#0002834,3,SKU-0116,1,401.27,13.20,29.71,417.78
#0002839,1,SKU-0088,1,134.66,2.89,10.00,141.77
#0002839,2,SKU-0065,3,152.90,0.44,32.89,491.15
#0002840,1,SKU-0064,1,27.26,2.97,1.46,25.75
#0002840,2,SKU-0054,1,220.03,18.42,12.90,214.51
#0002850,1,SKU-0021,2,124.10,17.68,13.32,243.84
#0002852,1,SKU-0033,2,105.79,17.00,7.80,202.38
#0002856,1,SKU-0046,3,131.51,25.17,16.33,385.69
#0002858,1,SKU-0106,1,102.08,0.60,4.65,106.13
#0002858,2,SKU-0096,2,31.50,2.43,4.24,64.81
#0002858,3,SKU-0075,1,26.98,2.66,1.37,25.69
#0002864,1,SKU-0019,5,46.36,22.18,11.63,221.25
#0002868,1,SKU-0050,2,372.32,25.13,38.56,758.07
#0002868,2,SKU-0065,1,154.49,15.69,7.85,146.65
#0002868,3,SKU-0023,1,175.87,1.33,9.18,183.72
#0002869,1,SKU-0012,2,66.20,2.64,8.59,138.35
#0002869,2,SKU-0029,2,133.32,31.72,13.33,248.25
#0002869,3,SKU-0103,3,335.41,116.69,58.55,948.09
#0002870,1,SKU-0086,2,21.95,2.83,3.55,44.62
#0002870,2,SKU-0103,2,335.84,26.62,44.11,689.17
#0002870,3,SKU-0092,1,15.27,0.91,1.16,15.52
#0002874,1,SKU-0092,2,15.83,3.63,1.24,29.27
#0002874,2,SKU-0055,1,31.81,0.30,1.77,33.28
#0002876,1,SKU-0057,1,434.11,43.38,30.22,420.95
#0002876,2,SKU-0047,1,14.91,0.94,1.00,14.97
#0002876,3,SKU-0078,1,165.95,15.02,7.58,158.51
#0002877,1,SKU-0082,3,288.39,13.92,58.00,909.25
#0002877,2,SKU-0101,1,173.45,17.70,9.76,165.51
#0002880,1,SKU-0106,1,92.78,1.52,7.71,98.97
#0002880,2,SKU-0008,2,41.68,3.28,6.29,86.37
#0002880,3,SKU-0041,1,328.44,24.06,12.56,316.94
#0002883,1,SKU-0035,1,147.39,1.49,9.15,155.05
#0002883,2,SKU-0062,1,14.47,0.23,0.62,14.86
#0002883,3,SKU-0050,1,418.34,41.12,25.80,403.02
#0002883,4,SKU-0098,1,332.48,19.43,19.41,332.46
#0002883,5,SKU-0063,3,23.97,4.39,5.44,72.96
#0002887,1,SKU-0027,2,69.17,9.27,7.88,136.95
#0002887,2,SKU-0064,3,23.27,7.29,3.17,65.69
#0002887,3,SKU-0022,1,218.67,25.77,11.38,204.28
#0002890,1,SKU-0089,1,26.67,1.83,1.66,26.50
#0002890,2,SKU-0098,1,349.37,14.88,14.05,348.54
#0002894,1,SKU-0098,1,333.19,6.37,28.41,355.23
#0002896,1,SKU-0009,2,154.55,35.32,22.40,296.18
#0002897,1,SKU-0020,2,236.59,25.80,25.75,473.13
#0002897,2,SKU-0039,1,102.88,1.43,5.85,107.30
#0002897,3,SKU-0079,1,34.54,1.82,1.56,34.28
#0002897,4,SKU-0116,1,445.29,50.59,28.51,423.21
#0002898,1,SKU-0033,2,115.10,24.14,11.51,217.57
#0002898,2,SKU-0114,2,214.44,40.71,33.04,421.21
#0002898,3,SKU-0048,1,188.19,8.01,10.32,190.50
#0002904,1,SKU-0076,3,96.26,10.72,16.65,294.71
#0002904,2,SKU-0054,2,210.93,7.40,18.12,432.58
#0002904,3,SKU-0104,1,211.17,21.62,9.06,198.61
#0002904,4,SKU-0083,1,170.16,0.63,15.07,184.60
#0002905,1,SKU-0009,1,174.04,4.81,9.52,178.75
#0002908,1,SKU-0103,1,314.14,15.63,19.85,318.36
#0002908,2,SKU-0066,1,72.59,3.41,6.01,75.19
#0002912,1,SKU-0046,1,128.89,1.87,10.42,137.44
#0002915,1,SKU-0009,2,179.02,31.86,27.10,353.28
#0002917,1,SKU-0083,1,183.01,19.35,12.18,175.84
#0002917,2,SKU-0013,1,318.00,29.92,25.11,313.19
#0002917,3,SKU-0084,1,346.75,1.22,30.42,375.95
#0002918,1,SKU-0058,2,275.75,9.17,46.65,588.98
#0002918,2,SKU-0064,1,26.07,2.18,1.87,25.76
#0002918,3,SKU-0059,3,117.06,23.45,17.95,345.68
#0002920,1,SKU-0079,1,35.60,1.42,2.90,37.08
#0002924,1,SKU-0070,1,234.07,23.49,18.54,229.12
#0002930,1,SKU-0035,2,158.71,28.73,21.98,310.67
#0002931,1,SKU-0002,1,134.51,12.50,7.95,129.96
#0002932,1,SKU-0036,2,292.67,33.28,41.55,593.61
#0002932,2,SKU-0071,3,310.30,108.43,65.34,887.81
#0002939,1,SKU-0034,1,344.64,2.08,19.04,361.60
#0002939,2,SKU-0105,2,101.01,23.18,15.59,194.43
#0002939,3,SKU-0002,1,147.34,12.06,9.91,145.19
#0002942,1,SKU-0055,1,28.80,1.25,1.65,29.20
#0002942,2,SKU-0091,1,177.00,9.09,14.83,182.74
#0002944,1,SKU-0052,1,266.48,26.27,20.47,260.68
#0002944,2,SKU-0089,1,25.73,1.97,1.69,25.45
#0002944,3,SKU-0043,2,137.93,4.34,10.88,282.40
#0002945,1,SKU-0048,1,177.00,18.51,7.52,166.01
#0002945,2,SKU-0117,2,98.31,12.58,8.85,192.89
#0002954,1,SKU-0100,1,274.65,6.38,14.17,282.44
#0002955,1,SKU-0120,1,290.32,22.29,16.24,284.27
#0002955,2,SKU-0003,1,33.68,1.14,1.62,34.16
#0002964,1,SKU-0075,4,25.83,7.67,6.77,102.42
#0002964,2,SKU-0079,5,37.28,5.99,8.81,189.22
#0002966,1,SKU-0034,3,375.43,96.57,92.26,1121.98
#0002974,1,SKU-0111,1,252.48,12.37,14.68,254.79
#0002974,2,SKU-0118,1,200.06,2.67,17.34,214.73
#0002974,3,SKU-0062,1,14.19,1.36,0.86,13.69
#0002974,4,SKU-0028,1,76.91,7.78,5.69,74.82
#0002975,1,SKU-0110,1,67.24,1.42,5.21,71.03
#0002980,1,SKU-0051,2,91.82,15.83,9.26,177.07
#0002984,1,SKU-0096,1,31.84,1.36,2.31,32.79
#0002984,2,SKU-0071,2,313.83,71.28,28.29,584.67
#0002988,1,SKU-0097,3,178.34,52.25,29.45,512.22
#0002993,1,SKU-0108,1,153.92,16.05,7.12,144.99
#0002996,1,SKU-0086,1,22.24,2.21,1.22,21.25
#0002996,2,SKU-0020,3,218.17,50.38,28.06,632.19
#0002996,3,SKU-0019,4,47.04,21.99,9.85,176.02
#0003003,1,SKU-0116,1,438.89,16.27,28.30,450.92
#0003003,2,SKU-0025,1,126.57,0.93,6.55,132.19
#0003003,3,SKU-0091,1,167.05,10.54,12.36,168.87
#0003005,1,SKU-0103,2,369.23,2.03,34.14,770.57
#0003005,2,SKU-0072,1,157.55,3.52,12.29,166.32
#0003005,3,SKU-0021,1,127.74,11.19,10.00,126.55
#0003005,4,SKU-0115,1,287.68,28.09,13.47,273.06
#0003013,1,SKU-0032,3,183.66,24.50,39.73,566.21
#0003013,2,SKU-0081,2,47.16,7.08,6.59,93.83
#0003013,3,SKU-0001,3,359.54,63.66,55.13,1070.09
#0003013,4,SKU-0079,2,32.97,0.10,4.71,70.55
#0003013,5,SKU-0060,1,232.20,7.96,14.68,238.92
#0003014,1,SKU-0053,1,342.49,13.57,25.53,354.45
#0003014,2,SKU-0065,4,152.93,35.38,28.95,605.29
#0003014,3,SKU-0037,2,63.39,14.59,9.28,121.47
#0003017,1,SKU-0071,2,329.71,51.00,43.23,651.65
#0003017,2,SKU-0057,1,463.05,3.65,26.22,485.62
#0003018,1,SKU-0069,1,216.40,2.71,11.27,224.96
#0003018,2,SKU-0051,1,105.07,5.24,5.13,104.96
#0003018,3,SKU-0052,1,251.76,2.43,15.39,264.72
#0003019,1,SKU-0085,1,154.37,14.14,8.98,149.21
#0003019,2,SKU-0073,1,115.58,1.21,5.80,120.17
#0003019,3,SKU-0026,2,244.09,43.03,23.98,469.13
#0003027,1,SKU-0074,2,120.58,12.13,20.26,249.29
#0003033,1,SKU-0118,3,234.30,45.43,47.93,705.40
#0003033,2,SKU-0053,3,332.75,76.42,75.89,997.72
#0003033,3,SKU-0017,1,71.54,3.08,4.33,72.79
#0003048,1,SKU-0029,1,140.57,5.04,9.02,144.55
#0003049,1,SKU-0119,3,238.46,32.82,49.07,731.63
#0003049,2,SKU-0082,3,270.52,19.44,51.56,843.68
#0003049,3,SKU-0050,2,429.92,52.68,43.51,850.67
#0003052,1,SKU-0116,1,396.07,28.26,30.93,398.74
#0003055,1,SKU-0049,1,241.62,8.97,20.86,253.51
#0003055,2,SKU-0028,3,80.86,14.81,12.74,240.51
#0003055,3,SKU-0092,1,16.42,0.09,0.65,16.98
#0003058,1,SKU-0041,2,306.92,21.96,31.68,623.56
#0003058,2,SKU-0034,1,375.49,11.62,26.69,390.56
#0003067,1,SKU-0085,4,162.05,70.94,49.01,626.27
#0003067,2,SKU-0062,1,15.67,0.39,0.73,16.01
#0003067,3,SKU-0048,1,197.04,11.62,8.75,194.17
#0003069,1,SKU-0023,1,169.27,13.84,11.78,167.21
#0003069,2,SKU-0093,3,308.19,92.40,68.78,900.95
#0003072,1,SKU-0048,1,176.91,17.02,10.59,170.48
#0003072,2,SKU-0070,3,215.80,11.93,36.72,672.19
#0003076,1,SKU-0045,1,88.78,1.69,4.78,91.87
#0003076,2,SKU-0063,1,25.15,2.08,1.38,24.45
#0003076,3,SKU-0096,2,30.90,1.59,3.15,63.36
#0003076,4,SKU-0005,1,98.61,9.58,3.71,92.74
#0003079,1,SKU-0091,2,179.41,29.08,27.85,357.59
#0003081,1,SKU-0077,2,269.51,34.57,44.24,548.69
#0003082,1,SKU-0050,1,417.45,42.15,21.24,396.54
#0003082,2,SKU-0061,1,224.59,2.20,18.30,240.69
#0003082,3,SKU-0018,2,167.01,26.43,24.77,332.36
#0003082,4,SKU-0055,1,31.21,2.17,1.67,30.71
#0003082,5,SKU-0099,1,165.70,12.16,6.53,160.07
#0003083,1,SKU-0016,1,114.95,6.53,6.30,114.72
#0003083,2,SKU-0039,1,89.87,9.71,4.55,84.71
#0003083,3,SKU-0076,2,97.61,21.59,12.04,185.67
#0003083,4,SKU-0006,1,156.52,7.06,6.71,156.17
#0003083,5,SKU-0011,1,261.08,5.17,11.05,266.96
#0003086,1,SKU-0033,1,114.78,12.31,7.33,109.80
#0003088,1,SKU-0077,1,247.09,27.69,18.17,237.57
#0003090,1,SKU-0074,3,127.12,5.69,22.45,398.12
#0003092,1,SKU-0116,1,394.16,12.40,33.03,414.79
#0003095,1,SKU-0048,1,168.10,11.22,13.67,170.55
#0003098,1,SKU-0019,1,48.06,3.27,2.79,47.58
#0003098,2,SKU-0047,1,17.31,0.19,1.18,18.30
#0003098,3,SKU-0114,2,220.77,3.48,22.52,460.58
#0003100,1,SKU-0004,1,117.15,10.22,4.86,111.79
#0003102,1,SKU-0116,2,403.67,89.50,33.02,750.86
#0003102,2,SKU-0018,2,168.59,25.78,23.63,335.03
#0003103,1,SKU-0095,1,64.38,2.11,4.16,66.43
#0003109,1,SKU-0051,1,99.04,1.04,6.26,104.26
#0003114,1,SKU-0105,1,115.50,1.42,5.19,119.27
#0003116,1,SKU-0016,1,125.99,12.79,8.31,121.51
#0003116,2,SKU-0071,2,298.80,21.55,38.17,614.22
#0003123,1,SKU-0024,1,33.09,2.81,1.43,31.71
#0003123,2,SKU-0080,1,92.42,1.90,5.30,95.82
#0003124,1,SKU-0029,1,142.43,5.93,11.77,148.27
#0003124,2,SKU-0028,1,73.86,7.10,3.29,70.05
#0003125,1,SKU-0108,1,148.43,12.16,10.21,146.48
#0003125,2,SKU-0106,1,90.57,7.84,5.94,88.67
#0003125,3,SKU-0053,1,332.11,29.87,20.40,322.64
#0003130,1,SKU-0008,1,41.80,1.14,3.60,44.26
#0003130,2,SKU-0120,1,284.36,0.59,18.77,302.54
#0003130,3,SKU-0100,1,256.69,11.91,20.99,265.77
#0003130,4,SKU-0113,5,145.23,66.33,45.92,705.74
#0003131,1,SKU-0081,3,50.79,2.97,7.03,156.43
#0003136,1,SKU-0086,3,19.89,6.15,3.40,56.92
#0003136,2,SKU-0008,1,44.07,4.21,3.12,42.98
#0003136,3,SKU-0053,1,378.64,34.95,19.93,363.62
#0003140,1,SKU-0055,1,30.00,0.84,2.23,31.39
#0003140,2,SKU-0054,1,215.63,1.86,9.99,223.76
#0003141,1,SKU-0097,2,157.28,26.56,19.13,307.13
#0003142,1,SKU-0057,1,496.63,52.04,27.70,472.29
#0003142,2,SKU-0047,2,15.87,1.04,2.11,32.81
#0003142,3,SKU-0120,2,285.19,58.02,29.28,541.64
#0003142,4,SKU-0014,1,381.21,20.61,22.62,383.22
#0003143,1,SKU-0092,1,15.84,0.59,0.98,16.23
#0003143,2,SKU-0035,1,147.18,7.24,12.24,152.18
#0003143,3,SKU-0080,1,86.55,6.85,5.67,85.37
#0003144,1,SKU-0105,1,117.33,5.04,8.15,120.44
#0003144,2,SKU-0078,1,160.87,15.73,10.52,155.66
#0003146,1,SKU-0108,1,151.54,5.21,7.80,154.13
#0003146,2,SKU-0098,2,340.31,64.26,27.71,644.07
#0003146,3,SKU-0005,2,93.39,9.70,10.19,187.27
#0003149,1,SKU-0110,1,70.81,8.23,3.65,66.23
#0003150,1,SKU-0095,1,72.39,4.82,3.53,71.10
#0003152,1,SKU-0114,3,210.70,12.59,45.42,664.93
#0003153,1,SKU-0006,1,171.33,0.47,10.89,181.75
#0003153,2,SKU-0080,3,90.71,22.02,16.45,266.56
#0003153,3,SKU-0059,2,136.62,23.72,17.10,266.62
#0003153,4,SKU-0083,2,173.69,28.35,15.28,334.31
#0003155,1,SKU-0054,1,218.06,19.49,12.48,211.05
#0003156,1,SKU-0020,1,212.29,20.95,8.46,199.80
#0003156,2,SKU-0035,3,138.50,15.04,24.83,425.29
#0003156,3,SKU-0007,1,236.66,22.93,11.42,225.15
#0003156,4,SKU-0112,3,203.28,53.36,34.60,591.08
#0003156,5,SKU-0105,2,118.61,21.06,17.21,233.37
#0003160,1,SKU-0117,1,91.08,7.15,6.16,90.09
#0003160,2,SKU-0045,1,92.72,9.55,4.88,88.05
#0003160,3,SKU-0101,1,167.94,19.84,9.67,157.77
#0003163,1,SKU-0035,1,154.23,10.69,9.59,153.13
#0003169,1,SKU-0011,3,279.69,100.52,65.37,803.92
#0003169,2,SKU-0064,1,23.79,1.07,1.24,23.96
#0003169,3,SKU-0032,1,169.51,13.41,11.53,167.63
#0003175,1,SKU-0081,1,47.53,1.93,3.66,49.26
#0003175,2,SKU-0024,1,31.95,1.65,2.58,32.88
#0003181,1,SKU-0053,1,376.43,6.40,18.57,388.60
#0003181,2,SKU-0102,1,19.36,0.19,0.84,20.01
#0003181,3,SKU-0107,3,338.03,53.02,71.70,1032.77
#0003182,1,SKU-0107,1,360.70,7.56,27.38,380.52
#0003182,2,SKU-0069,1,233.01,25.03,12.83,220.81
#0003182,3,SKU-0029,1,126.05,1.70,5.35,129.70
#0003184,1,SKU-0045,1,90.45,5.66,5.48,90.27
#0003184,2,SKU-0116,2,431.67,55.56,41.31,849.09
#0003191,1,SKU-0034,1,383.84,14.56,15.49,384.77
#0003191,2,SKU-0055,1,30.15,2.50,2.37,30.02
#0003194,1,SKU-0101,2,154.00,25.21,17.09,299.88
#0003194,2,SKU-0061,1,196.16,5.90,9.45,199.71
#0003195,1,SKU-0042,1,392.58,30.18,27.70,390.10
#0003195,2,SKU-0041,1,346.99,41.19,13.22,319.02
#0003195,3,SKU-0012,3,74.46,22.06,12.21,213.53
#0003196,1,SKU-0094,2,284.69,8.24,28.80,589.94
#0003202,1,SKU-0105,2,100.56,6.72,10.69,205.09
#0003202,2,SKU-0081,1,47.69,3.54,3.78,47.93
#0003202,3,SKU-0045,1,88.38,9.08,6.78,86.08
#0003202,4,SKU-0007,2,261.97,11.97,34.33,546.30
#0003210,1,SKU-0034,1,370.23,20.06,27.77,377.94
#0003211,1,SKU-0001,1,384.30,11.60,19.37,392.07
#0003211,2,SKU-0094,1,309.33,0.70,12.48,321.11
#0003211,3,SKU-0070,3,248.07,66.61,49.50,727.10
#0003215,1,SKU-0119,1,236.42,15.18,12.24,233.48
#0003215,2,SKU-0083,1,177.10,15.93,8.72,169.89
#0003217,1,SKU-0023,2,181.51,21.24,25.80,367.58
#0003226,1,SKU-0083,1,172.25,1.96,12.47,182.76
#0003226,2,SKU-0075,1,26.69,2.80,2.05,25.94
#0003226,3,SKU-0045,2,83.31,8.33,12.65,170.94
#0003230,1,SKU-0067,2,52.86,9.02,4.00,100.70
#0003232,1,SKU-0055,1,31.57,1.53,2.67,32.71
#0003235,1,SKU-0049,1,226.05,17.54,9.41,217.92
#0003235,2,SKU-0034,1,377.19,34.17,22.71,365.73
#0003235,3,SKU-0102,2,21.24,0.15,2.84,45.17
#0003238,1,SKU-0091,1,171.05,1.58,8.63,178.10
#0003238,2,SKU-0022,1,217.65,25.33,9.07,201.39
#0003238,3,SKU-0066,2,68.78,13.14,6.99,131.41
#0003238,4,SKU-0089,1,28.12,0.73,1.95,29.34
#0003238,5,SKU-0050,1,418.09,2.42,32.79,448.46
#0003240,1,SKU-0059,5,135.76,69.30,48.79,658.29
#0003242,1,SKU-0089,3,25.55,6.94,3.27,72.98
#0003248,1,SKU-0117,2,106.77,14.80,14.12,212.86
#0003248,2,SKU-0095,1,72.60,1.04,4.49,76.05
#0003249,1,SKU-0002,1,143.64,0.03,7.18,150.79
#0003249,2,SKU-0096,3,29.82,1.97,5.88,93.37
#0003249,3,SKU-0106,1,92.03,0.56,7.43,98.90
#0003253,1,SKU-0041,1,348.72,36.25,13.86,326.33
#0003253,2,SKU-0031,1,345.68,4.55,21.32,362.45
#0003253,3,SKU-0017,1,71.13,7.86,4.92,68.19
#0003253,4,SKU-0079,1,33.73,0.68,2.34,35.39
#0003254,1,SKU-0118,2,219.93,5.51,29.09,463.44
#0003254,2,SKU-0039,1,102.38,1.14,5.52,106.76
#0003254,3,SKU-0086,1,20.34,2.23,1.23,19.34
#0003254,4,SKU-0108,1,133.97,2.69,5.91,137.19
#0003255,1,SKU-0012,4,67.09,7.01,14.55,275.90
#0003255,2,SKU-0016,1,116.10,0.68,6.77,122.19
#0003255,3,SKU-0065,1,131.28,10.43,7.04,127.89
#0003268,1,SKU-0059,2,119.04,24.50,13.45,227.03
#0003268,2,SKU-0082,1,250.74,18.25,14.40,246.89
#0003268,3,SKU-0020,1,237.05,7.89,9.91,239.07
#0003271,1,SKU-0034,3,351.06,58.78,46.35,1040.75
#0003272,1,SKU-0070,1,216.70,7.66,13.19,222.23
#0003273,1,SKU-0046,1,132.48,7.48,9.43,134.43
#0003273,2,SKU-0034,1,350.04,9.84,22.56,362.76
#0003273,3,SKU-0084,1,352.97,37.70,24.48,339.75
#0003281,1,SKU-0033,1,108.17,2.82,4.39,109.74
#0003281,2,SKU-0102,1,21.26,1.87,1.29,20.68
#0003281,3,SKU-0025,2,133.47,5.55,14.12,275.51
#0003281,4,SKU-0120,1,294.99,14.81,15.82,296.00
#0003281,5,SKU-0021,1,114.51,10.32,7.48,111.67
#0003288,1,SKU-0013,1,325.16,15.65,13.56,323.07
#0003295,1,SKU-0081,1,47.00,4.72,2.74,45.02
#0003295,2,SKU-0085,2,164.58,14.87,19.61,333.90
#0003301,1,SKU-0026,1,265.12,9.33,22.99,278.78
#0003301,2,SKU-0065,2,150.60,7.75,13.86,307.31
#0003302,1,SKU-0021,1,114.59,13.67,6.06,106.98
#0003302,2,SKU-0026,1,238.06,9.11,12.00,240.95
#0003304,1,SKU-0024,2,34.84,3.35,4.93,71.26
#0003304,2,SKU-0047,2,16.40,0.90,2.14,34.04
#0003304,3,SKU-0023,1,166.57,10.25,13.68,170.00
#0003305,1,SKU-0099,1,172.17,12.87,9.21,168.51
#0003305,2,SKU-0072,2,169.14,5.09,27.74,360.93
#0003305,3,SKU-0049,1,216.04,22.51,16.63,210.16
#0003305,4,SKU-0119,2,266.67,46.37,38.56,525.53
#0003309,1,SKU-0120,1,282.53,4.43,16.46,294.56
#0003309,2,SKU-0070,3,226.53,74.33,32.81,638.07
#0003309,3,SKU-0066,1,78.68,9.17,4.39,73.90
#0003309,4,SKU-0116,1,412.22,33.95,19.17,397.44
#0003312,1,SKU-0017,1,67.76,0.09,3.86,71.53
#0003312,2,SKU-0103,1,340.36,6.28,26.34,360.42
#0003312,3,SKU-0026,1,262.47,29.55,12.69,245.61
#0003314,1,SKU-0005,2,99.96,11.10,8.60,197.42
#0003314,2,SKU-0033,3,104.29,12.94,24.10,324.03
#0003317,1,SKU-0055,2,29.30,4.10,2.84,57.34
#0003317,2,SKU-0100,1,260.99,23.60,12.61,250.00
#0003318,1,SKU-0100,1,260.60,27.17,20.99,254.42
#0003319,1,SKU-0008,1,46.18,3.00,2.07,45.25
#0003319,2,SKU-0031,1,307.47,13.55,11.85,305.77
#0003320,1,SKU-0027,1,66.59,7.66,3.92,62.85
#0003320,2,SKU-0096,1,28.35,1.17,1.68,28.86
#0003320,3,SKU-0010,1,307.16,9.45,20.27,317.98
#0003320,4,SKU-0034,3,345.32,37.89,66.96,1065.03
#0003321,1,SKU-0022,1,219.72,15.43,17.95,222.24
#0003321,2,SKU-0070,1,253.84,29.87,17.05,241.02
#0003322,1,SKU-0040,1,241.28,21.75,11.22,230.75
#0003322,2,SKU-0088,1,125.89,10.46,8.13,123.56
#0003323,1,SKU-0061,1,201.86,9.86,16.41,208.41
#0003323,2,SKU-0063,1,26.17,2.05,1.55,25.67
#0003324,1,SKU-0046,1,129.98,9.57,7.58,127.99
#0003324,2,SKU-0091,1,177.11,2.07,13.31,188.35
#0003324,3,SKU-0113,1,161.74,13.84,6.90,154.80
#0003327,1,SKU-0069,2,237.67,31.56,38.04,481.82
#0003327,2,SKU-0059,1,118.47,4.11,8.65,123.01
#0003333,1,SKU-0088,1,141.83,9.77,10.01,142.07
#0003333,2,SKU-0063,3,22.45,4.27,5.64,68.72
#0003336,1,SKU-0011,1,267.23,0.36,13.84,280.71
#0003339,1,SKU-0027,1,63.24,2.18,2.51,63.57
#0003343,1,SKU-0082,4,291.46,65.42,98.87,1199.29
#0003346,1,SKU-0116,2,391.15,16.02,63.17,829.45
#0003346,2,SKU-0044,2,245.23,33.85,21.52,478.13
#0003346,3,SKU-0119,1,261.98,19.26,19.83,262.55
#0003356,1,SKU-0082,2,248.54,48.87,30.73,478.94
#0003356,2,SKU-0025,2,118.14,4.99,18.38,249.67
#0003357,1,SKU-0102,1,18.13,1.30,1.13,17.96
#0003357,2,SKU-0012,1,74.12,5.37,3.00,71.75
#0003363,1,SKU-0022,2,230.89,43.27,33.50,452.01
#0003365,1,SKU-0027,2,66.32,11.84,8.49,129.29
#0003365,2,SKU-0028,2,73.05,1.04,9.92,154.98
#0003365,3,SKU-0116,1,416.40,36.25,23.94,404.09
#0003366,1,SKU-0009,2,180.03,1.21,16.47,375.32
#0003366,2,SKU-0004,1,118.79,6.08,5.41,118.12
#0003372,1,SKU-0094,1,316.85,20.12,15.75,312.48
#0003372,2,SKU-0087,2,173.72,37.91,23.33,332.86
#0003372,3,SKU-0035,1,157.73,5.12,11.00,163.61
#0003373,1,SKU-0113,1,167.92,11.09,12.98,169.81
#0003375,1,SKU-0020,2,226.68,49.01,33.46,437.81
#0003377,1,SKU-0032,1,198.44,21.32,13.41,190.53
#0003379,1,SKU-0021,1,119.98,14.16,4.51,110.33
#0003379,2,SKU-0100,2,260.37,48.07,29.08,501.75
#0003379,3,SKU-0024,2,32.75,5.91,2.71,62.30
#0003382,1,SKU-0026,1,260.01,11.39,21.50,270.12
#0003383,1,SKU-0102,1,21.40,2.01,1.24,20.63
#0003383,2,SKU-0039,1,96.51,7.35,5.95,95.11
#0003387,1,SKU-0118,2,221.22,43.08,28.11,427.47
#0003388,1,SKU-0113,2,150.72,26.45,14.22,289.21
#0003389,1,SKU-0104,1,207.39,10.45,14.78,211.72
#0003389,2,SKU-0069,1,243.50,17.28,9.29,235.51
#0003389,3,SKU-0065,1,139.16,14.03,10.52,135.65
#0003393,1,SKU-0027,1,64.32,4.03,5.24,65.53
#0003397,1,SKU-0003,1,32.20,3.00,2.49,31.69
#0003397,2,SKU-0049,4,205.54,62.32,58.93,818.77
#0003404,1,SKU-0107,2,399.33,12.79,56.09,841.96
#0003404,2,SKU-0023,2,169.84,26.74,19.20,332.14
#0003404,3,SKU-0100,4,268.72,47.80,65.01,1092.09
#0003404,4,SKU-0091,3,174.75,24.84,25.86,525.27
#0003410,1,SKU-0024,3,31.95,9.56,5.91,92.20
#0003412,1,SKU-0070,4,248.07,47.83,83.20,1027.65
#0003412,2,SKU-0107,1,371.58,16.62,26.68,381.64
#0003414,1,SKU-0089,2,23.86,2.39,3.41,48.74
#0003414,2,SKU-0077,1,261.61,25.59,12.63,248.65
#0003420,1,SKU-0027,1,67.47,3.95,2.60,66.12
#0003422,1,SKU-0108,1,139.72,3.94,8.85,144.63
#0003422,2,SKU-0118,4,212.68,90.61,62.83,822.94
#0003427,1,SKU-0065,2,155.07,15.30,20.33,315.17
#0003428,1,SKU-0010,1,291.86,6.83,13.10,298.13
#0003433,1,SKU-0040,2,221.72,16.21,33.44,460.67
#0003433,2,SKU-0063,1,26.54,1.43,1.64,26.75
#0003433,3,SKU-0027,1,62.98,6.37,4.74,61.35
#0003433,4,SKU-0098,1,319.58,10.26,18.49,327.81
#0003433,5,SKU-0056,2,238.90,44.46,21.85,455.19
#0003444,1,SKU-0087,3,189.15,31.23,21.88,558.10
#0003463,1,SKU-0031,1,336.95,34.99,17.89,319.85
#0003464,1,SKU-0051,1,99.76,5.69,6.04,100.11
#0003465,1,SKU-0010,1,329.69,31.57,24.10,322.22
#0003466,1,SKU-0045,2,90.53,20.37,11.52,172.21
#0003466,2,SKU-0078,1,157.28,2.10,9.02,164.20
#0003467,1,SKU-0034,2,384.30,25.81,34.74,777.53
#0003467,2,SKU-0042,2,393.49,57.64,50.59,779.93
#0003467,3,SKU-0047,1,16.75,1.74,1.34,16.35
#0003472,1,SKU-0067,1,51.84,1.88,2.28,52.24
#0003473,1,SKU-0086,1,22.25,0.43,1.75,23.57
#0003478,1,SKU-0029,1,144.81,10.80,9.49,143.50
#0003479,1,SKU-0035,2,146.68,11.50,11.58,293.44
#0003486,1,SKU-0065,2,149.77,5.42,17.48,311.60
#0003488,1,SKU-0120,1,258.01,22.95,15.69,250.75
#0003488,2,SKU-0117,2,103.66,22.53,9.03,193.82
#0003488,3,SKU-0101,1,171.27,5.08,12.91,179.10
#0003488,4,SKU-0069,2,252.92,6.69,38.77,537.92
#0003491,1,SKU-0113,2,155.84,25.34,18.65,304.99
#0003491,2,SKU-0008,2,44.94,10.44,4.01,83.45
#0003491,3,SKU-0034,1,362.32,25.47,25.02,361.87
#0003491,4,SKU-0029,2,131.45,8.31,19.53,274.12
#0003499,1,SKU-0017,1,66.97,7.70,5.31,64.58
#0003502,1,SKU-0050,1,371.92,42.87,27.61,356.66
#0003504,1,SKU-0085,1,153.89,11.70,11.88,154.07
#0003505,1,SKU-0016,1,120.78,7.32,5.64,119.10
#0003505,2,SKU-0041,1,320.81,32.67,18.48,306.62
#0003514,1,SKU-0030,1,215.70,18.73,11.14,208.11
#0003514,2,SKU-0020,1,216.57,3.81,18.35,231.11
#0003523,1,SKU-0081,1,49.82,1.53,4.16,52.45
#0003523,2,SKU-0107,1,358.99,14.85,20.37,364.51
#0003528,1,SKU-0063,1,23.51,0.58,1.13,24.06
#0003528,2,SKU-0029,1,126.18,10.18,7.59,123.59
#0003531,1,SKU-0107,1,384.86,12.62,27.84,400.08
#0003531,2,SKU-0099,2,181.09,29.90,21.36,353.64
#0003532,1,SKU-0064,1,25.37,0.70,2.14,26.81
#0003533,1,SKU-0007,1,251.44,25.27,11.22,237.39
#0003533,2,SKU-0061,2,213.96,5.09,32.16,454.99
#0003533,3,SKU-0002,2,157.75,16.67,12.59,311.42
#0003539,1,SKU-0045,1,85.61,2.52,4.87,87.96
#0003539,2,SKU-0086,1,21.76,2.42,1.61,20.95
#0003542,1,SKU-0031,4,303.66,13.54,54.54,1255.64
#0003543,1,SKU-0035,2,147.96,15.85,21.93,302.00
#0003543,2,SKU-0087,1,174.26,2.98,7.54,178.82
#0003544,1,SKU-0119,3,239.65,35.03,42.77,726.69
#0003544,2,SKU-0033,1,106.42,3.64,8.90,111.68
#0003546,1,SKU-0022,3,223.25,68.31,49.68,651.12
#0003549,1,SKU-0034,3,378.82,93.86,78.69,1121.29
#0003549,2,SKU-0084,2,379.38,46.48,48.77,761.05
#0003549,3,SKU-0111,1,247.34,6.55,10.07,250.86
#0003558,1,SKU-0002,3,140.40,45.23,24.25,400.22
#0003558,2,SKU-0072,1,155.11,16.96,8.80,146.95
#0003559,1,SKU-0009,1,181.92,15.41,14.12,180.63
#0003560,1,SKU-0066,4,71.77,19.13,12.56,280.51
#0003565,1,SKU-0119,1,271.57,10.31,18.83,280.09
#0003565,2,SKU-0088,1,136.75,0.10,8.86,145.51
#0003566,1,SKU-0047,1,16.67,1.32,0.83,16.18
#0003566,2,SKU-0113,1,149.45,1.67,6.23,154.01
#0003566,3,SKU-0040,1,247.67,12.79,18.50,253.38
#0003567,1,SKU-0051,1,97.12,8.06,6.35,95.41
#0003567,2,SKU-0021,2,123.31,1.16,10.38,255.84
#0003567,3,SKU-0045,1,89.27,0.19,4.05,93.13
#0003567,4,SKU-0102,4,20.25,4.34,3.22,79.88
#0003567,5,SKU-0082,1,256.89,22.22,12.62,247.29
#0003568,1,SKU-0008,2,46.78,9.13,4.21,88.64
#0003568,2,SKU-0018,1,159.69,1.04,11.34,169.99
#0003569,1,SKU-0024,3,31.79,3.66,4.07,95.78
#0003570,1,SKU-0112,1,226.60,0.67,13.26,239.19
#0003570,2,SKU-0063,1,26.37,2.96,1.28,24.69
#0003573,1,SKU-0058,1,278.27,32.38,21.54,267.43
#0003573,2,SKU-0025,1,129.41,1.96,11.32,138.77
#0003574,1,SKU-0058,3,257.80,14.73,38.66,797.33
#0003574,2,SKU-0106,2,97.78,23.41,9.03,181.18
#0003575,1,SKU-0077,1,290.36,20.70,20.81,290.47
#0003575,2,SKU-0105,2,104.88,20.41,13.85,203.20
#0003582,1,SKU-0040,5,248.37,116.83,95.40,1220.42
#0003583,1,SKU-0096,2,33.43,3.63,4.83,68.06
#0003586,1,SKU-0093,2,294.01,14.91,43.51,616.62
#0003591,1,SKU-0112,2,218.04,5.60,25.96,456.44
#0003591,2,SKU-0108,2,149.95,9.98,13.76,303.68
#0003598,1,SKU-0036,1,265.37,14.36,22.31,273.32
#0003603,1,SKU-0028,1,85.35,7.52,3.69,81.52
#0003605,1,SKU-0004,1,132.08,7.02,5.41,130.47
#0003605,2,SKU-0012,1,67.72,4.86,2.60,65.46
#0003605,3,SKU-0120,1,264.10,24.58,13.89,253.41
#0003606,1,SKU-0032,1,173.45,15.08,8.47,166.84
#0003606,2,SKU-0003,2,34.54,5.76,4.66,67.98
#0003608,1,SKU-0090,2,254.98,4.83,29.07,534.20
#0003610,1,SKU-0100,1,256.70,18.26,17.14,255.58
#0003610,2,SKU-0073,1,125.15,0.79,10.00,134.36
#0003610,3,SKU-0017,1,74.85,7.80,3.37,70.42
#0003610,4,SKU-0075,1,28.51,2.42,1.47,27.56
#0003613,1,SKU-0081,1,45.08,1.44,2.24,45.88
#0003613,2,SKU-0086,2,19.81,2.66,3.24,40.20
#0003615,1,SKU-0062,1,15.32,1.55,1.12,14.89
#0003615,2,SKU-0092,1,16.90,1.21,1.10,16.79
#0003617,1,SKU-0057,1,443.92,1.50,26.88,469.30
#0003617,2,SKU-0026,1,249.39,8.66,11.29,252.02
#0003618,1,SKU-0109,4,411.34,128.83,85.21,1601.74
#0003626,1,SKU-0021,1,121.99,5.34,5.77,122.42
#0003630,1,SKU-0017,2,68.29,14.44,8.81,130.95
#0003630,2,SKU-0064,1,27.05,1.23,2.31,28.13
#0003630,3,SKU-0010,1,306.31,7.12,22.59,321.78
#0003630,4,SKU-0111,2,231.84,21.11,29.20,471.77
#0003631,1,SKU-0110,2,71.53,13.09,11.61,141.58
#0003635,1,SKU-0049,2,213.54,16.64,27.36,437.80
#0003637,1,SKU-0064,1,25.23,2.41,1.04,23.86
#0003640,1,SKU-0101,2,152.11,13.97,13.94,304.19
#0003642,1,SKU-0035,5,155.12,7.31,39.13,807.42
#0003651,1,SKU-0091,1,177.42,2.27,14.30,189.45
#0003651,2,SKU-0072,2,158.90,32.14,21.83,307.49
#0003655,1,SKU-0062,1,16.19,0.74,0.64,16.09
#0003655,2,SKU-0026,1,280.31,31.08,11.79,261.02
#0003658,1,SKU-0117,1,99.34,10.05,5.50,94.79
#0003658,2,SKU-0119,1,235.25,10.41,15.58,240.42
#0003658,3,SKU-0027,1,69.28,7.13,4.17,66.32
#0003658,4,SKU-0068,1,80.96,4.48,3.84,80.32
#0003662,1,SKU-0079,1,37.76,3.21,2.93,37.48
#0003662,2,SKU-0033,3,121.08,18.30,24.20,369.14
#0003662,3,SKU-0021,1,129.25,12.93,7.97,124.29
#0003663,1,SKU-0022,1,219.86,18.93,12.48,213.41
#0003668,1,SKU-0002,1,143.61,0.18,7.98,151.41
#0003669,1,SKU-0103,3,315.41,111.42,56.31,891.12
#0003669,2,SKU-0077,1,244.57,7.17,13.80,251.20
#0003671,1,SKU-0049,3,232.87,59.26,56.71,696.06
#0003671,2,SKU-0041,1,353.56,20.72,19.59,352.43
#0003673,1,SKU-0067,1,49.16,5.45,2.72,46.43
#0003674,1,SKU-0068,1,77.61,2.56,3.25,78.30
#0003677,1,SKU-0106,2,91.18,9.45,7.40,180.31
#0003680,1,SKU-0078,2,171.10,9.51,16.69,349.38
#0003682,1,SKU-0045,2,90.71,10.76,15.10,185.76
#0003686,1,SKU-0039,1,97.77,11.22,3.60,90.15
#0003695,1,SKU-0048,3,197.55,9.41,41.15,624.39
#0003695,2,SKU-0065,5,135.44,19.84,44.46,701.82
#0003697,1,SKU-0110,3,68.93,23.65,12.99,196.13
#0003707,1,SKU-0095,2,67.57,2.02,8.91,142.03
#0003711,1,SKU-0054,1,230.66,12.50,15.87,234.03
#0003711,2,SKU-0032,2,195.18,17.71,17.84,390.49
#0003719,1,SKU-0012,3,67.01,17.28,8.96,192.71
#0003719,2,SKU-0014,1,345.19,5.03,29.55,369.71
#0003719,3,SKU-0033,1,106.80,1.02,4.27,110.05
#0003720,1,SKU-0083,1,168.28,20.10,10.50,158.68
#0003720,2,SKU-0074,2,126.02,9.41,14.56,257.19
#0003726,1,SKU-0100,1,272.34,32.37,12.53,252.50
#0003726,2,SKU-0108,4,142.27,4.42,29.02,593.68
#0003729,1,SKU-0116,2,380.84,34.94,36.99,763.73
#0003730,1,SKU-0053,4,348.68,116.82,51.85,1329.75
#0003736,1,SKU-0022,1,198.84,4.34,11.81,206.31
#0003740,1,SKU-0027,2,66.77,12.34,9.54,130.74
#0003741,1,SKU-0079,3,33.61,8.94,8.16,100.05
#0003741,2,SKU-0049,2,218.02,50.68,26.71,412.07
#0003742,1,SKU-0106,2,95.81,4.58,8.66,195.70
#0003746,1,SKU-0008,1,46.65,2.62,2.86,46.89
#0003750,1,SKU-0027,1,65.85,3.33,4.47,66.99
#0003750,2,SKU-0060,1,258.18,28.65,14.30,243.83
#0003750,3,SKU-0092,1,16.14,1.59,0.96,15.51
#0003752,1,SKU-0015,4,223.35,86.02,63.79,871.17
#0003755,1,SKU-0113,2,144.81,16.32,21.13,294.43
#0003756,1,SKU-0085,1,150.49,16.70,7.79,141.58
#0003758,1,SKU-0021,1,112.26,5.86,7.42,113.82
#0003776,1,SKU-0117,1,104.33,1.25,5.15,108.23
#0003776,2,SKU-0053,4,381.64,43.84,98.46,1581.18
#0003776,3,SKU-0094,3,303.22,15.21,74.16,968.61
#0003776,4,SKU-0014,1,336.74,38.73,17.15,315.16
#0003778,1,SKU-0078,2,161.02,22.27,26.83,326.60
#0003778,2,SKU-0037,1,67.45,3.47,5.19,69.17
#0003782,1,SKU-0103,2,359.02,35.72,36.08,718.40
#0003785,1,SKU-0048,2,178.27,22.29,21.06,355.31
#0003785,2,SKU-0092,1,17.12,0.96,0.83,16.99
#0003786,1,SKU-0001,1,366.97,33.09,28.29,362.17
#0003789,1,SKU-0063,2,26.56,1.21,3.21,55.12
#0003789,2,SKU-0097,1,167.85,19.80,11.56,159.61
#0003789,3,SKU-0048,1,185.77,3.57,15.85,198.05
#0003797,1,SKU-0117,2,102.22,8.60,15.77,211.61
#0003797,2,SKU-0099,1,179.68,3.99,13.31,189.00
#0003797,3,SKU-0089,3,25.61,2.38,6.00,80.45
#0003802,1,SKU-0046,1,141.80,1.93,7.20,147.07
#0003805,1,SKU-0119,1,238.90,8.89,16.86,246.87
#0003813,1,SKU-0033,2,112.86,14.13,12.42,224.01
#0003813,2,SKU-0038,1,278.91,10.03,17.72,286.60
#0003813,3,SKU-0009,1,175.40,8.22,10.36,177.54
#0003816,1,SKU-0041,1,305.97,25.38,21.64,302.23
#0003816,2,SKU-0114,2,238.52,28.10,23.11,472.05
#0003816,3,SKU-0106,3,89.04,18.81,15.91,264.22
#0003817,1,SKU-0058,2,273.26,34.55,26.58,538.55
#0003817,2,SKU-0076,1,100.75,3.38,7.28,104.65
#0003817,3,SKU-0086,1,21.52,1.08,1.64,22.08
#0003817,4,SKU-0088,1,135.99,12.97,6.35,129.37
#0003817,5,SKU-0113,1,164.42,3.17,14.45,175.70
#0003826,1,SKU-0012,3,74.46,19.66,8.88,212.60
#0003826,2,SKU-0089,1,25.78,1.50,1.07,25.35
#0003827,1,SKU-0009,2,162.11,10.36,27.04,340.90
#0003834,1,SKU-0009,1,157.86,11.36,12.07,158.57
#0003836,1,SKU-0097,1,161.07,18.27,9.15,151.95
#0003836,2,SKU-0047,1,17.23,0.93,1.39,17.69
#0003836,3,SKU-0113,1,162.53,19.00,6.53,150.06
#0003837,1,SKU-0013,3,295.92,60.12,73.01,900.65
#0003841,1,SKU-0003,1,36.14,0.81,2.68,38.01
#0003845,1,SKU-0082,1,277.20,22.09,13.16,268.27
#0003845,2,SKU-0108,1,141.90,3.11,10.64,149.43
#0003850,1,SKU-0004,1,121.06,12.18,9.32,118.20
#0003850,2,SKU-0005,2,104.53,23.44,8.37,193.99
#0003850,3,SKU-0038,1,254.30,23.58,9.77,240.49
#0003850,4,SKU-0020,1,229.82,25.75,16.61,220.68
#0003851,1,SKU-0044,1,241.46,5.57,9.56,245.45
#0003851,2,SKU-0040,2,217.88,24.58,34.43,445.61
#0003854,1,SKU-0051,1,96.92,4.12,7.71,100.51
#0003854,2,SKU-0081,1,49.37,3.65,2.27,47.99
#0003864,1,SKU-0100,3,233.28,40.28,38.14,697.70
#0003867,1,SKU-0057,1,498.38,51.71,35.66,482.33
#0003870,1,SKU-0025,1,122.09,11.36,6.20,116.93
#0003870,2,SKU-0052,3,267.66,87.99,54.41,769.40
#0003871,1,SKU-0095,1,75.25,5.24,2.97,72.98
#0003871,2,SKU-0003,2,36.32,5.29,4.91,72.26
#0003872,1,SKU-0104,3,211.00,64.30,38.79,607.49
#0003878,1,SKU-0023,1,163.34,11.56,12.91,164.69
#0003890,1,SKU-0118,3,228.88,71.35,45.11,660.40
#0003890,2,SKU-0057,1,499.21,8.92,38.18,528.47
#0003890,3,SKU-0092,1,17.39,1.34,0.64,16.69
#0003892,1,SKU-0103,3,335.69,41.82,67.30,1032.55
#0003893,1,SKU-0058,3,293.08,41.28,41.93,879.89
#0003893,2,SKU-0059,3,129.42,45.90,25.85,368.21
#0003893,3,SKU-0085,2,145.64,10.39,16.76,297.65
#0003894,1,SKU-0051,1,103.07,6.50,4.21,100.78
#0003894,2,SKU-0099,1,182.10,1.90,9.52,189.72
#0003894,3,SKU-0089,2,25.74,4.32,3.01,50.17
#0003896,1,SKU-0031,3,334.80,111.40,57.54,950.54
#0003896,2,SKU-0029,1,139.44,11.86,10.51,138.09
#0003897,1,SKU-0069,1,244.47,26.09,18.52,236.90
#0003898,1,SKU-0041,1,313.51,36.20,19.88,297.19
#0003898,2,SKU-0028,2,78.92,8.38,7.13,156.59
#0003899,1,SKU-0117,1,92.92,1.44,4.14,95.62
#0003899,2,SKU-0099,1,157.63,7.78,11.86,161.71
#0003901,1,SKU-0010,3,301.59,69.57,45.71,880.91
#0003902,1,SKU-0109,2,398.10,75.26,33.16,754.10
#0003902,2,SKU-0048,1,190.10,5.77,9.12,193.45
#0003919,1,SKU-0012,1,66.03,2.65,5.39,68.77
#0003919,2,SKU-0074,2,121.16,24.47,10.10,227.95
#0003919,3,SKU-0066,1,73.14,3.00,4.29,74.43
#0003920,1,SKU-0071,3,341.61,28.90,60.52,1056.45
#0003920,2,SKU-0016,1,113.45,12.02,7.06,108.49
#0003923,1,SKU-0089,1,26.49,0.83,1.03,26.69
#0003927,1,SKU-0050,4,398.37,95.18,89.45,1587.75
#0003927,2,SKU-0079,2,36.52,1.14,3.35,75.25
#0003927,3,SKU-0078,2,164.06,10.05,24.06,342.13
#0003927,4,SKU-0031,3,295.27,19.21,36.79,903.39
#0003930,1,SKU-0016,1,122.73,0.94,9.91,131.70
#0003937,1,SKU-0045,3,85.72,6.37,11.68,262.47
#0003937,2,SKU-0098,1,332.18,2.19,28.57,358.56
#0003937,3,SKU-0078,1,161.02,4.82,6.92,163.12
#0003937,4,SKU-0107,2,391.82,54.48,34.63,763.79
#0003945,1,SKU-0050,1,421.68,24.05,21.97,419.60
#0003945,2,SKU-0082,2,267.07,12.95,30.80,551.99
#0003945,3,SKU-0071,1,336.48,37.17,24.21,323.52
#0003949,1,SKU-0098,1,359.45,37.09,23.87,346.23
#0003961,1,SKU-0098,1,329.84,18.05,24.59,336.38
#0003961,2,SKU-0081,2,50.96,4.07,4.35,102.20
#0003962,1,SKU-0037,1,71.30,2.73,4.10,72.67
#0003963,1,SKU-0072,1,150.11,3.15,10.94,157.90
#0003963,2,SKU-0062,1,15.69,1.19,0.67,15.17
#0003966,1,SKU-0007,1,248.40,8.85,19.05,258.60
#0003966,2,SKU-0037,4,62.84,3.87,19.99,267.48
#0003966,3,SKU-0011,3,277.70,71.13,60.79,822.76
#0003970,1,SKU-0070,1,248.45,7.26,14.34,255.53
#0003978,1,SKU-0048,4,176.86,83.09,31.39,655.74
#0003978,2,SKU-0057,1,485.53,17.42,37.38,505.49
#0003978,3,SKU-0026,1,278.95,19.64,21.04,280.35
#0003978,4,SKU-0098,4,307.21,52.08,66.19,1242.95
#0003983,1,SKU-0032,1,196.59,22.58,7.06,181.07
#0003983,2,SKU-0093,2,270.34,56.11,26.23,510.80
#0003984,1,SKU-0019,2,46.04,2.86,7.28,96.50
#0003984,2,SKU-0118,1,209.31,4.74,13.10,217.67
#0003985,1,SKU-0030,1,201.08,17.52,16.46,200.02
#0003985,2,SKU-0107,1,345.66,40.30,15.40,320.76
#0003992,1,SKU-0044,2,236.61,40.61,38.77,471.38
#0003992,2,SKU-0081,2,49.58,1.32,4.77,102.61
#0003992,3,SKU-0069,2,238.03,28.16,25.43,473.33
#0004002,1,SKU-0120,1,255.61,26.26,10.82,240.17
#0004002,2,SKU-0009,1,165.83,12.30,6.25,159.78
#0004008,1,SKU-0112,2,225.59,11.24,21.84,461.78
#0004019,1,SKU-0031,2,324.80,6.98,26.16,668.78
#0004019,2,SKU-0080,1,93.45,7.56,6.91,92.80
#0004019,3,SKU-0052,2,280.13,52.47,39.82,547.61
#0004019,4,SKU-0059,2,133.99,16.90,20.18,271.26
#0004020,1,SKU-0032,3,174.85,55.22,19.22,488.55
#0004020,2,SKU-0051,1,88.72,2.99,6.72,92.45
#0004021,1,SKU-0078,2,166.83,7.13,15.15,341.68
#0004021,2,SKU-0007,1,225.05,18.64,12.40,218.81
#0004021,3,SKU-0018,1,153.95,4.73,6.52,155.74
#0004021,4,SKU-0014,2,356.78,34.65,57.27,736.18
#0004022,1,SKU-0112,2,204.86,46.43,25.29,388.58
#0004022,2,SKU-0007,1,257.94,9.95,13.39,261.38
#0004024,1,SKU-0116,1,452.88,11.87,21.84,462.85
#0004024,2,SKU-0090,1,271.91,21.90,20.23,270.24
#0004029,1,SKU-0100,1,268.12,11.90,16.01,272.23
#0004029,2,SKU-0094,1,282.95,10.41,22.61,295.15
#0004034,1,SKU-0053,1,353.63,4.81,20.94,369.76
#0004046,1,SKU-0004,1,130.29,2.18,6.92,135.03
#0004048,1,SKU-0108,1,143.12,13.42,6.28,135.98
#0004048,2,SKU-0023,1,157.61,16.06,6.83,148.38
#0004050,1,SKU-0017,3,66.90,15.36,10.12,195.46
#0004050,2,SKU-0117,1,102.16,8.09,6.57,100.64
#0004052,1,SKU-0019,5,49.93,15.43,10.56,244.78
#0004053,1,SKU-0115,3,246.23,13.24,31.52,756.97
#0004053,2,SKU-0108,1,143.43,15.24,5.74,133.93
#0004056,1,SKU-0056,1,233.49,0.61,19.63,252.51
#0004056,2,SKU-0040,1,215.26,2.58,17.34,230.02
#0004060,1,SKU-0061,1,210.71,24.35,13.62,199.98
#0004063,1,SKU-0002,1,155.47,15.43,10.87,150.91
#0004064,1,SKU-0052,1,268.18,19.28,21.42,270.32
#0004067,1,SKU-0060,1,252.06,4.09,17.74,265.71
#0004067,2,SKU-0115,1,277.77,8.10,21.28,290.95
#0004069,1,SKU-0074,2,122.01,20.51,17.69,241.20
#0004070,1,SKU-0035,3,146.97,25.72,36.12,451.31
#0004072,1,SKU-0014,1,333.68,21.99,22.50,334.19
#0004081,1,SKU-0004,1,137.27,0.20,8.61,145.68
#0004081,2,SKU-0106,1,102.19,0.95,4.23,105.47
#0004081,3,SKU-0080,1,96.68,0.36,8.52,104.84
#0004091,1,SKU-0057,1,500.73,30.90,19.16,488.99
#0004091,2,SKU-0069,2,241.34,53.88,20.70,449.50
#0004093,1,SKU-0089,1,24.64,0.65,1.02,25.01
#0004098,1,SKU-0048,4,176.06,39.62,35.69,700.31
#0004101,1,SKU-0010,4,292.75,123.81,85.68,1132.87
#0004101,2,SKU-0090,1,251.80,6.71,20.03,265.12
#0004101,3,SKU-0037,1,67.93,6.85,2.99,64.07
#0004102,1,SKU-0046,1,144.89,8.46,10.26,146.69
#0004108,1,SKU-0072,1,161.79,12.81,10.72,159.70
#0004108,2,SKU-0002,1,139.72,3.87,9.30,145.15
#0004112,1,SKU-0017,1,66.64,1.54,5.59,70.69
#0004112,2,SKU-0042,1,376.81,16.46,28.94,389.29
#0004115,1,SKU-0026,1,236.75,0.46,10.65,246.94
#0004115,2,SKU-0052,1,275.43,19.55,12.87,268.75
#0004115,3,SKU-0097,2,166.96,2.03,15.18,347.07
#0004118,1,SKU-0115,1,261.71,29.24,12.61,245.08
#0004118,2,SKU-0111,1,234.48,4.70,17.94,247.72
#0004118,3,SKU-0056,1,247.06,10.29,9.52,246.29
#0004119,1,SKU-0033,1,122.19,0.29,10.34,132.24
#0004119,2,SKU-0053,1,375.67,12.04,25.38,389.01
#0004121,1,SKU-0088,1,129.46,9.72,5.22,124.96
#0004121,2,SKU-0035,1,138.48,8.49,5.95,135.94
#0004121,3,SKU-0116,2,420.60,19.45,64.31,886.06
#0004121,4,SKU-0008,1,42.81,2.84,2.49,42.46
#0004121,5,SKU-0098,1,311.80,16.10,21.03,316.73
#0004126,1,SKU-0043,1,140.03,13.14,6.51,133.40
#0004126,2,SKU-0101,1,179.03,13.24,10.14,175.93
#0004126,3,SKU-0093,1,298.67,14.32,20.53,304.88
#0004127,1,SKU-0010,1,315.15,22.84,19.86,312.17
#0004127,2,SKU-0060,2,252.08,54.45,38.08,487.79
#0004128,1,SKU-0026,1,279.16,15.86,13.61,276.91
#0004130,1,SKU-0068,1,80.81,3.18,6.41,84.04
#0004130,2,SKU-0108,2,137.22,19.79,21.55,276.20
#0004130,3,SKU-0034,2,360.50,74.02,27.14,674.12
#0004140,1,SKU-0055,1,31.23,2.58,2.41,31.06
#0004141,1,SKU-0013,1,294.49,5.71,17.53,306.31
#0004141,2,SKU-0119,2,252.94,50.05,29.26,485.09
#0004142,1,SKU-0101,2,170.80,36.53,13.92,318.99
#0004142,2,SKU-0083,3,181.44,63.04,29.99,511.27
#0004146,1,SKU-0115,1,278.18,20.79,16.90,274.29
#0004146,2,SKU-0068,2,79.53,6.39,9.50,162.17
#0004146,3,SKU-0024,1,31.39,2.48,2.43,31.34
#0004147,1,SKU-0039,1,90.81,4.85,7.59,93.55
#0004147,2,SKU-0090,1,278.34,4.83,14.10,287.61
#0004147,3,SKU-0070,1,237.33,4.83,14.63,247.13
#0004147,4,SKU-0029,2,128.07,5.71,15.27,265.70
#0004150,1,SKU-0056,2,257.32,49.87,26.86,491.63
#0004150,2,SKU-0072,2,149.78,18.32,15.77,297.01
#0004154,1,SKU-0038,1,244.79,25.81,16.18,235.16
#0004154,2,SKU-0075,1,27.39,3.10,1.13,25.42
#0004157,1,SKU-0021,2,129.60,16.45,20.28,263.03
#0004157,2,SKU-0063,2,26.32,5.81,3.82,50.65
#0004158,1,SKU-0114,1,201.65,21.94,14.61,194.32
#0004159,1,SKU-0027,1,62.17,1.93,2.99,63.23
#0004162,1,SKU-0097,4,168.41,3.21,27.25,697.68
#0004162,2,SKU-0073,2,127.41,17.63,10.07,247.26
#0004166,1,SKU-0056,2,266.64,8.78,38.88,563.38
#0004168,1,SKU-0082,2,262.60,12.77,38.59,551.02
#0004168,2,SKU-0034,3,374.81,56.48,87.54,1155.49
#0004168,3,SKU-0093,1,306.67,8.22,16.02,314.47
#0004168,4,SKU-0016,1,128.48,0.56,7.13,135.05
#0004173,1,SKU-0029,1,127.54,0.57,7.84,134.81
#0004173,2,SKU-0061,2,217.36,32.53,23.15,425.34
#0004175,1,SKU-0030,1,228.74,24.33,15.48,219.89
#0004175,2,SKU-0095,1,64.73,6.40,3.07,61.40
#0004175,3,SKU-0087,2,191.01,14.00,27.74,395.76
#0004176,1,SKU-0032,1,167.75,6.73,12.25,173.27
#0004176,2,SKU-0094,1,288.27,14.15,15.33,289.45
#0004176,3,SKU-0059,1,135.49,7.28,9.48,137.69
#0004177,1,SKU-0114,1,214.98,1.32,14.87,228.53
#0004177,2,SKU-0021,5,112.57,40.12,30.60,553.33
#0004182,1,SKU-0052,1,249.12,29.26,17.11,236.97
#0004182,2,SKU-0008,2,46.05,5.09,4.13,91.14
#0004182,3,SKU-0009,3,183.65,8.66,22.32,564.61
#0004185,1,SKU-0113,1,169.14,16.95,10.30,162.49
#0004185,2,SKU-0101,1,157.14,2.51,11.69,166.32
#0004185,3,SKU-0020,2,219.76,4.88,28.08,462.72
#0004189,1,SKU-0057,2,458.98,56.45,72.32,933.83
#0004196,1,SKU-0058,2,268.60,43.32,35.07,528.95
#0004196,2,SKU-0063,1,24.09,2.54,1.13,22.68
#0004198,1,SKU-0097,1,173.45,10.81,13.14,175.78
#0004201,1,SKU-0056,1,243.09,14.51,19.58,248.16
#0004206,1,SKU-0068,3,74.59,17.55,17.35,223.57
#0004206,2,SKU-0064,3,26.12,7.60,3.45,74.21
#0004206,3,SKU-0053,1,362.15,34.60,20.64,348.19
#0004208,1,SKU-0020,1,227.09,22.13,14.32,219.28
#0004208,2,SKU-0115,1,263.21,20.16,15.34,258.39
#0004212,1,SKU-0070,1,226.56,21.05,16.16,221.67
#0004212,2,SKU-0023,1,179.07,1.15,9.18,187.10
#0004215,1,SKU-0050,2,396.77,72.85,56.33,777.02
#0004219,1,SKU-0067,2,58.60,2.67,8.08,122.61
#0004219,2,SKU-0100,2,236.31,1.19,33.80,505.23
#0004221,1,SKU-0116,2,389.42,31.28,43.51,791.07
#0004221,2,SKU-0006,3,162.46,43.58,34.00,477.80
#0004222,1,SKU-0108,1,144.22,10.89,10.54,143.87
#0004222,2,SKU-0111,1,235.13,25.64,17.05,226.54
#0004226,1,SKU-0069,2,222.36,38.93,17.40,423.19
#0004226,2,SKU-0052,4,277.24,90.54,54.68,1073.10
#0004226,3,SKU-0049,1,235.12,12.96,19.71,241.87
#0004234,1,SKU-0113,5,160.74,37.10,33.31,799.91
#0004234,2,SKU-0009,1,160.65,12.86,9.05,156.84
#0004235,1,SKU-0050,1,392.04,37.17,25.75,380.62
#0004239,1,SKU-0119,1,241.14,15.79,16.80,242.15
#0004239,2,SKU-0109,1,385.59,14.42,18.42,389.59
#0004244,1,SKU-0103,2,353.30,78.32,40.18,668.46
#0004244,2,SKU-0051,1,105.23,0.11,5.97,111.09
#0004244,3,SKU-0098,1,359.39,15.18,19.24,363.45
#0004246,1,SKU-0024,1,31.58,0.48,1.26,32.36
#0004253,1,SKU-0047,4,16.46,7.66,4.28,62.46
#0004253,2,SKU-0017,1,63.46,2.92,3.41,63.95
#0004253,3,SKU-0012,3,66.72,8.10,11.25,203.31
#0004268,1,SKU-0029,3,133.16,32.54,19.28,386.22
#0004269,1,SKU-0087,2,183.22,3.55,21.41,384.30
#0004270,1,SKU-0053,1,337.80,39.47,26.50,324.83
#0004272,1,SKU-0025,4,134.55,44.95,25.68,518.93
#0004272,2,SKU-0072,1,168.59,12.18,8.47,164.88
#0004282,1,SKU-0058,2,276.38,44.40,33.30,541.66
#0004282,2,SKU-0037,1,71.13,5.15,3.61,69.59
#0004286,1,SKU-0096,1,31.93,2.87,1.51,30.57
#0004287,1,SKU-0089,3,25.24,1.87,4.98,78.83
#0004287,2,SKU-0032,2,175.89,30.59,14.76,335.95
#0004296,1,SKU-0096,2,29.64,4.80,3.22,57.70
#0004297,1,SKU-0105,1,118.45,2.60,10.34,126.19
#0004297,2,SKU-0039,1,91.21,10.67,6.87,87.41
#0004307,1,SKU-0087,2,202.04,25.59,25.15,403.64
#0004308,1,SKU-0049,1,207.05,20.28,14.54,201.31
#0004308,2,SKU-0053,1,330.41,2.97,28.89,356.33
#0004308,3,SKU-0070,2,250.83,24.56,25.08,502.18
#0004310,1,SKU-0012,2,66.38,8.37,8.49,132.88
#0004310,2,SKU-0093,2,274.10,26.50,40.80,562.50
#0004311,1,SKU-0010,1,330.87,33.48,25.40,322.79
#0004311,2,SKU-0052,1,276.42,31.06,18.72,264.08
#0004311,3,SKU-0091,1,175.05,10.16,8.37,173.26
#0004311,4,SKU-0097,1,181.65,10.67,7.65,178.63
#0004312,1,SKU-0119,1,263.92,18.36,12.86,258.42
#0004312,2,SKU-0024,3,33.37,4.14,5.38,101.35
#0004312,3,SKU-0118,1,230.10,19.85,11.45,221.70
#0004312,4,SKU-0065,2,154.21,36.50,11.69,283.61
#0004316,1,SKU-0078,4,171.15,77.57,47.28,654.31
#0004316,2,SKU-0065,1,130.31,6.58,7.45,131.18
#0004316,3,SKU-0055,5,30.03,10.37,8.09,147.87
#0004316,4,SKU-0044,2,276.69,27.49,42.26,568.15
#0004322,1,SKU-0076,1,104.72,9.17,8.59,104.14
#0004330,1,SKU-0019,2,46.65,6.51,6.04,92.83
#0004330,2,SKU-0039,3,100.36,21.74,20.92,300.26
#0004330,3,SKU-0012,2,69.84,2.36,10.93,148.25
#0004330,4,SKU-0050,1,424.92,33.05,24.79,416.66
#0004330,5,SKU-0002,1,157.19,4.09,12.32,165.42
#0004338,1,SKU-0029,1,134.61,9.83,11.11,135.89
#0004338,2,SKU-0016,1,125.51,13.30,7.30,119.51
#0004341,1,SKU-0009,3,154.74,46.72,24.86,442.36
#0004341,2,SKU-0044,3,259.08,27.21,45.12,795.15
#0004341,3,SKU-0087,2,202.59,8.25,15.93,412.86
#0004344,1,SKU-0072,2,159.26,28.44,16.98,307.06
#0004344,2,SKU-0118,3,231.43,72.13,48.89,671.05
#0004344,3,SKU-0036,3,279.92,62.46,44.02,821.32
#0004344,4,SKU-0011,2,273.13,20.33,29.78,555.71
#0004345,1,SKU-0043,1,145.65,12.16,9.50,142.99
#0004345,2,SKU-0092,3,15.09,4.55,2.32,43.04
#0004345,3,SKU-0062,3,14.54,2.13,2.72,44.21
#0004345,4,SKU-0013,4,312.56,43.55,55.87,1262.56
#0004350,1,SKU-0120,2,256.49,24.53,39.22,527.67
#0004352,1,SKU-0055,2,28.43,2.48,3.81,58.19
#0004357,1,SKU-0112,2,218.04,51.20,29.22,414.10
#0004357,2,SKU-0022,1,214.05,2.38,16.74,228.41
#0004363,1,SKU-0084,1,357.75,37.71,17.71,337.75
#0004367,1,SKU-0101,4,162.60,61.36,31.90,620.94
#0004380,1,SKU-0055,2,30.41,2.01,5.26,64.07
#0004385,1,SKU-0078,1,164.32,9.91,6.86,161.27
#0004385,2,SKU-0066,1,72.17,0.55,4.45,76.07
#0004390,1,SKU-0016,3,134.43,34.48,32.06,400.87
#0004390,2,SKU-0027,1,61.15,1.77,3.78,63.16
#0004390,3,SKU-0112,4,197.87,64.84,45.26,771.90
#0004392,1,SKU-0031,2,334.73,76.98,35.15,627.63
#0004394,1,SKU-0057,1,440.44,40.51,32.70,432.63
#0004394,2,SKU-0088,1,146.66,14.25,5.85,138.26
#0004394,3,SKU-0050,1,398.58,8.44,29.96,420.10
#0004394,4,SKU-0083,1,178.42,15.64,13.26,176.04
#0004396,1,SKU-0041,1,305.68,22.99,24.29,306.98
#0004413,1,SKU-0051,1,89.89,5.46,3.76,88.19
#0004417,1,SKU-0113,2,169.79,30.08,20.80,330.30
#0004417,2,SKU-0077,1,286.27,21.26,22.46,287.47
#0004424,1,SKU-0095,4,68.85,27.29,13.34,261.45
#0004424,2,SKU-0117,1,90.91,3.86,5.65,92.70
#0004424,3,SKU-0058,1,285.07,1.02,22.59,306.64
#0004430,1,SKU-0066,1,77.41,1.12,5.54,81.83
#0004430,2,SKU-0024,1,30.54,3.42,1.14,28.26
#0004430,3,SKU-0046,1,142.43,1.98,9.51,149.96
#0004430,4,SKU-0059,4,123.90,1.23,33.65,528.02
#0004450,1,SKU-0016,2,118.80,19.98,11.71,229.33
#0004458,1,SKU-0058,1,257.90,9.70,19.88,268.08
#0004459,1,SKU-0110,2,71.92,10.82,7.51,140.53
#0004459,2,SKU-0054,3,232.27,35.12,36.65,698.34
#0004459,3,SKU-0071,1,295.10,14.90,15.44,295.64
#0004460,1,SKU-0118,4,204.82,33.78,50.85,836.35
#0004461,1,SKU-0010,1,285.68,3.75,20.98,302.91
#0004461,2,SKU-0078,1,176.61,1.61,11.85,186.85
#0004461,3,SKU-0093,1,271.93,19.91,11.70,263.72
#0004461,4,SKU-0044,1,268.32,14.86,15.81,269.27
#0004473,1,SKU-0062,2,14.80,1.34,2.07,30.33
#0004473,2,SKU-0061,1,197.89,12.96,8.01,192.94
#0004476,1,SKU-0005,1,107.86,3.52,5.11,109.45
#0004485,1,SKU-0044,1,242.25,5.32,10.41,247.34
#0004485,2,SKU-0041,1,334.79,28.78,20.45,326.46
#0004485,3,SKU-0006,3,155.49,12.72,34.36,488.11
#0004485,4,SKU-0087,1,191.68,3.79,12.72,200.61
#0004486,1,SKU-0026,1,258.14,0.25,12.29,270.18
#0004487,1,SKU-0092,1,16.52,1.68,1.10,15.94
#0004487,2,SKU-0018,2,153.96,23.89,13.74,297.77
#0004487,3,SKU-0119,3,234.65,73.57,30.13,660.51
#0004489,1,SKU-0060,1,258.97,18.73,21.51,261.75
#0004489,2,SKU-0025,1,135.55,7.57,8.39,136.37
#0004490,1,SKU-0026,3,259.60,21.62,36.07,793.25
#0004492,1,SKU-0018,1,164.88,2.14,8.71,171.45
#0004493,1,SKU-0022,1,207.37,10.82,8.86,205.41
#0004501,1,SKU-0060,1,229.12,16.53,11.79,224.38
#0004501,2,SKU-0096,1,32.01,3.23,1.36,30.14
#0004501,3,SKU-0112,3,220.74,6.07,53.17,709.32
#0004503,1,SKU-0044,1,262.30,4.93,17.87,275.24
#0004503,2,SKU-0050,1,373.87,14.03,25.55,385.39
#0004506,1,SKU-0108,2,143.49,31.45,15.01,270.54
#0004512,1,SKU-0020,1,239.44,24.98,16.42,230.88
#0004512,2,SKU-0078,1,165.67,19.42,8.07,154.32
#0004515,1,SKU-0075,2,27.76,2.13,3.43,56.82
#0004515,2,SKU-0009,1,170.82,18.36,10.07,162.53
#0004515,3,SKU-0115,1,278.44,7.24,19.17,290.37
#0004516,1,SKU-0120,1,255.52,19.66,17.28,253.14
#0004516,2,SKU-0110,1,64.72,2.33,4.50,66.89
#0004523,1,SKU-0060,4,241.33,16.59,80.86,1029.59
#0004524,1,SKU-0108,2,139.58,30.44,16.39,265.11
#0004524,2,SKU-0012,2,68.59,1.10,5.71,141.79
#0004527,1,SKU-0087,1,186.88,15.96,13.34,184.26
#0004527,2,SKU-0014,1,351.82,0.59,14.77,366.00
#0004527,3,SKU-0013,1,293.54,19.34,23.57,297.77
#0004528,1,SKU-0019,2,49.69,11.60,7.50,95.28
#0004540,1,SKU-0025,1,125.29,11.45,7.21,121.05
#0004540,2,SKU-0024,2,34.23,5.75,4.66,67.37
#0004552,1,SKU-0063,2,22.92,1.25,2.87,47.46
#0004555,1,SKU-0052,2,272.28,34.38,37.02,547.20
#0004555,2,SKU-0089,2,27.63,5.93,2.65,51.98
#0004557,1,SKU-0051,4,94.04,22.78,27.07,380.45
#0004559,1,SKU-0106,2,93.68,11.49,14.93,190.80
#0004559,2,SKU-0028,1,83.23,0.48,6.01,88.76
#0004559,3,SKU-0051,3,97.78,15.99,21.93,299.28
#0004562,1,SKU-0075,1,26.03,2.31,1.59,25.31
#0004562,2,SKU-0063,2,22.86,2.64,2.11,45.19
#0004568,1,SKU-0050,1,391.71,32.17,30.25,389.79
#0004572,1,SKU-0072,2,154.93,9.00,26.27,327.13
#0004572,2,SKU-0004,2,125.47,26.26,15.50,240.18
#0004572,3,SKU-0024,1,34.77,0.50,1.87,36.14
#0004574,1,SKU-0113,1,149.26,16.13,5.48,138.61
#0004574,2,SKU-0036,1,268.31,24.97,21.14,264.48
#0004574,3,SKU-0028,1,80.40,4.84,6.32,81.88
#0004575,1,SKU-0020,2,233.32,52.02,23.01,437.63
#0004579,1,SKU-0051,4,102.45,10.38,27.33,426.75
#0004579,2,SKU-0036,1,261.52,12.06,20.08,269.54
#0004579,3,SKU-0097,3,179.17,30.60,36.55,543.46
#0004586,1,SKU-0109,4,353.53,132.37,97.73,1379.48
#0004586,2,SKU-0086,1,21.26,1.23,1.54,21.57
#0004590,1,SKU-0041,1,349.29,27.11,26.51,348.69
#0004590,2,SKU-0075,1,28.73,1.90,1.55,28.38
#0004594,1,SKU-0110,1,64.02,6.11,5.18,63.09
#0004599,1,SKU-0113,2,154.77,27.98,19.93,301.49
#0004599,2,SKU-0090,1,278.52,26.26,16.95,269.21
#0004601,1,SKU-0118,1,220.46,26.19,11.94,206.21
#0004602,1,SKU-0008,3,42.64,13.74,8.94,123.12
#0004602,2,SKU-0095,1,68.00,1.09,5.80,72.71
#0004619,1,SKU-0045,1,92.42,5.93,5.22,91.71
#0004619,2,SKU-0008,2,42.50,5.60,7.10,86.50
#0004619,3,SKU-0020,4,232.58,84.97,60.75,906.10
#0004619,4,SKU-0067,3,50.09,6.00,7.79,152.06
#0004619,5,SKU-0074,2,115.75,23.12,15.12,223.50
#0004620,1,SKU-0014,2,340.25,29.49,55.83,706.84
#0004620,2,SKU-0036,1,264.97,17.00,12.75,260.72
#0004620,3,SKU-0052,2,247.88,8.34,41.76,529.18
#0004620,4,SKU-0009,1,161.55,11.29,13.49,163.75
#0004620,5,SKU-0026,2,269.60,59.90,41.64,520.94
#0004624,1,SKU-0004,2,116.87,26.12,11.08,218.70
#0004628,1,SKU-0024,1,29.99,0.65,1.94,31.28
#0004628,2,SKU-0001,1,348.32,4.64,14.70,358.38
#0004630,1,SKU-0019,1,45.72,5.21,1.88,42.39
#0004630,2,SKU-0026,2,254.34,41.62,35.94,503.00
#0004632,1,SKU-0084,2,340.14,57.82,38.23,660.69
#0004632,2,SKU-0070,3,233.99,71.00,53.38,684.35
#0004642,1,SKU-0013,4,306.02,68.37,55.95,1211.66
#0004642,2,SKU-0051,2,94.33,7.81,13.85,194.70
#0004647,1,SKU-0003,2,32.57,4.89,5.32,65.57
#0004647,2,SKU-0117,4,108.06,22.18,17.02,427.08
#0004649,1,SKU-0044,1,273.24,29.51,12.97,256.70
#0004649,2,SKU-0063,1,25.20,2.65,1.20,23.75
#0004651,1,SKU-0042,2,395.96,5.26,69.43,856.09
#0004651,2,SKU-0031,1,318.74,34.16,20.70,305.28
#0004655,1,SKU-0109,1,409.38,19.80,19.35,408.93
#0004655,2,SKU-0096,1,31.84,1.30,2.37,32.91
#0004657,1,SKU-0074,3,112.45,10.32,15.39,342.42
#0004657,2,SKU-0113,1,161.73,17.97,11.21,154.97
#0004659,1,SKU-0059,1,127.31,6.58,5.81,126.54
#0004659,2,SKU-0094,4,276.64,38.42,91.38,1159.52
#0004673,1,SKU-0115,1,246.81,16.01,19.84,250.64
#0004673,2,SKU-0051,1,94.80,7.91,3.63,90.52
#0004673,3,SKU-0026,1,239.95,22.67,18.35,235.63
#0004674,1,SKU-0014,1,340.78,12.63,28.55,356.70
#0004674,2,SKU-0063,4,23.52,6.32,5.25,93.01
#0004674,3,SKU-0058,1,287.10,22.73,15.38,279.75
#0004676,1,SKU-0039,1,87.48,0.59,7.39,94.28
#0004676,2,SKU-0091,1,185.79,15.57,9.76,179.98
#0004676,3,SKU-0002,2,154.48,8.82,18.61,318.75
#0004676,4,SKU-0027,1,66.25,2.37,5.70,69.58
#0004678,1,SKU-0118,5,226.38,63.06,65.30,1134.14
#0004680,1,SKU-0120,2,298.51,69.56,44.42,571.88
#0004680,2,SKU-0090,1,273.70,23.96,21.31,271.05
#0004680,3,SKU-0006,2,159.59,12.32,19.27,326.13
#0004684,1,SKU-0019,2,47.63,6.29,4.66,93.63
#0004684,2,SKU-0018,1,149.18,16.83,10.80,143.15
#0004685,1,SKU-0039,1,92.00,5.10,7.13,94.03
#0004686,1,SKU-0097,1,165.91,9.12,11.75,168.54
#0004686,2,SKU-0026,1,260.24,7.57,18.40,271.07
#0004687,1,SKU-0027,1,65.41,7.74,2.47,60.14
#0004695,1,SKU-0091,2,162.25,0.83,19.71,343.38
#0004695,2,SKU-0084,2,340.28,4.44,44.58,720.70
#0004695,3,SKU-0105,1,109.58,7.81,5.32,107.09
#0004703,1,SKU-0067,3,50.38,17.19,11.02,144.97
#0004703,2,SKU-0083,1,181.56,5.69,14.17,190.04
#0004707,1,SKU-0083,3,182.31,60.01,23.99,510.91
#0004707,2,SKU-0043,2,150.01,5.67,18.99,313.34
#0004710,1,SKU-0020,2,224.03,48.88,34.79,433.97
#0004711,1,SKU-0022,3,203.25,56.88,24.70,577.57
#0004711,2,SKU-0003,3,35.63,5.90,7.32,108.31
#0004711,3,SKU-0080,1,98.54,9.45,7.21,96.30
#0004714,1,SKU-0101,2,172.85,20.76,28.48,353.42
#0004719,1,SKU-0069,1,232.79,20.37,10.67,223.09
#0004725,1,SKU-0042,1,392.77,28.38,26.05,390.44
#0004725,2,SKU-0011,3,262.27,29.94,42.54,799.41
#0004731,1,SKU-0027,1,68.97,4.68,5.58,69.87
#0004732,1,SKU-0032,1,192.12,3.00,11.12,200.24
#0004732,2,SKU-0106,1,96.72,2.41,3.93,98.24
#0004732,3,SKU-0117,1,99.80,8.78,4.95,95.97
#0004732,4,SKU-0004,1,134.77,0.06,8.83,143.54
#0004736,1,SKU-0036,1,260.40,16.92,12.54,256.02
#0004736,2,SKU-0053,1,373.97,17.41,30.89,387.45
#0004739,1,SKU-0092,2,16.41,0.12,1.83,34.53
#0004743,1,SKU-0005,3,104.52,31.74,11.55,293.37
#0004743,2,SKU-0107,1,376.54,16.06,30.10,390.58
#0004744,1,SKU-0097,1,181.26,4.42,13.82,190.66
#0004744,2,SKU-0048,1,170.38,8.49,12.27,174.16
#0004744,3,SKU-0034,2,360.34,29.63,32.67,723.72
#0004745,1,SKU-0083,1,174.73,8.19,7.83,174.37
#0004747,1,SKU-0074,1,107.77,5.45,6.99,109.31
#0004749,1,SKU-0115,2,275.79,39.40,26.72,538.90
#0004750,1,SKU-0080,2,86.84,20.65,12.37,165.40
#0004759,1,SKU-0011,1,275.91,5.82,10.83,280.92
#0004759,2,SKU-0045,1,83.96,9.09,4.37,79.24
#0004759,3,SKU-0101,1,175.23,16.49,10.77,169.51
#0004762,1,SKU-0016,2,132.05,12.75,10.75,262.10
#0004763,1,SKU-0087,1,171.74,19.44,12.67,164.97
#0004763,2,SKU-0046,1,145.09,2.95,10.69,152.83
#0004763,3,SKU-0055,1,29.42,2.01,1.65,29.06
#0004766,1,SKU-0053,2,381.34,5.01,61.91,819.58
#0004767,1,SKU-0113,1,157.87,18.93,7.32,146.26
#0004767,2,SKU-0005,1,108.84,11.93,6.11,103.02
#0004769,1,SKU-0043,2,143.38,15.90,15.10,285.96
#0004769,2,SKU-0098,1,342.42,12.55,16.80,346.67
#0004770,1,SKU-0020,2,225.59,43.46,22.99,430.71
#0004770,2,SKU-0102,1,19.69,0.48,0.89,20.10
#0004772,1,SKU-0044,1,248.67,3.20,19.67,265.14
#0004772,2,SKU-0117,2,103.85,24.15,15.29,198.84
#0004772,3,SKU-0002,2,150.22,19.56,23.20,304.08
#0004773,1,SKU-0005,1,105.29,12.51,6.73,99.51
#0004773,2,SKU-0010,1,313.22,7.11,24.00,330.11
#0004773,3,SKU-0011,1,247.34,15.42,19.94,251.86
#0004777,1,SKU-0051,1,103.64,0.18,6.13,109.59
#0004779,1,SKU-0011,2,264.88,28.66,43.69,544.79
#0004779,2,SKU-0039,2,90.36,10.38,12.02,182.36
#0004782,1,SKU-0079,1,33.86,0.45,2.89,36.30
#0004782,2,SKU-0119,3,243.93,4.32,42.32,769.79
#0004782,3,SKU-0014,1,383.01,9.53,29.48,402.96
#0004782,4,SKU-0005,1,96.00,3.43,6.37,98.94
#0004783,1,SKU-0059,1,118.19,13.44,5.59,110.34
#0004787,1,SKU-0025,2,118.65,28.18,10.97,220.09
#0004787,2,SKU-0104,1,194.93,3.49,10.93,202.37
#0004787,3,SKU-0100,3,235.94,45.29,46.26,708.79
#0004794,1,SKU-0100,1,260.56,23.92,16.58,253.22
#0004796,1,SKU-0008,1,41.09,4.64,2.91,39.36
#0004796,2,SKU-0090,1,256.62,29.97,11.38,238.03
#0004796,3,SKU-0034,2,392.52,32.10,34.67,787.61
#0004796,4,SKU-0039,2,88.78,4.92,7.49,180.13
#0004797,1,SKU-0065,1,141.59,8.03,6.74,140.30
#0004797,2,SKU-0007,3,259.87,26.20,60.90,814.31
#0004797,3,SKU-0117,1,91.31,7.57,4.29,88.03
#0004800,1,SKU-0118,1,226.81,17.80,10.55,219.56
#0004800,2,SKU-0014,2,365.97,17.05,38.88,753.77
#0004803,1,SKU-0113,1,157.70,15.61,6.07,148.16
#0004803,2,SKU-0004,1,136.79,13.29,9.51,133.01
#0004803,3,SKU-0058,1,254.89,3.08,15.65,267.46
#0004803,4,SKU-0069,1,245.84,2.68,10.88,254.04
#0004803,5,SKU-0084,1,358.83,13.04,29.33,375.12
#0004808,1,SKU-0065,1,152.63,16.38,9.63,145.88
#0004808,2,SKU-0064,1,23.64,0.00,1.82,25.46
#0004808,3,SKU-0019,1,45.77,2.82,1.88,44.83
#0004819,1,SKU-0064,1,25.75,2.03,1.26,24.98
#0004819,2,SKU-0031,1,350.73,37.18,17.88,331.43
#0004820,1,SKU-0090,1,286.30,19.95,12.03,278.38
#0004822,1,SKU-0104,1,215.95,3.02,11.82,224.75
#0004822,2,SKU-0079,2,36.95,5.92,3.03,71.01
#0004822,3,SKU-0001,1,361.85,30.77,28.68,359.76
#0004826,1,SKU-0103,1,345.15,34.93,20.97,331.19
#0004826,2,SKU-0067,2,56.76,12.26,4.05,105.31
#0004832,1,SKU-0105,1,99.77,4.19,6.78,102.36
#0004836,1,SKU-0017,1,70.55,0.80,5.06,74.81
#0004836,2,SKU-0107,1,380.77,6.09,27.21,401.89
#0004837,1,SKU-0063,1,22.40,0.57,1.83,23.66
#0004837,2,SKU-0023,2,164.78,15.45,12.93,327.04
#0004837,3,SKU-0010,3,302.24,0.24,72.02,978.50
#0004841,1,SKU-0114,1,212.62,5.34,9.05,216.33
#0004841,2,SKU-0058,2,256.50,34.84,41.04,519.20
#0004846,1,SKU-0120,3,257.09,24.47,57.86,804.66
#0004849,1,SKU-0095,1,65.35,6.02,4.37,63.70
#0004849,2,SKU-0050,1,379.61,15.80,26.76,390.57
#0004852,1,SKU-0092,1,17.27,1.34,1.24,17.17
#0004852,2,SKU-0036,2,264.74,25.62,23.61,527.47
#0004857,1,SKU-0050,1,372.12,31.27,22.51,363.36
#0004857,2,SKU-0037,1,68.06,4.01,3.43,67.48
#0004866,1,SKU-0085,1,158.95,16.75,8.12,150.32
#0004867,1,SKU-0042,1,392.92,38.85,19.92,373.99
#0004869,1,SKU-0097,2,161.93,2.58,13.40,334.68
#0004874,1,SKU-0018,1,147.72,16.31,6.20,137.61
#0004874,2,SKU-0001,1,357.83,3.77,22.28,376.34
#0004876,1,SKU-0112,1,216.37,9.43,13.61,220.55
#0004878,1,SKU-0011,2,255.30,19.80,38.73,529.53
#0004880,1,SKU-0013,2,280.81,18.74,47.99,590.87
#0004880,2,SKU-0101,1,175.65,8.00,11.74,179.39
#0004880,3,SKU-0039,3,99.49,3.87,13.03,307.63
#0004883,1,SKU-0094,4,270.66,13.30,88.49,1157.83
#0004883,2,SKU-0047,2,14.90,3.48,1.10,27.42
#0004883,3,SKU-0007,1,262.18,5.79,21.78,278.17
#0004895,1,SKU-0018,1,145.94,9.40,6.70,143.24
#0004895,2,SKU-0081,1,46.62,4.99,1.94,43.57
#0004897,1,SKU-0102,1,20.93,0.18,1.61,22.36
#0004897,2,SKU-0057,1,458.63,4.25,21.32,475.70
#0004899,1,SKU-0024,2,34.84,2.20,4.66,72.14
#0004899,2,SKU-0027,1,65.19,3.64,2.50,64.05
#0004900,1,SKU-0093,1,267.19,12.62,19.92,274.49
#0004900,2,SKU-0084,3,367.96,11.23,75.05,1167.70
#0004900,3,SKU-0049,1,230.04,26.48,17.11,220.67
#0004900,4,SKU-0024,3,31.00,10.78,5.31,87.53
#0004900,5,SKU-0105,1,100.87,0.60,7.00,107.27
#0004902,1,SKU-0088,3,137.73,48.34,23.31,388.16
#0004902,2,SKU-0057,2,426.44,30.91,55.30,877.27
#0004902,3,SKU-0039,1,98.40,10.03,4.18,92.55
#0004906,1,SKU-0074,1,124.40,4.63,5.51,125.28
#0004906,2,SKU-0070,1,234.60,14.60,9.57,229.57
#0004906,3,SKU-0010,1,320.51,3.44,25.76,342.83
#0004908,1,SKU-0080,2,87.43,18.80,13.95,170.01
#0004909,1,SKU-0056,1,246.55,23.19,14.94,238.30
#0004911,1,SKU-0017,1,67.02,7.81,4.17,63.38
#0004911,2,SKU-0025,1,129.98,14.98,5.95,120.95
#0004918,1,SKU-0052,1,286.17,16.80,23.76,293.13
#0004920,1,SKU-0049,1,217.65,19.48,8.57,206.74
#0004921,1,SKU-0085,4,150.58,69.60,26.53,559.25
#0004921,2,SKU-0107,1,390.28,23.27,28.94,395.95
#0004921,3,SKU-0101,2,155.31,20.07,17.10,307.65
#0004922,1,SKU-0036,1,299.45,0.46,25.52,324.51
#0004926,1,SKU-0057,2,428.18,46.35,44.99,855.00
#0004926,2,SKU-0067,3,51.74,2.55,12.88,165.55
#0004926,3,SKU-0083,1,180.59,7.17,14.92,188.34
#0004938,1,SKU-0022,3,199.72,64.36,37.11,571.91
#0004938,2,SKU-0081,1,43.54,2.14,3.48,44.88
#0004938,3,SKU-0009,1,155.58,10.39,7.76,152.95
#0004940,1,SKU-0072,2,157.87,19.38,23.81,320.17
#0004946,1,SKU-0065,1,152.32,15.69,9.52,146.15
#0004954,1,SKU-0094,1,317.49,2.55,23.90,338.84
#0004955,1,SKU-0103,2,361.80,36.08,39.22,726.74
#0004955,2,SKU-0050,1,411.27,21.60,19.10,408.77
#0004966,1,SKU-0049,2,233.44,4.78,27.52,489.62
#0004966,2,SKU-0056,2,243.80,52.15,37.10,472.55
#0004969,1,SKU-0041,1,326.47,16.74,20.46,330.19
#0004971,1,SKU-0056,2,259.52,27.09,35.09,527.04
#0004971,2,SKU-0083,1,177.99,16.92,9.93,171.00
#0004974,1,SKU-0041,3,322.82,53.93,48.04,962.57
#0004974,2,SKU-0008,1,41.40,0.38,2.25,43.27
#0004978,1,SKU-0104,1,212.60,6.73,17.51,223.38
#0004978,2,SKU-0106,3,90.04,18.66,13.95,265.41
#0004978,3,SKU-0022,3,211.06,43.71,25.96,615.43
#0004980,1,SKU-0067,1,53.90,2.09,2.51,54.32
#0004982,1,SKU-0051,1,93.24,3.32,4.79,94.71
#0004990,1,SKU-0120,1,260.20,6.77,13.22,266.65
#0004990,2,SKU-0009,1,173.81,3.16,10.73,181.38
#0004990,3,SKU-0001,2,364.18,72.73,41.53,697.16
#0004994,1,SKU-0022,2,204.44,20.29,17.91,406.50
#0005000,1,SKU-0062,1,14.41,0.91,0.96,14.46
