source_order_id,line_number,sku,quantity,unit_price,line_discount,line_tax,line_total
WM000000002,1,SKU-0117,2,102.31,6.90,16.80,214.52
WM000000004,1,SKU-0017,1,72.49,5.94,5.58,72.13
WM000000004,2,SKU-0021,2,114.22,21.93,13.09,219.60
WM000000004,3,SKU-0102,1,20.90,0.27,1.35,21.98
WM000000007,1,SKU-0042,1,370.89,15.41,24.65,380.13
WM000000007,2,SKU-0020,3,216.09,47.24,32.62,633.65
WM000000007,3,SKU-0115,2,250.43,4.35,28.92,525.43
WM000000009,1,SKU-0034,1,354.75,28.15,15.95,342.55
WM000000009,2,SKU-0056,1,257.12,7.71,19.54,268.95
WM000000009,3,SKU-0001,1,376.78,10.33,16.72,383.17
WM000000010,1,SKU-0106,1,103.04,5.15,5.29,103.18
WM000000010,2,SKU-0082,1,250.89,7.25,19.59,263.23
WM000000010,3,SKU-0095,2,71.89,5.43,11.99,150.34
WM000000013,1,SKU-0072,1,150.21,17.02,6.62,139.81
WM000000013,2,SKU-0085,1,159.08,13.97,10.53,155.64
WM000000013,3,SKU-0079,2,36.17,7.58,4.28,69.04
WM000000022,1,SKU-0044,1,254.16,27.29,15.18,242.05
WM000000028,1,SKU-0065,1,132.61,8.80,8.89,132.70
WM000000031,1,SKU-0094,3,280.62,28.73,42.78,855.91
WM000000037,1,SKU-0096,1,31.45,3.03,1.89,30.31
WM000000040,1,SKU-0047,2,17.36,2.56,2.28,34.44
WM000000040,2,SKU-0066,1,78.76,7.07,5.66,77.35
WM000000040,3,SKU-0041,2,316.29,26.77,41.12,646.93
WM000000040,4,SKU-0018,1,158.30,4.36,9.61,163.55
WM000000042,1,SKU-0010,3,325.75,74.14,52.37,955.48
WM000000042,2,SKU-0041,1,312.84,29.84,14.66,297.66
WM000000042,3,SKU-0117,1,99.22,3.60,5.45,101.07
WM000000042,4,SKU-0030,1,223.29,4.08,13.57,232.78
WM000000042,5,SKU-0119,2,256.10,54.03,21.74,479.91
WM000000043,1,SKU-0045,1,83.86,1.53,5.78,88.11
WM000000046,1,SKU-0118,1,207.96,16.54,10.09,201.51
WM000000046,2,SKU-0097,1,181.15,11.85,12.11,181.41
WM000000052,1,SKU-0087,1,185.32,17.68,7.02,174.66
WM000000053,1,SKU-0077,1,246.09,4.53,10.83,252.39
WM000000053,2,SKU-0043,1,146.26,4.50,11.73,153.49
WM000000060,1,SKU-0111,1,212.35,8.39,13.06,217.02
WM000000064,1,SKU-0114,2,206.22,18.02,29.71,424.13
WM000000065,1,SKU-0074,2,108.43,21.47,14.48,209.87
WM000000065,2,SKU-0078,3,174.90,57.38,40.66,507.98
WM000000065,3,SKU-0017,2,70.53,13.53,8.62,136.15
WM000000070,1,SKU-0100,1,243.90,9.61,15.88,250.17
WM000000070,2,SKU-0092,2,16.16,2.32,1.94,31.94
WM000000070,3,SKU-0114,1,204.96,2.89,13.33,215.40
WM000000070,4,SKU-0032,1,196.45,14.66,15.38,197.17
WM000000072,1,SKU-0048,2,173.47,35.99,27.07,338.02
WM000000072,2,SKU-0017,1,66.49,6.37,3.10,63.22
WM000000073,1,SKU-0042,1,402.51,46.67,24.57,380.41
WM000000073,2,SKU-0012,1,73.53,5.08,5.17,73.62
WM000000075,1,SKU-0071,1,343.92,9.74,28.95,363.13
WM000000076,1,SKU-0075,4,26.92,11.81,8.52,104.39
WM000000079,1,SKU-0077,4,267.41,92.47,44.27,1021.44
WM000000079,2,SKU-0081,2,46.75,10.51,4.35,87.34
WM000000081,1,SKU-0076,1,94.64,2.21,6.49,98.92
WM000000081,2,SKU-0034,2,340.36,30.04,51.66,702.34
WM000000081,3,SKU-0099,1,158.22,5.32,7.90,160.80
WM000000081,4,SKU-0085,1,169.85,2.99,14.80,181.66
WM000000084,1,SKU-0062,2,14.42,0.54,1.13,29.43
WM000000084,2,SKU-0082,2,291.38,32.19,39.74,590.31
WM000000084,3,SKU-0104,1,192.17,9.67,8.43,190.93
WM000000086,1,SKU-0033,1,118.26,11.04,4.41,111.63
WM000000086,2,SKU-0041,1,321.92,21.77,12.40,312.55
WM000000088,1,SKU-0042,1,367.53,29.98,13.77,351.32
WM000000088,2,SKU-0040,1,214.42,2.04,9.62,222.00
WM000000088,3,SKU-0004,1,133.54,15.98,6.39,123.95
WM000000089,1,SKU-0034,2,400.37,54.24,43.88,790.38
WM000000091,1,SKU-0024,1,32.94,1.99,2.29,33.24
WM000000091,2,SKU-0102,3,20.24,0.22,4.30,64.80
WM000000092,1,SKU-0092,1,17.52,0.43,1.35,18.44
WM000000098,1,SKU-0010,1,285.88,28.32,17.78,275.34
WM000000099,1,SKU-0036,2,296.69,2.32,38.31,629.37
WM000000102,1,SKU-0007,1,229.77,10.86,18.98,237.89
WM000000106,1,SKU-0075,1,29.31,2.16,1.85,29.00
WM000000112,1,SKU-0054,1,208.02,5.07,13.20,216.15
WM000000112,2,SKU-0085,2,145.94,17.17,18.64,293.35
WM000000112,3,SKU-0090,3,283.70,46.63,36.09,840.56
WM000000114,1,SKU-0064,4,24.53,2.97,6.50,101.65
WM000000116,1,SKU-0115,1,285.90,27.06,21.99,280.83
WM000000116,2,SKU-0095,1,67.37,7.03,2.56,62.90
WM000000122,1,SKU-0111,1,216.19,12.84,9.90,213.25
WM000000123,1,SKU-0102,1,20.35,1.02,0.81,20.14
WM000000124,1,SKU-0050,2,427.31,48.29,57.79,864.12
WM000000124,2,SKU-0023,1,163.65,19.49,6.42,150.58
WM000000124,3,SKU-0112,2,192.59,39.13,24.72,370.77
WM000000126,1,SKU-0010,1,288.04,12.48,23.31,298.87
WM000000128,1,SKU-0072,1,152.10,8.97,11.37,154.50
WM000000130,1,SKU-0007,2,237.98,10.58,30.47,495.85
WM000000130,2,SKU-0062,1,15.21,1.23,1.17,15.15
WM000000138,1,SKU-0085,2,160.04,10.67,23.97,333.38
WM000000140,1,SKU-0072,3,163.63,44.54,34.44,480.79
WM000000140,2,SKU-0004,1,133.88,11.05,5.99,128.82
WM000000142,1,SKU-0067,1,51.80,2.36,4.20,53.64
WM000000146,1,SKU-0058,1,267.61,8.67,12.46,271.40
WM000000146,2,SKU-0010,3,316.97,86.61,54.24,918.54
WM000000146,3,SKU-0086,1,22.97,1.99,0.92,21.90
WM000000146,4,SKU-0028,1,80.98,7.63,3.79,77.14
WM000000150,1,SKU-0092,1,17.46,0.39,1.50,18.57
WM000000150,2,SKU-0013,1,276.98,8.10,21.90,290.78
WM000000169,1,SKU-0096,1,28.90,3.08,1.53,27.35
WM000000169,2,SKU-0017,2,73.98,6.34,9.84,151.46
WM000000170,1,SKU-0044,1,236.77,20.60,13.54,229.71
WM000000170,2,SKU-0018,3,150.72,12.57,22.10,461.69
WM000000170,3,SKU-0003,1,30.78,0.65,1.45,31.58
WM000000170,4,SKU-0046,1,127.96,2.91,5.20,130.25
WM000000172,1,SKU-0113,4,153.48,29.03,37.51,622.40
WM000000174,1,SKU-0059,1,138.89,0.17,8.41,147.13
WM000000174,2,SKU-0082,2,265.33,19.08,43.56,555.14
WM000000174,3,SKU-0104,2,194.23,36.11,29.07,381.42
WM000000175,1,SKU-0003,3,34.65,2.14,7.10,108.91
WM000000175,2,SKU-0035,1,154.24,11.27,7.06,150.03
WM000000175,3,SKU-0031,1,309.22,21.42,13.31,301.11
WM000000175,4,SKU-0091,1,183.09,7.37,7.52,183.24
WM000000178,1,SKU-0087,1,198.99,19.71,12.90,192.18
WM000000179,1,SKU-0051,1,93.38,3.84,4.36,93.90
WM000000179,2,SKU-0070,2,233.07,44.12,36.58,458.60
WM000000179,3,SKU-0097,3,160.09,13.26,29.31,496.32
WM000000180,1,SKU-0108,2,156.93,23.70,16.09,306.25
WM000000184,1,SKU-0092,2,17.31,1.51,2.28,35.39
WM000000184,2,SKU-0016,2,114.89,18.14,16.45,228.09
WM000000188,1,SKU-0032,1,189.45,6.05,12.36,195.76
WM000000188,2,SKU-0034,3,392.46,99.98,86.72,1164.12
WM000000188,3,SKU-0068,2,84.85,10.79,10.17,169.08
WM000000193,1,SKU-0085,1,149.92,16.32,7.53,141.13
WM000000194,1,SKU-0036,1,264.86,8.90,22.02,277.98
WM000000194,2,SKU-0031,3,340.39,98.61,40.47,963.03
WM000000194,3,SKU-0095,2,70.47,13.52,6.34,133.76
WM000000196,1,SKU-0034,3,382.44,108.34,75.30,1114.28
WM000000196,2,SKU-0027,3,70.35,12.37,17.52,216.20
WM000000196,3,SKU-0098,1,311.97,12.20,12.47,312.24
WM000000197,1,SKU-0059,1,119.39,10.46,9.62,118.55
WM000000197,2,SKU-0049,1,205.27,12.96,10.47,202.78
WM000000197,3,SKU-0051,1,103.59,1.09,4.89,107.39
WM000000199,1,SKU-0110,1,64.17,4.61,3.96,63.52
WM000000199,2,SKU-0041,3,331.34,87.22,70.04,976.84
WM000000203,1,SKU-0108,3,147.54,25.28,29.66,447.00
WM000000203,2,SKU-0091,1,172.45,18.40,8.14,162.19
WM000000203,3,SKU-0030,2,203.08,39.05,29.15,396.26
WM000000203,4,SKU-0052,3,274.57,60.69,46.53,809.55
WM000000204,1,SKU-0054,1,241.48,9.92,14.31,245.87
WM000000204,2,SKU-0021,1,111.49,4.35,8.80,115.94
WM000000204,3,SKU-0002,1,135.58,9.03,5.31,131.86
WM000000205,1,SKU-0061,4,214.74,64.81,59.78,853.93
WM000000210,1,SKU-0071,2,299.24,12.82,46.31,631.97
WM000000211,1,SKU-0026,1,245.69,14.50,14.99,246.18
WM000000211,2,SKU-0059,1,136.97,12.36,10.85,135.46
WM000000211,3,SKU-0040,1,253.04,18.84,18.08,252.28
WM000000211,4,SKU-0055,1,29.91,3.30,1.77,28.38
WM000000211,5,SKU-0108,1,147.92,7.18,10.59,151.33
WM000000212,1,SKU-0120,1,282.87,9.94,21.82,294.75
WM000000212,2,SKU-0044,5,257.54,111.64,76.00,1252.06
WM000000212,3,SKU-0041,1,328.44,10.89,23.29,340.84
WM000000218,1,SKU-0112,2,213.93,30.01,23.59,421.44
WM000000218,2,SKU-0036,1,263.29,29.68,21.00,254.61
WM000000223,1,SKU-0061,1,202.09,5.79,9.02,205.32
WM000000223,2,SKU-0079,4,36.61,2.56,6.78,150.66
WM000000223,3,SKU-0042,2,414.24,92.12,41.77,778.13
WM000000228,1,SKU-0100,2,244.57,39.41,29.82,479.55
WM000000228,2,SKU-0028,1,78.62,1.60,3.71,80.73
WM000000228,3,SKU-0018,2,147.29,17.05,21.62,299.15
WM000000229,1,SKU-0003,1,32.74,3.23,1.22,30.73
WM000000232,1,SKU-0086,1,22.89,2.52,0.94,21.31
WM000000234,1,SKU-0065,1,152.54,7.69,9.07,153.92
WM000000234,2,SKU-0012,1,67.44,3.56,2.73,66.61
WM000000234,3,SKU-0052,2,249.51,37.32,34.79,496.49
WM000000234,4,SKU-0059,1,119.72,6.00,9.48,123.20
WM000000243,1,SKU-0013,3,312.13,107.07,43.43,872.75
WM000000245,1,SKU-0088,1,143.49,11.85,7.97,139.61
WM000000245,2,SKU-0054,1,236.34,23.89,14.10,226.55
WM000000245,3,SKU-0018,1,170.96,15.53,11.04,166.47
WM000000250,1,SKU-0048,1,172.90,3.03,6.89,176.76
WM000000261,1,SKU-0021,2,126.48,11.50,16.16,257.62
WM000000261,2,SKU-0100,2,255.42,15.42,31.81,527.23
WM000000264,1,SKU-0085,3,144.77,31.44,25.52,428.39
WM000000264,2,SKU-0097,1,172.51,2.86,12.86,182.51
WM000000264,3,SKU-0071,1,301.13,12.24,21.06,309.95
WM000000265,1,SKU-0056,1,238.63,1.43,20.21,257.41
WM000000265,2,SKU-0086,1,21.18,0.72,0.99,21.45
WM000000265,3,SKU-0100,1,255.68,18.66,14.56,251.58
WM000000267,1,SKU-0081,2,50.97,0.09,6.43,108.28
WM000000272,1,SKU-0080,1,87.59,9.88,6.51,84.22
WM000000273,1,SKU-0005,1,96.45,8.21,3.56,91.80
WM000000274,1,SKU-0106,4,97.84,22.40,16.16,385.12
WM000000276,1,SKU-0065,2,152.93,34.60,19.37,290.63
WM000000276,2,SKU-0002,2,144.74,3.22,21.49,307.75
WM000000276,3,SKU-0107,2,348.20,37.38,52.59,711.61
WM000000278,1,SKU-0046,1,141.09,3.43,8.34,146.00
WM000000282,1,SKU-0084,3,376.81,92.42,44.60,1082.61
WM000000282,2,SKU-0017,1,69.85,5.97,4.14,68.02
WM000000282,3,SKU-0051,2,103.62,14.68,16.18,208.74
WM000000286,1,SKU-0081,1,45.26,2.36,2.91,45.81
WM000000286,2,SKU-0033,1,109.49,6.99,7.70,110.20
WM000000289,1,SKU-0034,2,377.88,42.28,47.96,761.44
WM000000295,1,SKU-0059,1,119.30,5.30,5.41,119.41
WM000000302,1,SKU-0004,1,137.92,16.07,9.49,131.34
WM000000302,2,SKU-0082,3,287.85,9.23,51.34,905.66
WM000000305,1,SKU-0043,1,148.81,17.40,8.85,140.26
WM000000312,1,SKU-0062,4,16.54,3.03,3.05,66.18
WM000000312,2,SKU-0019,1,46.49,5.03,2.25,43.71
WM000000313,1,SKU-0081,1,50.61,5.91,2.07,46.77
WM000000318,1,SKU-0024,1,32.57,3.39,2.49,31.67
WM000000318,2,SKU-0030,3,217.44,49.35,24.66,627.63
WM000000318,3,SKU-0048,1,189.35,18.16,15.34,186.53
WM000000318,4,SKU-0090,1,247.84,25.35,11.15,233.64
WM000000318,5,SKU-0076,1,104.41,2.04,8.82,111.19
WM000000325,1,SKU-0114,2,213.85,43.39,34.26,418.57
WM000000325,2,SKU-0093,1,303.77,28.49,15.99,291.27
WM000000325,3,SKU-0055,1,29.54,2.18,1.88,29.24
WM000000325,4,SKU-0026,4,267.69,111.64,77.76,1036.88
WM000000325,5,SKU-0020,2,215.37,30.34,27.40,427.80
WM000000329,1,SKU-0060,1,230.73,11.13,16.00,235.60
WM000000332,1,SKU-0099,1,174.51,6.57,8.85,176.79
WM000000333,1,SKU-0009,1,172.22,18.31,12.90,166.81
WM000000333,2,SKU-0118,1,224.83,5.60,10.05,229.28
WM000000334,1,SKU-0100,3,232.43,43.83,34.63,688.09
WM000000334,2,SKU-0037,1,73.75,2.52,3.55,74.78
WM000000334,3,SKU-0076,1,104.67,1.92,5.15,107.90
WM000000334,4,SKU-0086,1,21.86,1.31,1.26,21.81
WM000000334,5,SKU-0119,1,244.94,1.23,18.56,262.27
WM000000335,1,SKU-0113,1,168.83,1.63,6.95,174.15
WM000000347,1,SKU-0022,1,229.74,23.65,16.93,223.02
WM000000351,1,SKU-0008,2,45.42,1.38,7.73,97.19
WM000000359,1,SKU-0076,1,100.44,5.98,4.48,98.94
WM000000365,1,SKU-0089,2,28.07,0.75,3.88,59.27
WM000000366,1,SKU-0011,1,273.63,15.92,11.15,268.86
WM000000366,2,SKU-0020,2,235.20,14.26,37.92,494.06
WM000000366,3,SKU-0083,1,166.00,5.41,12.36,172.95
WM000000367,1,SKU-0033,2,121.73,12.66,14.19,244.99
WM000000370,1,SKU-0068,3,81.89,4.56,20.65,261.76
WM000000373,1,SKU-0085,1,170.27,15.79,7.43,161.91
WM000000382,1,SKU-0064,2,27.04,4.33,3.10,52.85
WM000000382,2,SKU-0062,2,15.71,1.21,2.55,32.76
WM000000382,3,SKU-0110,2,62.56,9.92,8.49,123.69
WM000000385,1,SKU-0117,2,98.32,10.30,14.11,200.45
WM000000386,1,SKU-0063,1,25.85,1.03,1.51,26.33
WM000000386,2,SKU-0095,1,65.26,0.16,4.45,69.55
WM000000391,1,SKU-0098,2,311.80,26.08,25.45,622.97
WM000000393,1,SKU-0078,1,158.14,11.83,9.87,156.18
WM000000397,1,SKU-0088,1,148.21,4.80,6.72,150.13
WM000000397,2,SKU-0105,2,118.03,3.69,19.94,252.31
WM000000412,1,SKU-0007,1,258.92,19.88,19.57,258.61
WM000000412,2,SKU-0092,1,15.96,0.90,1.34,16.40
WM000000413,1,SKU-0111,1,243.05,19.34,13.10,236.81
WM000000413,2,SKU-0060,1,242.61,9.88,20.71,253.44
WM000000415,1,SKU-0063,1,23.94,0.94,1.62,24.62
WM000000415,2,SKU-0077,3,251.56,15.70,33.04,772.02
WM000000415,3,SKU-0007,1,241.06,26.51,16.30,230.85
WM000000421,1,SKU-0037,2,65.63,13.70,8.29,125.85
WM000000421,2,SKU-0049,2,221.98,38.04,24.35,430.27
WM000000421,3,SKU-0116,1,422.70,10.13,17.36,429.93
WM000000424,1,SKU-0047,3,16.05,0.78,3.00,50.37
WM000000435,1,SKU-0059,2,128.12,4.50,20.44,272.18
WM000000435,2,SKU-0113,1,154.52,4.23,13.23,163.52
WM000000436,1,SKU-0061,2,210.99,35.22,27.36,414.12
WM000000436,2,SKU-0071,3,339.78,2.05,52.46,1069.75
WM000000437,1,SKU-0053,5,327.94,64.89,108.98,1683.79
WM000000437,2,SKU-0090,2,245.40,50.64,28.19,468.35
WM000000442,1,SKU-0101,1,174.68,9.28,14.54,179.94
WM000000442,2,SKU-0039,1,96.74,0.78,6.62,102.58
WM000000444,1,SKU-0085,1,166.95,19.19,7.70,155.46
WM000000444,2,SKU-0028,2,75.73,10.15,9.51,150.82
WM000000445,1,SKU-0102,3,18.68,0.36,2.45,58.13
WM000000446,1,SKU-0006,1,176.63,15.58,7.33,168.38
WM000000446,2,SKU-0007,1,246.27,26.58,15.22,234.91
WM000000455,1,SKU-0063,3,26.16,6.01,5.51,77.98
WM000000458,1,SKU-0064,2,24.07,5.56,3.07,45.65
WM000000464,1,SKU-0001,1,345.91,37.65,22.46,330.72
WM000000464,2,SKU-0106,1,103.13,7.75,6.34,101.72
WM000000464,3,SKU-0014,1,328.88,39.22,19.31,308.97
WM000000466,1,SKU-0114,3,233.50,6.10,42.80,737.20
WM000000466,2,SKU-0113,2,161.57,28.38,20.77,315.53
WM000000466,3,SKU-0044,1,264.19,13.61,12.70,263.28
WM000000483,1,SKU-0022,1,194.16,5.97,8.67,196.86
WM000000490,1,SKU-0012,1,74.31,3.03,3.54,74.82
WM000000492,1,SKU-0009,1,161.80,7.31,6.19,160.68
WM000000495,1,SKU-0019,4,48.19,11.14,14.08,195.70
WM000000497,1,SKU-0095,1,66.01,1.29,5.67,70.39
WM000000497,2,SKU-0007,1,252.75,0.98,11.32,263.09
WM000000497,3,SKU-0119,1,272.28,6.12,18.34,284.50
WM000000500,1,SKU-0029,1,122.94,2.61,10.64,130.97
WM000000511,1,SKU-0105,1,118.77,13.58,4.48,109.67
WM000000511,2,SKU-0090,1,283.04,19.16,16.25,280.13
WM000000511,3,SKU-0093,1,273.28,28.79,15.45,259.94
WM000000511,4,SKU-0064,2,27.22,0.00,2.44,56.88
WM000000511,5,SKU-0048,2,184.79,20.80,23.36,372.14
WM000000512,1,SKU-0036,2,296.60,67.67,26.09,551.62
WM000000512,2,SKU-0060,1,239.76,0.84,15.37,254.29
WM000000512,3,SKU-0041,1,333.05,36.76,12.01,308.30
WM000000513,1,SKU-0109,1,386.82,25.93,14.89,375.78
WM000000514,1,SKU-0006,1,176.27,18.00,10.84,169.11
WM000000517,1,SKU-0050,1,427.19,50.86,20.09,396.42
WM000000517,2,SKU-0107,1,337.67,3.74,17.21,351.14
WM000000519,1,SKU-0079,1,35.77,1.07,2.28,36.98
WM000000523,1,SKU-0085,3,160.08,19.39,40.48,501.33
WM000000523,2,SKU-0072,1,164.59,6.47,9.28,167.40
WM000000523,3,SKU-0042,1,377.83,1.47,22.61,398.97
WM000000524,1,SKU-0069,3,235.17,55.98,42.98,692.51
WM000000524,2,SKU-0075,2,25.85,0.80,4.57,55.47
WM000000524,3,SKU-0063,1,22.33,1.27,1.56,22.62
WM000000524,4,SKU-0051,2,95.02,21.36,7.25,175.93
WM000000525,1,SKU-0011,4,285.70,111.71,80.27,1111.36
WM000000530,1,SKU-0100,1,248.64,18.84,14.61,244.41
WM000000534,1,SKU-0106,1,87.13,3.90,3.93,87.16
WM000000534,2,SKU-0072,2,160.64,2.14,26.03,345.17
WM000000534,3,SKU-0087,1,171.70,13.27,10.78,169.21
WM000000543,1,SKU-0072,1,169.35,14.75,8.78,163.38
WM000000553,1,SKU-0118,2,216.39,24.05,19.22,427.95
WM000000553,2,SKU-0040,1,233.45,4.61,20.13,248.97
WM000000555,1,SKU-0026,1,265.61,12.30,22.42,275.73
WM000000555,2,SKU-0002,3,152.26,47.92,28.73,437.59
WM000000557,1,SKU-0099,2,157.85,12.38,17.94,321.26
WM000000557,2,SKU-0113,1,161.08,12.11,9.43,158.40
WM000000559,1,SKU-0088,1,142.98,11.38,7.54,139.14
WM000000559,2,SKU-0012,1,65.53,2.17,3.29,66.65
WM000000560,1,SKU-0049,2,221.75,29.36,21.82,435.96
WM000000560,2,SKU-0063,1,23.54,0.87,1.81,24.48
WM000000560,3,SKU-0081,2,49.36,2.79,8.02,103.95
WM000000560,4,SKU-0112,4,220.73,74.27,65.58,874.23
WM000000561,1,SKU-0093,4,297.64,31.33,77.12,1236.35
WM000000561,2,SKU-0032,1,194.07,22.27,12.62,184.42
WM000000569,1,SKU-0100,1,260.89,3.99,10.65,267.55
WM000000569,2,SKU-0091,1,168.27,3.99,14.23,178.51
WM000000581,1,SKU-0088,1,135.80,7.73,7.81,135.88
WM000000585,1,SKU-0018,2,168.24,29.34,14.51,321.65
WM000000585,2,SKU-0098,1,362.39,7.70,30.00,384.69
WM000000587,1,SKU-0012,1,70.86,6.25,5.80,70.41
WM000000588,1,SKU-0103,1,325.00,28.90,18.39,314.49
WM000000588,2,SKU-0116,1,436.23,46.21,21.35,411.37
WM000000590,1,SKU-0085,4,151.75,42.76,37.83,602.07
WM000000590,2,SKU-0086,1,23.20,0.56,1.16,23.80
WM000000592,1,SKU-0061,2,212.31,31.02,18.70,412.30
WM000000592,2,SKU-0070,1,221.39,17.17,8.87,213.09
WM000000597,1,SKU-0057,1,457.77,4.63,21.64,474.78
WM000000597,2,SKU-0102,1,18.63,0.60,1.20,19.23
WM000000597,3,SKU-0056,2,253.13,21.36,28.56,513.46
WM000000597,4,SKU-0016,3,113.66,16.22,18.01,342.77
WM000000598,1,SKU-0086,3,21.97,6.32,4.37,63.96
WM000000602,1,SKU-0031,4,297.83,41.92,60.49,1209.89
WM000000602,2,SKU-0092,1,15.98,0.90,1.15,16.23
WM000000606,1,SKU-0022,4,224.45,76.60,54.43,875.63
WM000000606,2,SKU-0087,1,185.09,1.16,16.13,200.06
WM000000608,1,SKU-0120,1,251.87,0.28,20.73,272.32
WM000000612,1,SKU-0063,3,26.34,8.07,4.59,75.54
WM000000612,2,SKU-0037,3,69.69,15.82,11.90,205.15
WM000000614,1,SKU-0083,1,159.17,6.07,7.54,160.64
WM000000616,1,SKU-0089,2,24.45,1.18,1.91,49.63
WM000000625,1,SKU-0009,1,169.75,6.34,12.18,175.59
WM000000626,1,SKU-0023,1,169.51,14.77,12.75,167.49
WM000000626,2,SKU-0060,1,246.25,2.58,14.30,257.97
WM000000626,3,SKU-0062,2,15.49,0.88,1.51,31.61
WM000000634,1,SKU-0099,1,172.91,20.69,9.61,161.83
WM000000634,2,SKU-0112,1,206.26,17.23,14.46,203.49
WM000000644,1,SKU-0119,3,236.78,19.00,37.29,728.63
WM000000644,2,SKU-0002,1,141.25,11.46,9.44,139.23
WM000000649,1,SKU-0086,1,22.56,0.87,1.28,22.97
WM000000649,2,SKU-0052,2,248.50,53.94,26.75,469.81
WM000000651,1,SKU-0082,1,250.38,22.09,9.80,238.09
WM000000651,2,SKU-0050,1,370.74,6.66,15.11,379.19
WM000000660,1,SKU-0077,1,250.26,0.38,16.85,266.73
WM000000660,2,SKU-0024,2,29.96,2.85,4.75,61.82
WM000000660,3,SKU-0095,1,68.31,3.41,4.21,69.11
WM000000665,1,SKU-0022,1,213.76,10.88,15.47,218.35
WM000000669,1,SKU-0080,2,86.21,17.54,8.58,163.46
WM000000672,1,SKU-0111,1,251.09,28.37,11.41,234.13
WM000000676,1,SKU-0008,1,45.24,1.92,3.48,46.80
WM000000676,2,SKU-0064,2,26.99,1.19,2.63,55.42
WM000000683,1,SKU-0046,1,135.99,11.08,8.87,133.78
WM000000687,1,SKU-0017,1,67.30,2.62,3.20,67.88
WM000000689,1,SKU-0114,1,204.34,13.87,12.57,203.04
WM000000689,2,SKU-0078,1,173.54,5.10,10.83,179.27
WM000000689,3,SKU-0049,1,211.81,15.37,9.68,206.12
WM000000691,1,SKU-0067,4,50.67,11.49,16.21,207.40
WM000000691,2,SKU-0082,3,287.69,31.50,46.58,878.15
WM000000691,3,SKU-0063,2,23.17,0.10,1.90,48.14
WM000000691,4,SKU-0073,4,121.44,39.77,36.32,482.31
WM000000694,1,SKU-0110,1,70.56,2.51,6.04,74.09
WM000000694,2,SKU-0010,1,334.48,35.63,19.18,318.03
WM000000694,3,SKU-0050,1,386.41,3.14,16.41,399.68
WM000000694,4,SKU-0072,3,160.89,12.61,32.83,502.89
WM000000698,1,SKU-0102,2,20.51,3.68,2.77,40.11
WM000000699,1,SKU-0087,1,179.97,7.73,10.63,182.87
WM000000700,1,SKU-0016,1,123.34,6.28,6.80,123.86
WM000000706,1,SKU-0112,1,206.68,10.52,10.63,206.79
WM000000710,1,SKU-0097,2,156.83,3.01,18.24,328.89
WM000000714,1,SKU-0114,2,203.78,11.10,34.71,431.17
WM000000716,1,SKU-0019,5,45.55,2.78,9.07,234.04
WM000000724,1,SKU-0074,3,124.82,24.55,29.83,379.74
WM000000724,2,SKU-0098,1,337.13,33.26,16.38,320.25
WM000000729,1,SKU-0003,1,32.49,0.47,2.67,34.69
WM000000729,2,SKU-0092,1,17.17,1.45,0.75,16.47
WM000000734,1,SKU-0044,1,242.74,12.72,20.65,250.67
WM000000754,1,SKU-0010,4,328.45,17.40,68.84,1365.24
WM000000762,1,SKU-0102,1,19.19,0.37,0.79,19.61
WM000000762,2,SKU-0037,1,72.55,2.59,3.05,73.01
WM000000766,1,SKU-0090,2,261.65,56.56,34.18,500.92
WM000000768,1,SKU-0053,1,362.63,22.58,29.46,369.51
WM000000768,2,SKU-0094,1,284.53,14.90,18.17,287.80
WM000000769,1,SKU-0108,3,154.56,36.98,22.67,449.37
WM000000769,2,SKU-0036,1,304.60,23.96,11.29,291.93
WM000000780,1,SKU-0097,1,174.69,20.01,13.30,167.98
WM000000783,1,SKU-0031,3,328.29,3.77,70.77,1051.87
WM000000787,1,SKU-0025,1,137.04,12.07,7.01,131.98
WM000000787,2,SKU-0089,1,26.78,1.46,1.78,27.10
WM000000789,1,SKU-0120,4,253.45,71.70,50.28,992.38
WM000000790,1,SKU-0104,5,201.05,61.55,75.86,1019.56
WM000000792,1,SKU-0111,1,228.53,26.68,11.99,213.84
WM000000792,2,SKU-0067,1,53.54,4.29,2.36,51.61
WM000000792,3,SKU-0060,1,230.65,19.25,11.27,222.67
WM000000795,1,SKU-0054,2,226.79,26.66,31.51,458.43
WM000000798,1,SKU-0112,1,213.30,2.79,17.86,228.37
WM000000798,2,SKU-0041,1,350.00,34.61,24.98,340.37
WM000000799,1,SKU-0056,2,267.71,45.46,27.99,517.95
WM000000802,1,SKU-0016,2,127.94,9.63,11.47,257.72
WM000000802,2,SKU-0051,1,97.07,4.49,4.99,97.57
WM000000803,1,SKU-0088,3,138.61,26.16,16.33,406.00
WM000000803,2,SKU-0099,1,169.03,16.52,11.88,164.39
WM000000808,1,SKU-0059,2,137.95,16.40,17.95,277.45
WM000000808,2,SKU-0020,1,216.13,0.37,18.56,234.32
WM000000809,1,SKU-0011,1,282.74,0.94,18.39,300.19
WM000000816,1,SKU-0023,1,180.68,8.98,6.92,178.62
WM000000816,2,SKU-0055,1,29.27,3.26,1.58,27.59
WM000000816,3,SKU-0005,1,103.01,10.55,8.31,100.77
WM000000816,4,SKU-0084,2,337.89,15.34,33.42,693.86
WM000000817,1,SKU-0030,1,214.33,12.25,9.75,211.83
WM000000822,1,SKU-0103,2,312.24,61.47,33.03,596.04
WM000000822,2,SKU-0105,1,112.46,4.01,7.95,116.40
WM000000822,3,SKU-0044,3,246.68,80.66,48.64,708.02
WM000000822,4,SKU-0023,2,158.72,22.26,18.70,313.88
WM000000823,1,SKU-0029,3,125.81,44.57,16.54,349.40
WM000000823,2,SKU-0044,1,274.84,11.69,18.36,281.51
WM000000823,3,SKU-0077,1,290.07,19.80,21.31,291.58
WM000000823,4,SKU-0088,1,142.39,4.40,9.37,147.36
WM000000823,5,SKU-0100,2,259.32,11.38,32.56,539.82
WM000000832,1,SKU-0097,1,157.85,5.96,8.88,160.77
WM000000832,2,SKU-0120,1,254.92,6.21,12.79,261.50
WM000000832,3,SKU-0073,1,126.71,3.82,4.98,127.87
WM000000832,4,SKU-0110,3,65.43,4.27,11.79,203.81
WM000000837,1,SKU-0005,1,92.60,9.67,5.99,88.92
WM000000839,1,SKU-0014,2,374.50,52.93,41.87,737.94
WM000000839,2,SKU-0039,1,97.82,11.06,5.65,92.41
WM000000839,3,SKU-0110,2,67.06,15.98,5.63,123.77
WM000000839,4,SKU-0092,2,15.68,3.65,1.99,29.70
WM000000846,1,SKU-0058,3,282.20,76.97,41.39,811.02
WM000000850,1,SKU-0049,1,225.25,16.03,10.37,219.59
WM000000853,1,SKU-0006,1,176.70,12.45,8.43,172.68
WM000000853,2,SKU-0048,2,180.79,28.24,24.81,358.15
WM000000853,3,SKU-0061,1,209.59,0.37,17.33,226.55
WM000000853,4,SKU-0042,3,373.97,108.38,68.87,1082.40
WM000000853,5,SKU-0112,1,225.28,6.22,8.86,227.92
WM000000855,1,SKU-0041,2,312.65,33.17,38.70,630.83
WM000000855,2,SKU-0002,2,144.69,11.47,11.38,289.29
WM000000856,1,SKU-0047,3,16.61,5.54,2.01,46.30
WM000000856,2,SKU-0087,2,173.99,10.51,22.31,359.78
WM000000858,1,SKU-0101,1,175.68,18.69,10.02,167.01
WM000000858,2,SKU-0055,1,31.45,3.40,2.10,30.15
WM000000864,1,SKU-0072,2,165.48,1.62,29.48,358.82
WM000000864,2,SKU-0052,1,278.95,28.21,13.74,264.48
WM000000876,1,SKU-0024,1,34.27,3.72,1.39,31.94
WM000000876,2,SKU-0088,1,148.65,8.26,11.55,151.94
WM000000879,1,SKU-0066,1,72.15,5.61,4.34,70.88
WM000000879,2,SKU-0083,2,179.78,29.53,27.76,357.79
WM000000879,3,SKU-0109,1,353.01,25.65,13.53,340.89
WM000000879,4,SKU-0092,1,17.55,0.92,1.36,17.99
WM000000882,1,SKU-0071,1,291.90,27.77,19.44,283.57
WM000000882,2,SKU-0007,1,237.15,0.61,15.14,251.68
WM000000882,3,SKU-0100,5,264.98,43.64,51.28,1332.54
WM000000885,1,SKU-0114,2,203.14,1.16,34.51,439.63
WM000000885,2,SKU-0029,1,140.97,12.03,6.15,135.09
WM000000885,3,SKU-0076,1,98.51,4.66,7.18,101.03
WM000000886,1,SKU-0084,2,397.31,92.14,50.85,753.33
WM000000886,2,SKU-0034,1,368.04,9.57,16.20,374.67
WM000000888,1,SKU-0098,4,357.54,54.96,75.60,1450.80
WM000000902,1,SKU-0061,1,217.02,6.54,13.58,224.06
WM000000902,2,SKU-0087,4,181.89,39.28,39.65,727.93
WM000000906,1,SKU-0111,2,251.73,39.87,39.29,502.88
WM000000912,1,SKU-0051,1,103.42,6.35,7.85,104.92
WM000000912,2,SKU-0071,2,317.62,49.92,24.93,610.25
WM000000922,1,SKU-0049,2,243.82,34.56,33.94,487.02
WM000000926,1,SKU-0057,1,456.13,38.70,27.83,445.26
WM000000926,2,SKU-0031,1,304.54,9.44,21.40,316.50
WM000000926,3,SKU-0030,3,228.30,9.95,43.77,718.72
WM000000930,1,SKU-0098,1,336.06,13.82,16.67,338.91
WM000000932,1,SKU-0111,1,240.89,13.01,14.33,242.21
WM000000937,1,SKU-0105,1,109.86,11.87,8.22,106.21
WM000000940,1,SKU-0057,3,479.47,163.66,93.04,1367.79
WM000000940,2,SKU-0012,3,66.07,14.18,16.03,200.06
WM000000947,1,SKU-0098,1,342.58,6.27,18.09,354.40
WM000000947,2,SKU-0094,2,274.78,15.63,24.25,558.18
WM000000947,3,SKU-0104,1,194.26,2.25,8.60,200.61
WM000000950,1,SKU-0042,1,428.03,42.76,31.39,416.66
WM000000953,1,SKU-0064,1,23.41,2.45,1.67,22.63
WM000000953,2,SKU-0089,2,23.83,3.59,3.30,47.37
WM000000953,3,SKU-0088,1,139.35,11.10,9.59,137.84
WM000000953,4,SKU-0054,1,231.52,3.47,18.26,246.31
WM000000953,5,SKU-0066,1,80.74,2.69,3.72,81.77
WM000000954,1,SKU-0107,1,367.16,39.27,16.46,344.35
WM000000954,2,SKU-0082,1,289.55,4.19,17.23,302.59
WM000000954,3,SKU-0008,1,45.79,4.57,3.10,44.32
WM000000958,1,SKU-0025,4,132.13,16.61,37.61,549.52
WM000000964,1,SKU-0074,2,110.11,4.38,9.99,225.83
WM000000969,1,SKU-0009,2,158.33,19.61,14.43,311.48
WM000000973,1,SKU-0102,1,20.89,1.20,1.00,20.69
WM000000973,2,SKU-0022,4,219.68,22.20,52.88,909.40
WM000000973,3,SKU-0075,1,27.06,2.98,1.47,25.55
WM000000973,4,SKU-0107,3,368.96,86.12,43.38,1064.14
WM000000975,1,SKU-0113,1,151.80,7.35,11.61,156.06
WM000000975,2,SKU-0089,1,24.04,1.09,1.52,24.47
WM000000975,3,SKU-0093,2,264.56,45.77,28.22,511.57
WM000000979,1,SKU-0112,2,219.77,9.47,17.22,447.29
WM000000979,2,SKU-0054,1,214.41,19.72,8.56,203.25
WM000000979,3,SKU-0044,3,253.69,79.47,33.12,714.72
WM000000989,1,SKU-0009,1,171.23,16.07,13.46,168.62
WM000000990,1,SKU-0067,1,55.54,4.25,3.47,54.76
WM000000995,1,SKU-0065,4,154.68,43.29,27.20,602.63
WM000000995,2,SKU-0005,1,103.37,0.99,4.42,106.80
WM000000998,1,SKU-0071,1,315.23,3.55,26.92,338.60
WM000000998,2,SKU-0042,3,433.73,91.57,96.86,1306.48
WM000000998,3,SKU-0051,1,98.77,2.01,6.47,103.23
WM000001001,1,SKU-0082,1,284.20,22.67,18.79,280.32
WM000001001,2,SKU-0063,1,25.61,0.56,1.99,27.04
WM000001002,1,SKU-0082,1,285.61,16.88,20.13,288.86
WM000001004,1,SKU-0050,1,380.78,5.28,20.32,395.82
WM000001007,1,SKU-0096,2,33.50,6.73,5.16,65.43
WM000001007,2,SKU-0081,1,47.37,3.98,2.85,46.24
WM000001012,1,SKU-0058,1,264.98,21.94,17.87,260.91
WM000001012,2,SKU-0051,1,94.60,4.53,4.38,94.45
WM000001015,1,SKU-0009,2,155.21,17.20,22.39,315.61
WM000001015,2,SKU-0011,1,253.39,6.46,22.12,269.05
WM000001015,3,SKU-0106,1,92.34,2.48,4.39,94.25
WM000001015,4,SKU-0093,2,292.93,59.17,25.47,552.16
WM000001016,1,SKU-0037,4,62.84,24.12,15.83,243.07
WM000001016,2,SKU-0078,2,153.96,10.88,21.33,318.37
WM000001022,1,SKU-0039,1,96.31,9.63,5.71,92.39
WM000001022,2,SKU-0120,4,270.23,94.83,73.14,1059.23
WM000001029,1,SKU-0069,1,237.05,3.34,12.77,246.48
WM000001030,1,SKU-0108,1,144.84,10.87,9.52,143.49
WM000001030,2,SKU-0066,1,74.82,4.90,4.13,74.05
WM000001030,3,SKU-0104,1,189.06,7.86,7.42,188.62
WM000001043,1,SKU-0060,4,260.07,94.05,48.56,994.79
WM000001043,2,SKU-0075,1,29.01,2.97,1.04,27.08
WM000001047,1,SKU-0020,1,231.55,15.24,16.42,232.73
WM000001054,1,SKU-0049,2,221.19,36.47,28.69,434.60
WM000001055,1,SKU-0110,1,68.20,6.85,5.12,66.47
WM000001055,2,SKU-0042,2,375.86,57.60,47.14,741.26
WM000001055,3,SKU-0120,1,269.07,14.49,11.56,266.14
WM000001056,1,SKU-0108,1,142.81,15.06,7.67,135.42
WM000001056,2,SKU-0119,1,250.51,3.72,18.78,265.57
WM000001056,3,SKU-0028,3,73.12,0.37,9.30,228.29
WM000001056,4,SKU-0029,1,123.49,7.51,6.65,122.63
WM000001056,5,SKU-0071,3,296.47,33.46,61.60,917.55
WM000001058,1,SKU-0096,1,32.58,0.91,2.79,34.46
WM000001058,2,SKU-0058,1,261.32,13.73,22.12,269.71
WM000001058,3,SKU-0048,2,184.88,35.60,23.67,357.83
WM000001065,1,SKU-0034,2,379.08,75.39,29.65,712.42
WM000001066,1,SKU-0095,1,73.95,1.40,6.45,79.00
WM000001066,2,SKU-0004,2,127.53,13.01,11.21,253.26
WM000001066,3,SKU-0027,1,64.00,1.00,4.99,67.99
WM000001069,1,SKU-0004,1,116.39,2.12,8.13,122.40
WM000001069,2,SKU-0074,2,114.33,11.77,12.16,229.05
WM000001087,1,SKU-0042,1,412.49,33.68,25.44,404.25
WM000001088,1,SKU-0006,1,173.05,6.59,8.87,175.33
WM000001088,2,SKU-0010,1,335.35,27.89,19.33,326.79
WM000001094,1,SKU-0077,4,271.21,122.61,50.27,1012.50
WM000001098,1,SKU-0052,2,247.28,36.81,33.23,490.98
WM000001098,2,SKU-0116,1,451.19,13.97,22.45,459.67
WM000001103,1,SKU-0068,1,75.61,8.22,5.39,72.78
WM000001108,1,SKU-0019,1,49.09,3.43,3.23,48.89
WM000001108,2,SKU-0064,1,26.59,2.26,1.22,25.55
WM000001108,3,SKU-0102,1,20.48,0.81,1.36,21.03
WM000001119,1,SKU-0005,2,94.26,3.35,10.30,195.47
WM000001119,2,SKU-0018,1,165.85,11.40,12.70,167.15
WM000001125,1,SKU-0053,4,342.71,42.84,75.63,1403.63
WM000001126,1,SKU-0114,3,216.48,12.30,32.80,669.94
WM000001129,1,SKU-0002,4,135.23,19.92,31.03,552.03
WM000001129,2,SKU-0103,1,311.28,10.31,22.20,323.17
WM000001138,1,SKU-0051,1,95.73,4.98,6.35,97.10
WM000001138,2,SKU-0001,2,329.08,35.69,41.53,664.00
WM000001143,1,SKU-0056,2,261.61,21.01,23.20,525.41
WM000001145,1,SKU-0076,4,110.51,40.12,27.58,429.50
WM000001148,1,SKU-0087,1,172.85,11.36,8.65,170.14
WM000001148,2,SKU-0032,1,183.87,12.15,7.68,179.40
WM000001148,3,SKU-0048,2,195.56,34.32,28.10,384.90
WM000001153,1,SKU-0023,1,171.98,10.33,8.68,170.33
WM000001153,2,SKU-0085,1,148.81,10.53,7.94,146.22
WM000001166,1,SKU-0058,1,257.25,4.00,22.32,275.57
WM000001168,1,SKU-0071,2,303.15,54.12,26.53,578.71
WM000001170,1,SKU-0045,1,84.50,7.52,3.18,80.16
WM000001172,1,SKU-0075,1,27.28,1.76,1.27,26.79
WM000001176,1,SKU-0117,1,98.94,7.41,5.82,97.35
WM000001178,1,SKU-0111,2,236.28,9.69,26.23,489.10
WM000001178,2,SKU-0113,3,163.92,34.57,32.68,489.87
WM000001182,1,SKU-0083,1,180.69,3.74,7.58,184.53
WM000001183,1,SKU-0040,1,213.25,1.67,12.18,223.76
WM000001183,2,SKU-0120,4,290.83,39.92,82.13,1205.53
WM000001183,3,SKU-0033,1,110.09,9.71,6.13,106.51
WM000001184,1,SKU-0109,1,386.83,30.49,21.01,377.35
WM000001194,1,SKU-0104,1,189.76,13.59,12.06,188.23
WM000001198,1,SKU-0100,2,263.85,30.19,27.00,524.51
WM000001198,2,SKU-0119,1,265.42,16.81,15.02,263.63
WM000001198,3,SKU-0008,1,41.73,1.10,3.17,43.80
WM000001200,1,SKU-0109,2,369.28,75.60,56.79,719.75
WM000001207,1,SKU-0107,1,362.11,39.08,29.00,352.03
WM000001207,2,SKU-0005,1,100.13,11.12,4.66,93.67
WM000001207,3,SKU-0103,2,360.59,77.73,34.57,678.02
WM000001211,1,SKU-0006,1,175.17,10.83,7.92,172.26
WM000001211,2,SKU-0113,3,162.27,1.33,22.57,508.05
WM000001212,1,SKU-0061,1,207.47,13.74,10.01,203.74
WM000001212,2,SKU-0114,1,207.13,0.67,9.07,215.53
WM000001212,3,SKU-0081,1,49.82,4.56,3.90,49.16
WM000001212,4,SKU-0019,2,44.69,0.32,7.25,96.31
WM000001213,1,SKU-0011,1,268.34,6.51,16.48,278.31
WM000001213,2,SKU-0081,1,49.52,0.21,3.55,52.86
WM000001213,3,SKU-0098,1,307.59,34.57,20.39,293.41
WM000001215,1,SKU-0110,1,63.90,1.01,2.80,65.69
WM000001215,2,SKU-0114,1,220.76,23.73,13.88,210.91
WM000001215,3,SKU-0036,2,274.87,54.05,34.39,530.08
WM000001216,1,SKU-0103,1,320.00,38.11,17.17,299.06
WM000001216,2,SKU-0038,2,278.13,49.89,36.28,542.65
WM000001216,3,SKU-0118,1,210.82,18.80,12.63,204.65
WM000001216,4,SKU-0090,1,257.04,15.86,12.28,253.46
WM000001216,5,SKU-0035,1,155.46,9.01,7.50,153.95
WM000001220,1,SKU-0058,3,261.66,82.34,60.68,763.32
WM000001220,2,SKU-0072,2,169.55,8.40,28.64,359.34
WM000001223,1,SKU-0110,1,68.89,7.78,5.21,66.32
WM000001224,1,SKU-0112,1,218.22,6.90,17.05,228.37
WM000001224,2,SKU-0094,2,306.59,67.78,45.02,590.42
WM000001224,3,SKU-0044,1,268.34,18.76,14.47,264.05
WM000001225,1,SKU-0080,2,98.00,2.13,12.23,206.10
WM000001236,1,SKU-0067,2,50.29,3.69,7.83,104.72
WM000001236,2,SKU-0088,2,143.76,8.79,13.98,292.71
WM000001237,1,SKU-0077,1,264.98,8.53,13.27,269.72
WM000001237,2,SKU-0081,2,45.81,10.19,6.37,87.80
WM000001237,3,SKU-0021,4,114.00,42.40,17.87,431.47
WM000001238,1,SKU-0104,2,196.55,22.86,30.70,400.94
WM000001238,2,SKU-0084,1,342.96,11.26,24.14,355.84
WM000001240,1,SKU-0084,1,349.98,2.14,16.26,364.10
WM000001242,1,SKU-0021,3,109.65,18.89,22.88,332.94
WM000001242,2,SKU-0004,2,132.97,9.60,13.88,270.22
WM000001245,1,SKU-0016,2,126.23,9.02,13.27,256.71
WM000001245,2,SKU-0018,1,159.48,6.33,12.54,165.69
WM000001249,1,SKU-0019,1,46.35,2.08,3.77,48.04
WM000001249,2,SKU-0059,2,120.66,1.86,19.21,258.67
WM000001254,1,SKU-0105,1,111.36,9.32,6.08,108.12
WM000001259,1,SKU-0024,1,35.18,0.85,1.78,36.11
WM000001259,2,SKU-0038,1,266.41,5.44,12.17,273.14
WM000001259,3,SKU-0043,1,138.22,4.81,11.77,145.18
WM000001260,1,SKU-0075,1,29.00,1.30,2.05,29.75
WM000001261,1,SKU-0091,1,171.55,8.94,13.84,176.45
WM000001263,1,SKU-0101,3,179.32,26.15,44.94,556.75
WM000001263,2,SKU-0036,2,296.09,45.73,37.42,583.87
WM000001263,3,SKU-0009,2,161.71,3.74,27.15,346.83
WM000001263,4,SKU-0001,2,354.90,6.83,28.55,731.52
WM000001269,1,SKU-0059,1,118.96,3.53,7.92,123.35
WM000001269,2,SKU-0042,2,432.40,75.11,51.68,841.37
WM000001269,3,SKU-0046,1,139.79,3.29,7.59,144.09
WM000001271,1,SKU-0111,1,236.82,10.05,10.57,237.34
WM000001271,2,SKU-0013,1,306.06,18.38,23.19,310.87
WM000001271,3,SKU-0090,2,274.56,36.55,42.54,555.11
WM000001278,1,SKU-0068,1,78.60,3.46,6.62,81.76
WM000001278,2,SKU-0069,1,217.30,5.49,13.44,225.25
WM000001278,3,SKU-0076,1,103.19,11.05,7.87,100.01
WM000001285,1,SKU-0065,1,131.93,2.19,8.51,138.25
WM000001285,2,SKU-0024,1,33.13,1.93,2.74,33.94
WM000001285,3,SKU-0020,2,229.49,9.46,24.45,473.97
WM000001285,4,SKU-0031,1,296.00,5.55,24.87,315.32
WM000001287,1,SKU-0064,1,27.21,1.71,2.23,27.73
WM000001287,2,SKU-0049,1,226.07,6.81,11.84,231.10
WM000001287,3,SKU-0031,1,345.23,5.08,28.27,368.42
WM000001288,1,SKU-0018,2,167.13,38.26,26.62,322.62
WM000001294,1,SKU-0083,2,157.59,32.56,11.82,294.44
WM000001298,1,SKU-0030,1,218.02,1.77,12.26,228.51
WM000001301,1,SKU-0025,1,119.61,12.92,9.18,115.87
WM000001310,1,SKU-0017,2,69.17,14.07,10.41,134.68
WM000001310,2,SKU-0112,4,204.56,79.10,37.67,776.81
WM000001310,3,SKU-0029,1,141.03,1.08,9.79,149.74
WM000001321,1,SKU-0092,1,17.02,1.56,0.89,16.35
WM000001327,1,SKU-0106,1,98.75,5.49,5.60,98.86
WM000001327,2,SKU-0008,1,45.04,5.39,2.12,41.77
WM000001327,3,SKU-0101,1,159.07,5.15,13.43,167.35
WM000001327,4,SKU-0114,1,216.66,22.82,16.45,210.29
WM000001328,1,SKU-0090,2,264.74,24.66,22.55,527.37
WM000001332,1,SKU-0040,3,241.85,35.90,45.73,735.38
WM000001334,1,SKU-0014,2,371.75,26.70,55.77,772.57
WM000001334,2,SKU-0113,1,144.84,1.64,6.41,149.61
WM000001336,1,SKU-0020,1,248.37,7.91,16.76,257.22
WM000001344,1,SKU-0074,1,121.89,8.02,6.67,120.54
WM000001344,2,SKU-0091,1,182.05,12.63,13.58,183.00
WM000001344,3,SKU-0004,1,123.22,0.25,5.54,128.51
WM000001346,1,SKU-0115,1,273.01,4.50,11.03,279.54
WM000001347,1,SKU-0067,1,54.34,4.72,2.54,52.16
WM000001347,2,SKU-0081,3,43.42,12.47,8.26,126.05
WM000001347,3,SKU-0079,1,33.35,0.97,2.47,34.85
WM000001351,1,SKU-0040,3,222.85,44.35,55.69,679.89
WM000001351,2,SKU-0097,1,175.33,7.49,13.54,181.38
WM000001351,3,SKU-0060,1,243.72,0.73,10.47,253.46
WM000001354,1,SKU-0045,2,85.34,17.09,9.52,163.11
WM000001360,1,SKU-0019,2,45.47,1.16,5.10,94.88
WM000001360,2,SKU-0110,1,68.98,1.05,4.90,72.83
WM000001360,3,SKU-0036,2,282.34,55.93,37.52,546.27
WM000001363,1,SKU-0105,2,103.74,17.34,14.44,204.58
WM000001363,2,SKU-0005,3,96.15,27.59,15.40,276.26
WM000001364,1,SKU-0012,1,70.92,5.84,2.64,67.72
WM000001365,1,SKU-0058,2,283.94,10.30,37.99,595.57
WM000001368,1,SKU-0003,2,34.88,6.95,2.58,65.39
WM000001369,1,SKU-0083,1,182.69,5.78,12.63,189.54
WM000001369,2,SKU-0064,1,26.89,1.72,1.61,26.78
WM000001369,3,SKU-0013,3,314.01,34.88,69.53,976.68
WM000001369,4,SKU-0075,1,27.47,0.40,1.81,28.88
WM000001370,1,SKU-0092,1,14.84,1.25,1.21,14.80
WM000001370,2,SKU-0027,1,60.55,0.25,3.05,63.35
WM000001370,3,SKU-0086,1,22.29,2.24,1.49,21.54
WM000001374,1,SKU-0027,2,64.72,2.48,9.51,136.47
WM000001380,1,SKU-0041,1,329.79,25.27,21.17,325.69
WM000001380,2,SKU-0057,1,422.64,38.11,30.40,414.93
WM000001380,3,SKU-0046,1,138.74,8.06,11.33,142.01
WM000001386,1,SKU-0039,1,100.07,3.26,7.49,104.30
WM000001391,1,SKU-0005,4,107.00,5.49,37.56,460.07
WM000001391,2,SKU-0057,2,475.76,23.79,83.07,1010.80
WM000001391,3,SKU-0084,1,379.64,21.45,16.77,374.96
WM000001408,1,SKU-0040,2,247.71,53.68,39.37,481.11
WM000001408,2,SKU-0058,1,288.92,4.95,11.90,295.87
WM000001408,3,SKU-0051,2,99.35,22.94,7.91,183.67
WM000001409,1,SKU-0078,2,180.76,20.71,14.35,355.16
WM000001409,2,SKU-0086,2,23.53,5.53,2.29,43.82
WM000001414,1,SKU-0003,1,30.75,2.96,2.28,30.07
WM000001415,1,SKU-0018,1,168.98,18.69,10.79,161.08
WM000001415,2,SKU-0116,1,448.99,5.58,23.00,466.41
WM000001415,3,SKU-0094,1,301.58,27.59,24.64,298.63
WM000001416,1,SKU-0090,1,262.52,1.72,18.27,279.07
WM000001416,2,SKU-0118,1,209.44,9.15,12.78,213.07
WM000001420,1,SKU-0057,2,450.47,96.47,64.51,868.98
WM000001420,2,SKU-0100,3,273.14,66.73,38.74,791.43
WM000001420,3,SKU-0019,2,47.37,8.79,4.43,90.38
WM000001422,1,SKU-0027,3,62.53,11.84,7.59,183.34
WM000001426,1,SKU-0057,2,491.40,100.68,37.77,919.89
WM000001426,2,SKU-0092,1,17.44,1.77,1.12,16.79
WM000001426,3,SKU-0008,2,47.34,2.65,5.87,97.90
WM000001426,4,SKU-0075,1,25.58,1.67,1.46,25.37
WM000001429,1,SKU-0020,2,237.09,49.24,30.63,455.57
WM000001432,1,SKU-0065,1,132.80,8.94,9.77,133.63
WM000001432,2,SKU-0053,1,340.88,32.72,16.77,324.93
WM000001442,1,SKU-0060,1,235.49,16.68,15.23,234.04
WM000001449,1,SKU-0101,1,161.65,14.80,6.72,153.57
WM000001449,2,SKU-0115,1,261.77,27.34,15.76,250.19
WM000001457,1,SKU-0038,1,282.79,15.38,12.22,279.63
WM000001464,1,SKU-0094,1,312.17,16.68,14.31,309.80
WM000001464,2,SKU-0012,1,69.83,1.67,4.72,72.88
WM000001469,1,SKU-0012,1,72.89,3.26,4.72,74.35
WM000001469,2,SKU-0029,1,141.48,2.11,10.42,149.79
WM000001469,3,SKU-0034,1,384.87,8.02,23.10,399.95
WM000001470,1,SKU-0003,1,30.83,1.09,1.34,31.08
WM000001470,2,SKU-0100,1,237.04,5.08,12.33,244.29
WM000001470,3,SKU-0041,1,342.18,23.66,13.33,331.85
WM000001470,4,SKU-0118,2,212.91,33.06,20.58,413.34
WM000001472,1,SKU-0033,3,123.29,10.05,26.17,385.99
WM000001472,2,SKU-0005,3,103.38,16.25,21.63,315.52
WM000001475,1,SKU-0025,3,125.40,22.49,21.70,375.41
WM000001475,2,SKU-0117,2,101.37,9.03,8.16,201.87
WM000001484,1,SKU-0069,1,242.20,13.84,20.19,248.55
WM000001485,1,SKU-0031,2,301.10,43.49,31.53,590.24
WM000001492,1,SKU-0105,2,105.29,5.50,13.64,218.72
WM000001498,1,SKU-0018,2,156.33,31.21,17.05,298.50
WM000001498,2,SKU-0034,2,351.38,31.83,36.42,707.35
WM000001498,3,SKU-0037,1,69.11,3.21,2.78,68.68
WM000001500,1,SKU-0105,2,108.69,19.84,8.13,205.67
WM000001500,2,SKU-0034,1,360.44,14.29,22.98,369.13
WM000001501,1,SKU-0059,1,116.48,13.65,7.78,110.61
WM000001501,2,SKU-0063,4,22.99,5.69,5.19,91.46
WM000001507,1,SKU-0081,3,46.27,5.22,7.08,140.67
WM000001507,2,SKU-0034,2,354.54,62.06,46.83,693.85
WM000001507,3,SKU-0002,2,146.23,0.30,20.39,312.55
WM000001512,1,SKU-0053,2,368.86,36.29,49.61,751.04
WM000001523,1,SKU-0019,1,42.54,0.80,2.67,44.41
WM000001524,1,SKU-0050,1,370.61,18.91,24.26,375.96
WM000001525,1,SKU-0109,2,347.59,38.67,39.76,696.27
WM000001534,1,SKU-0111,1,237.10,19.70,11.28,228.68
WM000001539,1,SKU-0008,1,47.59,1.22,3.66,50.03
WM000001541,1,SKU-0031,1,305.90,29.20,13.62,290.32
WM000001541,2,SKU-0114,1,233.95,10.25,10.20,233.90
WM000001541,3,SKU-0079,3,32.02,5.29,7.08,97.85
WM000001541,4,SKU-0069,1,233.22,25.64,13.20,220.78
WM000001541,5,SKU-0072,1,165.49,15.37,6.72,156.84
WM000001544,1,SKU-0055,2,31.30,7.04,2.65,58.21
WM000001544,2,SKU-0014,2,382.33,58.51,29.41,735.56
WM000001549,1,SKU-0107,1,393.25,33.54,18.61,378.32
WM000001549,2,SKU-0085,3,166.38,0.85,36.13,534.42
WM000001549,3,SKU-0018,1,150.49,7.58,8.12,151.03
WM000001550,1,SKU-0098,1,360.99,32.88,21.01,349.12
WM000001569,1,SKU-0058,1,280.02,20.63,18.63,278.02
WM000001572,1,SKU-0098,1,356.89,26.29,25.77,356.37
WM000001572,2,SKU-0029,1,131.11,10.33,8.37,129.15
WM000001581,1,SKU-0037,4,68.20,11.27,20.75,282.28
WM000001582,1,SKU-0115,2,245.37,53.27,34.23,471.70
WM000001591,1,SKU-0077,2,260.84,50.53,39.66,510.81
WM000001595,1,SKU-0044,1,255.70,10.06,10.30,255.94
WM000001595,2,SKU-0107,2,371.85,39.18,53.40,757.92
WM000001597,1,SKU-0019,1,46.04,0.95,1.96,47.05
WM000001599,1,SKU-0008,1,43.84,4.60,2.09,41.33
WM000001599,2,SKU-0070,2,236.77,22.17,18.40,469.77
WM000001599,3,SKU-0010,3,325.47,115.87,73.95,934.49
WM000001599,4,SKU-0063,1,26.52,0.67,1.45,27.30
WM000001605,1,SKU-0118,1,200.62,8.95,11.06,202.73
WM000001605,2,SKU-0099,2,159.01,4.38,15.23,328.87
WM000001605,3,SKU-0029,2,131.98,25.92,15.42,253.46
WM000001610,1,SKU-0020,1,235.11,13.10,17.41,239.42
WM000001614,1,SKU-0008,3,42.68,10.61,5.57,123.00
WM000001617,1,SKU-0114,1,212.63,9.19,18.05,221.49
WM000001617,2,SKU-0079,1,33.46,3.25,1.34,31.55
WM000001617,3,SKU-0105,2,117.48,10.61,11.82,236.17
WM000001623,1,SKU-0019,4,50.26,17.05,13.40,197.39
WM000001626,1,SKU-0117,2,97.25,3.29,14.46,205.67
WM000001626,2,SKU-0089,1,27.25,2.04,2.02,27.23
WM000001626,3,SKU-0108,4,147.05,54.03,46.74,580.91
WM000001628,1,SKU-0016,4,126.92,21.42,20.62,506.88
WM000001629,1,SKU-0056,4,269.25,51.49,65.39,1090.90
WM000001629,2,SKU-0075,1,25.96,0.35,1.37,26.98
WM000001629,3,SKU-0085,2,150.94,14.27,18.95,306.56
WM000001632,1,SKU-0107,2,337.53,52.88,38.50,660.68
WM000001632,2,SKU-0034,1,361.27,39.82,16.72,338.17
WM000001632,3,SKU-0098,2,354.40,55.36,46.00,699.44
WM000001633,1,SKU-0007,3,235.47,71.32,27.43,662.52
WM000001633,2,SKU-0061,2,194.75,46.06,23.69,367.13
WM000001633,3,SKU-0087,1,178.90,2.93,8.87,184.84
WM000001644,1,SKU-0101,1,158.76,14.77,6.97,150.96
WM000001644,2,SKU-0034,2,369.53,11.57,53.54,781.03
WM000001646,1,SKU-0074,2,122.28,11.68,18.42,251.30
WM000001646,2,SKU-0031,1,317.32,32.89,14.21,298.64
WM000001646,3,SKU-0079,1,36.16,3.10,1.86,34.92
WM000001650,1,SKU-0065,3,135.77,30.17,29.92,407.06
WM000001651,1,SKU-0084,1,345.24,26.44,27.56,346.36
WM000001653,1,SKU-0062,2,14.49,0.70,2.08,30.36
WM000001653,2,SKU-0058,2,253.79,55.83,32.69,484.44
WM000001662,1,SKU-0064,1,23.60,1.25,0.95,23.30
WM000001668,1,SKU-0090,2,275.18,64.07,32.32,518.61
WM000001668,2,SKU-0079,1,32.77,1.54,2.12,33.35
WM000001668,3,SKU-0068,1,86.19,6.02,4.03,84.20
WM000001670,1,SKU-0077,1,255.61,18.29,11.07,248.39
WM000001670,2,SKU-0044,2,272.07,38.79,38.36,543.71
WM000001670,3,SKU-0101,1,160.92,7.60,6.98,160.30
WM000001674,1,SKU-0049,2,218.58,14.11,32.52,455.57
WM000001675,1,SKU-0071,1,298.68,21.02,18.09,295.75
WM000001677,1,SKU-0049,1,212.33,16.56,14.25,210.02
WM000001677,2,SKU-0091,3,181.87,14.56,46.81,577.86
WM000001681,1,SKU-0021,1,123.39,1.98,9.37,130.78
WM000001681,2,SKU-0112,1,216.22,5.66,10.52,221.08
WM000001681,3,SKU-0117,3,94.96,27.08,13.00,270.80
WM000001681,4,SKU-0032,1,188.16,2.20,9.53,195.49
WM000001681,5,SKU-0017,4,72.16,23.22,21.75,287.17
WM000001686,1,SKU-0027,3,68.04,6.55,8.13,205.70
WM000001689,1,SKU-0041,3,341.74,84.60,45.80,986.42
WM000001689,2,SKU-0003,1,35.18,2.18,2.80,35.80
WM000001692,1,SKU-0096,1,32.85,3.68,1.76,30.93
WM000001692,2,SKU-0074,3,109.99,20.38,21.25,330.84
WM000001692,3,SKU-0116,1,435.38,34.94,30.01,430.45
WM000001694,1,SKU-0061,4,214.73,45.91,47.77,860.78
WM000001694,2,SKU-0045,2,84.18,8.40,13.39,173.35
WM000001694,3,SKU-0083,1,173.89,18.83,10.91,165.97
WM000001694,4,SKU-0117,1,96.44,7.99,6.19,94.64
WM000001695,1,SKU-0025,3,126.84,2.46,28.41,406.47
WM000001695,2,SKU-0069,3,228.87,25.35,28.64,689.90
WM000001695,3,SKU-0099,1,161.03,17.86,6.32,149.49
WM000001698,1,SKU-0095,2,72.53,2.54,8.14,150.66
WM000001698,2,SKU-0066,2,70.97,1.54,7.45,147.85
WM000001698,3,SKU-0021,1,128.34,1.84,6.69,133.19
WM000001698,4,SKU-0072,2,154.47,3.16,18.59,324.37
WM000001699,1,SKU-0020,1,242.28,26.39,13.19,229.08
WM000001699,2,SKU-0072,3,168.84,26.80,31.65,511.37
WM000001704,1,SKU-0030,1,210.42,4.79,15.50,221.13
WM000001704,2,SKU-0040,1,253.64,24.66,14.41,243.39
WM000001704,3,SKU-0018,1,166.69,1.14,8.89,174.44
WM000001728,1,SKU-0033,4,123.92,10.86,33.36,518.18
WM000001733,1,SKU-0011,1,285.04,24.86,14.91,275.09
WM000001735,1,SKU-0114,1,239.70,11.86,16.88,244.72
WM000001744,1,SKU-0119,2,271.10,21.57,34.68,555.31
WM000001753,1,SKU-0120,1,284.66,21.81,18.61,281.46
WM000001753,2,SKU-0013,2,293.81,11.99,33.74,609.37
WM000001755,1,SKU-0004,1,129.37,12.52,9.91,126.76
WM000001755,2,SKU-0024,1,35.11,0.98,2.70,36.83
WM000001760,1,SKU-0010,2,331.59,55.40,31.05,638.83
WM000001760,2,SKU-0076,1,102.10,8.19,4.07,97.98
WM000001769,1,SKU-0086,2,21.45,2.39,1.92,42.43
WM000001769,2,SKU-0017,1,74.98,1.52,3.02,76.48
WM000001769,3,SKU-0071,1,334.40,10.71,20.01,343.70
WM000001770,1,SKU-0088,4,132.35,36.29,32.14,525.25
WM000001770,2,SKU-0029,1,123.46,9.61,5.70,119.55
WM000001770,3,SKU-0024,1,33.18,2.97,1.63,31.84
WM000001771,1,SKU-0079,1,31.96,0.95,2.19,33.20
WM000001771,2,SKU-0078,2,175.58,16.72,14.74,349.18
WM000001771,3,SKU-0071,1,343.43,15.46,27.28,355.25
WM000001773,1,SKU-0086,1,20.24,2.22,1.28,19.30
WM000001773,2,SKU-0106,2,99.22,3.89,11.65,206.20
WM000001773,3,SKU-0114,3,222.06,14.95,50.96,702.19
WM000001774,1,SKU-0103,2,366.78,72.49,45.92,706.99
WM000001774,2,SKU-0058,1,273.80,24.81,18.42,267.41
WM000001784,1,SKU-0090,1,257.77,27.56,18.45,248.66
WM000001784,2,SKU-0079,1,33.63,3.56,1.59,31.66
WM000001784,3,SKU-0099,1,170.06,10.14,10.31,170.23
WM000001784,4,SKU-0055,1,31.42,0.39,1.43,32.46
WM000001785,1,SKU-0020,1,241.46,12.60,18.42,247.28
WM000001785,2,SKU-0041,1,340.17,3.39,18.46,355.24
WM000001797,1,SKU-0117,2,102.48,17.42,13.01,200.55
WM000001807,1,SKU-0052,2,266.72,57.66,23.32,499.10
WM000001808,1,SKU-0052,2,283.31,38.39,22.61,550.84
WM000001809,1,SKU-0014,2,334.78,31.05,41.03,679.54
WM000001810,1,SKU-0021,1,113.89,6.13,6.00,113.76
WM000001810,2,SKU-0037,2,64.58,8.80,5.72,126.08
WM000001814,1,SKU-0048,2,180.92,9.62,29.24,381.46
WM000001816,1,SKU-0116,2,448.33,36.76,68.96,928.86
WM000001816,2,SKU-0068,4,74.67,20.08,21.99,300.59
WM000001816,3,SKU-0106,1,90.21,8.86,5.77,87.12
WM000001817,1,SKU-0116,1,405.24,29.24,16.48,392.48
WM000001817,2,SKU-0059,1,118.24,9.59,7.86,116.51
WM000001818,1,SKU-0069,1,249.02,20.46,18.35,246.91
WM000001824,1,SKU-0106,2,98.18,12.11,12.45,196.70
WM000001829,1,SKU-0010,3,296.03,52.90,40.86,876.05
WM000001830,1,SKU-0028,1,82.56,9.28,4.63,77.91
WM000001832,1,SKU-0038,2,259.02,54.41,31.35,494.98
WM000001837,1,SKU-0008,2,45.51,9.11,5.39,87.30
WM000001837,2,SKU-0113,2,171.25,25.91,18.85,335.44
WM000001838,1,SKU-0049,2,212.03,22.17,22.71,424.60
WM000001838,2,SKU-0002,2,157.86,32.90,22.29,305.11
WM000001841,1,SKU-0106,2,97.23,15.57,14.07,192.96
WM000001845,1,SKU-0044,1,246.32,23.14,14.20,237.38
WM000001849,1,SKU-0065,1,148.17,10.35,5.69,143.51
WM000001851,1,SKU-0029,1,145.76,2.29,8.07,151.54
WM000001854,1,SKU-0050,2,369.00,12.69,39.79,765.10
WM000001863,1,SKU-0062,1,15.36,1.02,0.95,15.29
WM000001863,2,SKU-0064,1,27.35,2.39,1.56,26.52
WM000001863,3,SKU-0016,2,123.47,8.50,15.69,254.13
WM000001871,1,SKU-0077,3,247.79,74.76,32.80,701.41
WM000001871,2,SKU-0035,4,142.78,59.02,35.93,548.03
WM000001871,3,SKU-0052,1,260.90,0.79,13.54,273.65
WM000001871,4,SKU-0007,1,243.91,8.24,13.59,249.26
WM000001871,5,SKU-0060,1,231.11,0.72,9.47,239.86
WM000001872,1,SKU-0090,1,254.09,19.89,16.07,250.27
WM000001874,1,SKU-0071,2,334.16,52.69,40.84,656.47
WM000001877,1,SKU-0099,2,177.25,14.22,22.93,363.21
WM000001886,1,SKU-0069,4,230.97,30.02,74.19,968.05
WM000001886,2,SKU-0011,2,276.65,7.65,24.09,569.74
WM000001896,1,SKU-0081,3,49.73,4.13,9.65,154.71
WM000001896,2,SKU-0021,1,127.57,2.04,11.19,136.72
WM000001897,1,SKU-0120,1,275.48,12.39,21.03,284.12
WM000001899,1,SKU-0069,2,236.51,42.45,28.96,459.53
WM000001901,1,SKU-0040,2,218.96,45.02,23.26,416.16
WM000001901,2,SKU-0067,1,50.00,1.35,4.34,52.99
WM000001901,3,SKU-0074,1,126.50,4.91,6.76,128.35
WM000001906,1,SKU-0039,2,94.93,14.29,8.06,183.63
WM000001913,1,SKU-0095,2,64.21,14.86,7.35,120.91
WM000001913,2,SKU-0025,1,125.63,11.93,6.53,120.23
WM000001915,1,SKU-0085,1,159.73,1.66,11.83,169.90
WM000001915,2,SKU-0014,1,375.45,32.22,16.98,360.21
WM000001915,3,SKU-0001,4,386.71,2.99,75.55,1619.40
WM000001915,4,SKU-0088,1,140.90,14.18,7.05,133.77
WM000001915,5,SKU-0086,2,21.61,2.12,3.19,44.29
WM000001916,1,SKU-0054,1,214.84,7.82,14.82,221.84
WM000001919,1,SKU-0046,2,128.15,24.63,17.09,248.76
WM000001921,1,SKU-0104,2,183.86,26.21,18.32,359.83
WM000001923,1,SKU-0026,1,266.67,12.38,12.15,266.44
WM000001923,2,SKU-0036,2,289.58,58.33,35.19,556.02
WM000001923,3,SKU-0021,2,111.95,13.53,11.88,222.25
WM000001923,4,SKU-0119,2,235.97,20.90,25.80,476.84
WM000001923,5,SKU-0020,3,226.30,30.84,50.76,698.82
WM000001924,1,SKU-0079,3,36.25,1.02,8.40,116.13
WM000001924,2,SKU-0019,1,47.06,3.66,3.62,47.02
WM000001924,3,SKU-0104,1,197.09,9.07,8.51,196.53
WM000001930,1,SKU-0003,1,32.72,1.04,1.94,33.62
WM000001930,2,SKU-0045,1,86.07,4.76,6.16,87.47
WM000001930,3,SKU-0070,1,254.46,28.67,18.09,243.88
WM000001930,4,SKU-0022,1,222.56,5.20,11.71,229.07
WM000001940,1,SKU-0002,1,141.95,1.36,11.18,151.77
WM000001945,1,SKU-0007,1,240.55,23.60,11.05,228.00
WM000001949,1,SKU-0049,1,236.73,4.92,20.66,252.47
WM000001949,2,SKU-0005,3,99.78,18.36,18.38,299.36
WM000001949,3,SKU-0107,1,350.39,12.30,27.81,365.90
WM000001949,4,SKU-0009,1,171.47,19.66,10.26,162.07
WM000001950,1,SKU-0010,1,337.70,14.78,19.47,342.39
WM000001950,2,SKU-0110,2,65.01,13.91,7.05,123.16
WM000001951,1,SKU-0049,1,242.45,6.43,20.48,256.50
WM000001951,2,SKU-0088,1,130.41,15.26,8.16,123.31
WM000001961,1,SKU-0045,2,80.27,6.54,8.90,162.90
WM000001961,2,SKU-0066,1,77.28,7.45,3.57,73.40
WM000001967,1,SKU-0098,3,362.77,58.84,71.76,1101.23
WM000001968,1,SKU-0109,3,399.41,93.52,47.26,1151.97
WM000001968,2,SKU-0113,2,153.33,19.11,15.23,302.78
WM000001968,3,SKU-0021,1,126.31,11.38,8.38,123.31
WM000001968,4,SKU-0063,1,23.47,0.38,1.18,24.27
WM000001972,1,SKU-0048,1,192.46,2.13,12.59,202.92
WM000001972,2,SKU-0094,1,285.38,31.49,13.81,267.70
WM000001977,1,SKU-0067,1,52.72,2.04,4.20,54.88
WM000001977,2,SKU-0025,1,128.60,8.39,5.66,125.87
WM000001977,3,SKU-0071,3,316.78,32.91,70.09,987.52
WM000001977,4,SKU-0049,2,234.20,9.43,26.09,485.06
WM000001980,1,SKU-0044,1,246.33,0.73,16.66,262.26
WM000001980,2,SKU-0078,1,156.88,4.06,12.42,165.24
WM000001989,1,SKU-0012,1,69.68,3.84,3.28,69.12
WM000001989,2,SKU-0071,1,314.50,4.27,19.72,329.95
WM000001989,3,SKU-0061,1,208.32,9.06,13.65,212.91
WM000001990,1,SKU-0104,1,188.01,4.31,7.36,191.06
WM000001992,1,SKU-0089,1,26.57,2.83,1.76,25.50
WM000001993,1,SKU-0080,1,95.46,7.21,3.92,92.17
WM000001996,1,SKU-0075,3,24.95,1.10,5.83,79.58
WM000001996,2,SKU-0095,1,71.06,8.19,3.49,66.36
WM000001997,1,SKU-0021,1,119.61,9.87,5.82,115.56
WM000002003,1,SKU-0003,1,30.64,1.65,1.79,30.78
WM000002003,2,SKU-0092,1,17.25,0.02,1.39,18.62
WM000002007,1,SKU-0069,3,221.68,0.36,35.46,700.14
WM000002017,1,SKU-0081,4,48.19,6.36,13.70,200.10
WM000002017,2,SKU-0011,1,254.54,23.68,14.94,245.80
WM000002017,3,SKU-0084,3,380.17,2.41,66.85,1204.95
WM000002017,4,SKU-0109,1,364.28,14.13,22.35,372.50
WM000002017,5,SKU-0080,1,94.27,0.23,7.00,101.04
WM000002021,1,SKU-0050,2,391.85,34.06,45.41,795.05
WM000002021,2,SKU-0044,1,246.06,20.43,15.06,240.69
WM000002021,3,SKU-0107,1,375.46,22.55,19.04,371.95
WM000002021,4,SKU-0060,1,226.65,19.77,16.79,223.67
WM000002023,1,SKU-0016,1,116.14,9.00,7.58,114.72
WM000002026,1,SKU-0051,2,93.04,10.69,10.38,185.77
WM000002037,1,SKU-0106,1,102.25,1.27,6.63,107.61
WM000002038,1,SKU-0059,1,125.31,7.54,7.95,125.72
WM000002042,1,SKU-0024,1,35.19,0.47,2.27,36.99
WM000002042,2,SKU-0081,4,49.56,5.14,16.76,209.86
WM000002046,1,SKU-0049,1,204.99,11.09,12.52,206.42
WM000002046,2,SKU-0063,1,22.32,0.47,1.75,23.60
WM000002046,3,SKU-0077,2,266.14,41.49,24.11,514.90
WM000002050,1,SKU-0083,1,162.02,1.81,9.86,170.07
WM000002054,1,SKU-0086,1,21.57,1.59,1.72,21.70
WM000002054,2,SKU-0114,1,216.96,11.90,9.31,214.37
WM000002056,1,SKU-0065,4,151.13,54.81,22.50,572.21
WM000002061,1,SKU-0040,1,220.54,26.01,11.08,205.61
WM000002061,2,SKU-0020,3,225.08,61.64,35.65,649.25
WM000002069,1,SKU-0097,2,177.45,10.23,26.74,371.41
WM000002069,2,SKU-0011,1,272.27,16.25,12.08,268.10
WM000002069,3,SKU-0110,1,71.36,8.30,4.26,67.32
WM000002069,4,SKU-0007,1,256.73,29.90,19.21,246.04
WM000002069,5,SKU-0029,3,127.34,18.22,15.90,379.70
WM000002071,1,SKU-0101,2,174.92,9.90,28.32,368.26
WM000002075,1,SKU-0107,1,378.54,45.28,23.19,356.45
WM000002076,1,SKU-0099,2,179.33,30.54,14.57,342.69
WM000002076,2,SKU-0036,1,293.05,33.03,18.42,278.44
WM000002076,3,SKU-0018,1,152.67,16.65,7.44,143.46
WM000002078,1,SKU-0020,1,241.38,15.70,12.04,237.72
WM000002078,2,SKU-0114,1,212.72,6.54,15.15,221.33
WM000002080,1,SKU-0050,1,413.97,21.76,23.99,416.20
WM000002080,2,SKU-0120,2,296.15,1.75,35.42,625.97
WM000002080,3,SKU-0059,1,131.12,15.15,5.27,121.24
WM000002080,4,SKU-0076,3,108.59,16.15,26.86,336.48
WM000002085,1,SKU-0076,1,109.63,12.28,7.61,104.96
WM000002085,2,SKU-0005,1,92.84,5.94,5.80,92.70
WM000002086,1,SKU-0070,1,252.14,15.67,16.99,253.46
WM000002089,1,SKU-0020,2,223.39,25.09,35.00,456.69
WM000002089,2,SKU-0052,4,271.85,52.59,46.70,1081.51
WM000002090,1,SKU-0062,1,16.36,0.24,1.38,17.50
WM000002101,1,SKU-0080,2,98.54,10.59,14.94,201.43
WM000002101,2,SKU-0098,3,323.38,71.04,80.81,979.91
WM000002101,3,SKU-0025,2,140.36,0.63,14.57,294.66
WM000002101,4,SKU-0113,3,144.24,49.57,18.98,402.13
WM000002101,5,SKU-0012,3,73.25,4.43,9.84,225.16
WM000002105,1,SKU-0098,1,364.58,22.04,16.97,359.51
WM000002106,1,SKU-0009,1,182.25,14.31,14.74,182.68
WM000002106,2,SKU-0028,2,76.65,8.14,10.14,155.30
WM000002106,3,SKU-0023,1,159.99,16.85,11.59,154.73
WM000002107,1,SKU-0079,1,34.60,1.38,1.35,34.57
WM000002107,2,SKU-0053,1,380.62,12.06,32.97,401.53
WM000002108,1,SKU-0014,2,381.37,42.74,58.00,778.00
WM000002110,1,SKU-0061,2,217.09,49.62,25.58,410.14
WM000002115,1,SKU-0091,1,179.59,16.05,10.23,173.77
WM000002123,1,SKU-0099,1,166.04,9.61,13.93,170.36
WM000002129,1,SKU-0101,2,158.87,0.85,22.39,339.28
WM000002129,2,SKU-0050,3,413.78,145.67,53.94,1149.61
WM000002131,1,SKU-0021,1,126.01,14.46,6.62,118.17
WM000002132,1,SKU-0060,1,224.41,10.70,19.01,232.72
WM000002132,2,SKU-0057,2,451.98,13.87,49.44,939.53
WM000002132,3,SKU-0092,2,17.34,3.14,2.71,34.25
WM000002134,1,SKU-0010,1,285.42,21.67,18.57,282.32
WM000002140,1,SKU-0112,2,206.15,6.77,34.98,440.51
WM000002149,1,SKU-0117,1,92.40,6.15,5.23,91.48
WM000002156,1,SKU-0108,1,146.01,2.00,6.11,150.12
WM000002162,1,SKU-0011,1,253.89,25.37,16.56,245.08
WM000002162,2,SKU-0059,1,125.55,3.22,5.96,128.29
WM000002162,3,SKU-0076,1,107.99,1.45,4.33,110.87
WM000002163,1,SKU-0031,1,298.75,13.71,22.62,307.66
WM000002163,2,SKU-0093,2,292.89,0.73,48.16,633.21
WM000002167,1,SKU-0020,1,210.07,11.23,17.16,216.00
WM000002168,1,SKU-0092,2,14.96,0.26,2.58,32.24
WM000002177,1,SKU-0109,1,406.80,35.64,32.65,403.81
WM000002177,2,SKU-0059,2,132.89,12.78,20.49,273.49
WM000002177,3,SKU-0074,1,109.93,3.89,7.51,113.55
WM000002177,4,SKU-0053,2,336.56,0.43,41.80,714.49
WM000002177,5,SKU-0025,2,132.19,5.10,21.07,280.35
WM000002180,1,SKU-0095,1,70.29,2.80,5.45,72.94
WM000002180,2,SKU-0079,1,34.46,1.46,2.72,35.72
WM000002181,1,SKU-0112,1,212.31,18.66,12.55,206.20
WM000002181,2,SKU-0004,1,116.49,3.52,9.75,122.72
WM000002182,1,SKU-0002,1,157.40,1.50,7.60,163.50
WM000002182,2,SKU-0108,1,151.25,6.38,11.52,156.39
WM000002183,1,SKU-0043,3,138.09,11.08,18.99,422.18
WM000002203,1,SKU-0004,1,130.20,6.39,9.40,133.21
WM000002203,2,SKU-0021,1,118.81,9.14,5.68,115.35
WM000002203,3,SKU-0038,1,258.16,30.26,9.23,237.13
WM000002207,1,SKU-0063,1,23.19,1.55,1.55,23.19
WM000002207,2,SKU-0024,1,34.72,3.99,1.63,32.36
WM000002208,1,SKU-0079,1,35.16,2.61,2.67,35.22
WM000002208,2,SKU-0074,1,119.23,12.22,6.34,113.35
WM000002209,1,SKU-0114,1,229.79,17.55,10.96,223.20
WM000002209,2,SKU-0098,3,352.34,22.56,47.75,1082.21
WM000002209,3,SKU-0112,2,211.41,17.13,24.45,430.14
WM000002210,1,SKU-0099,2,175.89,30.44,26.03,347.37
WM000002210,2,SKU-0057,1,469.48,39.41,17.48,447.55
WM000002210,3,SKU-0059,1,125.05,0.66,10.44,134.83
WM000002216,1,SKU-0096,1,28.58,2.95,1.51,27.14
WM000002216,2,SKU-0060,1,239.01,12.76,14.74,240.99
WM000002219,1,SKU-0082,1,290.86,4.89,16.75,302.72
WM000002220,1,SKU-0096,3,30.77,3.46,5.27,94.12
WM000002220,2,SKU-0010,2,335.43,29.67,31.04,672.23
WM000002223,1,SKU-0053,1,365.54,22.65,27.78,370.67
WM000002223,2,SKU-0104,2,198.23,33.25,23.91,387.12
WM000002229,1,SKU-0048,2,168.92,8.37,13.21,342.68
WM000002229,2,SKU-0089,1,25.00,1.06,1.33,25.27
WM000002229,3,SKU-0049,1,214.22,17.16,15.32,212.38
WM000002229,4,SKU-0077,1,288.84,31.79,23.04,280.09
WM000002238,1,SKU-0051,1,93.64,1.51,6.51,98.64
WM000002244,1,SKU-0055,4,31.61,14.21,5.91,118.14
WM000002245,1,SKU-0083,3,164.42,48.50,36.72,481.48
WM000002246,1,SKU-0112,4,215.64,19.71,47.88,890.73
WM000002246,2,SKU-0099,1,158.12,2.01,10.05,166.16
WM000002246,3,SKU-0016,2,114.34,20.35,10.07,218.40
WM000002246,4,SKU-0108,1,155.03,18.21,8.57,145.39
WM000002247,1,SKU-0087,1,195.57,1.31,16.05,210.31
WM000002253,1,SKU-0061,1,219.09,20.28,14.90,213.71
WM000002263,1,SKU-0112,4,202.75,64.78,62.97,809.19
WM000002263,2,SKU-0058,2,270.26,23.28,32.94,550.18
WM000002263,3,SKU-0016,1,124.58,3.89,8.78,129.47
WM000002265,1,SKU-0098,1,328.02,7.16,24.35,345.21
WM000002265,2,SKU-0024,3,33.27,0.94,8.81,107.68
WM000002269,1,SKU-0087,1,175.70,15.51,8.24,168.43
WM000002288,1,SKU-0027,2,63.09,12.85,8.20,121.53
WM000002289,1,SKU-0078,1,177.98,10.18,14.28,182.08
WM000002289,2,SKU-0067,2,55.06,9.25,6.40,107.27
WM000002291,1,SKU-0014,1,380.99,24.57,16.50,372.92
WM000002291,2,SKU-0052,1,281.06,20.34,14.27,274.99
WM000002297,1,SKU-0010,2,298.39,24.43,24.82,597.17
WM000002297,2,SKU-0026,2,248.46,44.83,33.95,486.04
WM000002307,1,SKU-0105,3,107.98,9.72,19.14,333.36
WM000002307,2,SKU-0019,1,45.23,0.94,2.94,47.23
WM000002307,3,SKU-0068,3,78.01,3.86,15.01,245.18
WM000002307,4,SKU-0070,2,216.62,37.82,22.33,417.75
WM000002320,1,SKU-0003,2,34.80,4.91,4.89,69.58
WM000002320,2,SKU-0008,1,45.36,0.43,2.20,47.13
WM000002325,1,SKU-0035,1,149.28,2.91,7.67,154.04
WM000002325,2,SKU-0048,1,179.64,12.76,13.08,179.96
WM000002325,3,SKU-0037,2,67.39,4.44,8.39,138.73
WM000002330,1,SKU-0052,1,265.46,17.94,17.75,265.27
WM000002337,1,SKU-0056,1,238.45,25.54,8.74,221.65
WM000002337,2,SKU-0057,1,462.06,19.77,19.35,461.64
WM000002337,3,SKU-0039,1,98.29,11.16,6.74,93.87
WM000002338,1,SKU-0081,2,48.77,7.03,7.90,98.41
WM000002338,2,SKU-0001,3,347.89,71.80,48.51,1020.38
WM000002338,3,SKU-0042,1,384.23,32.20,28.15,380.18
WM000002339,1,SKU-0010,2,300.78,24.06,44.95,622.45
WM000002339,2,SKU-0054,2,216.62,8.95,33.20,457.49
WM000002339,3,SKU-0098,2,308.98,48.84,37.34,606.46
WM000002339,4,SKU-0018,1,160.20,5.59,7.16,161.77
WM000002341,1,SKU-0095,4,71.48,23.48,21.62,284.06
WM000002343,1,SKU-0088,1,127.05,4.89,9.96,132.12
WM000002346,1,SKU-0040,3,217.67,6.07,38.15,685.09
WM000002359,1,SKU-0105,1,104.17,5.46,6.66,105.37
WM000002360,1,SKU-0047,1,16.99,1.59,1.31,16.71
WM000002362,1,SKU-0033,1,109.12,1.43,5.31,113.00
WM000002365,1,SKU-0011,2,268.93,49.68,31.06,519.24
WM000002366,1,SKU-0062,1,14.53,1.05,0.64,14.12
WM000002367,1,SKU-0017,4,68.50,10.82,22.76,285.94
WM000002367,2,SKU-0069,1,237.10,23.69,10.16,223.57
WM000002367,3,SKU-0116,3,402.48,0.01,105.67,1313.10
WM000002368,1,SKU-0034,1,362.57,42.61,28.18,348.14
WM000002369,1,SKU-0059,1,123.88,3.75,8.92,129.05
WM000002369,2,SKU-0053,1,327.48,5.26,14.18,336.40
WM000002373,1,SKU-0051,1,97.18,8.00,3.89,93.07
WM000002376,1,SKU-0050,1,426.39,12.19,25.77,439.97
WM000002378,1,SKU-0042,2,409.41,80.81,49.98,787.99
WM000002378,2,SKU-0106,1,94.00,7.58,3.62,90.04
WM000002381,1,SKU-0046,2,138.16,32.39,20.11,264.04
WM000002383,1,SKU-0068,1,76.52,2.29,4.37,78.60
WM000002383,2,SKU-0111,1,213.85,20.62,15.81,209.04
WM000002383,3,SKU-0037,1,66.78,2.45,3.02,67.35
WM000002384,1,SKU-0012,2,73.15,1.83,8.53,153.00
WM000002384,2,SKU-0085,1,166.23,5.05,14.19,175.37
WM000002384,3,SKU-0069,4,241.55,18.42,42.99,990.77
WM000002387,1,SKU-0018,1,165.37,10.15,11.92,167.14
WM000002389,1,SKU-0047,4,15.02,4.93,4.54,59.69
WM000002389,2,SKU-0033,1,105.89,11.03,7.35,102.21
WM000002389,3,SKU-0076,1,110.32,3.52,4.88,111.68
WM000002393,1,SKU-0029,1,136.15,15.22,9.44,130.37
WM000002393,2,SKU-0088,1,135.82,0.27,8.10,143.65
WM000002393,3,SKU-0043,2,156.98,24.47,22.07,311.56
WM000002398,1,SKU-0012,1,69.53,4.58,4.92,69.87
WM000002398,2,SKU-0116,1,393.14,4.46,25.17,413.85
WM000002398,3,SKU-0099,1,156.94,3.98,12.51,165.47
WM000002398,4,SKU-0017,1,72.91,4.55,5.54,73.90
WM000002398,5,SKU-0005,1,104.16,8.51,7.42,103.07
WM000002400,1,SKU-0001,3,354.49,120.06,56.40,999.81
WM000002405,1,SKU-0083,1,171.80,18.38,9.24,162.66
WM000002405,2,SKU-0047,3,14.68,0.38,3.61,47.27
WM000002405,3,SKU-0042,1,371.55,30.43,19.51,360.63
WM000002409,1,SKU-0078,1,179.87,17.19,9.38,172.06
WM000002409,2,SKU-0109,3,358.09,58.80,71.30,1086.77
WM000002409,3,SKU-0023,1,162.17,5.93,9.83,166.07
WM000002409,4,SKU-0057,1,496.54,20.32,30.49,506.71
WM000002409,5,SKU-0102,2,20.85,4.58,3.04,40.16
WM000002410,1,SKU-0111,1,221.46,11.33,16.32,226.45
WM000002410,2,SKU-0087,1,171.69,19.24,12.53,164.98
WM000002411,1,SKU-0095,2,69.66,5.51,9.81,143.62
WM000002411,2,SKU-0094,1,278.22,24.53,17.03,270.72
WM000002412,1,SKU-0041,1,357.45,42.70,17.34,332.09
WM000002412,2,SKU-0001,2,388.29,80.81,28.85,724.62
WM000002419,1,SKU-0079,1,32.90,1.17,2.73,34.46
WM000002423,1,SKU-0004,1,118.77,13.79,8.50,113.48
WM000002425,1,SKU-0010,1,322.93,26.33,13.82,310.42
WM000002425,2,SKU-0046,1,146.54,3.28,5.77,149.03
WM000002427,1,SKU-0086,2,20.99,0.42,2.29,43.85
WM000002427,2,SKU-0110,4,69.03,23.97,21.37,273.52
WM000002427,3,SKU-0115,1,280.37,10.86,23.08,292.59
WM000002454,1,SKU-0070,1,219.54,11.05,12.21,220.70
WM000002456,1,SKU-0094,1,306.11,12.60,12.67,306.18
WM000002462,1,SKU-0012,1,76.85,3.49,4.06,77.42
WM000002462,2,SKU-0072,2,158.87,1.09,20.69,337.34
WM000002470,1,SKU-0119,3,259.57,25.85,53.90,806.76
WM000002470,2,SKU-0024,1,34.84,0.68,2.97,37.13
WM000002470,3,SKU-0028,1,76.62,2.39,5.71,79.94
WM000002472,1,SKU-0065,1,151.93,11.45,7.71,148.19
WM000002472,2,SKU-0069,1,244.24,28.66,14.19,229.77
WM000002478,1,SKU-0119,3,271.45,55.81,35.77,794.31
WM000002478,2,SKU-0063,1,23.56,0.49,1.35,24.42
WM000002478,3,SKU-0040,1,246.62,21.31,16.76,242.07
WM000002478,4,SKU-0013,1,308.59,16.80,18.53,310.32
WM000002479,1,SKU-0025,2,119.63,25.68,12.31,225.89
WM000002479,2,SKU-0098,1,364.78,2.19,29.13,391.72
WM000002481,1,SKU-0111,2,230.69,45.13,20.32,436.57
WM000002482,1,SKU-0108,3,149.41,47.36,29.35,430.22
WM000002482,2,SKU-0054,1,218.35,25.78,16.23,208.80
WM000002493,1,SKU-0101,4,169.04,4.03,29.86,701.99
WM000002493,2,SKU-0075,2,25.36,2.05,2.27,50.94
WM000002499,1,SKU-0088,1,146.04,3.23,6.38,149.19
WM000002499,2,SKU-0009,1,176.32,15.12,8.99,170.19
WM000002499,3,SKU-0018,1,153.60,1.45,6.12,158.27
WM000002499,4,SKU-0012,1,70.64,5.57,3.27,68.34
WM000002500,1,SKU-0081,1,50.08,0.92,2.05,51.21
WM000002503,1,SKU-0014,2,343.10,35.07,28.22,679.35
WM000002517,1,SKU-0043,1,138.09,3.02,9.67,144.74
WM000002519,1,SKU-0097,2,171.57,20.22,19.69,342.61
WM000002519,2,SKU-0077,1,274.29,9.68,16.21,280.82
WM000002522,1,SKU-0022,1,228.12,22.46,12.39,218.05
WM000002522,2,SKU-0094,1,306.99,34.49,20.09,292.59
WM000002525,1,SKU-0094,2,279.61,49.86,35.24,544.60
WM000002525,2,SKU-0073,1,112.02,9.78,8.61,110.85
WM000002529,1,SKU-0056,3,266.89,86.90,55.70,769.47
WM000002529,2,SKU-0096,1,31.20,1.60,1.42,31.02
WM000002530,1,SKU-0081,5,46.42,8.75,15.59,238.94
WM000002530,2,SKU-0105,2,116.25,25.42,14.99,222.07
WM000002533,1,SKU-0086,2,20.55,2.06,1.69,40.73
WM000002533,2,SKU-0108,1,140.02,13.24,6.10,132.88
WM000002533,3,SKU-0038,1,240.11,15.20,17.89,242.80
WM000002533,4,SKU-0010,1,310.86,33.00,13.64,291.50
WM000002540,1,SKU-0097,1,156.77,12.93,6.48,150.32
WM000002540,2,SKU-0004,1,134.97,3.88,10.94,142.03
WM000002551,1,SKU-0102,1,19.09,1.36,0.78,18.51
WM000002558,1,SKU-0001,1,334.13,16.91,27.91,345.13
WM000002558,2,SKU-0091,1,176.15,1.02,11.01,186.14
WM000002558,3,SKU-0098,3,339.58,0.01,80.65,1099.38
WM000002561,1,SKU-0063,3,26.44,0.06,6.96,86.22
WM000002561,2,SKU-0104,1,203.49,5.99,12.06,209.56
WM000002564,1,SKU-0024,1,34.72,1.58,1.49,34.63
WM000002569,1,SKU-0120,1,279.09,10.14,19.72,288.67
WM000002569,2,SKU-0004,1,117.58,2.61,5.62,120.59
WM000002569,3,SKU-0015,1,235.61,2.68,12.34,245.27
WM000002569,4,SKU-0093,2,276.26,64.46,34.59,522.65
WM000002572,1,SKU-0053,1,365.84,1.57,14.85,379.12
WM000002576,1,SKU-0115,1,275.55,4.46,20.37,291.46
WM000002576,2,SKU-0118,1,221.29,24.09,16.63,213.83
WM000002576,3,SKU-0079,1,34.21,1.40,2.61,35.42
WM000002577,1,SKU-0009,2,170.24,34.17,26.40,332.71
WM000002577,2,SKU-0070,1,239.31,12.36,20.06,247.01
WM000002584,1,SKU-0094,1,274.98,11.23,18.33,282.08
WM000002586,1,SKU-0064,2,25.13,2.24,2.53,50.55
WM000002586,2,SKU-0114,4,216.77,46.68,41.44,861.84
WM000002590,1,SKU-0079,1,35.21,1.78,1.96,35.39
WM000002590,2,SKU-0030,1,208.28,6.68,9.28,210.88
WM000002590,3,SKU-0040,1,218.94,22.33,17.09,213.70
WM000002600,1,SKU-0054,1,241.41,21.43,17.40,237.38
WM000002600,2,SKU-0091,1,188.35,16.29,10.04,182.10
WM000002600,3,SKU-0039,2,90.95,21.48,7.54,167.96
WM000002600,4,SKU-0083,1,185.73,21.34,10.79,175.18
WM000002603,1,SKU-0048,1,191.77,22.86,9.77,178.68
WM000002605,1,SKU-0075,1,27.43,2.16,1.44,26.71
WM000002613,1,SKU-0090,2,267.69,19.23,43.62,559.77
WM000002615,1,SKU-0054,1,240.48,10.00,17.73,248.21
WM000002620,1,SKU-0115,3,283.18,89.40,65.12,825.26
WM000002620,2,SKU-0014,1,366.59,1.36,26.60,391.83
WM000002623,1,SKU-0086,1,20.14,0.74,1.71,21.11
WM000002623,2,SKU-0112,1,211.64,9.12,9.61,212.13
WM000002624,1,SKU-0053,1,353.43,35.98,27.77,345.22
WM000002627,1,SKU-0075,1,28.85,1.80,1.24,28.29
WM000002627,2,SKU-0120,1,297.11,10.73,22.34,308.72
WM000002627,3,SKU-0031,2,310.53,58.03,43.67,606.70
WM000002630,1,SKU-0001,1,363.52,5.72,29.48,387.28
WM000002630,2,SKU-0036,1,275.85,3.58,16.82,289.09
WM000002631,1,SKU-0017,3,68.27,7.43,14.67,212.05
WM000002631,2,SKU-0016,1,126.47,4.85,7.64,129.26
WM000002641,1,SKU-0087,1,199.30,12.01,15.90,203.19
WM000002644,1,SKU-0011,3,244.20,46.75,54.00,739.85
WM000002644,2,SKU-0020,1,243.13,7.53,20.45,256.05
WM000002645,1,SKU-0099,1,182.12,1.43,11.14,191.83
WM000002646,1,SKU-0095,2,64.26,15.37,7.75,120.90
WM000002646,2,SKU-0018,2,160.26,14.17,17.68,324.03
WM000002648,1,SKU-0022,1,219.98,24.86,8.03,203.15
WM000002648,2,SKU-0038,2,277.02,64.93,31.14,520.25
WM000002651,1,SKU-0089,1,26.20,1.21,1.23,26.22
WM000002660,1,SKU-0120,1,297.65,27.86,16.56,286.35
WM000002661,1,SKU-0091,2,159.01,8.09,18.65,328.58
WM000002661,2,SKU-0028,1,73.55,1.65,3.49,75.39
WM000002661,3,SKU-0087,2,178.39,16.91,22.10,361.97
WM000002665,1,SKU-0083,2,171.66,7.71,29.42,365.03
WM000002666,1,SKU-0076,1,97.26,10.93,3.82,90.15
WM000002666,2,SKU-0042,1,413.09,45.39,16.35,384.05
WM000002675,1,SKU-0062,1,16.48,0.24,0.81,17.05
WM000002678,1,SKU-0109,1,406.84,1.35,21.59,427.08
WM000002688,1,SKU-0113,3,150.44,51.55,32.62,432.39
WM000002688,2,SKU-0034,1,387.60,3.70,26.97,410.87
WM000002691,1,SKU-0114,2,234.23,16.43,36.58,488.61
WM000002691,2,SKU-0017,1,67.44,5.32,2.89,65.01
WM000002691,3,SKU-0117,1,102.80,4.06,6.30,105.04
WM000002693,1,SKU-0088,1,142.47,10.57,5.50,137.40
WM000002693,2,SKU-0021,1,117.10,12.39,4.36,109.07
WM000002699,1,SKU-0032,2,188.51,16.23,21.10,381.89
WM000002708,1,SKU-0004,2,120.15,3.61,9.77,246.46
WM000002708,2,SKU-0056,1,260.79,16.97,18.51,262.33
WM000002708,3,SKU-0099,1,172.67,10.38,14.21,176.50
WM000002713,1,SKU-0059,1,133.34,8.79,10.84,135.39
WM000002713,2,SKU-0032,2,179.36,10.33,30.00,378.39
WM000002713,3,SKU-0031,1,311.18,0.96,16.08,326.30
WM000002716,1,SKU-0033,3,106.99,26.46,14.05,308.56
WM000002716,2,SKU-0005,1,100.09,8.80,4.10,95.39
WM000002716,3,SKU-0111,2,226.52,39.49,25.34,438.89
WM000002716,4,SKU-0109,3,398.56,141.60,67.50,1121.58
WM000002720,1,SKU-0009,3,161.53,23.08,21.70,483.21
WM000002720,2,SKU-0107,1,351.83,24.52,13.67,340.98
WM000002720,3,SKU-0095,2,72.98,6.78,10.89,150.07
WM000002721,1,SKU-0025,4,140.12,20.26,42.79,583.01
WM000002721,2,SKU-0021,1,121.58,13.37,5.44,113.65
WM000002721,3,SKU-0014,1,364.47,42.26,24.23,346.44
WM000002721,4,SKU-0103,1,357.30,40.20,13.90,331.00
WM000002723,1,SKU-0021,1,129.72,5.59,5.35,129.48
WM000002723,2,SKU-0062,3,15.73,2.57,1.91,46.53
WM000002724,1,SKU-0049,1,218.55,18.50,13.79,213.84
WM000002724,2,SKU-0044,2,272.12,25.27,24.61,543.58
WM000002724,3,SKU-0070,1,232.87,0.65,12.49,244.71
WM000002724,4,SKU-0030,1,208.11,23.13,8.62,193.60
WM000002726,1,SKU-0115,3,279.55,33.35,55.67,860.97
WM000002727,1,SKU-0076,1,99.28,3.97,8.31,103.62
WM000002727,2,SKU-0038,3,262.62,91.18,50.66,747.34
WM000002731,1,SKU-0116,1,439.82,30.79,19.06,428.09
WM000002736,1,SKU-0001,2,373.89,9.58,63.68,801.88
WM000002736,2,SKU-0022,1,224.38,18.13,14.72,220.97
WM000002737,1,SKU-0011,1,254.84,24.74,11.61,241.71
WM000002740,1,SKU-0112,1,194.02,1.81,9.36,201.57
WM000002743,1,SKU-0003,2,33.12,0.80,3.02,68.46
WM000002743,2,SKU-0085,1,160.82,9.19,8.43,160.06
WM000002745,1,SKU-0027,1,60.14,2.70,3.27,60.71
WM000002745,2,SKU-0114,1,208.11,13.88,14.14,208.37
WM000002756,1,SKU-0092,1,15.77,1.03,1.08,15.82
WM000002756,2,SKU-0089,2,25.67,5.54,2.61,48.41
WM000002756,3,SKU-0078,2,167.18,27.18,20.36,327.54
WM000002763,1,SKU-0115,2,271.51,40.19,41.32,544.15
WM000002767,1,SKU-0103,2,347.71,43.74,32.99,684.67
WM000002778,1,SKU-0071,1,328.73,39.05,21.39,311.07
WM000002785,1,SKU-0071,1,321.03,3.51,26.79,344.31
WM000002792,1,SKU-0075,1,28.54,1.81,1.65,28.38
WM000002792,2,SKU-0081,1,50.64,2.16,3.75,52.23
WM000002793,1,SKU-0035,2,139.28,9.68,13.29,282.17
WM000002793,2,SKU-0086,1,21.48,1.75,0.96,20.69
WM000002795,1,SKU-0073,1,114.24,6.49,8.81,116.56
WM000002795,2,SKU-0091,1,185.20,15.33,8.61,178.48
WM000002795,3,SKU-0067,1,53.09,0.21,2.47,55.35
WM000002799,1,SKU-0108,1,141.12,1.67,6.96,146.41
WM000002799,2,SKU-0013,1,277.24,8.07,19.21,288.38
WM000002800,1,SKU-0073,1,130.03,6.17,5.21,129.07
WM000002800,2,SKU-0117,1,102.60,6.73,7.47,103.34
WM000002802,1,SKU-0098,1,327.93,30.59,17.09,314.43
WM000002805,1,SKU-0013,2,293.83,25.36,33.97,596.27
WM000002805,2,SKU-0070,2,215.85,29.71,20.28,422.27
WM000002805,3,SKU-0022,1,213.91,4.30,8.98,218.59
WM000002813,1,SKU-0063,1,23.42,2.68,1.41,22.15
WM000002816,1,SKU-0042,1,421.95,9.09,18.10,430.96
WM000002817,1,SKU-0033,1,106.92,10.75,7.00,103.17
WM000002824,1,SKU-0102,1,18.41,1.61,0.76,17.56
WM000002824,2,SKU-0076,1,100.54,1.01,6.55,106.08
WM000002824,3,SKU-0066,1,79.68,5.45,3.27,77.50
WM000002827,1,SKU-0040,1,245.75,9.53,11.89,248.11
WM000002830,1,SKU-0022,1,207.85,5.90,11.74,213.69
WM000002835,1,SKU-0082,1,252.96,25.06,18.11,246.01
WM000002835,2,SKU-0001,2,366.49,13.31,33.62,753.29
WM000002835,3,SKU-0058,2,249.24,32.98,27.49,492.99
WM000002838,1,SKU-0052,5,243.48,101.48,76.27,1192.19
WM000002841,1,SKU-0073,2,125.75,10.92,10.96,251.54
WM000002842,1,SKU-0024,1,30.43,2.64,1.13,28.92
WM000002846,1,SKU-0058,1,294.79,16.03,23.30,302.06
WM000002846,2,SKU-0053,1,363.85,9.48,16.64,371.01
WM000002853,1,SKU-0010,4,327.39,56.87,81.05,1333.74
WM000002859,1,SKU-0065,1,145.05,0.88,7.19,151.36
WM000002859,2,SKU-0102,2,18.43,0.26,2.85,39.45
WM000002878,1,SKU-0115,1,244.55,22.51,9.68,231.72
WM000002884,1,SKU-0041,2,355.97,32.06,58.67,738.55
WM000002886,1,SKU-0097,2,178.97,7.18,27.50,378.26
WM000002889,1,SKU-0076,2,102.89,10.18,9.04,204.64
WM000002889,2,SKU-0005,1,108.28,5.02,7.21,110.47
WM000002889,3,SKU-0062,1,16.50,1.38,0.78,15.90
WM000002889,4,SKU-0041,2,333.84,47.46,27.83,648.05
WM000002889,5,SKU-0078,1,172.22,15.64,7.36,163.94
WM000002891,1,SKU-0117,2,102.77,22.83,14.08,196.79
WM000002891,2,SKU-0013,2,326.18,21.76,37.28,667.88
WM000002891,3,SKU-0072,4,151.29,29.79,38.89,614.26
WM000002891,4,SKU-0055,1,28.85,0.05,2.18,30.98
WM000002893,1,SKU-0059,1,138.21,0.63,9.69,147.27
WM000002893,2,SKU-0055,1,30.77,0.61,2.40,32.56
WM000002899,1,SKU-0097,3,178.22,41.50,28.44,521.60
WM000002899,2,SKU-0105,4,101.41,42.61,15.09,378.12
WM000002907,1,SKU-0035,1,156.32,10.76,7.15,152.71
WM000002907,2,SKU-0014,1,376.07,14.25,30.29,392.11
WM000002907,3,SKU-0109,3,354.30,50.77,61.04,1073.17
WM000002911,1,SKU-0105,3,113.05,26.65,20.30,332.80
WM000002911,2,SKU-0060,2,231.48,13.70,39.02,488.28
WM000002916,1,SKU-0098,1,359.53,9.38,29.13,379.28
WM000002916,2,SKU-0046,1,145.68,2.56,6.72,149.84
WM000002916,3,SKU-0084,1,351.37,21.72,25.73,355.38
WM000002916,4,SKU-0059,1,126.19,8.26,5.63,123.56
WM000002916,5,SKU-0117,1,102.92,10.72,4.98,97.18
WM000002919,1,SKU-0014,3,373.27,85.14,61.73,1096.40
WM000002919,2,SKU-0017,1,75.60,6.26,4.26,73.60
WM000002919,3,SKU-0097,4,172.09,6.44,56.45,738.37
WM000002919,4,SKU-0107,2,377.96,59.17,46.39,743.14
WM000002923,1,SKU-0026,1,243.36,25.11,12.09,230.34
WM000002923,2,SKU-0037,1,66.57,7.39,2.66,61.84
WM000002923,3,SKU-0058,1,265.72,6.99,20.22,278.95
WM000002923,4,SKU-0038,2,241.53,18.33,39.79,504.52
WM000002923,5,SKU-0082,1,258.86,3.16,12.45,268.15
WM000002926,1,SKU-0068,4,84.58,32.05,18.18,324.45
WM000002934,1,SKU-0096,2,29.19,2.93,2.81,58.26
WM000002938,1,SKU-0097,1,160.98,13.77,10.71,157.92
WM000002946,1,SKU-0105,4,111.20,14.31,26.27,456.76
WM000002946,2,SKU-0035,2,151.43,3.44,12.69,312.11
WM000002946,3,SKU-0088,2,144.48,29.60,11.14,270.50
WM000002946,4,SKU-0026,1,269.06,26.30,17.97,260.73
WM000002947,1,SKU-0097,2,159.25,16.50,24.68,326.68
WM000002950,1,SKU-0021,2,124.50,15.50,10.70,244.20
WM000002950,2,SKU-0019,1,47.76,5.53,2.86,45.09
WM000002950,3,SKU-0051,1,88.86,3.00,5.59,91.45
WM000002956,1,SKU-0048,1,193.51,3.60,10.99,200.90
WM000002959,1,SKU-0008,1,48.72,1.60,2.82,49.94
WM000002961,1,SKU-0077,1,276.12,19.11,19.94,276.95
WM000002961,2,SKU-0073,1,113.88,7.76,8.90,115.02
WM000002965,1,SKU-0086,1,20.80,1.05,1.20,20.95
WM000002965,2,SKU-0094,1,290.26,24.53,15.16,280.89
WM000002969,1,SKU-0005,1,107.99,3.61,5.36,109.74
WM000002969,2,SKU-0114,1,213.08,15.52,14.34,211.90
WM000002972,1,SKU-0031,1,336.63,7.69,28.51,357.45
WM000002972,2,SKU-0041,3,341.95,88.27,40.54,978.12
WM000002973,1,SKU-0082,2,270.86,40.06,26.04,527.70
WM000002976,1,SKU-0060,2,243.95,55.22,21.23,453.91
WM000002977,1,SKU-0012,1,71.27,7.09,2.68,66.86
WM000002985,1,SKU-0014,3,350.85,56.62,83.31,1079.24
WM000002985,2,SKU-0110,4,65.09,12.98,11.07,258.45
WM000002986,1,SKU-0034,1,358.33,42.61,27.21,342.93
WM000002986,2,SKU-0115,1,282.38,17.47,12.93,277.84
WM000002987,1,SKU-0017,1,68.47,5.60,3.02,65.89
WM000002989,1,SKU-0003,1,32.39,0.96,1.82,33.25
WM000002994,1,SKU-0038,1,271.34,22.99,22.28,270.63
WM000002995,1,SKU-0046,2,148.47,25.35,18.05,289.64
WM000002995,2,SKU-0115,1,279.68,3.39,15.13,291.42
WM000002995,3,SKU-0085,1,166.81,9.33,10.06,167.54
WM000002998,1,SKU-0010,2,285.39,1.59,45.42,614.61
WM000002998,2,SKU-0017,1,64.78,2.85,3.40,65.33
WM000002999,1,SKU-0115,2,247.95,30.56,29.04,494.38
WM000003000,1,SKU-0075,1,25.89,0.74,2.24,27.39
WM000003000,2,SKU-0015,1,226.68,1.36,11.91,237.23
WM000003000,3,SKU-0060,1,221.85,17.32,16.54,221.07
WM000003006,1,SKU-0055,1,31.63,2.79,2.12,30.96
WM000003012,1,SKU-0114,1,210.54,6.16,10.17,214.55
WM000003012,2,SKU-0004,1,123.01,9.94,7.46,120.53
WM000003015,1,SKU-0079,1,35.24,3.55,1.37,33.06
WM000003021,1,SKU-0060,1,249.06,16.17,16.08,248.97
WM000003028,1,SKU-0052,2,257.34,60.18,20.84,475.34
WM000003030,1,SKU-0020,1,217.71,4.70,9.07,222.08
WM000003030,2,SKU-0016,1,121.29,5.61,6.82,122.50
WM000003032,1,SKU-0060,1,261.37,26.43,13.16,248.10
WM000003036,1,SKU-0025,2,126.43,19.74,18.09,251.21
WM000003038,1,SKU-0054,1,226.87,13.91,13.84,226.80
WM000003040,1,SKU-0042,1,389.97,15.64,15.87,390.20
WM000003040,2,SKU-0007,1,246.42,21.99,17.18,241.61
WM000003040,3,SKU-0077,2,273.93,9.06,46.75,585.55
WM000003051,1,SKU-0104,1,208.08,5.81,16.03,218.30
WM000003064,1,SKU-0115,3,259.99,9.91,47.73,817.79
WM000003070,1,SKU-0032,1,191.29,12.72,8.18,186.75
WM000003071,1,SKU-0097,2,180.89,19.55,14.44,356.67
WM000003078,1,SKU-0051,1,93.00,8.37,4.74,89.37
WM000003078,2,SKU-0049,3,239.16,52.47,37.52,702.53
WM000003084,1,SKU-0101,2,172.76,35.32,23.99,334.19
WM000003084,2,SKU-0063,2,25.11,1.54,3.55,52.23
WM000003085,1,SKU-0021,1,126.34,0.86,7.66,133.14
WM000003085,2,SKU-0007,1,260.23,1.21,21.28,280.30
WM000003087,1,SKU-0082,2,271.26,17.10,24.75,550.17
WM000003087,2,SKU-0019,3,48.81,2.65,7.98,151.76
WM000003096,1,SKU-0109,2,357.27,85.03,51.96,681.47
WM000003096,2,SKU-0083,1,163.82,9.00,13.57,168.39
WM000003096,3,SKU-0079,2,32.27,4.12,2.71,63.13
WM000003096,4,SKU-0117,1,99.94,7.85,5.57,97.66
WM000003104,1,SKU-0106,2,92.69,0.43,12.36,197.31
WM000003105,1,SKU-0027,2,70.44,6.99,10.47,144.36
WM000003105,2,SKU-0021,2,118.52,4.50,15.66,248.20
WM000003106,1,SKU-0081,1,46.73,4.52,3.63,45.84
WM000003107,1,SKU-0013,1,325.64,5.51,26.62,346.75
WM000003107,2,SKU-0091,1,186.24,13.43,9.93,182.74
WM000003119,1,SKU-0072,1,162.62,7.60,10.58,165.60
WM000003120,1,SKU-0068,1,76.34,6.10,5.80,76.04
WM000003120,2,SKU-0104,1,215.88,7.35,18.50,227.03
WM000003120,3,SKU-0023,1,174.40,0.45,7.42,181.37
WM000003122,1,SKU-0113,2,155.27,10.72,21.82,321.64
WM000003122,2,SKU-0084,3,357.04,19.33,88.10,1139.89
WM000003127,1,SKU-0047,2,14.94,2.98,1.30,28.20
WM000003127,2,SKU-0100,2,232.20,0.35,34.08,498.13
WM000003133,1,SKU-0044,2,273.88,62.92,38.07,522.91
WM000003134,1,SKU-0117,1,92.12,2.83,4.32,93.61
WM000003139,1,SKU-0095,1,74.83,4.98,5.48,75.33
WM000003139,2,SKU-0091,1,184.20,7.84,10.02,186.38
WM000003145,1,SKU-0010,1,295.79,0.94,22.63,317.48
WM000003147,1,SKU-0005,2,93.51,0.99,7.60,193.63
WM000003157,1,SKU-0051,2,88.65,18.94,6.59,164.95
WM000003164,1,SKU-0075,1,25.90,0.12,1.33,27.11
WM000003164,2,SKU-0104,3,203.39,69.08,35.19,576.28
WM000003167,1,SKU-0081,1,44.80,5.25,3.18,42.73
WM000003171,1,SKU-0023,1,159.82,10.15,10.34,160.01
WM000003173,1,SKU-0078,3,156.37,24.70,39.36,483.77
WM000003173,2,SKU-0108,1,150.17,1.79,6.38,154.76
WM000003173,3,SKU-0042,1,404.57,25.45,33.79,412.91
WM000003174,1,SKU-0056,1,249.40,4.73,17.58,262.25
WM000003174,2,SKU-0014,3,359.77,61.11,84.15,1102.35
WM000003176,1,SKU-0108,1,157.07,2.19,10.61,165.49
WM000003178,1,SKU-0062,1,14.65,0.84,0.80,14.61
WM000003178,2,SKU-0012,1,65.28,2.15,3.50,66.63
WM000003179,1,SKU-0061,3,212.46,1.36,40.40,676.42
WM000003179,2,SKU-0071,1,325.30,0.07,14.37,339.60
WM000003185,1,SKU-0002,1,141.71,4.91,9.82,146.62
WM000003190,1,SKU-0111,4,216.59,38.99,61.02,888.39
WM000003190,2,SKU-0072,1,171.79,7.80,14.03,178.02
WM000003192,1,SKU-0032,1,187.67,2.23,8.82,194.26
WM000003198,1,SKU-0095,1,74.12,7.06,4.64,71.70
WM000003198,2,SKU-0091,1,167.41,5.30,8.62,170.73
WM000003198,3,SKU-0025,4,127.73,49.33,34.50,496.09
WM000003200,1,SKU-0066,1,68.48,5.30,4.95,68.13
WM000003200,2,SKU-0054,1,219.93,15.67,14.68,218.94
WM000003203,1,SKU-0104,1,193.68,1.67,17.25,209.26
WM000003208,1,SKU-0088,1,129.94,8.48,10.07,131.53
WM000003208,2,SKU-0106,1,91.45,0.13,5.71,97.03
WM000003208,3,SKU-0046,1,147.82,14.59,7.71,140.94
WM000003208,4,SKU-0099,1,174.93,17.09,11.07,168.91
WM000003216,1,SKU-0071,3,330.98,22.68,43.96,1014.22
WM000003218,1,SKU-0096,1,32.33,2.80,2.60,32.13
WM000003219,1,SKU-0003,1,34.65,2.95,2.03,33.73
WM000003220,1,SKU-0090,2,270.48,25.71,30.72,545.97
WM000003221,1,SKU-0049,2,240.84,40.29,20.38,461.77
WM000003222,1,SKU-0035,1,137.80,2.89,11.06,145.97
WM000003222,2,SKU-0067,2,56.98,8.11,6.33,112.18
WM000003222,3,SKU-0060,1,242.02,26.75,12.87,228.14
WM000003227,1,SKU-0040,2,225.56,19.55,37.54,469.11
WM000003228,1,SKU-0107,1,396.14,17.00,19.57,398.71
WM000003228,2,SKU-0059,1,134.96,8.51,11.14,137.59
WM000003231,1,SKU-0084,3,354.57,58.05,72.52,1078.18
WM000003231,2,SKU-0066,2,80.68,15.46,7.95,153.85
WM000003231,3,SKU-0013,2,274.74,40.93,20.46,529.01
WM000003231,4,SKU-0024,2,35.11,1.86,2.93,71.29
WM000003239,1,SKU-0031,2,305.20,30.37,23.52,603.55
WM000003239,2,SKU-0106,1,99.39,4.71,4.99,99.67
WM000003243,1,SKU-0009,1,155.45,14.00,9.94,151.39
WM000003245,1,SKU-0051,3,97.72,18.13,24.00,299.03
WM000003246,1,SKU-0058,1,267.66,10.07,20.27,277.86
WM000003250,1,SKU-0007,1,246.71,16.18,17.22,247.75
WM000003250,2,SKU-0091,1,162.46,2.85,12.61,172.22
WM000003252,1,SKU-0029,1,130.80,1.95,6.06,134.91
WM000003260,1,SKU-0067,2,57.42,10.90,7.11,111.05
WM000003260,2,SKU-0054,1,233.03,14.00,18.88,237.91
WM000003263,1,SKU-0073,2,131.91,20.29,15.18,258.71
WM000003263,2,SKU-0052,1,276.59,30.20,14.93,261.32
WM000003267,1,SKU-0115,1,280.00,8.36,12.74,284.38
WM000003267,2,SKU-0060,2,250.38,59.77,37.79,478.78
WM000003267,3,SKU-0002,1,140.98,6.88,12.01,146.11
WM000003267,4,SKU-0103,1,326.23,32.20,18.64,312.67
WM000003267,5,SKU-0075,3,25.18,2.70,5.29,78.13
WM000003274,1,SKU-0108,1,138.04,10.56,9.64,137.12
WM000003277,1,SKU-0102,2,19.75,4.30,2.89,38.09
WM000003277,2,SKU-0107,1,392.85,25.30,32.47,400.02
WM000003277,3,SKU-0027,3,69.67,22.22,12.82,199.61
WM000003284,1,SKU-0027,1,65.78,1.28,3.30,67.80
WM000003285,1,SKU-0084,2,364.48,67.89,39.99,701.06
WM000003285,2,SKU-0035,1,152.07,11.21,11.72,152.58
WM000003289,1,SKU-0051,4,96.36,38.98,27.16,373.62
WM000003292,1,SKU-0059,1,117.37,8.86,9.76,118.27
WM000003294,1,SKU-0063,1,23.27,1.49,1.06,22.84
WM000003294,2,SKU-0006,2,167.32,38.27,13.10,309.47
WM000003296,1,SKU-0022,1,209.01,20.76,9.44,197.69
WM000003298,1,SKU-0091,5,175.63,6.31,58.13,929.97
WM000003306,1,SKU-0100,1,248.18,16.99,11.05,242.24
WM000003306,2,SKU-0046,2,149.57,4.08,25.47,320.53
WM000003306,3,SKU-0056,1,268.99,18.66,20.95,271.28
WM000003311,1,SKU-0109,1,408.80,26.30,32.77,415.27
WM000003315,1,SKU-0034,3,366.76,64.97,76.23,1111.54
WM000003315,2,SKU-0082,1,282.42,14.92,18.11,285.61
WM000003315,3,SKU-0020,2,217.69,18.61,20.80,437.57
WM000003315,4,SKU-0103,1,362.38,16.09,18.08,364.37
WM000003315,5,SKU-0062,1,14.30,1.33,1.07,14.04
WM000003316,1,SKU-0082,1,255.96,12.75,15.01,258.22
WM000003328,1,SKU-0075,2,24.87,5.67,3.25,47.32
WM000003328,2,SKU-0052,2,269.67,55.09,24.84,509.09
WM000003328,3,SKU-0028,2,81.17,3.57,13.24,172.01
WM000003328,4,SKU-0012,2,75.47,2.05,6.73,155.62
WM000003328,5,SKU-0017,1,73.06,6.23,2.97,69.80
WM000003329,1,SKU-0058,3,284.23,90.27,39.56,801.98
WM000003329,2,SKU-0116,2,408.66,61.93,42.49,797.88
WM000003337,1,SKU-0001,1,354.71,23.60,29.06,360.17
WM000003337,2,SKU-0014,1,381.06,24.67,30.61,387.00
WM000003341,1,SKU-0080,4,95.34,44.88,21.34,357.82
WM000003341,2,SKU-0095,1,68.71,1.96,4.74,71.49
WM000003341,3,SKU-0018,1,144.50,12.23,11.08,143.35
WM000003341,4,SKU-0002,1,157.36,15.65,10.45,152.16
WM000003342,1,SKU-0094,2,298.25,3.31,36.00,629.19
WM000003347,1,SKU-0104,1,195.58,6.73,9.43,198.28
WM000003347,2,SKU-0062,1,15.79,0.41,1.29,16.67
WM000003347,3,SKU-0089,3,26.99,9.56,4.42,75.83
WM000003348,1,SKU-0107,2,364.32,70.98,57.04,714.70
WM000003349,1,SKU-0026,1,272.87,9.18,19.45,283.14
WM000003349,2,SKU-0044,1,258.35,21.37,12.10,249.08
WM000003355,1,SKU-0118,1,200.72,12.86,12.72,200.58
WM000003355,2,SKU-0046,1,148.85,7.73,10.62,151.74
WM000003369,1,SKU-0058,3,271.25,61.16,34.39,786.98
WM000003369,2,SKU-0053,1,343.37,39.70,14.68,318.35
WM000003374,1,SKU-0078,2,161.53,28.67,13.33,307.72
WM000003378,1,SKU-0021,1,127.42,15.22,6.90,119.10
WM000003378,2,SKU-0106,1,89.93,0.66,4.68,93.95
WM000003378,3,SKU-0069,2,239.53,38.15,18.60,459.51
WM000003380,1,SKU-0062,1,14.90,1.63,0.59,13.86
WM000003380,2,SKU-0074,3,118.70,10.01,16.30,362.39
WM000003380,3,SKU-0036,2,262.25,43.46,33.12,514.16
WM000003380,4,SKU-0043,1,156.90,7.56,9.90,159.24
WM000003381,1,SKU-0091,1,172.43,4.06,11.43,179.80
WM000003381,2,SKU-0005,1,105.72,10.88,5.90,100.74
WM000003390,1,SKU-0056,1,248.35,8.23,10.17,250.29
WM000003390,2,SKU-0077,2,283.86,36.83,24.79,555.68
WM000003390,3,SKU-0019,2,49.62,5.96,5.55,98.83
WM000003392,1,SKU-0073,1,131.02,15.63,5.15,120.54
WM000003398,1,SKU-0089,1,24.05,2.21,1.21,23.05
WM000003398,2,SKU-0075,2,26.76,4.60,2.02,50.94
WM000003399,1,SKU-0016,2,115.69,21.04,11.97,222.31
WM000003401,1,SKU-0041,3,304.10,36.65,60.41,936.06
WM000003402,1,SKU-0094,1,275.30,27.42,19.49,267.37
WM000003402,2,SKU-0070,1,240.40,8.38,13.13,245.15
WM000003408,1,SKU-0093,1,288.24,9.84,22.16,300.56
WM000003409,1,SKU-0087,1,195.28,9.97,14.38,199.69
WM000003409,2,SKU-0026,1,246.77,12.07,10.88,245.58
WM000003415,1,SKU-0017,1,64.07,3.47,5.23,65.83
WM000003415,2,SKU-0087,2,181.08,11.07,17.40,368.49
WM000003416,1,SKU-0020,1,222.83,2.82,14.21,234.22
WM000003416,2,SKU-0107,4,352.86,168.78,68.05,1310.71
WM000003426,1,SKU-0057,2,485.37,77.76,53.38,946.36
WM000003426,2,SKU-0109,2,376.08,45.61,41.50,748.05
WM000003426,3,SKU-0002,1,145.08,8.06,6.86,143.88
WM000003426,4,SKU-0035,1,156.73,5.39,6.97,158.31
WM000003432,1,SKU-0120,2,254.59,52.83,31.06,487.41
WM000003437,1,SKU-0052,1,243.15,10.06,14.81,247.90
WM000003437,2,SKU-0086,1,23.06,1.33,1.05,22.78
WM000003445,1,SKU-0052,2,277.70,32.83,44.19,566.76
WM000003445,2,SKU-0078,1,157.54,15.32,9.02,151.24
WM000003445,3,SKU-0002,2,155.28,26.04,17.95,302.47
WM000003447,1,SKU-0112,1,197.68,6.83,11.52,202.37
WM000003454,1,SKU-0004,3,133.37,38.07,31.26,393.30
WM000003454,2,SKU-0055,2,28.05,5.08,2.76,53.78
WM000003460,1,SKU-0095,3,66.91,8.90,12.50,204.33
WM000003460,2,SKU-0108,1,147.42,10.06,7.79,145.15
WM000003460,3,SKU-0008,1,44.94,1.64,3.33,46.63
WM000003461,1,SKU-0049,1,227.39,10.94,13.72,230.17
WM000003461,2,SKU-0022,1,207.86,23.46,8.85,193.25
WM000003461,3,SKU-0115,1,274.26,8.08,22.57,288.75
WM000003469,1,SKU-0090,5,247.24,40.41,94.27,1290.06
WM000003469,2,SKU-0002,1,151.92,12.94,5.77,144.75
WM000003469,3,SKU-0054,1,225.67,26.60,17.20,216.27
WM000003471,1,SKU-0093,1,306.69,12.79,19.80,313.70
WM000003475,1,SKU-0100,4,269.18,5.08,87.82,1159.46
WM000003476,1,SKU-0001,2,379.65,37.57,29.72,751.45
WM000003476,2,SKU-0098,1,356.78,12.27,16.12,360.63
WM000003482,1,SKU-0050,3,400.11,100.08,48.90,1149.15
WM000003482,2,SKU-0035,2,141.82,13.32,14.57,284.89
WM000003495,1,SKU-0016,1,115.24,3.50,4.53,116.27
WM000003495,2,SKU-0106,5,96.77,47.33,21.08,457.60
WM000003497,1,SKU-0011,1,254.33,24.87,9.83,239.29
WM000003497,2,SKU-0051,1,98.69,4.88,6.98,100.79
WM000003497,3,SKU-0112,4,218.05,90.73,37.60,819.07
WM000003497,4,SKU-0107,1,369.37,32.09,28.27,365.55
WM000003501,1,SKU-0023,1,171.46,9.02,13.61,176.05
WM000003501,2,SKU-0052,1,243.61,1.16,13.02,255.47
WM000003506,1,SKU-0014,1,347.30,28.25,24.88,343.93
WM000003506,2,SKU-0038,1,270.13,3.83,13.75,280.05
WM000003511,1,SKU-0099,4,161.43,42.84,29.20,632.08
WM000003518,1,SKU-0065,1,131.76,1.76,5.64,135.64
WM000003518,2,SKU-0076,1,109.10,8.73,8.60,108.97
WM000003518,3,SKU-0026,1,250.35,6.79,15.30,258.86
WM000003519,1,SKU-0111,1,219.39,9.92,9.55,219.02
WM000003519,2,SKU-0046,2,134.93,28.87,18.57,259.56
WM000003525,1,SKU-0053,2,366.11,77.49,27.07,681.80
WM000003526,1,SKU-0045,1,92.07,8.70,5.40,88.77
WM000003526,2,SKU-0005,2,104.97,2.39,18.58,226.13
WM000003534,1,SKU-0085,2,159.13,37.88,15.16,295.54
WM000003534,2,SKU-0041,2,318.43,75.60,36.94,598.20
WM000003537,1,SKU-0056,1,239.01,19.18,14.11,233.94
WM000003537,2,SKU-0066,2,77.82,0.35,6.76,162.05
WM000003537,3,SKU-0073,1,125.40,13.05,4.90,117.25
WM000003537,4,SKU-0021,1,112.51,4.40,5.60,113.71
WM000003540,1,SKU-0116,3,397.66,60.25,85.92,1218.65
WM000003540,2,SKU-0095,1,67.14,2.28,4.87,69.73
WM000003540,3,SKU-0023,2,157.57,33.67,12.43,293.90
WM000003540,4,SKU-0014,1,344.79,11.72,19.13,352.20
WM000003547,1,SKU-0105,2,110.67,16.42,10.00,214.92
WM000003547,2,SKU-0037,1,72.03,4.16,3.11,70.98
WM000003547,3,SKU-0066,2,80.47,2.73,7.75,165.96
WM000003551,1,SKU-0044,2,275.43,1.84,31.26,580.28
WM000003553,1,SKU-0037,1,68.64,1.46,3.39,70.57
WM000003553,2,SKU-0110,3,73.00,21.39,10.88,208.49
WM000003554,1,SKU-0042,1,389.44,29.51,24.21,384.14
WM000003554,2,SKU-0098,3,309.56,4.95,79.86,1003.59
WM000003557,1,SKU-0056,1,229.48,11.92,11.32,228.88
WM000003557,2,SKU-0089,1,26.88,1.73,1.57,26.72
WM000003561,1,SKU-0078,1,166.26,0.61,13.24,178.89
WM000003561,2,SKU-0013,2,316.06,18.91,26.32,639.53
WM000003561,3,SKU-0074,2,107.18,14.40,8.81,208.77
WM000003572,1,SKU-0040,1,232.31,0.46,18.18,250.03
WM000003572,2,SKU-0102,1,20.97,1.69,0.84,20.12
WM000003584,1,SKU-0071,2,301.44,23.06,51.09,630.91
WM000003584,2,SKU-0077,1,284.86,24.82,13.18,273.22
WM000003584,3,SKU-0052,1,285.92,24.51,12.42,273.83
WM000003589,1,SKU-0066,1,75.00,3.91,4.78,75.87
WM000003594,1,SKU-0082,2,275.48,38.82,43.89,556.03
WM000003594,2,SKU-0065,1,148.66,6.15,9.88,152.39
WM000003594,3,SKU-0021,1,114.41,5.51,8.71,117.61
WM000003594,4,SKU-0032,1,175.19,16.52,7.39,166.06
WM000003601,1,SKU-0002,2,133.54,15.52,18.58,270.14
WM000003602,1,SKU-0081,1,51.57,2.43,1.99,51.13
WM000003602,2,SKU-0025,1,140.42,10.53,7.19,137.08
WM000003609,1,SKU-0102,2,18.37,3.48,2.23,35.49
WM000003609,2,SKU-0001,1,330.10,29.99,26.55,326.66
WM000003616,1,SKU-0017,1,63.76,0.59,4.08,67.25
WM000003616,2,SKU-0097,2,163.15,2.61,25.76,349.45
WM000003624,1,SKU-0033,2,120.58,1.40,17.55,257.31
WM000003624,2,SKU-0099,1,177.65,16.88,11.88,172.65
WM000003629,1,SKU-0097,2,155.10,20.81,22.75,312.14
WM000003629,2,SKU-0118,1,218.87,5.58,14.07,227.36
WM000003629,3,SKU-0090,2,253.90,1.67,45.25,551.38
WM000003632,1,SKU-0106,1,100.39,8.63,3.72,95.48
WM000003632,2,SKU-0096,2,30.43,6.59,2.57,56.84
WM000003636,1,SKU-0061,1,220.29,11.47,17.81,226.63
WM000003638,1,SKU-0104,1,206.47,19.24,14.47,201.70
WM000003638,2,SKU-0082,1,248.18,27.54,17.86,238.50
WM000003638,3,SKU-0118,2,227.70,21.16,20.07,454.31
WM000003644,1,SKU-0002,1,143.61,2.69,9.85,150.77
WM000003644,2,SKU-0032,2,167.76,36.19,19.12,318.45
WM000003646,1,SKU-0060,1,227.56,5.00,10.90,233.46
WM000003646,2,SKU-0054,3,218.60,46.86,43.85,652.79
WM000003647,1,SKU-0097,1,160.37,19.10,8.24,149.51
WM000003650,1,SKU-0115,2,285.03,63.64,36.19,542.61
WM000003653,1,SKU-0061,2,209.43,47.39,19.28,390.75
WM000003653,2,SKU-0011,2,242.45,55.66,20.51,449.75
WM000003653,3,SKU-0084,2,387.81,35.45,42.26,782.43
WM000003657,1,SKU-0054,1,222.69,5.76,11.15,228.08
WM000003657,2,SKU-0035,1,140.81,13.26,9.61,137.16
WM000003657,3,SKU-0109,2,391.16,80.04,51.82,754.10
WM000003659,1,SKU-0071,3,312.58,104.02,41.62,875.34
WM000003659,2,SKU-0115,1,276.21,32.77,15.62,259.06
WM000003659,3,SKU-0059,1,117.66,12.91,8.77,113.52
WM000003664,1,SKU-0109,2,365.53,8.63,36.34,758.77
WM000003664,2,SKU-0032,1,189.99,7.75,12.07,194.31
WM000003664,3,SKU-0116,1,439.18,15.01,27.25,451.42
WM000003665,1,SKU-0088,2,148.89,32.79,17.43,282.42
WM000003666,1,SKU-0018,1,158.42,7.54,11.08,161.96
WM000003666,2,SKU-0016,1,123.69,9.51,7.48,121.66
WM000003666,3,SKU-0093,3,279.99,6.99,34.76,867.74
WM000003667,1,SKU-0071,2,321.72,74.14,44.76,614.06
WM000003667,2,SKU-0036,1,271.18,28.61,13.23,255.80
WM000003672,1,SKU-0083,2,175.70,25.77,22.27,347.90
WM000003672,2,SKU-0054,1,231.43,11.97,14.82,234.28
WM000003678,1,SKU-0106,1,102.32,2.45,5.67,105.54
WM000003681,1,SKU-0045,1,87.52,4.69,6.04,88.87
WM000003684,1,SKU-0059,1,121.77,12.70,6.58,115.65
WM000003685,1,SKU-0021,1,118.66,10.62,4.99,113.03
WM000003685,2,SKU-0031,1,335.32,0.01,26.00,361.31
WM000003685,3,SKU-0044,2,271.44,23.65,33.49,552.72
WM000003691,1,SKU-0012,2,75.34,4.61,9.65,155.72
WM000003694,1,SKU-0097,2,157.96,14.34,22.21,323.79
WM000003699,1,SKU-0107,1,370.69,14.47,28.99,385.21
WM000003699,2,SKU-0053,1,354.09,20.11,25.72,359.70
WM000003702,1,SKU-0108,1,149.99,10.87,7.15,146.27
WM000003704,1,SKU-0023,1,156.03,7.07,6.36,155.32
WM000003706,1,SKU-0113,2,146.29,31.20,11.23,272.61
WM000003706,2,SKU-0017,1,74.19,2.69,5.73,77.23
WM000003706,3,SKU-0089,5,27.09,2.02,10.35,143.78
WM000003708,1,SKU-0117,1,106.39,11.37,6.73,101.75
WM000003710,1,SKU-0110,1,72.66,7.40,3.89,69.15
WM000003714,1,SKU-0112,1,204.01,19.48,15.94,200.47
WM000003714,2,SKU-0031,3,295.62,21.60,52.12,917.38
WM000003714,3,SKU-0020,1,235.05,1.24,11.33,245.14
WM000003716,1,SKU-0108,1,144.88,12.09,7.36,140.15
WM000003728,1,SKU-0053,3,381.92,130.54,49.30,1064.52
WM000003732,1,SKU-0045,1,82.14,1.93,3.37,83.58
WM000003732,2,SKU-0002,2,154.81,22.03,17.30,304.89
WM000003735,1,SKU-0026,4,252.30,31.15,51.56,1029.61
WM000003737,1,SKU-0062,2,14.33,0.39,2.31,30.58
WM000003738,1,SKU-0092,3,15.85,4.65,3.30,46.20
WM000003738,2,SKU-0075,1,29.03,2.18,1.82,28.67
WM000003748,1,SKU-0075,2,28.75,3.21,4.46,58.75
WM000003748,2,SKU-0029,1,127.62,9.71,9.79,127.70
WM000003748,3,SKU-0111,1,224.38,9.84,10.78,225.32
WM000003757,1,SKU-0051,1,101.61,3.61,5.09,103.09
WM000003762,1,SKU-0008,2,45.38,6.82,3.82,87.76
WM000003762,2,SKU-0117,1,100.87,3.64,8.47,105.70
WM000003762,3,SKU-0026,3,248.31,15.57,46.11,775.47
WM000003762,4,SKU-0043,1,149.74,16.81,11.41,144.34
WM000003763,1,SKU-0103,1,362.50,23.10,17.67,357.07
WM000003765,1,SKU-0062,2,14.62,0.92,1.74,30.06
WM000003765,2,SKU-0107,1,363.07,20.67,21.35,363.75
WM000003768,1,SKU-0087,2,178.28,18.01,26.13,364.68
WM000003768,2,SKU-0086,2,22.28,1.38,3.37,46.55
WM000003773,1,SKU-0058,2,268.03,15.32,25.11,545.85
WM000003773,2,SKU-0071,2,329.69,67.23,43.75,635.90
WM000003773,3,SKU-0109,5,404.09,60.62,143.97,2103.80
WM000003777,1,SKU-0061,1,195.66,19.20,14.45,190.91
WM000003780,1,SKU-0084,2,371.62,62.11,57.19,738.32
WM000003780,2,SKU-0026,2,265.71,58.64,30.54,503.32
WM000003783,1,SKU-0081,1,51.07,1.53,4.07,53.61
WM000003783,2,SKU-0053,3,326.01,67.51,43.64,954.16
WM000003783,3,SKU-0025,1,133.02,7.34,11.19,136.87
WM000003788,1,SKU-0016,1,117.92,5.65,7.69,119.96
WM000003788,2,SKU-0055,2,32.72,2.95,4.53,67.02
WM000003791,1,SKU-0114,1,228.78,0.97,9.41,237.22
WM000003791,2,SKU-0079,1,32.13,2.65,2.12,31.60
WM000003791,3,SKU-0092,1,16.25,0.06,1.35,17.54
WM000003792,1,SKU-0001,1,389.69,7.22,16.67,399.14
WM000003792,2,SKU-0075,1,25.28,0.57,1.74,26.45
WM000003792,3,SKU-0072,3,154.31,52.30,31.94,442.57
WM000003798,1,SKU-0018,2,162.96,2.32,13.43,337.03
WM000003798,2,SKU-0051,1,96.43,1.06,7.29,102.66
WM000003798,3,SKU-0009,1,163.56,12.87,6.31,157.00
WM000003799,1,SKU-0016,4,125.42,59.45,21.87,464.10
WM000003799,2,SKU-0053,1,361.36,14.17,19.65,366.84
WM000003811,1,SKU-0103,2,322.86,48.28,39.95,637.39
WM000003815,1,SKU-0091,2,188.23,41.53,28.16,363.09
WM000003815,2,SKU-0017,1,72.07,8.09,4.44,68.42
WM000003815,3,SKU-0086,1,22.20,0.41,1.49,23.28
WM000003815,4,SKU-0105,4,114.96,21.27,28.80,467.37
WM000003821,1,SKU-0040,1,251.73,10.21,10.37,251.89
WM000003821,2,SKU-0046,2,136.69,5.01,23.05,291.42
WM000003821,3,SKU-0055,3,32.33,1.85,7.86,103.00
WM000003823,1,SKU-0061,2,200.45,34.14,31.45,398.21
WM000003828,1,SKU-0047,2,14.97,3.09,1.58,28.43
WM000003828,2,SKU-0011,1,246.70,4.09,19.58,262.19
WM000003833,1,SKU-0039,1,98.29,9.29,5.24,94.24
WM000003833,2,SKU-0026,1,273.54,9.18,21.52,285.88
WM000003839,1,SKU-0095,2,73.33,13.47,6.91,140.10
WM000003839,2,SKU-0049,1,241.21,21.22,12.28,232.27
WM000003839,3,SKU-0042,1,403.23,0.53,18.58,421.28
WM000003839,4,SKU-0057,1,501.08,22.45,22.93,501.56
WM000003840,1,SKU-0089,1,26.42,1.62,2.17,26.97
WM000003840,2,SKU-0109,1,365.42,37.48,20.90,348.84
WM000003840,3,SKU-0025,1,129.88,7.94,5.55,127.49
WM000003840,4,SKU-0114,1,226.38,14.24,11.50,223.64
WM000003853,1,SKU-0097,2,170.47,3.84,30.11,367.21
WM000003853,2,SKU-0048,3,167.77,18.71,27.71,512.31
WM000003857,1,SKU-0051,2,104.18,3.51,10.33,215.18
WM000003857,2,SKU-0080,1,84.61,8.43,4.82,81.00
WM000003862,1,SKU-0052,1,254.66,2.92,20.89,272.63
WM000003862,2,SKU-0021,1,120.03,14.14,6.65,112.54
WM000003862,3,SKU-0060,1,260.65,19.36,14.82,256.11
WM000003875,1,SKU-0008,2,42.86,4.84,4.07,84.95
WM000003875,2,SKU-0043,1,144.41,8.00,7.53,143.94
WM000003877,1,SKU-0005,1,97.55,4.71,3.86,96.70
WM000003877,2,SKU-0101,2,156.01,23.78,13.71,301.95
WM000003880,1,SKU-0024,1,35.16,3.98,1.26,32.44
WM000003888,1,SKU-0093,1,269.51,29.35,20.29,260.45
WM000003889,1,SKU-0085,2,145.64,13.96,17.65,294.97
WM000003900,1,SKU-0079,2,32.97,1.71,3.39,67.62
WM000003900,2,SKU-0041,2,356.93,12.11,53.17,754.92
WM000003905,1,SKU-0004,1,129.45,3.56,6.98,132.87
WM000003905,2,SKU-0099,1,171.38,19.94,12.73,164.17
WM000003905,3,SKU-0090,4,244.02,111.73,59.29,923.64
WM000003905,4,SKU-0103,2,357.68,20.89,60.92,755.39
WM000003911,1,SKU-0003,3,33.98,0.32,9.13,110.75
WM000003911,2,SKU-0016,1,125.05,13.84,6.42,117.63
WM000003911,3,SKU-0089,1,24.60,2.66,1.60,23.54
WM000003911,4,SKU-0045,1,93.34,4.87,3.73,92.20
WM000003915,1,SKU-0076,2,100.65,10.00,12.45,203.75
WM000003915,2,SKU-0001,1,359.14,9.04,19.05,369.15
WM000003917,1,SKU-0037,4,72.54,30.87,20.42,279.71
WM000003917,2,SKU-0086,1,20.83,1.75,0.86,19.94
WM000003922,1,SKU-0052,1,263.95,23.88,11.76,251.83
WM000003924,1,SKU-0090,2,263.69,62.49,23.16,488.05
WM000003926,1,SKU-0014,1,348.13,22.58,17.34,342.89
WM000003928,1,SKU-0061,1,200.13,21.15,7.34,186.32
WM000003928,2,SKU-0072,1,156.78,16.06,11.81,152.53
WM000003928,3,SKU-0013,1,280.19,4.07,20.59,296.71
WM000003934,1,SKU-0037,2,72.67,9.48,6.77,142.63
WM000003934,2,SKU-0070,5,244.81,36.80,84.13,1271.38
WM000003935,1,SKU-0088,1,132.28,15.22,7.95,125.01
WM000003936,1,SKU-0018,2,167.90,26.56,27.06,336.30
WM000003936,2,SKU-0009,1,161.51,8.16,12.76,166.11
WM000003936,3,SKU-0071,2,321.46,31.54,42.94,654.32
WM000003941,1,SKU-0094,1,295.14,4.57,20.91,311.48
WM000003942,1,SKU-0053,1,375.93,40.25,27.73,363.41
WM000003946,1,SKU-0082,4,266.33,97.72,53.71,1021.31
WM000003946,2,SKU-0043,1,142.32,11.40,11.31,142.23
WM000003946,3,SKU-0018,3,147.54,50.78,32.92,424.76
WM000003946,4,SKU-0075,1,28.07,1.37,1.99,28.69
WM000003946,5,SKU-0118,1,225.18,23.87,11.27,212.58
WM000003947,1,SKU-0094,2,314.73,53.69,30.51,606.28
WM000003948,1,SKU-0006,2,177.40,33.82,15.66,336.64
WM000003950,1,SKU-0119,1,261.81,7.79,12.46,266.48
WM000003950,2,SKU-0097,1,157.01,8.38,12.74,161.37
WM000003950,3,SKU-0070,1,252.06,13.19,17.97,256.84
WM000003952,1,SKU-0109,3,399.77,15.18,76.20,1260.33
WM000003952,2,SKU-0022,2,229.84,53.20,33.88,440.36
WM000003953,1,SKU-0041,1,349.85,22.11,13.88,341.62
WM000003953,2,SKU-0076,1,100.03,8.89,5.67,96.81
WM000003953,3,SKU-0008,2,48.38,10.57,5.59,91.78
WM000003954,1,SKU-0097,1,182.32,13.72,11.47,180.07
WM000003954,2,SKU-0109,1,382.19,10.44,32.19,403.94
WM000003954,3,SKU-0048,4,192.24,35.98,58.67,791.65
WM000003955,1,SKU-0110,1,68.03,1.03,6.01,73.01
WM000003955,2,SKU-0112,1,192.56,20.20,13.11,185.47
WM000003955,3,SKU-0114,1,212.94,0.84,9.50,221.60
WM000003956,1,SKU-0049,1,233.14,4.59,17.14,245.69
WM000003967,1,SKU-0031,2,316.92,62.78,50.80,621.86
WM000003967,2,SKU-0028,1,84.56,3.70,5.41,86.27
WM000003972,1,SKU-0071,1,321.64,20.12,18.53,320.05
WM000003972,2,SKU-0009,1,176.12,20.46,8.64,164.30
WM000003977,1,SKU-0004,1,135.11,1.08,6.36,140.39
WM000003977,2,SKU-0111,2,211.71,43.35,34.11,414.18
WM000003988,1,SKU-0112,3,229.26,41.25,34.68,681.21
WM000003994,1,SKU-0009,1,168.09,5.53,8.00,170.56
WM000003998,1,SKU-0091,2,184.75,43.65,23.77,349.62
WM000004001,1,SKU-0105,4,114.01,40.10,20.39,436.33
WM000004001,2,SKU-0097,1,166.44,13.86,11.64,164.22
WM000004003,1,SKU-0080,2,97.08,7.34,14.52,201.34
WM000004003,2,SKU-0012,1,67.16,3.98,3.30,66.48
WM000004010,1,SKU-0070,4,254.79,67.51,63.81,1015.46
WM000004023,1,SKU-0072,1,147.73,3.35,11.32,155.70
WM000004026,1,SKU-0082,2,267.35,38.94,33.24,529.00
WM000004026,2,SKU-0019,3,46.33,16.33,7.27,129.93
WM000004030,1,SKU-0058,2,282.76,13.58,29.77,581.71
WM000004031,1,SKU-0088,1,130.94,4.52,9.83,136.25
WM000004031,2,SKU-0091,2,166.62,17.03,22.72,338.93
WM000004031,3,SKU-0112,2,203.68,28.55,28.83,407.64
WM000004032,1,SKU-0013,1,304.12,31.97,15.73,287.88
WM000004039,1,SKU-0119,3,248.58,29.38,41.93,758.29
WM000004040,1,SKU-0117,1,97.37,3.84,6.85,100.38
WM000004040,2,SKU-0076,1,101.81,8.37,7.83,101.27
WM000004042,1,SKU-0076,1,99.11,6.63,6.51,98.99
WM000004044,1,SKU-0065,3,153.04,5.35,35.84,489.61
WM000004045,1,SKU-0089,2,25.91,3.58,2.65,50.89
WM000004045,2,SKU-0004,2,133.58,8.61,23.02,281.57
WM000004045,3,SKU-0072,4,169.09,25.36,44.91,695.91
WM000004049,1,SKU-0086,2,22.34,2.15,2.60,45.13
WM000004049,2,SKU-0030,1,232.79,8.28,14.86,239.37
WM000004054,1,SKU-0098,1,332.92,21.23,15.12,326.81
WM000004054,2,SKU-0019,1,44.83,1.12,2.47,46.18
WM000004065,1,SKU-0005,1,109.56,3.19,6.86,113.23
WM000004065,2,SKU-0065,1,150.56,11.39,11.80,150.97
WM000004065,3,SKU-0071,1,311.73,1.66,27.61,337.68
WM000004071,1,SKU-0051,1,96.37,10.21,7.64,93.80
WM000004075,1,SKU-0006,1,179.07,12.21,9.89,176.75
WM000004076,1,SKU-0028,1,80.09,9.18,3.19,74.10
WM000004076,2,SKU-0020,3,218.97,38.25,30.30,648.96
WM000004076,3,SKU-0090,1,280.03,17.70,12.69,275.02
WM000004085,1,SKU-0034,1,338.86,27.72,15.91,327.05
WM000004085,2,SKU-0006,1,173.32,16.97,8.59,164.94
WM000004085,3,SKU-0093,2,292.14,51.17,26.50,559.61
WM000004090,1,SKU-0084,1,396.98,2.79,18.10,412.29
WM000004090,2,SKU-0019,1,45.91,1.78,3.81,47.94
WM000004090,3,SKU-0007,1,227.11,13.40,18.52,232.23
WM000004090,4,SKU-0077,2,247.24,21.84,30.34,502.98
WM000004094,1,SKU-0052,5,283.63,105.07,117.54,1430.62
WM000004095,1,SKU-0050,1,380.33,33.51,24.89,371.71
WM000004096,1,SKU-0053,2,367.46,34.26,36.72,737.38
WM000004096,2,SKU-0014,5,341.68,62.62,138.92,1784.70
WM000004096,3,SKU-0090,1,259.81,14.77,9.92,254.96
WM000004105,1,SKU-0086,2,21.57,0.12,3.83,46.85
WM000004106,1,SKU-0008,2,46.78,6.13,5.60,93.03
WM000004106,2,SKU-0101,1,180.25,19.99,7.20,167.46
WM000004110,1,SKU-0009,1,172.06,8.24,11.94,175.76
WM000004110,2,SKU-0093,2,293.70,15.32,41.73,613.81
WM000004116,1,SKU-0043,3,147.01,7.20,38.40,472.23
WM000004116,2,SKU-0088,2,143.95,8.54,22.81,302.17
WM000004117,1,SKU-0034,1,348.96,21.94,23.52,350.54
WM000004117,2,SKU-0085,1,152.83,4.79,6.07,154.11
WM000004117,3,SKU-0032,1,188.37,12.68,15.34,191.03
WM000004117,4,SKU-0019,1,49.26,2.75,4.11,50.62
WM000004123,1,SKU-0109,1,406.64,29.80,21.15,397.99
WM000004123,2,SKU-0051,2,97.33,12.44,15.17,197.39
WM000004123,3,SKU-0106,3,102.91,21.22,15.50,303.01
WM000004129,1,SKU-0002,3,149.23,11.10,37.29,473.88
WM000004129,2,SKU-0010,5,334.90,190.25,83.16,1567.41
WM000004135,1,SKU-0081,1,43.72,0.78,2.90,45.84
WM000004135,2,SKU-0056,2,234.98,44.71,33.05,458.30
WM000004135,3,SKU-0061,1,211.32,11.22,15.41,215.51
WM000004136,1,SKU-0096,1,32.22,3.19,1.31,30.34
WM000004138,1,SKU-0097,1,175.68,13.05,11.36,173.99
WM000004144,1,SKU-0110,2,67.33,6.46,5.65,133.85
WM000004145,1,SKU-0002,1,138.71,2.79,9.99,145.91
WM000004145,2,SKU-0051,2,103.38,20.08,13.47,200.15
WM000004145,3,SKU-0068,2,78.70,16.12,5.90,147.18
WM000004145,4,SKU-0107,3,378.99,117.88,54.88,1073.97
WM000004145,5,SKU-0055,1,29.10,2.11,2.30,29.29
WM000004153,1,SKU-0052,1,276.48,9.19,23.36,290.65
WM000004153,2,SKU-0024,1,30.56,1.54,1.74,30.76
WM000004155,1,SKU-0052,2,270.40,50.10,41.45,532.15
WM000004163,1,SKU-0069,1,217.90,14.03,9.29,213.16
WM000004163,2,SKU-0072,2,170.27,20.87,19.81,339.48
WM000004163,3,SKU-0091,1,159.80,8.56,6.14,157.38
WM000004163,4,SKU-0098,1,307.32,29.49,17.75,295.58
WM000004164,1,SKU-0066,2,74.27,8.50,9.36,149.40
WM000004164,2,SKU-0030,1,222.25,6.49,12.34,228.10
WM000004181,1,SKU-0100,3,263.92,65.21,29.47,756.02
WM000004184,1,SKU-0030,1,211.29,13.11,10.38,208.56
WM000004184,2,SKU-0089,1,27.83,3.10,1.39,26.12
WM000004184,3,SKU-0058,1,263.29,0.31,17.65,280.63
WM000004186,1,SKU-0051,2,103.52,11.82,8.81,204.03
WM000004186,2,SKU-0090,2,286.95,61.01,38.09,550.98
WM000004186,3,SKU-0100,1,273.58,17.58,13.25,269.25
WM000004190,1,SKU-0098,4,360.08,26.81,73.86,1487.37
WM000004191,1,SKU-0006,1,166.01,9.03,7.66,164.64
WM000004191,2,SKU-0060,2,235.92,50.20,21.75,443.39
WM000004191,3,SKU-0098,1,355.22,12.49,14.65,357.38
WM000004192,1,SKU-0071,1,330.85,36.48,12.35,306.72
WM000004192,2,SKU-0017,1,75.55,4.41,3.05,74.19
WM000004192,3,SKU-0082,2,245.82,50.33,19.63,460.94
WM000004192,4,SKU-0116,2,440.66,10.17,71.99,943.14
WM000004192,5,SKU-0033,1,112.52,9.26,8.37,111.63
WM000004195,1,SKU-0081,1,43.44,3.28,3.28,43.44
WM000004195,2,SKU-0017,2,66.58,2.49,5.27,135.94
WM000004195,3,SKU-0079,2,32.45,1.30,3.79,67.39
WM000004202,1,SKU-0016,2,131.83,18.27,18.26,263.65
WM000004205,1,SKU-0053,1,372.55,29.96,23.09,365.68
WM000004207,1,SKU-0026,1,279.40,16.22,17.15,280.33
WM000004207,2,SKU-0072,1,173.86,12.97,13.24,174.13
WM000004207,3,SKU-0075,5,29.28,4.81,9.83,151.42
WM000004207,4,SKU-0052,1,273.57,30.29,14.96,258.24
WM000004209,1,SKU-0116,1,412.79,10.56,25.99,428.22
WM000004209,2,SKU-0059,1,123.93,6.32,5.07,122.68
WM000004209,3,SKU-0010,3,298.53,8.20,36.40,923.79
WM000004214,1,SKU-0059,3,118.49,1.54,14.84,368.77
WM000004216,1,SKU-0065,2,143.52,25.11,13.72,275.65
WM000004218,1,SKU-0119,1,243.89,26.75,12.71,229.85
WM000004218,2,SKU-0071,1,314.55,31.70,11.41,294.26
WM000004220,1,SKU-0013,2,295.85,31.78,23.96,583.88
WM000004227,1,SKU-0079,1,35.25,3.65,2.65,34.25
WM000004227,2,SKU-0048,1,173.17,11.89,7.89,169.17
WM000004232,1,SKU-0048,2,182.66,21.30,25.72,369.74
WM000004232,2,SKU-0113,1,160.89,9.87,12.14,163.16
WM000004242,1,SKU-0110,1,64.53,2.59,5.45,67.39
WM000004249,1,SKU-0024,2,30.59,4.59,3.42,60.01
WM000004249,2,SKU-0092,1,15.04,0.76,0.58,14.86
WM000004250,1,SKU-0056,1,251.68,17.64,13.20,247.24
WM000004251,1,SKU-0078,1,167.05,7.15,11.11,171.01
WM000004252,1,SKU-0025,1,122.81,1.63,6.63,127.81
WM000004252,2,SKU-0075,2,28.23,3.33,3.74,56.87
WM000004252,3,SKU-0108,2,136.87,8.61,22.83,287.96
WM000004260,1,SKU-0095,1,70.70,5.08,4.79,70.41
WM000004267,1,SKU-0105,1,101.98,1.93,4.31,104.36
WM000004267,2,SKU-0052,1,253.14,5.56,10.64,258.22
WM000004271,1,SKU-0042,1,423.63,29.51,26.38,420.50
WM000004273,1,SKU-0008,1,48.41,5.54,2.67,45.54
WM000004273,2,SKU-0046,2,131.42,8.27,11.92,266.49
WM000004276,1,SKU-0120,2,283.45,4.83,26.33,588.40
WM000004278,1,SKU-0093,1,292.89,12.19,16.46,297.16
WM000004280,1,SKU-0119,1,275.21,1.78,17.90,291.33
WM000004280,2,SKU-0091,3,160.11,18.23,26.66,488.76
WM000004283,1,SKU-0001,1,344.14,21.81,23.38,345.71
WM000004293,1,SKU-0086,4,23.32,4.32,6.87,95.83
WM000004299,1,SKU-0036,1,286.50,16.76,18.26,288.00
WM000004299,2,SKU-0078,1,153.56,1.72,11.85,163.69
WM000004299,3,SKU-0055,1,29.84,2.60,2.03,29.27
WM000004305,1,SKU-0028,1,82.84,3.26,5.60,85.18
WM000004306,1,SKU-0019,1,48.89,1.68,2.99,50.20
WM000004313,1,SKU-0023,1,160.65,7.04,12.23,165.84
WM000004313,2,SKU-0042,1,388.54,13.79,25.28,400.03
WM000004313,3,SKU-0035,2,138.70,28.26,17.41,266.55
WM000004318,1,SKU-0101,1,164.65,14.48,7.70,157.87
WM000004320,1,SKU-0071,1,297.14,32.11,17.83,282.86
WM000004321,1,SKU-0028,2,74.43,5.98,9.09,151.97
WM000004321,2,SKU-0113,3,152.71,5.02,19.23,472.34
WM000004325,1,SKU-0013,2,311.09,12.97,34.77,643.98
WM000004325,2,SKU-0107,1,373.73,3.51,32.77,402.99
WM000004326,1,SKU-0098,1,328.37,3.27,15.58,340.68
WM000004326,2,SKU-0096,2,29.92,5.54,2.27,56.57
WM000004337,1,SKU-0094,4,300.58,53.47,63.28,1212.13
WM000004337,2,SKU-0103,2,348.31,24.22,34.30,706.70
WM000004346,1,SKU-0029,1,145.97,12.05,5.36,139.28
WM000004346,2,SKU-0051,2,90.95,17.61,8.12,172.41
WM000004351,1,SKU-0080,2,93.01,19.73,12.50,178.79
WM000004351,2,SKU-0094,1,315.55,14.20,22.82,324.17
WM000004351,3,SKU-0120,2,292.95,49.39,36.59,573.10
WM000004356,1,SKU-0072,1,160.19,6.05,9.69,163.83
WM000004360,1,SKU-0057,1,429.66,15.15,29.87,444.38
WM000004360,2,SKU-0077,1,282.56,23.01,11.51,271.06
WM000004360,3,SKU-0024,1,31.45,0.71,1.83,32.57
WM000004360,4,SKU-0088,1,147.39,11.61,9.25,145.03
WM000004364,1,SKU-0016,1,121.76,11.58,4.86,115.04
WM000004365,1,SKU-0036,1,279.92,13.86,17.14,283.20
WM000004365,2,SKU-0102,3,19.74,3.87,2.30,57.65
WM000004365,3,SKU-0110,1,63.46,3.28,3.33,63.51
WM000004365,4,SKU-0026,1,252.86,15.09,16.34,254.11
WM000004365,5,SKU-0064,2,25.32,3.28,2.06,49.42
WM000004366,1,SKU-0100,3,266.58,69.77,37.98,767.95
WM000004369,1,SKU-0026,1,258.42,6.79,22.29,273.92
WM000004376,1,SKU-0080,2,98.73,14.60,10.39,193.25
WM000004376,2,SKU-0016,3,124.12,42.32,27.77,357.81
WM000004376,3,SKU-0091,3,168.69,6.74,34.72,534.05
WM000004376,4,SKU-0117,2,95.62,0.10,11.29,202.43
WM000004376,5,SKU-0035,1,141.55,9.31,6.06,138.30
WM000004377,1,SKU-0005,1,108.54,11.25,5.05,102.34
WM000004377,2,SKU-0082,1,265.84,4.79,19.11,280.16
WM000004377,3,SKU-0093,1,298.95,17.28,17.31,298.98
WM000004378,1,SKU-0096,4,30.94,10.69,9.47,122.54
WM000004379,1,SKU-0039,2,101.91,18.85,15.08,200.05
WM000004379,2,SKU-0003,4,35.01,13.54,9.41,135.91
WM000004387,1,SKU-0056,1,229.56,13.61,16.03,231.98
WM000004391,1,SKU-0003,1,35.92,2.16,2.35,36.11
WM000004391,2,SKU-0077,1,245.95,21.90,14.21,238.26
WM000004391,3,SKU-0093,1,303.94,17.64,14.15,300.45
WM000004397,1,SKU-0049,3,229.76,21.41,32.75,700.62
WM000004397,2,SKU-0072,1,169.75,6.23,14.63,178.15
WM000004397,3,SKU-0114,1,216.80,13.56,12.39,215.63
WM000004397,4,SKU-0102,1,20.33,0.71,1.10,20.72
WM000004397,5,SKU-0090,1,261.79,10.96,21.08,271.91
WM000004403,1,SKU-0110,1,68.85,6.70,2.71,64.86
WM000004403,2,SKU-0086,2,22.28,2.97,2.53,44.12
WM000004403,3,SKU-0055,2,28.72,4.89,2.43,54.98
WM000004403,4,SKU-0003,4,32.47,4.59,7.21,132.50
WM000004403,5,SKU-0027,2,62.20,14.89,4.86,114.37
WM000004408,1,SKU-0071,1,315.96,19.60,13.50,309.86
WM000004408,2,SKU-0039,3,96.27,21.24,23.63,291.20
WM000004408,3,SKU-0087,3,203.76,49.34,37.56,599.50
WM000004411,1,SKU-0026,2,241.12,3.60,22.48,501.12
WM000004415,1,SKU-0001,1,353.73,18.06,26.16,361.83
WM000004415,2,SKU-0004,2,131.51,24.01,18.67,257.68
WM000004415,3,SKU-0042,2,379.44,50.46,31.12,739.54
WM000004416,1,SKU-0002,5,151.68,36.20,51.74,773.94
WM000004418,1,SKU-0104,1,193.55,0.75,10.71,203.51
WM000004420,1,SKU-0038,3,242.43,65.51,43.28,705.06
WM000004420,2,SKU-0053,1,341.63,4.55,18.83,355.91
WM000004421,1,SKU-0115,1,278.95,30.50,16.00,264.45
WM000004423,1,SKU-0117,1,98.03,5.19,6.99,99.83
WM000004425,1,SKU-0011,3,269.57,11.89,65.18,862.00
WM000004426,1,SKU-0048,3,176.81,20.69,23.06,532.80
WM000004426,2,SKU-0034,1,338.86,20.11,14.19,332.94
WM000004426,3,SKU-0077,2,248.89,1.60,27.99,524.17
WM000004432,1,SKU-0031,3,327.47,76.16,39.20,945.45
WM000004432,2,SKU-0052,1,266.58,3.23,12.83,276.18
WM000004432,3,SKU-0094,1,316.31,8.71,18.60,326.20
WM000004433,1,SKU-0100,3,252.18,36.21,51.64,771.97
WM000004434,1,SKU-0045,1,85.41,0.60,5.43,90.24
WM000004440,1,SKU-0026,1,280.61,26.69,16.12,270.04
WM000004442,1,SKU-0115,1,243.57,1.73,13.22,255.06
WM000004442,2,SKU-0033,4,122.45,33.78,35.26,491.28
WM000004447,1,SKU-0010,4,297.27,5.65,103.40,1286.83
WM000004447,2,SKU-0101,1,177.66,9.05,14.85,183.46
WM000004447,3,SKU-0095,2,70.67,10.53,11.40,142.21
WM000004447,4,SKU-0110,1,65.90,3.26,3.96,66.60
WM000004457,1,SKU-0030,1,206.50,22.45,15.13,199.18
WM000004457,2,SKU-0060,1,258.79,19.44,13.17,252.52
WM000004463,1,SKU-0110,1,71.82,2.95,3.25,72.12
WM000004465,1,SKU-0029,2,145.01,4.47,14.18,299.73
WM000004465,2,SKU-0063,1,23.44,1.33,1.19,23.30
WM000004466,1,SKU-0050,1,415.57,46.37,15.96,385.16
WM000004478,1,SKU-0111,1,247.39,23.20,13.91,238.10
WM000004478,2,SKU-0043,2,146.35,23.91,15.05,283.84
WM000004479,1,SKU-0054,1,213.13,19.13,8.37,202.37
WM000004483,1,SKU-0084,2,383.75,9.96,34.81,792.35
WM000004483,2,SKU-0009,2,173.01,10.95,20.72,355.79
WM000004495,1,SKU-0075,1,27.65,0.26,1.71,29.10
WM000004496,1,SKU-0087,1,181.94,14.22,13.83,181.55
WM000004499,1,SKU-0092,1,16.47,0.90,0.82,16.39
WM000004500,1,SKU-0117,1,92.97,8.71,4.87,89.13
WM000004504,1,SKU-0062,1,16.38,0.56,1.38,17.20
WM000004504,2,SKU-0118,1,212.47,23.17,9.54,198.84
WM000004509,1,SKU-0105,3,103.58,24.00,12.67,299.41
WM000004509,2,SKU-0028,1,81.59,3.50,5.77,83.86
WM000004514,1,SKU-0062,1,14.15,0.52,1.21,14.84
WM000004514,2,SKU-0052,3,281.52,8.03,64.40,900.93
WM000004522,1,SKU-0104,2,202.77,3.32,16.95,419.17
WM000004526,1,SKU-0106,1,92.61,8.08,7.02,91.55
WM000004529,1,SKU-0032,1,174.43,7.46,11.27,178.24
WM000004536,1,SKU-0002,1,146.04,13.91,9.51,141.64
WM000004536,2,SKU-0030,3,208.18,57.44,48.11,615.21
WM000004539,1,SKU-0019,1,45.34,1.84,3.29,46.79
WM000004544,1,SKU-0105,1,102.32,4.51,4.91,102.72
WM000004546,1,SKU-0109,3,407.65,17.24,84.30,1290.01
WM000004546,2,SKU-0089,1,26.88,2.66,2.05,26.27
WM000004546,3,SKU-0041,1,358.92,2.76,28.39,384.55
WM000004550,1,SKU-0065,2,137.44,10.07,19.34,284.15
WM000004550,2,SKU-0044,1,259.38,27.10,14.07,246.35
WM000004554,1,SKU-0035,2,157.53,14.21,24.38,325.23
WM000004554,2,SKU-0059,1,125.51,6.91,5.60,124.20
WM000004554,3,SKU-0036,1,257.65,23.52,13.48,247.61
WM000004554,4,SKU-0020,1,211.13,20.89,8.90,199.14
WM000004563,1,SKU-0030,1,232.65,22.39,13.63,223.89
WM000004563,2,SKU-0053,1,362.34,42.42,26.78,346.70
WM000004563,3,SKU-0099,1,181.96,8.52,9.68,183.12
WM000004565,1,SKU-0004,1,135.26,5.46,6.82,136.62
WM000004565,2,SKU-0050,2,372.01,16.05,48.93,776.90
WM000004565,3,SKU-0017,1,74.24,4.94,4.58,73.88
WM000004566,1,SKU-0061,2,218.97,7.65,20.65,450.94
WM000004566,2,SKU-0081,1,49.12,5.20,3.16,47.08
WM000004566,3,SKU-0096,1,31.86,3.76,1.87,29.97
WM000004566,4,SKU-0091,1,176.24,0.77,13.88,189.35
WM000004566,5,SKU-0085,1,153.07,8.69,11.50,155.88
WM000004567,1,SKU-0045,1,90.40,3.33,3.96,91.03
WM000004569,1,SKU-0111,4,223.55,91.01,71.58,874.77
WM000004571,1,SKU-0112,2,205.98,8.11,25.75,429.60
WM000004571,2,SKU-0005,2,97.36,4.17,7.74,198.29
WM000004571,3,SKU-0040,1,232.98,25.61,13.61,220.98
WM000004571,4,SKU-0103,1,369.44,31.23,17.88,356.09
WM000004571,5,SKU-0071,1,305.93,35.70,24.01,294.24
WM000004576,1,SKU-0023,1,177.44,13.67,14.16,177.93
WM000004578,1,SKU-0012,4,66.00,25.51,12.21,250.70
WM000004580,1,SKU-0001,1,331.31,1.16,15.20,345.35
WM000004580,2,SKU-0024,1,33.21,1.89,2.72,34.04
WM000004580,3,SKU-0072,4,166.46,25.49,26.57,666.92
WM000004584,1,SKU-0013,1,284.18,25.03,15.65,274.80
WM000004587,1,SKU-0034,1,385.62,33.78,15.68,367.52
WM000004597,1,SKU-0115,1,253.64,6.50,20.26,267.40
WM000004597,2,SKU-0030,1,213.88,19.82,9.56,203.62
WM000004598,1,SKU-0045,1,90.18,10.31,5.32,85.19
WM000004598,2,SKU-0025,1,136.66,11.23,7.12,132.55
WM000004600,1,SKU-0092,2,17.50,0.23,2.32,37.09
WM000004600,2,SKU-0082,2,250.38,43.14,32.51,490.13
WM000004603,1,SKU-0035,1,138.36,4.32,7.68,141.72
WM000004603,2,SKU-0082,2,285.23,54.09,25.34,541.71
WM000004607,1,SKU-0106,3,93.80,6.45,13.41,288.36
WM000004609,1,SKU-0007,1,225.46,6.05,10.15,229.56
WM000004609,2,SKU-0047,2,15.48,2.87,1.89,29.98
WM000004609,3,SKU-0081,1,43.76,3.83,1.75,41.68
WM000004610,1,SKU-0037,3,68.65,9.12,8.77,205.60
WM000004612,1,SKU-0069,1,224.89,9.90,18.62,233.61
WM000004612,2,SKU-0035,1,160.87,14.87,10.11,156.11
WM000004618,1,SKU-0024,4,32.09,11.33,7.13,124.16
WM000004625,1,SKU-0112,1,219.53,12.04,17.48,224.97
WM000004626,1,SKU-0039,1,102.00,0.26,6.33,108.07
WM000004626,2,SKU-0058,2,283.54,1.06,40.84,606.86
WM000004634,1,SKU-0035,1,155.53,2.98,11.75,164.30
WM000004634,2,SKU-0029,2,144.86,3.20,15.04,301.56
WM000004640,1,SKU-0018,1,145.15,4.23,7.39,148.31
WM000004652,1,SKU-0050,1,411.27,12.61,28.48,427.14
WM000004653,1,SKU-0105,4,109.85,27.96,19.56,431.00
WM000004661,1,SKU-0092,1,16.94,1.63,0.96,16.27
WM000004666,1,SKU-0034,1,381.41,7.27,28.43,402.57
WM000004668,1,SKU-0017,2,68.95,10.97,7.01,133.94
WM000004670,1,SKU-0006,1,163.82,19.28,5.86,150.40
WM000004670,2,SKU-0107,2,354.95,59.43,37.86,688.33
WM000004677,1,SKU-0105,2,102.64,19.90,8.74,194.12
WM000004677,2,SKU-0089,1,24.35,0.24,1.31,25.42
WM000004679,1,SKU-0034,3,380.87,52.75,85.21,1175.07
WM000004679,2,SKU-0031,2,349.82,49.42,47.93,698.15
WM000004682,1,SKU-0017,2,69.98,12.61,7.09,134.44
WM000004682,2,SKU-0050,1,415.81,16.37,20.75,420.19
WM000004682,3,SKU-0003,1,30.52,1.78,1.16,29.90
WM000004682,4,SKU-0073,3,113.74,12.61,21.82,350.43
WM000004683,1,SKU-0105,2,118.66,8.60,16.60,245.32
WM000004683,2,SKU-0095,1,73.75,2.09,3.49,75.15
WM000004683,3,SKU-0115,1,264.89,9.16,13.79,269.52
WM000004690,1,SKU-0065,1,130.21,9.06,10.76,131.91
WM000004693,1,SKU-0010,1,319.26,25.11,17.44,311.59
WM000004694,1,SKU-0048,1,191.42,11.58,9.92,189.76
WM000004694,2,SKU-0104,2,204.63,41.61,26.85,394.50
WM000004698,1,SKU-0070,4,228.24,14.43,60.07,958.60
WM000004698,2,SKU-0086,1,20.18,1.57,1.21,19.82
WM000004706,1,SKU-0094,1,292.29,3.97,19.03,307.35
WM000004706,2,SKU-0029,1,144.19,2.54,11.26,152.91
WM000004706,3,SKU-0106,1,92.11,9.17,6.23,89.17
WM000004706,4,SKU-0056,1,231.17,2.98,9.20,237.39
WM000004706,5,SKU-0115,2,272.45,42.60,33.81,536.11
WM000004709,1,SKU-0034,1,386.01,25.18,26.93,387.76
WM000004709,2,SKU-0049,1,219.11,13.75,14.13,219.49
WM000004709,3,SKU-0078,1,168.37,12.33,9.41,165.45
WM000004712,1,SKU-0054,1,229.30,14.40,18.11,233.01
WM000004713,1,SKU-0087,1,182.49,0.29,8.19,190.39
WM000004713,2,SKU-0024,1,31.34,2.60,2.24,30.98
WM000004724,1,SKU-0045,1,88.18,8.44,5.62,85.36
WM000004724,2,SKU-0108,2,153.26,29.29,15.90,293.13
WM000004727,1,SKU-0105,1,101.67,2.87,7.63,106.43
WM000004738,1,SKU-0060,2,249.51,45.12,22.67,476.57
WM000004746,1,SKU-0035,1,154.57,9.87,8.48,153.18
WM000004746,2,SKU-0046,2,149.49,14.85,19.61,303.74
WM000004753,1,SKU-0115,2,266.32,31.07,32.51,534.08
WM000004756,1,SKU-0018,1,165.50,3.51,10.37,172.36
WM000004760,1,SKU-0046,1,143.26,2.79,8.15,148.62
WM000004760,2,SKU-0009,2,178.89,24.44,18.97,352.31
WM000004760,3,SKU-0049,1,215.48,11.75,15.26,218.99
WM000004764,1,SKU-0104,2,198.65,39.18,25.89,384.01
WM000004764,2,SKU-0052,2,248.90,10.22,22.43,510.01
WM000004765,1,SKU-0042,1,388.88,3.98,27.08,411.98
WM000004768,1,SKU-0001,4,342.95,94.31,96.30,1373.79
WM000004776,1,SKU-0120,2,285.15,48.33,27.92,549.89
WM000004776,2,SKU-0014,2,362.71,84.67,57.31,698.06
WM000004776,3,SKU-0007,2,262.94,60.81,27.32,492.39
WM000004776,4,SKU-0042,4,419.28,46.04,104.72,1735.80
WM000004784,1,SKU-0025,1,122.90,2.72,6.02,126.20
WM000004789,1,SKU-0091,1,188.15,2.76,16.46,201.85
WM000004789,2,SKU-0030,2,219.24,42.79,26.72,422.41
WM000004789,3,SKU-0002,4,156.74,0.09,53.76,680.63
WM000004789,4,SKU-0076,1,99.93,2.62,5.19,102.50
WM000004790,1,SKU-0051,4,103.27,44.90,31.81,399.99
WM000004790,2,SKU-0015,2,206.89,29.20,29.45,414.03
WM000004790,3,SKU-0073,1,130.84,13.08,6.88,124.64
WM000004791,1,SKU-0001,2,388.61,44.42,46.44,779.24
WM000004795,1,SKU-0106,1,91.85,2.35,7.71,97.21
WM000004795,2,SKU-0043,1,135.87,8.09,6.97,134.75
WM000004798,1,SKU-0089,3,26.76,5.56,6.12,80.84
WM000004798,2,SKU-0078,4,178.01,77.07,56.01,690.98
WM000004801,1,SKU-0005,2,93.98,17.88,10.08,180.16
WM000004801,2,SKU-0065,1,135.84,9.78,8.45,134.51
WM000004801,3,SKU-0118,1,205.17,0.13,14.46,219.50
WM000004801,4,SKU-0072,1,156.23,7.46,13.28,162.05
WM000004801,5,SKU-0002,1,141.77,8.82,10.88,143.83
WM000004805,1,SKU-0098,1,355.54,7.82,24.39,372.11
WM000004805,2,SKU-0056,1,239.22,25.56,18.63,232.29
WM000004807,1,SKU-0005,1,104.26,9.50,5.49,100.25
WM000004807,2,SKU-0046,1,127.83,8.32,7.90,127.41
WM000004810,1,SKU-0057,2,427.88,94.02,38.90,800.64
WM000004810,2,SKU-0071,2,333.18,53.54,28.35,641.17
WM000004810,3,SKU-0041,3,346.55,2.30,72.64,1109.99
WM000004810,4,SKU-0111,1,238.86,20.96,13.63,231.53
WM000004810,5,SKU-0052,2,272.24,34.42,45.50,555.56
WM000004813,1,SKU-0045,1,79.74,0.86,6.78,85.66
WM000004813,2,SKU-0098,1,336.21,28.24,14.75,322.72
WM000004814,1,SKU-0010,1,318.32,6.02,12.61,324.91
WM000004816,1,SKU-0054,4,222.32,75.00,59.75,874.03
WM000004817,1,SKU-0115,1,261.88,16.64,21.63,266.87
WM000004817,2,SKU-0009,1,182.71,15.79,12.84,179.76
WM000004821,1,SKU-0061,1,210.12,14.71,14.75,210.16
WM000004821,2,SKU-0066,1,71.41,4.92,2.87,69.36
WM000004840,1,SKU-0085,1,152.13,15.42,11.14,147.85
WM000004842,1,SKU-0097,4,169.41,74.67,41.35,644.32
WM000004844,1,SKU-0006,1,153.71,5.93,10.55,158.33
WM000004845,1,SKU-0018,1,166.27,19.80,8.16,154.63
WM000004845,2,SKU-0060,2,250.07,43.59,23.20,479.75
WM000004845,3,SKU-0049,1,209.41,20.78,15.58,204.21
WM000004851,1,SKU-0101,2,173.30,2.92,20.59,364.27
WM000004851,2,SKU-0013,1,316.90,34.62,21.08,303.36
WM000004851,3,SKU-0014,1,376.40,20.77,15.26,370.89
WM000004861,1,SKU-0070,2,221.14,43.44,21.24,420.08
WM000004861,2,SKU-0013,1,280.75,19.92,12.66,273.49
WM000004865,1,SKU-0090,3,276.03,73.54,32.80,787.35
WM000004871,1,SKU-0063,1,22.50,0.95,1.51,23.06
WM000004871,2,SKU-0056,1,245.31,15.40,11.07,240.98
WM000004871,3,SKU-0111,1,215.54,17.67,12.25,210.12
WM000004875,1,SKU-0071,2,339.36,41.11,31.33,668.94
WM000004875,2,SKU-0115,1,243.11,26.34,17.50,234.27
WM000004881,1,SKU-0004,1,130.00,8.53,9.22,130.69
WM000004888,1,SKU-0018,3,159.77,36.52,27.41,470.20
WM000004888,2,SKU-0035,2,162.82,9.59,18.73,334.78
WM000004888,3,SKU-0112,1,228.31,20.02,11.52,219.81
WM000004889,1,SKU-0075,1,28.71,0.25,1.87,30.33
WM000004890,1,SKU-0028,3,75.79,6.85,15.19,235.71
WM000004890,2,SKU-0004,2,117.34,11.38,16.99,240.29
WM000004890,3,SKU-0058,2,272.37,5.34,37.52,576.92
WM000004896,1,SKU-0023,1,177.43,0.52,14.95,191.86
WM000004896,2,SKU-0057,1,496.52,18.16,42.60,520.96
WM000004896,3,SKU-0036,2,288.83,44.77,22.51,555.40
WM000004898,1,SKU-0019,1,49.06,0.60,4.13,52.59
WM000004898,2,SKU-0098,1,360.26,7.78,25.77,378.25
WM000004904,1,SKU-0037,1,73.51,4.28,3.72,72.95
WM000004904,2,SKU-0008,1,42.67,0.72,3.49,45.44
WM000004907,1,SKU-0019,1,48.42,3.82,3.74,48.34
WM000004910,1,SKU-0022,1,222.32,22.47,13.91,213.76
WM000004910,2,SKU-0119,1,243.07,17.83,12.84,238.08
WM000004916,1,SKU-0004,1,129.10,2.45,10.45,137.10
WM000004924,1,SKU-0014,5,352.79,60.71,95.62,1798.86
WM000004928,1,SKU-0027,2,64.19,6.26,6.50,128.62
WM000004928,2,SKU-0088,2,141.56,26.26,22.39,279.25
WM000004928,3,SKU-0078,3,155.36,33.08,24.83,457.83
WM000004930,1,SKU-0067,2,49.79,4.44,4.63,99.77
WM000004931,1,SKU-0049,1,241.57,13.19,16.11,244.49
WM000004934,1,SKU-0106,1,90.07,0.59,7.87,97.35
WM000004935,1,SKU-0055,1,28.79,1.73,2.30,29.36
WM000004937,1,SKU-0049,2,234.97,19.50,38.60,489.04
WM000004939,1,SKU-0007,2,259.03,25.45,27.28,519.89
WM000004939,2,SKU-0036,1,259.96,11.09,15.86,264.73
WM000004939,3,SKU-0002,1,158.48,11.32,10.77,157.93
WM000004941,1,SKU-0006,1,178.05,20.55,7.76,165.26
WM000004942,1,SKU-0119,3,262.11,55.18,36.65,767.80
WM000004942,2,SKU-0054,3,225.71,25.42,34.12,685.83
WM000004942,3,SKU-0068,1,79.43,8.38,5.96,77.01
WM000004942,4,SKU-0103,1,325.39,31.52,16.58,310.45
WM000004943,1,SKU-0032,1,172.79,16.14,7.56,164.21
WM000004943,2,SKU-0117,2,95.89,6.70,11.19,196.27
WM000004945,1,SKU-0024,2,30.45,1.98,4.48,63.40
WM000004947,1,SKU-0086,2,20.16,3.63,2.05,38.74
WM000004952,1,SKU-0078,1,156.28,13.16,8.31,151.43
WM000004953,1,SKU-0055,1,27.63,1.66,1.31,27.28
WM000004959,1,SKU-0002,2,140.72,28.83,20.99,273.60
WM000004960,1,SKU-0114,1,225.10,13.88,9.65,220.87
WM000004960,2,SKU-0067,1,51.03,4.38,2.34,48.99
WM000004972,1,SKU-0020,2,250.10,11.34,43.74,532.60
WM000004985,1,SKU-0059,1,129.94,8.43,5.79,127.30
WM000004985,2,SKU-0010,1,309.90,25.77,12.45,296.58
WM000004985,3,SKU-0002,2,146.00,19.56,19.65,292.09
WM000004989,1,SKU-0089,3,24.71,5.81,4.24,72.56
