source_order_id,order_datetime,ship_date,currency,order_status,fulfillment_type,subtotal,tax_amount,shipping_amount,discount_amount,order_total
WM000000002,2025-09-14T09:58:00,2025-09-18,USD,Shipped,WFS,204.62,16.80,12.99,6.90,227.51
WM000000004,2026-01-07T11:43:00,2026-01-12,USD,Delivered,Merchant,321.83,20.02,7.99,28.14,321.70
WM000000007,2025-10-27T17:45:00,2025-10-29,USD,Delivered,WFS,1520.02,86.19,0.00,67.00,1539.21
WM000000009,2025-11-18T22:41:00,2025-11-21,USD,Processing,WFS,988.65,52.21,4.99,46.19,999.66
WM000000010,2025-08-11T11:18:00,2025-08-16,USD,Shipped,WFS,497.71,36.87,4.99,17.83,521.74
WM000000013,2025-11-27T20:47:00,2025-11-28,USD,Delivered,WFS,381.63,21.43,12.99,38.57,377.48
WM000000022,2025-11-16T13:40:00,2025-11-20,USD,Delivered,WFS,254.16,15.18,7.99,27.29,250.04
WM000000028,2025-10-07T19:57:00,2025-10-09,USD,Delivered,Merchant,132.61,8.89,12.99,8.80,145.69
WM000000031,2025-08-30T12:02:00,2025-09-02,USD,Delivered,WFS,841.86,42.78,4.99,28.73,860.90
WM000000037,2026-01-24T08:22:00,2026-01-25,USD,Delivered,Merchant,31.45,1.89,0.00,3.03,30.31
WM000000040,2025-08-04T12:46:00,2025-08-05,USD,Delivered,Merchant,904.36,58.67,12.99,40.76,935.26
WM000000042,2025-07-09T14:48:00,2025-07-13,USD,Cancelled,WFS,2124.80,107.79,7.99,165.69,2074.89
WM000000043,2026-03-23T19:29:00,2026-03-26,USD,Shipped,Merchant,83.86,5.78,4.99,1.53,93.10
WM000000046,2025-11-09T19:38:00,2025-11-13,USD,Shipped,WFS,389.11,22.20,12.99,28.39,395.91
WM000000052,2025-07-06T08:40:00,2025-07-08,USD,Delivered,WFS,185.32,7.02,12.99,17.68,187.65
WM000000053,2026-05-23T12:46:00,2026-05-24,USD,Delivered,Merchant,392.35,22.56,12.99,9.03,418.87
WM000000060,2026-05-28T12:26:00,2026-05-31,USD,Delivered,WFS,212.35,13.06,4.99,8.39,222.01
WM000000064,2026-01-08T13:06:00,2026-01-12,USD,Processing,Merchant,412.44,29.71,0.00,18.02,424.13
WM000000065,2025-09-28T13:26:00,2025-10-03,USD,Delivered,Merchant,882.62,63.76,0.00,92.38,854.00
WM000000070,2025-08-23T11:31:00,2025-08-25,USD,Delivered,Merchant,677.63,46.53,0.00,29.48,694.68
WM000000072,2025-09-22T15:43:00,2025-09-25,USD,Processing,Merchant,413.43,30.17,0.00,42.36,401.24
WM000000073,2025-10-10T09:50:00,2025-10-12,USD,Delivered,WFS,476.04,29.74,0.00,51.75,454.03
WM000000075,2025-11-02T12:31:00,2025-11-06,USD,Delivered,Merchant,343.92,28.95,7.99,9.74,371.12
WM000000076,2025-11-25T18:27:00,2025-11-28,USD,Delivered,Merchant,107.68,8.52,0.00,11.81,104.39
WM000000079,2026-05-27T22:09:00,2026-05-31,USD,Shipped,Merchant,1163.14,48.62,12.99,102.98,1121.77
WM000000081,2026-02-17T15:11:00,2026-02-18,USD,Delivered,Merchant,1103.43,80.85,0.00,40.56,1143.72
WM000000084,2025-11-07T15:21:00,2025-11-12,USD,Processing,Merchant,803.77,49.30,0.00,42.40,810.67
WM000000086,2025-10-07T18:29:00,2025-10-08,USD,Delivered,WFS,440.18,16.81,0.00,32.81,424.18
WM000000088,2026-03-15T13:36:00,2026-03-19,USD,Shipped,Merchant,715.49,29.78,7.99,48.00,705.26
WM000000089,2025-08-08T21:13:00,2025-08-09,USD,Delivered,Merchant,800.74,43.88,7.99,54.24,798.37
WM000000091,2026-05-16T14:04:00,2026-05-20,USD,Delivered,Merchant,93.66,6.59,0.00,2.21,98.04
WM000000092,2026-02-28T22:22:00,2026-03-01,USD,Shipped,Merchant,17.52,1.35,12.99,0.43,31.43
WM000000098,2025-09-18T18:18:00,2025-09-20,USD,Delivered,WFS,285.88,17.78,0.00,28.32,275.34
WM000000099,2025-12-24T21:54:00,2025-12-27,USD,Delivered,Merchant,593.38,38.31,12.99,2.32,642.36
WM000000102,2026-06-04T21:05:00,2026-06-08,USD,Delivered,Merchant,229.77,18.98,7.99,10.86,245.88
WM000000106,2026-01-29T13:38:00,2026-02-01,USD,Delivered,Merchant,29.31,1.85,12.99,2.16,41.99
WM000000112,2025-09-30T17:15:00,2025-10-02,USD,Delivered,Merchant,1351.00,67.93,0.00,68.87,1350.06
WM000000114,2025-08-24T20:10:00,2025-08-28,USD,Delivered,Merchant,98.12,6.50,4.99,2.97,106.64
WM000000116,2026-05-06T18:26:00,2026-05-08,USD,Delivered,Merchant,353.27,24.55,7.99,34.09,351.72
WM000000122,2025-07-14T12:13:00,2025-07-16,USD,Delivered,WFS,216.19,9.90,12.99,12.84,226.24
WM000000123,2025-07-10T15:59:00,2025-07-14,USD,Delivered,Merchant,20.35,0.81,0.00,1.02,20.14
WM000000124,2025-07-19T15:04:00,2025-07-24,USD,Delivered,WFS,1403.45,88.93,7.99,106.91,1393.46
WM000000126,2026-03-03T19:53:00,2026-03-05,USD,Delivered,Merchant,288.04,23.31,12.99,12.48,311.86
WM000000128,2025-10-12T14:46:00,2025-10-15,USD,Delivered,Merchant,152.10,11.37,7.99,8.97,162.49
WM000000130,2025-10-22T17:43:00,2025-10-27,USD,Shipped,Merchant,491.17,31.64,0.00,11.81,511.00
WM000000138,2026-05-18T16:03:00,2026-05-21,USD,Delivered,Merchant,320.08,23.97,12.99,10.67,346.37
WM000000140,2025-11-23T12:54:00,2025-11-28,USD,Delivered,WFS,624.77,40.43,12.99,55.59,622.60
WM000000142,2025-12-30T20:26:00,2026-01-02,USD,Shipped,Merchant,51.80,4.20,4.99,2.36,58.63
WM000000146,2026-04-14T08:08:00,2026-04-19,USD,Processing,Merchant,1322.47,71.41,0.00,104.90,1288.98
WM000000150,2025-11-14T18:24:00,2025-11-18,USD,Shipped,WFS,294.44,23.40,0.00,8.49,309.35
WM000000169,2025-10-27T21:43:00,2025-10-28,USD,Delivered,WFS,176.86,11.37,4.99,9.42,183.80
WM000000170,2026-01-30T13:25:00,2026-01-31,USD,Shipped,WFS,847.67,42.29,4.99,36.73,858.22
WM000000172,2025-10-16T14:32:00,2025-10-21,USD,Delivered,Merchant,613.92,37.51,12.99,29.03,635.39
WM000000174,2026-02-20T15:06:00,2026-02-24,USD,Delivered,Merchant,1058.01,81.04,4.99,55.36,1088.68
WM000000175,2025-07-16T18:38:00,2025-07-17,USD,Delivered,WFS,750.50,34.99,12.99,42.20,756.28
WM000000178,2025-10-24T14:24:00,2025-10-26,USD,Delivered,WFS,198.99,12.90,0.00,19.71,192.18
WM000000179,2025-10-07T09:44:00,2025-10-12,USD,Delivered,Merchant,1039.79,70.25,12.99,61.22,1061.81
WM000000180,2026-01-03T17:40:00,2026-01-05,USD,Delivered,Merchant,313.86,16.09,12.99,23.70,319.24
WM000000184,2026-06-06T21:39:00,2026-06-10,USD,Delivered,WFS,264.40,18.73,4.99,19.65,268.47
WM000000188,2025-10-10T13:23:00,2025-10-15,USD,Shipped,Merchant,1536.53,109.25,12.99,116.82,1541.95
WM000000193,2026-04-12T16:51:00,2026-04-14,USD,Shipped,WFS,149.92,7.53,12.99,16.32,154.12
WM000000194,2026-06-26T20:55:00,2026-06-28,USD,Delivered,Merchant,1426.97,68.83,4.99,121.03,1379.76
WM000000196,2025-09-21T19:47:00,2025-09-24,USD,Delivered,WFS,1670.34,105.29,0.00,132.91,1642.72
WM000000197,2026-06-06T10:04:00,2026-06-08,USD,Delivered,WFS,428.25,24.98,4.99,24.51,433.71
WM000000199,2025-10-31T13:42:00,2025-11-03,USD,Delivered,WFS,1058.19,74.00,12.99,91.83,1053.35
WM000000203,2026-06-07T13:26:00,2026-06-12,USD,Delivered,WFS,1844.94,113.48,4.99,143.42,1819.99
WM000000204,2025-12-07T12:41:00,2025-12-09,USD,Shipped,Merchant,488.55,28.42,0.00,23.30,493.67
WM000000205,2026-06-11T14:35:00,2026-06-14,USD,Shipped,Merchant,858.96,59.78,0.00,64.81,853.93
WM000000210,2026-06-05T18:46:00,2026-06-09,USD,Delivered,Merchant,598.48,46.31,4.99,12.82,636.96
WM000000211,2026-06-25T09:10:00,2026-06-29,USD,Processing,WFS,813.53,56.28,4.99,56.18,818.62
WM000000212,2026-06-23T18:57:00,2026-06-24,USD,Delivered,Merchant,1899.01,121.11,12.99,132.47,1900.64
WM000000218,2026-01-11T08:04:00,2026-01-14,USD,Delivered,Merchant,691.15,44.59,4.99,59.69,681.04
WM000000223,2026-06-09T12:56:00,2026-06-10,USD,Shipped,Merchant,1177.01,57.57,0.00,100.47,1134.11
WM000000228,2025-11-22T15:34:00,2025-11-24,USD,Delivered,Merchant,862.34,55.15,7.99,58.06,867.42
WM000000229,2025-12-23T12:46:00,2025-12-26,USD,Delivered,WFS,32.74,1.22,12.99,3.23,43.72
WM000000232,2026-05-08T17:48:00,2026-05-10,USD,Delivered,WFS,22.89,0.94,7.99,2.52,29.30
WM000000234,2026-04-26T14:28:00,2026-04-29,USD,Shipped,Merchant,838.72,56.07,0.00,54.57,840.22
WM000000243,2026-06-07T14:57:00,2026-06-08,USD,Delivered,WFS,936.39,43.43,4.99,107.07,877.74
WM000000245,2026-01-05T12:46:00,2026-01-06,USD,Delivered,Merchant,550.79,33.11,12.99,51.27,545.62
WM000000250,2025-12-20T18:16:00,2025-12-23,USD,Delivered,Merchant,172.90,6.89,0.00,3.03,176.76
WM000000261,2026-04-01T22:22:00,2026-04-03,USD,Delivered,Merchant,763.80,47.97,7.99,26.92,792.84
WM000000264,2025-10-04T10:33:00,2025-10-08,USD,Delivered,Merchant,907.95,59.44,0.00,46.54,920.85
WM000000265,2025-08-29T12:55:00,2025-08-31,USD,Shipped,Merchant,515.49,35.76,0.00,20.81,530.44
WM000000267,2026-03-31T19:17:00,2026-04-02,USD,Delivered,WFS,101.94,6.43,0.00,0.09,108.28
WM000000272,2026-04-03T18:47:00,2026-04-08,USD,Delivered,Merchant,87.59,6.51,12.99,9.88,97.21
WM000000273,2026-06-14T10:32:00,2026-06-18,USD,Delivered,Merchant,96.45,3.56,7.99,8.21,99.79
WM000000274,2026-04-18T19:10:00,2026-04-21,USD,Shipped,Merchant,391.36,16.16,0.00,22.40,385.12
WM000000276,2025-09-21T09:35:00,2025-09-23,USD,Delivered,WFS,1291.74,93.45,0.00,75.20,1309.99
WM000000278,2025-11-06T22:11:00,2025-11-09,USD,Delivered,WFS,141.09,8.34,0.00,3.43,146.00
WM000000282,2026-05-27T09:17:00,2026-05-28,USD,Delivered,Merchant,1407.52,64.92,4.99,113.07,1364.36
WM000000286,2026-01-18T08:00:00,2026-01-22,USD,Delivered,Merchant,154.75,10.61,0.00,9.35,156.01
WM000000289,2026-05-03T15:24:00,2026-05-06,USD,Processing,WFS,755.76,47.96,7.99,42.28,769.43
WM000000295,2025-11-20T12:05:00,2025-11-21,USD,Delivered,WFS,119.30,5.41,0.00,5.30,119.41
WM000000302,2026-02-25T18:14:00,2026-03-02,USD,Processing,WFS,1001.47,60.83,0.00,25.30,1037.00
WM000000305,2025-11-13T08:44:00,2025-11-17,USD,Delivered,WFS,148.81,8.85,12.99,17.40,153.25
WM000000312,2025-11-04T13:31:00,2025-11-05,USD,Shipped,WFS,112.65,5.30,12.99,8.06,122.88
WM000000313,2026-04-04T10:08:00,2026-04-09,USD,Delivered,Merchant,50.61,2.07,7.99,5.91,54.76
WM000000318,2025-12-18T10:00:00,2025-12-19,USD,Delivered,WFS,1226.49,62.46,0.00,98.29,1190.66
WM000000325,2026-05-09T16:28:00,2026-05-13,USD,Delivered,Merchant,2262.51,157.29,0.00,216.04,2203.76
WM000000329,2026-01-15T10:17:00,2026-01-19,USD,Delivered,WFS,230.73,16.00,7.99,11.13,243.59
WM000000332,2026-01-13T20:32:00,2026-01-15,USD,Delivered,WFS,174.51,8.85,0.00,6.57,176.79
WM000000333,2026-04-30T14:37:00,2026-05-02,USD,Delivered,WFS,397.05,22.95,12.99,23.91,409.08
WM000000334,2025-12-29T13:33:00,2026-01-02,USD,Delivered,Merchant,1142.51,63.15,0.00,50.81,1154.85
WM000000335,2025-12-29T08:20:00,2026-01-02,USD,Cancelled,WFS,168.83,6.95,4.99,1.63,179.14
WM000000347,2025-09-13T17:52:00,2025-09-18,USD,Delivered,Merchant,229.74,16.93,7.99,23.65,231.01
WM000000351,2025-09-09T16:50:00,2025-09-13,USD,Delivered,WFS,90.84,7.73,12.99,1.38,110.18
WM000000359,2025-12-04T16:25:00,2025-12-05,USD,Delivered,WFS,100.44,4.48,0.00,5.98,98.94
WM000000365,2025-07-16T13:35:00,2025-07-18,USD,Delivered,WFS,56.14,3.88,12.99,0.75,72.26
WM000000366,2026-06-11T19:22:00,2026-06-14,USD,Delivered,WFS,910.03,61.43,0.00,35.59,935.87
WM000000367,2026-03-11T15:26:00,2026-03-12,USD,Delivered,Merchant,243.46,14.19,4.99,12.66,249.98
WM000000370,2025-10-12T11:12:00,2025-10-16,USD,Shipped,Merchant,245.67,20.65,4.99,4.56,266.75
WM000000373,2026-04-12T18:55:00,2026-04-16,USD,Delivered,Merchant,170.27,7.43,0.00,15.79,161.91
WM000000382,2025-09-09T21:30:00,2025-09-13,USD,Shipped,WFS,210.62,14.14,7.99,15.46,217.29
WM000000385,2026-04-12T21:22:00,2026-04-14,USD,Delivered,Merchant,196.64,14.11,12.99,10.30,213.44
WM000000386,2026-04-27T08:44:00,2026-04-28,USD,Delivered,WFS,91.11,5.96,4.99,1.19,100.87
WM000000391,2025-12-19T15:53:00,2025-12-20,USD,Delivered,Merchant,623.60,25.45,0.00,26.08,622.97
WM000000393,2026-01-22T19:32:00,2026-01-26,USD,Shipped,WFS,158.14,9.87,0.00,11.83,156.18
WM000000397,2026-06-19T09:21:00,2026-06-20,USD,Delivered,Merchant,384.27,26.66,7.99,8.49,410.43
WM000000412,2026-03-01T19:42:00,2026-03-06,USD,Delivered,Merchant,274.88,20.91,12.99,20.78,288.00
WM000000413,2025-11-16T18:35:00,2025-11-21,USD,Delivered,WFS,485.66,33.81,12.99,29.22,503.24
WM000000415,2025-12-08T20:28:00,2025-12-10,USD,Delivered,WFS,1019.68,50.96,12.99,43.15,1040.48
WM000000421,2026-05-02T08:07:00,2026-05-06,USD,Delivered,Merchant,997.92,50.00,4.99,61.87,991.04
WM000000424,2026-05-05T17:47:00,2026-05-10,USD,Delivered,WFS,48.15,3.00,4.99,0.78,55.36
WM000000435,2025-08-10T16:47:00,2025-08-13,USD,Delivered,Merchant,410.76,33.67,4.99,8.73,440.69
WM000000436,2025-09-28T17:26:00,2025-10-01,USD,Shipped,Merchant,1441.32,79.82,0.00,37.27,1483.87
WM000000437,2025-12-05T20:54:00,2025-12-07,USD,Shipped,Merchant,2130.50,137.17,0.00,115.53,2152.14
WM000000442,2026-04-17T16:53:00,2026-04-21,USD,Delivered,Merchant,271.42,21.16,0.00,10.06,282.52
WM000000444,2026-02-17T12:13:00,2026-02-21,USD,Shipped,Merchant,318.41,17.21,4.99,29.34,311.27
WM000000445,2025-09-12T10:14:00,2025-09-15,USD,Shipped,Merchant,56.04,2.45,12.99,0.36,71.12
WM000000446,2026-04-14T10:26:00,2026-04-19,USD,Delivered,Merchant,422.90,22.55,12.99,42.16,416.28
WM000000455,2025-07-15T20:41:00,2025-07-18,USD,Delivered,Merchant,78.48,5.51,7.99,6.01,85.97
WM000000458,2025-10-06T09:57:00,2025-10-09,USD,Delivered,Merchant,48.14,3.07,7.99,5.56,53.64
WM000000464,2026-06-03T18:38:00,2026-06-08,USD,Delivered,Merchant,777.92,48.11,4.99,84.62,746.40
WM000000466,2026-05-23T14:08:00,2026-05-27,USD,Delivered,WFS,1287.83,76.27,4.99,48.09,1321.00
WM000000483,2026-01-19T09:15:00,2026-01-20,USD,Delivered,WFS,194.16,8.67,0.00,5.97,196.86
WM000000490,2025-09-20T10:58:00,2025-09-21,USD,Processing,Merchant,74.31,3.54,12.99,3.03,87.81
WM000000492,2026-02-14T18:10:00,2026-02-16,USD,Delivered,Merchant,161.80,6.19,0.00,7.31,160.68
WM000000495,2025-10-13T15:32:00,2025-10-17,USD,Delivered,WFS,192.76,14.08,0.00,11.14,195.70
WM000000497,2026-05-19T11:29:00,2026-05-22,USD,Delivered,Merchant,591.04,35.33,0.00,8.39,617.98
WM000000500,2026-06-21T21:42:00,2026-06-25,USD,Delivered,WFS,122.94,10.64,0.00,2.61,130.97
WM000000511,2025-07-30T08:06:00,2025-07-31,USD,Delivered,Merchant,1099.11,61.98,7.99,82.33,1086.75
WM000000512,2026-02-12T17:23:00,2026-02-16,USD,Delivered,WFS,1166.01,53.47,12.99,105.27,1127.20
WM000000513,2026-03-12T11:35:00,2026-03-14,USD,Delivered,WFS,386.82,14.89,4.99,25.93,380.77
WM000000514,2026-06-11T16:45:00,2026-06-12,USD,Shipped,Merchant,176.27,10.84,12.99,18.00,182.10
WM000000517,2026-01-23T08:11:00,2026-01-24,USD,Delivered,Merchant,764.86,37.30,12.99,54.60,760.55
WM000000519,2026-05-22T08:45:00,2026-05-27,USD,Delivered,Merchant,35.77,2.28,12.99,1.07,49.97
WM000000523,2026-01-16T11:02:00,2026-01-21,USD,Delivered,WFS,1022.66,72.37,0.00,27.33,1067.70
WM000000524,2026-01-01T15:02:00,2026-01-06,USD,Cancelled,Merchant,969.58,56.36,7.99,79.41,954.52
WM000000525,2026-05-27T18:07:00,2026-06-01,USD,Delivered,WFS,1142.80,80.27,7.99,111.71,1119.35
WM000000530,2026-02-08T20:01:00,2026-02-11,USD,Shipped,WFS,248.64,14.61,7.99,18.84,252.40
WM000000534,2025-08-03T17:23:00,2025-08-08,USD,Delivered,WFS,580.11,40.74,4.99,19.31,606.53
WM000000543,2025-10-04T22:48:00,2025-10-07,USD,Delivered,Merchant,169.35,8.78,7.99,14.75,171.37
WM000000553,2025-07-23T16:52:00,2025-07-25,USD,Delivered,Merchant,666.23,39.35,12.99,28.66,689.91
WM000000555,2025-11-14T17:44:00,2025-11-19,USD,Delivered,Merchant,722.39,51.15,0.00,60.22,713.32
WM000000557,2026-04-06T21:44:00,2026-04-08,USD,Shipped,WFS,476.78,27.37,0.00,24.49,479.66
WM000000559,2025-08-03T20:52:00,2025-08-04,USD,Delivered,WFS,208.51,10.83,0.00,13.55,205.79
WM000000560,2026-02-24T18:02:00,2026-02-27,USD,Cancelled,WFS,1448.68,97.23,4.99,107.29,1443.61
WM000000561,2025-09-20T10:38:00,2025-09-23,USD,Delivered,Merchant,1384.63,89.74,12.99,53.60,1433.76
WM000000569,2026-05-28T17:58:00,2026-05-30,USD,Delivered,WFS,429.16,24.88,12.99,7.98,459.05
WM000000581,2026-06-13T14:33:00,2026-06-14,USD,Processing,Merchant,135.80,7.81,7.99,7.73,143.87
WM000000585,2025-07-06T09:49:00,2025-07-10,USD,Delivered,Merchant,698.87,44.51,7.99,37.04,714.33
WM000000587,2025-12-07T19:49:00,2025-12-09,USD,Cancelled,WFS,70.86,5.80,12.99,6.25,83.40
WM000000588,2025-10-31T21:16:00,2025-11-03,USD,Shipped,Merchant,761.23,39.74,12.99,75.11,738.85
WM000000590,2025-11-25T19:31:00,2025-11-26,USD,Delivered,WFS,630.20,38.99,0.00,43.32,625.87
WM000000592,2025-07-05T09:20:00,2025-07-07,USD,Shipped,WFS,646.01,27.57,12.99,48.19,638.38
WM000000597,2026-05-11T16:34:00,2026-05-14,USD,Shipped,WFS,1323.64,69.41,0.00,42.81,1350.24
WM000000598,2026-02-19T17:48:00,2026-02-21,USD,Delivered,Merchant,65.91,4.37,12.99,6.32,76.95
WM000000602,2026-04-08T14:47:00,2026-04-09,USD,Delivered,Merchant,1207.30,61.64,4.99,42.82,1231.11
WM000000606,2025-08-03T10:53:00,2025-08-04,USD,Processing,Merchant,1082.89,70.56,0.00,77.76,1075.69
WM000000608,2026-06-16T11:24:00,2026-06-19,USD,Delivered,WFS,251.87,20.73,7.99,0.28,280.31
WM000000612,2025-12-06T09:15:00,2025-12-11,USD,Delivered,WFS,288.09,16.49,0.00,23.89,280.69
WM000000614,2026-04-12T13:24:00,2026-04-13,USD,Shipped,Merchant,159.17,7.54,0.00,6.07,160.64
WM000000616,2025-09-27T14:23:00,2025-10-02,USD,Delivered,WFS,48.90,1.91,7.99,1.18,57.62
WM000000625,2026-04-19T22:23:00,2026-04-23,USD,Cancelled,WFS,169.75,12.18,4.99,6.34,180.58
WM000000626,2026-03-19T17:06:00,2026-03-24,USD,Processing,Merchant,446.74,28.56,0.00,18.23,457.07
WM000000634,2025-09-22T21:41:00,2025-09-26,USD,Delivered,WFS,379.17,24.07,4.99,37.92,370.31
WM000000644,2026-06-20T11:58:00,2026-06-22,USD,Processing,Merchant,851.59,46.73,7.99,30.46,875.85
WM000000649,2025-08-29T12:55:00,2025-08-30,USD,Delivered,WFS,519.56,28.03,0.00,54.81,492.78
WM000000651,2026-05-02T09:53:00,2026-05-04,USD,Delivered,Merchant,621.12,24.91,4.99,28.75,622.27
WM000000660,2025-12-05T14:41:00,2025-12-09,USD,Delivered,WFS,378.49,25.81,0.00,6.64,397.66
WM000000665,2025-07-29T12:23:00,2025-08-03,USD,Cancelled,WFS,213.76,15.47,0.00,10.88,218.35
WM000000669,2026-04-06T09:39:00,2026-04-10,USD,Processing,WFS,172.42,8.58,0.00,17.54,163.46
WM000000672,2026-02-06T12:06:00,2026-02-11,USD,Delivered,Merchant,251.09,11.41,0.00,28.37,234.13
WM000000676,2025-07-10T21:04:00,2025-07-12,USD,Shipped,WFS,99.22,6.11,0.00,3.11,102.22
WM000000683,2025-10-12T12:04:00,2025-10-17,USD,Delivered,WFS,135.99,8.87,12.99,11.08,146.77
WM000000687,2025-10-20T20:11:00,2025-10-24,USD,Delivered,Merchant,67.30,3.20,4.99,2.62,72.87
WM000000689,2026-05-18T15:17:00,2026-05-21,USD,Delivered,Merchant,589.69,33.08,0.00,34.34,588.43
WM000000691,2025-12-06T09:21:00,2025-12-07,USD,Shipped,WFS,1597.85,101.01,7.99,82.86,1623.99
WM000000694,2026-05-31T22:29:00,2026-06-02,USD,Shipped,WFS,1274.12,74.46,7.99,53.89,1302.68
WM000000698,2025-08-21T21:45:00,2025-08-23,USD,Shipped,WFS,41.02,2.77,0.00,3.68,40.11
WM000000699,2026-04-08T08:10:00,2026-04-09,USD,Delivered,Merchant,179.97,10.63,0.00,7.73,182.87
WM000000700,2026-02-12T19:01:00,2026-02-13,USD,Delivered,WFS,123.34,6.80,12.99,6.28,136.85
WM000000706,2026-02-25T22:13:00,2026-02-26,USD,Delivered,Merchant,206.68,10.63,0.00,10.52,206.79
WM000000710,2025-11-19T09:25:00,2025-11-21,USD,Shipped,Merchant,313.66,18.24,0.00,3.01,328.89
WM000000714,2026-02-28T14:38:00,2026-03-03,USD,Delivered,Merchant,407.56,34.71,0.00,11.10,431.17
WM000000716,2026-01-20T12:30:00,2026-01-21,USD,Delivered,Merchant,227.75,9.07,0.00,2.78,234.04
WM000000724,2026-05-19T11:28:00,2026-05-24,USD,Delivered,WFS,711.59,46.21,7.99,57.81,707.98
WM000000729,2026-06-20T08:07:00,2026-06-23,USD,Delivered,Merchant,49.66,3.42,4.99,1.92,56.15
WM000000734,2026-01-10T21:13:00,2026-01-12,USD,Shipped,WFS,242.74,20.65,12.99,12.72,263.66
WM000000754,2026-02-24T13:35:00,2026-02-28,USD,Delivered,Merchant,1313.80,68.84,7.99,17.40,1373.23
WM000000762,2026-03-15T13:38:00,2026-03-18,USD,Delivered,Merchant,91.74,3.84,4.99,2.96,97.61
WM000000766,2026-06-20T22:03:00,2026-06-23,USD,Delivered,Merchant,523.30,34.18,7.99,56.56,508.91
WM000000768,2026-01-27T09:23:00,2026-01-28,USD,Delivered,WFS,647.16,47.63,12.99,37.48,670.30
WM000000769,2025-09-13T20:34:00,2025-09-17,USD,Delivered,Merchant,768.28,33.96,0.00,60.94,741.30
WM000000780,2025-09-27T09:52:00,2025-10-02,USD,Delivered,Merchant,174.69,13.30,0.00,20.01,167.98
WM000000783,2026-04-28T12:28:00,2026-04-30,USD,Processing,WFS,984.87,70.77,0.00,3.77,1051.87
WM000000787,2026-02-13T21:21:00,2026-02-17,USD,Delivered,WFS,163.82,8.79,0.00,13.53,159.08
WM000000789,2026-01-21T13:10:00,2026-01-23,USD,Delivered,Merchant,1013.80,50.28,7.99,71.70,1000.37
WM000000790,2026-01-11T14:11:00,2026-01-13,USD,Delivered,WFS,1005.25,75.86,7.99,61.55,1027.55
WM000000792,2025-08-23T19:00:00,2025-08-26,USD,Delivered,WFS,512.72,25.62,0.00,50.22,488.12
WM000000795,2026-03-21T16:02:00,2026-03-23,USD,Delivered,WFS,453.58,31.51,4.99,26.66,463.42
WM000000798,2026-01-16T18:51:00,2026-01-18,USD,Delivered,WFS,563.30,42.84,7.99,37.40,576.73
WM000000799,2025-08-31T10:13:00,2025-09-02,USD,Delivered,WFS,535.42,27.99,0.00,45.46,517.95
WM000000802,2025-08-13T18:24:00,2025-08-17,USD,Delivered,WFS,352.95,16.46,12.99,14.12,368.28
WM000000803,2025-10-20T18:36:00,2025-10-23,USD,Delivered,Merchant,584.86,28.21,7.99,42.68,578.38
WM000000808,2026-04-28T21:53:00,2026-05-03,USD,Delivered,WFS,492.03,36.51,0.00,16.77,511.77
WM000000809,2025-10-29T15:47:00,2025-11-03,USD,Delivered,Merchant,282.74,18.39,7.99,0.94,308.18
WM000000816,2026-06-02T18:03:00,2026-06-07,USD,Shipped,WFS,988.74,50.23,4.99,38.13,1005.83
WM000000817,2026-02-19T11:28:00,2026-02-23,USD,Delivered,Merchant,214.33,9.75,7.99,12.25,219.82
WM000000822,2025-08-02T12:50:00,2025-08-06,USD,Delivered,Merchant,1794.42,108.32,12.99,168.40,1747.33
WM000000823,2025-07-01T19:29:00,2025-07-05,USD,Delivered,WFS,1603.37,98.14,0.00,91.84,1609.67
WM000000832,2025-09-01T19:23:00,2025-09-06,USD,Shipped,Merchant,735.77,38.44,7.99,20.26,761.94
WM000000837,2026-05-27T12:12:00,2026-05-31,USD,Shipped,Merchant,92.60,5.99,4.99,9.67,93.91
WM000000839,2025-07-25T12:12:00,2025-07-29,USD,Shipped,WFS,1012.30,55.14,0.00,83.62,983.82
WM000000846,2025-10-10T16:48:00,2025-10-11,USD,Delivered,Merchant,846.60,41.39,4.99,76.97,816.01
WM000000850,2026-03-09T11:34:00,2026-03-11,USD,Shipped,WFS,225.25,10.37,7.99,16.03,227.58
WM000000853,2026-04-11T09:53:00,2026-04-14,USD,Delivered,WFS,2095.06,128.30,7.99,155.66,2075.69
WM000000855,2026-01-09T20:07:00,2026-01-14,USD,Delivered,WFS,914.68,50.08,0.00,44.64,920.12
WM000000856,2026-05-30T21:04:00,2026-06-03,USD,Delivered,Merchant,397.81,24.32,12.99,16.05,419.07
WM000000858,2025-11-27T21:40:00,2025-12-02,USD,Shipped,Merchant,207.13,12.12,12.99,22.09,210.15
WM000000864,2025-11-12T13:27:00,2025-11-16,USD,Delivered,WFS,609.91,43.22,12.99,29.83,636.29
WM000000876,2025-07-25T10:34:00,2025-07-30,USD,Cancelled,Merchant,182.92,12.94,12.99,11.98,196.87
WM000000879,2025-08-23T08:20:00,2025-08-25,USD,Shipped,Merchant,802.27,46.99,0.00,61.71,787.55
WM000000882,2026-04-30T14:27:00,2026-05-02,USD,Delivered,WFS,1853.95,85.86,7.99,72.02,1875.78
WM000000885,2026-05-15T20:28:00,2026-05-17,USD,Delivered,Merchant,645.76,47.84,0.00,17.85,675.75
WM000000886,2025-11-28T20:47:00,2025-11-29,USD,Delivered,Merchant,1162.66,67.05,0.00,101.71,1128.00
WM000000888,2025-07-25T11:35:00,2025-07-30,USD,Cancelled,WFS,1430.16,75.60,12.99,54.96,1463.79
WM000000902,2025-12-01T10:40:00,2025-12-06,USD,Delivered,WFS,944.58,53.23,7.99,45.82,959.98
WM000000906,2025-10-20T20:56:00,2025-10-22,USD,Shipped,WFS,503.46,39.29,0.00,39.87,502.88
WM000000912,2025-10-17T16:17:00,2025-10-19,USD,Delivered,WFS,738.66,32.78,0.00,56.27,715.17
WM000000922,2026-04-03T18:44:00,2026-04-07,USD,Delivered,WFS,487.64,33.94,4.99,34.56,492.01
WM000000926,2026-01-20T18:36:00,2026-01-22,USD,Shipped,Merchant,1445.57,93.00,0.00,58.09,1480.48
WM000000930,2026-01-01T15:48:00,2026-01-06,USD,Delivered,WFS,336.06,16.67,7.99,13.82,346.90
WM000000932,2025-10-12T14:07:00,2025-10-13,USD,Delivered,WFS,240.89,14.33,4.99,13.01,247.20
WM000000937,2025-11-10T22:18:00,2025-11-13,USD,Delivered,WFS,109.86,8.22,0.00,11.87,106.21
WM000000940,2026-03-27T16:55:00,2026-03-31,USD,Delivered,Merchant,1636.62,109.07,12.99,177.84,1580.84
WM000000947,2026-05-03T11:25:00,2026-05-04,USD,Delivered,WFS,1086.40,50.94,0.00,24.15,1113.19
WM000000950,2025-10-07T09:57:00,2025-10-10,USD,Delivered,Merchant,428.03,31.39,12.99,42.76,429.65
WM000000953,2026-04-25T13:38:00,2026-04-30,USD,Delivered,WFS,522.68,36.54,0.00,23.30,535.92
WM000000954,2026-04-16T21:09:00,2026-04-21,USD,Delivered,Merchant,702.50,36.79,0.00,48.03,691.26
WM000000958,2026-04-23T08:56:00,2026-04-27,USD,Delivered,Merchant,528.52,37.61,7.99,16.61,557.51
WM000000964,2026-02-17T18:39:00,2026-02-22,USD,Delivered,WFS,220.22,9.99,12.99,4.38,238.82
WM000000969,2025-12-26T12:39:00,2025-12-28,USD,Delivered,Merchant,316.66,14.43,12.99,19.61,324.47
WM000000973,2026-03-16T09:21:00,2026-03-20,USD,Shipped,Merchant,2033.55,98.73,4.99,112.50,2024.77
WM000000975,2026-06-30T19:30:00,2026-06-30,USD,Delivered,WFS,704.96,41.35,7.99,54.21,700.09
WM000000979,2025-12-11T18:23:00,2025-12-12,USD,Delivered,WFS,1415.02,58.90,0.00,108.66,1365.26
WM000000989,2025-08-19T15:24:00,2025-08-21,USD,Delivered,WFS,171.23,13.46,12.99,16.07,181.61
WM000000990,2025-07-15T11:16:00,2025-07-17,USD,Delivered,WFS,55.54,3.47,7.99,4.25,62.75
WM000000995,2026-05-20T18:35:00,2026-05-25,USD,Delivered,WFS,722.09,31.62,4.99,44.28,714.42
WM000000998,2025-10-06T12:47:00,2025-10-08,USD,Delivered,Merchant,1715.19,130.25,4.99,97.13,1753.30
WM000001001,2025-07-02T12:39:00,2025-07-05,USD,Delivered,WFS,309.81,20.78,4.99,23.23,312.35
WM000001002,2026-03-24T09:24:00,2026-03-29,USD,Delivered,Merchant,285.61,20.13,7.99,16.88,296.85
WM000001004,2025-08-15T17:55:00,2025-08-20,USD,Delivered,WFS,380.78,20.32,7.99,5.28,403.81
WM000001007,2026-04-06T20:15:00,2026-04-07,USD,Delivered,Merchant,114.37,8.01,0.00,10.71,111.67
WM000001012,2025-11-29T14:33:00,2025-12-04,USD,Delivered,Merchant,359.58,22.25,0.00,26.47,355.36
WM000001015,2025-09-15T20:02:00,2025-09-16,USD,Shipped,WFS,1242.01,74.37,12.99,85.31,1244.06
WM000001016,2025-11-27T14:03:00,2025-12-01,USD,Delivered,WFS,559.28,37.16,4.99,35.00,566.43
WM000001022,2026-05-08T17:42:00,2026-05-11,USD,Delivered,WFS,1177.23,78.85,0.00,104.46,1151.62
WM000001029,2026-01-02T09:16:00,2026-01-07,USD,Delivered,Merchant,237.05,12.77,0.00,3.34,246.48
WM000001030,2026-06-07T17:50:00,2026-06-08,USD,Processing,Merchant,408.72,21.07,4.99,23.63,411.15
WM000001043,2025-10-12T15:49:00,2025-10-14,USD,Delivered,Merchant,1069.29,49.60,12.99,97.02,1034.86
WM000001047,2026-05-29T14:00:00,2026-06-01,USD,Delivered,Merchant,231.55,16.42,12.99,15.24,245.72
WM000001054,2026-01-06T10:59:00,2026-01-08,USD,Processing,Merchant,442.38,28.69,0.00,36.47,434.60
WM000001055,2026-03-26T08:17:00,2026-03-31,USD,Shipped,WFS,1088.99,63.82,0.00,78.94,1073.87
WM000001056,2025-12-09T22:57:00,2025-12-12,USD,Delivered,Merchant,1625.58,104.00,0.00,60.12,1669.46
WM000001058,2026-05-07T20:56:00,2026-05-08,USD,Shipped,Merchant,663.66,48.58,7.99,50.24,669.99
WM000001065,2026-01-20T14:57:00,2026-01-22,USD,Delivered,Merchant,758.16,29.65,0.00,75.39,712.42
WM000001066,2025-10-20T14:40:00,2025-10-25,USD,Shipped,Merchant,393.01,22.65,0.00,15.41,400.25
WM000001069,2026-06-11T09:05:00,2026-06-13,USD,Cancelled,Merchant,345.05,20.29,0.00,13.89,351.45
WM000001087,2025-11-22T12:20:00,2025-11-26,USD,Delivered,WFS,412.49,25.44,12.99,33.68,417.24
WM000001088,2026-03-02T13:39:00,2026-03-05,USD,Shipped,Merchant,508.40,28.20,0.00,34.48,502.12
WM000001094,2026-05-03T12:02:00,2026-05-07,USD,Delivered,Merchant,1084.84,50.27,7.99,122.61,1020.49
WM000001098,2025-09-15T11:35:00,2025-09-17,USD,Processing,Merchant,945.75,55.68,4.99,50.78,955.64
WM000001103,2025-10-20T20:22:00,2025-10-22,USD,Processing,Merchant,75.61,5.39,12.99,8.22,85.77
WM000001108,2025-09-09T12:06:00,2025-09-13,USD,Delivered,Merchant,96.16,5.81,4.99,6.50,100.46
WM000001119,2026-01-14T22:26:00,2026-01-18,USD,Shipped,Merchant,354.37,23.00,7.99,14.75,370.61
WM000001125,2026-01-07T13:44:00,2026-01-11,USD,Delivered,Merchant,1370.84,75.63,0.00,42.84,1403.63
WM000001126,2026-01-23T10:16:00,2026-01-25,USD,Delivered,Merchant,649.44,32.80,0.00,12.30,669.94
WM000001129,2026-06-09T14:35:00,2026-06-13,USD,Shipped,Merchant,852.20,53.23,0.00,30.23,875.20
WM000001138,2025-09-10T15:53:00,2025-09-12,USD,Delivered,Merchant,753.89,47.88,4.99,40.67,766.09
WM000001143,2025-11-26T16:08:00,2025-11-29,USD,Delivered,Merchant,523.22,23.20,12.99,21.01,538.40
WM000001145,2025-11-11T22:16:00,2025-11-12,USD,Delivered,WFS,442.04,27.58,4.99,40.12,434.49
WM000001148,2025-08-17T21:01:00,2025-08-22,USD,Delivered,Merchant,747.84,44.43,12.99,57.83,747.43
WM000001153,2025-09-13T19:36:00,2025-09-15,USD,Delivered,Merchant,320.79,16.62,4.99,20.86,321.54
WM000001166,2026-02-25T10:34:00,2026-02-26,USD,Delivered,WFS,257.25,22.32,0.00,4.00,275.57
WM000001168,2025-10-10T08:06:00,2025-10-11,USD,Shipped,WFS,606.30,26.53,7.99,54.12,586.70
WM000001170,2026-03-25T09:50:00,2026-03-28,USD,Shipped,Merchant,84.50,3.18,7.99,7.52,88.15
WM000001172,2026-06-23T18:39:00,2026-06-26,USD,Delivered,WFS,27.28,1.27,0.00,1.76,26.79
WM000001176,2025-09-09T18:09:00,2025-09-14,USD,Delivered,WFS,98.94,5.82,12.99,7.41,110.34
WM000001178,2026-05-07T22:31:00,2026-05-10,USD,Shipped,WFS,964.32,58.91,0.00,44.26,978.97
WM000001182,2026-02-08T10:05:00,2026-02-10,USD,Delivered,Merchant,180.69,7.58,7.99,3.74,192.52
WM000001183,2025-07-22T15:36:00,2025-07-26,USD,Delivered,WFS,1486.66,100.44,4.99,51.30,1540.79
WM000001184,2026-06-17T10:28:00,2026-06-19,USD,Delivered,WFS,386.83,21.01,4.99,30.49,382.34
WM000001194,2026-03-12T20:07:00,2026-03-13,USD,Delivered,Merchant,189.76,12.06,0.00,13.59,188.23
WM000001198,2025-09-14T13:13:00,2025-09-17,USD,Processing,Merchant,834.85,45.19,4.99,48.10,836.93
WM000001200,2025-09-29T19:13:00,2025-10-03,USD,Shipped,Merchant,738.56,56.79,7.99,75.60,727.74
WM000001207,2026-05-29T15:14:00,2026-06-01,USD,Cancelled,WFS,1183.42,68.23,7.99,127.93,1131.71
WM000001211,2026-06-27T21:16:00,2026-06-29,USD,Processing,WFS,661.98,30.49,0.00,12.16,680.31
WM000001212,2025-12-15T14:54:00,2025-12-20,USD,Delivered,Merchant,553.80,30.23,12.99,19.29,577.73
WM000001213,2026-03-08T15:19:00,2026-03-12,USD,Processing,WFS,625.45,40.42,4.99,41.29,629.57
WM000001215,2026-04-21T13:57:00,2026-04-23,USD,Delivered,WFS,834.40,51.07,4.99,78.79,811.67
WM000001216,2025-07-09T11:22:00,2025-07-13,USD,Processing,Merchant,1499.58,85.86,0.00,131.67,1453.77
WM000001220,2025-08-10T18:54:00,2025-08-13,USD,Delivered,Merchant,1124.08,89.32,0.00,90.74,1122.66
WM000001223,2025-11-21T20:25:00,2025-11-26,USD,Delivered,Merchant,68.89,5.21,0.00,7.78,66.32
WM000001224,2026-01-26T22:13:00,2026-01-29,USD,Delivered,WFS,1099.74,76.54,7.99,93.44,1090.83
WM000001225,2026-05-22T18:56:00,2026-05-23,USD,Delivered,WFS,196.00,12.23,4.99,2.13,211.09
WM000001236,2026-05-26T13:57:00,2026-05-31,USD,Delivered,Merchant,388.10,21.81,4.99,12.48,402.42
WM000001237,2025-12-06T12:00:00,2025-12-08,USD,Shipped,Merchant,812.60,37.51,0.00,61.12,788.99
WM000001238,2026-04-14T14:30:00,2026-04-19,USD,Delivered,WFS,736.06,54.84,12.99,34.12,769.77
WM000001240,2026-01-17T08:36:00,2026-01-19,USD,Shipped,Merchant,349.98,16.26,12.99,2.14,377.09
WM000001242,2025-08-17T08:37:00,2025-08-19,USD,Delivered,WFS,594.89,36.76,12.99,28.49,616.15
WM000001245,2025-09-06T08:59:00,2025-09-08,USD,Delivered,Merchant,411.94,25.81,0.00,15.35,422.40
WM000001249,2025-11-12T09:55:00,2025-11-15,USD,Delivered,WFS,287.67,22.98,0.00,3.94,306.71
WM000001254,2026-02-21T12:42:00,2026-02-22,USD,Processing,WFS,111.36,6.08,12.99,9.32,121.11
WM000001259,2026-02-05T08:53:00,2026-02-06,USD,Delivered,WFS,439.81,25.72,7.99,11.10,462.42
WM000001260,2025-07-02T18:12:00,2025-07-07,USD,Delivered,Merchant,29.00,2.05,0.00,1.30,29.75
WM000001261,2025-10-31T10:44:00,2025-11-02,USD,Shipped,Merchant,171.55,13.84,7.99,8.94,184.44
WM000001263,2025-08-15T19:50:00,2025-08-19,USD,Delivered,WFS,2163.36,138.06,4.99,82.45,2223.96
WM000001269,2025-12-13T15:45:00,2025-12-14,USD,Delivered,Merchant,1123.55,67.19,0.00,81.93,1108.81
WM000001271,2025-09-16T08:12:00,2025-09-21,USD,Delivered,WFS,1092.00,76.30,4.99,64.98,1108.31
WM000001278,2026-01-01T10:23:00,2026-01-04,USD,Delivered,Merchant,399.09,27.93,0.00,20.00,407.02
WM000001285,2025-09-10T15:54:00,2025-09-15,USD,Delivered,Merchant,920.04,60.57,4.99,19.13,966.47
WM000001287,2026-05-18T19:55:00,2026-05-20,USD,Cancelled,Merchant,598.51,42.34,7.99,13.60,635.24
WM000001288,2025-12-14T16:06:00,2025-12-16,USD,Delivered,Merchant,334.26,26.62,12.99,38.26,335.61
WM000001294,2025-07-25T16:36:00,2025-07-29,USD,Shipped,WFS,315.18,11.82,0.00,32.56,294.44
WM000001298,2026-01-04T22:12:00,2026-01-06,USD,Delivered,Merchant,218.02,12.26,4.99,1.77,233.50
WM000001301,2026-02-16T15:51:00,2026-02-21,USD,Processing,WFS,119.61,9.18,4.99,12.92,120.86
WM000001310,2026-02-14T18:53:00,2026-02-15,USD,Shipped,WFS,1097.61,57.87,7.99,94.25,1069.22
WM000001321,2025-11-30T20:18:00,2025-12-04,USD,Shipped,Merchant,17.02,0.89,7.99,1.56,24.34
WM000001327,2025-07-06T19:31:00,2025-07-10,USD,Delivered,Merchant,519.52,37.60,7.99,38.85,526.26
WM000001328,2026-06-17T15:35:00,2026-06-18,USD,Delivered,WFS,529.48,22.55,0.00,24.66,527.37
WM000001332,2026-06-12T12:30:00,2026-06-17,USD,Delivered,Merchant,725.55,45.73,7.99,35.90,743.37
WM000001334,2025-10-20T22:04:00,2025-10-23,USD,Delivered,Merchant,888.34,62.18,0.00,28.34,922.18
WM000001336,2026-03-21T13:45:00,2026-03-24,USD,Delivered,Merchant,248.37,16.76,4.99,7.91,262.21
WM000001344,2026-05-20T08:14:00,2026-05-24,USD,Delivered,Merchant,427.16,25.79,12.99,20.90,445.04
WM000001346,2026-04-17T14:08:00,2026-04-21,USD,Delivered,WFS,273.01,11.03,7.99,4.50,287.53
WM000001347,2025-08-31T21:03:00,2025-09-02,USD,Shipped,Merchant,217.95,13.27,0.00,18.16,213.06
WM000001351,2026-06-08T13:55:00,2026-06-10,USD,Shipped,WFS,1087.60,79.70,0.00,52.57,1114.73
WM000001354,2026-03-16T20:13:00,2026-03-20,USD,Delivered,WFS,170.68,9.52,4.99,17.09,168.10
WM000001360,2026-01-14T12:48:00,2026-01-18,USD,Delivered,Merchant,724.60,47.52,7.99,58.14,721.97
WM000001363,2025-11-28T16:41:00,2025-12-03,USD,Delivered,Merchant,495.93,29.84,7.99,44.93,488.83
WM000001364,2026-04-28T08:34:00,2026-05-03,USD,Delivered,WFS,70.92,2.64,7.99,5.84,75.71
WM000001365,2026-03-05T12:40:00,2026-03-08,USD,Delivered,WFS,567.88,37.99,4.99,10.30,600.56
WM000001368,2025-07-16T12:38:00,2025-07-20,USD,Processing,Merchant,69.76,2.58,12.99,6.95,78.38
WM000001369,2026-01-07T21:52:00,2026-01-08,USD,Delivered,Merchant,1179.08,85.58,4.99,42.78,1226.87
WM000001370,2026-02-17T12:12:00,2026-02-22,USD,Processing,WFS,97.68,5.75,0.00,3.74,99.69
WM000001374,2025-07-20T09:05:00,2025-07-21,USD,Shipped,WFS,129.44,9.51,7.99,2.48,144.46
WM000001380,2025-07-08T17:27:00,2025-07-11,USD,Processing,WFS,891.17,62.90,12.99,71.44,895.62
WM000001386,2025-11-14T21:13:00,2025-11-17,USD,Delivered,WFS,100.07,7.49,0.00,3.26,104.30
WM000001391,2026-04-23T12:53:00,2026-04-26,USD,Processing,WFS,1759.16,137.40,4.99,50.73,1850.82
WM000001408,2026-02-15T17:10:00,2026-02-18,USD,Cancelled,WFS,983.04,59.18,0.00,81.57,960.65
WM000001409,2025-10-09T18:31:00,2025-10-10,USD,Shipped,WFS,408.58,16.64,4.99,26.24,403.97
WM000001414,2026-03-08T08:53:00,2026-03-13,USD,Delivered,Merchant,30.75,2.28,0.00,2.96,30.07
WM000001415,2025-07-18T17:00:00,2025-07-21,USD,Delivered,Merchant,919.55,58.43,7.99,51.86,934.11
WM000001416,2025-09-08T11:59:00,2025-09-10,USD,Delivered,Merchant,471.96,31.05,4.99,10.87,497.13
WM000001420,2025-09-22T13:05:00,2025-09-26,USD,Delivered,WFS,1815.10,107.68,0.00,171.99,1750.79
WM000001422,2025-08-21T19:11:00,2025-08-26,USD,Shipped,Merchant,187.59,7.59,0.00,11.84,183.34
WM000001426,2026-04-20T14:40:00,2026-04-21,USD,Delivered,Merchant,1120.50,46.22,7.99,106.77,1067.94
WM000001429,2025-09-08T22:24:00,2025-09-09,USD,Processing,WFS,474.18,30.63,0.00,49.24,455.57
WM000001432,2026-02-27T13:18:00,2026-03-03,USD,Delivered,WFS,473.68,26.54,7.99,41.66,466.55
WM000001442,2026-04-27T19:43:00,2026-04-29,USD,Delivered,WFS,235.49,15.23,7.99,16.68,242.03
WM000001449,2025-08-23T19:23:00,2025-08-25,USD,Delivered,WFS,423.42,22.48,0.00,42.14,403.76
WM000001457,2025-09-06T19:11:00,2025-09-08,USD,Delivered,WFS,282.79,12.22,12.99,15.38,292.62
WM000001464,2025-12-03T16:55:00,2025-12-06,USD,Delivered,WFS,382.00,19.03,0.00,18.35,382.68
WM000001469,2026-04-30T09:52:00,2026-05-05,USD,Delivered,WFS,599.24,38.24,12.99,13.39,637.08
WM000001470,2026-01-18T18:10:00,2026-01-22,USD,Shipped,WFS,1035.87,47.58,0.00,62.89,1020.56
WM000001472,2025-07-18T21:53:00,2025-07-23,USD,Processing,Merchant,680.01,47.80,12.99,26.30,714.50
WM000001475,2026-04-28T17:26:00,2026-04-30,USD,Delivered,WFS,578.94,29.86,7.99,31.52,585.27
WM000001484,2026-01-16T20:59:00,2026-01-17,USD,Delivered,Merchant,242.20,20.19,0.00,13.84,248.55
WM000001485,2025-09-14T19:42:00,2025-09-19,USD,Processing,WFS,602.20,31.53,12.99,43.49,603.23
WM000001492,2025-10-20T15:53:00,2025-10-23,USD,Delivered,Merchant,210.58,13.64,12.99,5.50,231.71
WM000001498,2025-08-25T21:44:00,2025-08-28,USD,Delivered,Merchant,1084.53,56.25,12.99,66.25,1087.52
WM000001500,2026-05-09T19:20:00,2026-05-13,USD,Shipped,Merchant,577.82,31.11,0.00,34.13,574.80
WM000001501,2026-02-25T09:44:00,2026-02-26,USD,Delivered,WFS,208.44,12.97,0.00,19.34,202.07
WM000001507,2026-01-21T21:58:00,2026-01-26,USD,Delivered,WFS,1140.35,74.30,0.00,67.58,1147.07
WM000001512,2026-06-20T12:25:00,2026-06-25,USD,Processing,Merchant,737.72,49.61,4.99,36.29,756.03
WM000001523,2026-06-10T22:44:00,2026-06-11,USD,Shipped,WFS,42.54,2.67,4.99,0.80,49.40
WM000001524,2025-11-29T19:35:00,2025-12-01,USD,Delivered,Merchant,370.61,24.26,4.99,18.91,380.95
WM000001525,2025-08-03T19:37:00,2025-08-08,USD,Cancelled,Merchant,695.18,39.76,0.00,38.67,696.27
WM000001534,2026-05-30T14:57:00,2026-06-02,USD,Delivered,WFS,237.10,11.28,4.99,19.70,233.67
WM000001539,2025-09-25T11:37:00,2025-09-29,USD,Shipped,Merchant,47.59,3.66,7.99,1.22,58.02
WM000001541,2026-05-25T21:24:00,2026-05-26,USD,Delivered,Merchant,1034.62,50.82,0.00,85.75,999.69
WM000001544,2026-05-29T13:12:00,2026-05-30,USD,Delivered,Merchant,827.26,32.06,0.00,65.55,793.77
WM000001549,2026-06-14T09:19:00,2026-06-15,USD,Shipped,Merchant,1042.88,62.86,0.00,41.97,1063.77
WM000001550,2025-11-10T09:44:00,2025-11-14,USD,Delivered,WFS,360.99,21.01,0.00,32.88,349.12
WM000001569,2025-10-03T14:38:00,2025-10-06,USD,Delivered,WFS,280.02,18.63,4.99,20.63,283.01
WM000001572,2026-06-22T20:24:00,2026-06-26,USD,Delivered,WFS,488.00,34.14,12.99,36.62,498.51
WM000001581,2026-05-19T12:27:00,2026-05-22,USD,Delivered,Merchant,272.80,20.75,7.99,11.27,290.27
WM000001582,2026-01-14T13:39:00,2026-01-17,USD,Delivered,WFS,490.74,34.23,4.99,53.27,476.69
WM000001591,2025-09-13T19:26:00,2025-09-18,USD,Shipped,Merchant,521.68,39.66,0.00,50.53,510.81
WM000001595,2025-07-08T17:22:00,2025-07-13,USD,Delivered,WFS,999.40,63.70,4.99,49.24,1018.85
WM000001597,2026-06-23T18:07:00,2026-06-25,USD,Shipped,Merchant,46.04,1.96,0.00,0.95,47.05
WM000001599,2025-09-09T18:56:00,2025-09-13,USD,Delivered,WFS,1520.31,95.89,0.00,143.31,1472.89
WM000001605,2026-06-11T09:20:00,2026-06-12,USD,Delivered,Merchant,782.60,41.71,0.00,39.25,785.06
WM000001610,2026-01-21T13:13:00,2026-01-25,USD,Shipped,WFS,235.11,17.41,12.99,13.10,252.41
WM000001614,2026-04-30T15:25:00,2026-05-04,USD,Delivered,Merchant,128.04,5.57,7.99,10.61,130.99
WM000001617,2026-04-30T15:56:00,2026-05-02,USD,Processing,Merchant,481.05,31.21,12.99,23.05,502.20
WM000001623,2026-06-08T12:41:00,2026-06-10,USD,Shipped,Merchant,201.04,13.40,0.00,17.05,197.39
WM000001626,2026-04-08T21:35:00,2026-04-13,USD,Delivered,WFS,809.95,63.22,4.99,59.36,818.80
WM000001628,2026-02-26T12:30:00,2026-03-02,USD,Delivered,Merchant,507.68,20.62,7.99,21.42,514.87
WM000001629,2025-11-03T20:35:00,2025-11-06,USD,Delivered,WFS,1404.84,85.71,0.00,66.11,1424.44
WM000001632,2025-11-15T18:11:00,2025-11-17,USD,Delivered,Merchant,1745.13,101.22,7.99,148.06,1706.28
WM000001633,2026-05-23T21:48:00,2026-05-25,USD,Shipped,Merchant,1274.81,59.99,7.99,120.31,1222.48
WM000001644,2026-04-29T11:45:00,2026-05-01,USD,Delivered,WFS,897.82,60.51,4.99,26.34,936.98
WM000001646,2025-08-25T09:02:00,2025-08-29,USD,Delivered,Merchant,598.04,34.49,0.00,47.67,584.86
WM000001650,2025-11-05T11:54:00,2025-11-08,USD,Delivered,Merchant,407.31,29.92,7.99,30.17,415.05
WM000001651,2025-10-07T22:19:00,2025-10-09,USD,Shipped,Merchant,345.24,27.56,4.99,26.44,351.35
WM000001653,2026-04-10T11:56:00,2026-04-14,USD,Delivered,WFS,536.56,34.77,0.00,56.53,514.80
WM000001662,2025-11-19T21:08:00,2025-11-22,USD,Delivered,Merchant,23.60,0.95,4.99,1.25,28.29
WM000001668,2025-09-01T22:56:00,2025-09-05,USD,Delivered,Merchant,669.32,38.47,0.00,71.63,636.16
WM000001670,2025-12-01T13:53:00,2025-12-04,USD,Delivered,Merchant,960.67,56.41,0.00,64.68,952.40
WM000001674,2026-01-30T15:58:00,2026-01-31,USD,Delivered,Merchant,437.16,32.52,0.00,14.11,455.57
WM000001675,2026-04-03T22:51:00,2026-04-06,USD,Delivered,Merchant,298.68,18.09,0.00,21.02,295.75
WM000001677,2025-10-16T14:25:00,2025-10-17,USD,Delivered,WFS,757.94,61.06,0.00,31.12,787.88
WM000001681,2026-01-21T19:01:00,2026-01-26,USD,Shipped,Merchant,1101.29,64.17,12.99,60.14,1118.31
WM000001686,2026-02-23T22:40:00,2026-02-26,USD,Processing,Merchant,204.12,8.13,4.99,6.55,210.69
WM000001689,2026-01-28T09:53:00,2026-01-29,USD,Delivered,WFS,1060.40,48.60,4.99,86.78,1027.21
WM000001692,2025-07-22T22:42:00,2025-07-27,USD,Delivered,Merchant,798.20,53.02,7.99,59.00,800.21
WM000001694,2026-02-20T10:48:00,2026-02-25,USD,Processing,Merchant,1297.61,78.26,0.00,81.13,1294.74
WM000001695,2026-06-19T22:54:00,2026-06-20,USD,Shipped,WFS,1228.16,63.37,0.00,45.67,1245.86
WM000001698,2026-03-10T20:27:00,2026-03-14,USD,Delivered,WFS,724.28,40.87,12.99,9.08,769.06
WM000001699,2026-03-25T17:55:00,2026-03-27,USD,Delivered,WFS,748.80,44.84,4.99,53.19,745.44
WM000001704,2026-06-07T16:05:00,2026-06-12,USD,Shipped,WFS,630.75,38.80,4.99,30.59,643.95
WM000001728,2025-07-10T21:08:00,2025-07-15,USD,Delivered,WFS,495.68,33.36,7.99,10.86,526.17
WM000001733,2026-02-25T19:58:00,2026-03-02,USD,Shipped,Merchant,285.04,14.91,4.99,24.86,280.08
WM000001735,2025-07-19T16:43:00,2025-07-22,USD,Delivered,Merchant,239.70,16.88,0.00,11.86,244.72
WM000001744,2025-10-31T18:35:00,2025-11-03,USD,Delivered,WFS,542.20,34.68,7.99,21.57,563.30
WM000001753,2025-08-05T18:14:00,2025-08-06,USD,Delivered,WFS,872.28,52.35,0.00,33.80,890.83
WM000001755,2025-12-03T17:47:00,2025-12-07,USD,Delivered,Merchant,164.48,12.61,0.00,13.50,163.59
WM000001760,2026-01-15T13:35:00,2026-01-20,USD,Delivered,Merchant,765.28,35.12,4.99,63.59,741.80
WM000001769,2026-05-03T16:41:00,2026-05-07,USD,Delivered,Merchant,452.28,24.95,0.00,14.62,462.61
WM000001770,2025-07-01T19:30:00,2025-07-03,USD,Delivered,Merchant,686.04,39.47,0.00,48.87,676.64
WM000001771,2026-01-16T18:16:00,2026-01-19,USD,Cancelled,Merchant,726.55,44.21,12.99,33.13,750.62
WM000001773,2025-07-31T13:52:00,2025-08-04,USD,Delivered,WFS,884.86,63.89,0.00,21.06,927.69
WM000001774,2026-03-23T17:43:00,2026-03-26,USD,Shipped,WFS,1007.36,64.34,0.00,97.30,974.40
WM000001784,2025-08-23T14:14:00,2025-08-24,USD,Delivered,WFS,492.88,31.78,0.00,41.65,483.01
WM000001785,2026-06-30T12:52:00,2026-06-30,USD,Delivered,Merchant,581.63,36.88,0.00,15.99,602.52
WM000001797,2025-10-24T19:58:00,2025-10-25,USD,Delivered,Merchant,204.96,13.01,12.99,17.42,213.54
WM000001807,2025-10-01T10:21:00,2025-10-02,USD,Delivered,WFS,533.44,23.32,0.00,57.66,499.10
WM000001808,2025-09-11T21:07:00,2025-09-13,USD,Delivered,Merchant,566.62,22.61,4.99,38.39,555.83
WM000001809,2026-01-25T21:56:00,2026-01-28,USD,Delivered,Merchant,669.56,41.03,12.99,31.05,692.53
WM000001810,2026-02-21T15:51:00,2026-02-26,USD,Shipped,Merchant,243.05,11.72,12.99,14.93,252.83
WM000001814,2025-08-03T16:13:00,2025-08-06,USD,Delivered,Merchant,361.84,29.24,7.99,9.62,389.45
WM000001816,2025-09-19T10:27:00,2025-09-20,USD,Delivered,WFS,1285.55,96.72,12.99,65.70,1329.56
WM000001817,2025-10-27T15:41:00,2025-11-01,USD,Shipped,Merchant,523.48,24.34,0.00,38.83,508.99
WM000001818,2025-08-07T10:15:00,2025-08-10,USD,Delivered,WFS,249.02,18.35,12.99,20.46,259.90
WM000001824,2025-07-31T18:48:00,2025-08-04,USD,Delivered,WFS,196.36,12.45,12.99,12.11,209.69
WM000001829,2026-04-30T12:11:00,2026-05-02,USD,Delivered,Merchant,888.09,40.86,0.00,52.90,876.05
WM000001830,2026-06-27T17:52:00,2026-06-30,USD,Delivered,Merchant,82.56,4.63,0.00,9.28,77.91
WM000001832,2025-08-28T15:34:00,2025-08-30,USD,Delivered,WFS,518.04,31.35,0.00,54.41,494.98
WM000001837,2025-07-23T17:30:00,2025-07-27,USD,Shipped,WFS,433.52,24.24,4.99,35.02,427.73
WM000001838,2025-10-31T09:35:00,2025-11-01,USD,Delivered,Merchant,739.78,45.00,4.99,55.07,734.70
WM000001841,2026-01-19T13:33:00,2026-01-23,USD,Delivered,WFS,194.46,14.07,0.00,15.57,192.96
WM000001845,2026-03-12T16:05:00,2026-03-13,USD,Delivered,WFS,246.32,14.20,0.00,23.14,237.38
WM000001849,2026-01-12T17:52:00,2026-01-17,USD,Delivered,WFS,148.17,5.69,0.00,10.35,143.51
WM000001851,2026-03-01T15:36:00,2026-03-04,USD,Delivered,Merchant,145.76,8.07,4.99,2.29,156.53
WM000001854,2026-02-22T08:47:00,2026-02-25,USD,Delivered,WFS,738.00,39.79,4.99,12.69,770.09
WM000001863,2026-01-14T11:14:00,2026-01-15,USD,Shipped,WFS,289.65,18.20,0.00,11.91,295.94
WM000001871,2026-02-12T13:17:00,2026-02-13,USD,Delivered,Merchant,2050.41,105.33,0.00,143.53,2012.21
WM000001872,2025-08-24T12:14:00,2025-08-28,USD,Delivered,WFS,254.09,16.07,4.99,19.89,255.26
WM000001874,2026-05-08T20:42:00,2026-05-11,USD,Shipped,Merchant,668.32,40.84,12.99,52.69,669.46
WM000001877,2026-04-20T12:35:00,2026-04-23,USD,Shipped,WFS,354.50,22.93,12.99,14.22,376.20
WM000001886,2026-05-20T15:57:00,2026-05-24,USD,Delivered,Merchant,1477.18,98.28,7.99,37.67,1545.78
WM000001896,2026-04-23T17:16:00,2026-04-24,USD,Delivered,WFS,276.76,20.84,12.99,6.17,304.42
WM000001897,2026-03-16T10:54:00,2026-03-19,USD,Delivered,Merchant,275.48,21.03,12.99,12.39,297.11
WM000001899,2025-11-28T10:18:00,2025-12-03,USD,Delivered,WFS,473.02,28.96,4.99,42.45,464.52
WM000001901,2026-02-23T17:08:00,2026-02-24,USD,Delivered,WFS,614.42,34.36,0.00,51.28,597.50
WM000001906,2025-08-24T08:36:00,2025-08-28,USD,Shipped,Merchant,189.86,8.06,7.99,14.29,191.62
WM000001913,2025-12-12T15:53:00,2025-12-15,USD,Shipped,WFS,254.05,13.88,7.99,26.79,249.13
WM000001915,2025-08-02T16:30:00,2025-08-05,USD,Delivered,WFS,2266.14,114.60,7.99,53.17,2335.56
WM000001916,2025-07-01T18:37:00,2025-07-03,USD,Delivered,WFS,214.84,14.82,4.99,7.82,226.83
WM000001919,2025-10-28T16:23:00,2025-10-29,USD,Delivered,WFS,256.30,17.09,12.99,24.63,261.75
WM000001921,2025-11-17T08:46:00,2025-11-18,USD,Shipped,Merchant,367.72,18.32,0.00,26.21,359.83
WM000001923,2026-04-19T15:06:00,2026-04-20,USD,Delivered,Merchant,2220.57,135.78,7.99,135.98,2228.36
WM000001924,2026-04-07T15:10:00,2026-04-11,USD,Delivered,WFS,352.90,20.53,7.99,13.75,367.67
WM000001930,2026-03-03T13:26:00,2026-03-04,USD,Delivered,Merchant,595.81,37.90,0.00,39.67,594.04
WM000001940,2025-07-10T11:27:00,2025-07-13,USD,Delivered,WFS,141.95,11.18,0.00,1.36,151.77
WM000001945,2025-12-30T17:53:00,2026-01-02,USD,Delivered,Merchant,240.55,11.05,4.99,23.60,232.99
WM000001949,2025-10-11T10:23:00,2025-10-14,USD,Delivered,WFS,1057.93,77.11,7.99,55.24,1087.79
WM000001950,2026-04-12T21:40:00,2026-04-17,USD,Delivered,Merchant,467.72,26.52,7.99,28.69,473.54
WM000001951,2026-01-01T12:59:00,2026-01-02,USD,Delivered,Merchant,372.86,28.64,0.00,21.69,379.81
WM000001961,2026-01-29T21:14:00,2026-01-30,USD,Delivered,WFS,237.82,12.47,7.99,13.99,244.29
WM000001967,2025-11-23T22:26:00,2025-11-26,USD,Delivered,Merchant,1088.31,71.76,4.99,58.84,1106.22
WM000001968,2025-11-25T12:23:00,2025-11-30,USD,Delivered,Merchant,1654.67,72.05,0.00,124.39,1602.33
WM000001972,2026-04-07T15:29:00,2026-04-10,USD,Delivered,WFS,477.84,26.40,0.00,33.62,470.62
WM000001977,2026-06-06T19:43:00,2026-06-07,USD,Delivered,Merchant,1600.06,106.04,12.99,52.77,1666.32
WM000001980,2025-12-06T08:16:00,2025-12-08,USD,Shipped,WFS,403.21,29.08,7.99,4.79,435.49
WM000001989,2026-01-11T17:30:00,2026-01-13,USD,Delivered,Merchant,592.50,36.65,4.99,17.17,616.97
WM000001990,2026-06-13T18:06:00,2026-06-18,USD,Delivered,Merchant,188.01,7.36,12.99,4.31,204.05
WM000001992,2026-05-05T16:12:00,2026-05-06,USD,Shipped,WFS,26.57,1.76,12.99,2.83,38.49
WM000001993,2026-02-20T22:49:00,2026-02-25,USD,Delivered,WFS,95.46,3.92,0.00,7.21,92.17
WM000001996,2026-04-26T10:22:00,2026-05-01,USD,Processing,Merchant,145.91,9.32,4.99,9.29,150.93
WM000001997,2025-12-27T13:26:00,2025-12-29,USD,Cancelled,Merchant,119.61,5.82,0.00,9.87,115.56
WM000002003,2026-02-06T09:04:00,2026-02-10,USD,Shipped,Merchant,47.89,3.18,4.99,1.67,54.39
WM000002007,2026-05-14T13:55:00,2026-05-16,USD,Shipped,Merchant,665.04,35.46,12.99,0.36,713.13
WM000002017,2025-09-15T13:21:00,2025-09-18,USD,Delivered,Merchant,2046.36,124.84,12.99,46.81,2137.38
WM000002021,2025-09-07T08:34:00,2025-09-10,USD,Delivered,WFS,1631.87,96.30,0.00,96.81,1631.36
WM000002023,2026-05-26T21:52:00,2026-05-28,USD,Delivered,Merchant,116.14,7.58,7.99,9.00,122.71
WM000002026,2025-11-29T11:06:00,2025-12-03,USD,Shipped,WFS,186.08,10.38,7.99,10.69,193.76
WM000002037,2026-05-01T10:58:00,2026-05-02,USD,Shipped,Merchant,102.25,6.63,12.99,1.27,120.60
WM000002038,2026-02-26T21:37:00,2026-02-27,USD,Shipped,Merchant,125.31,7.95,12.99,7.54,138.71
WM000002042,2025-10-18T13:58:00,2025-10-22,USD,Delivered,Merchant,233.43,19.03,0.00,5.61,246.85
WM000002046,2026-06-30T22:52:00,2026-06-30,USD,Shipped,WFS,759.59,38.38,4.99,53.05,749.91
WM000002050,2026-06-18T16:29:00,2026-06-21,USD,Delivered,WFS,162.02,9.86,0.00,1.81,170.07
WM000002054,2025-12-29T12:58:00,2026-01-03,USD,Processing,Merchant,238.53,11.03,4.99,13.49,241.06
WM000002056,2025-10-24T11:51:00,2025-10-25,USD,Delivered,WFS,604.52,22.50,0.00,54.81,572.21
WM000002061,2026-03-05T08:37:00,2026-03-09,USD,Delivered,Merchant,895.78,46.73,0.00,87.65,854.86
WM000002069,2025-07-29T19:50:00,2025-08-01,USD,Delivered,WFS,1337.28,78.19,4.99,82.90,1337.56
WM000002071,2026-04-25T08:47:00,2026-04-29,USD,Shipped,Merchant,349.84,28.32,0.00,9.90,368.26
WM000002075,2025-10-31T10:53:00,2025-11-05,USD,Delivered,WFS,378.54,23.19,0.00,45.28,356.45
WM000002076,2025-07-29T19:12:00,2025-08-03,USD,Shipped,Merchant,804.38,40.43,0.00,80.22,764.59
WM000002078,2025-12-27T16:49:00,2025-12-28,USD,Delivered,WFS,454.10,27.19,7.99,22.24,467.04
WM000002080,2026-02-03T08:20:00,2026-02-07,USD,Delivered,Merchant,1463.16,91.54,0.00,54.81,1499.89
WM000002085,2026-01-23T22:04:00,2026-01-25,USD,Delivered,Merchant,202.47,13.41,4.99,18.22,202.65
WM000002086,2026-01-18T22:14:00,2026-01-19,USD,Shipped,WFS,252.14,16.99,12.99,15.67,266.45
WM000002089,2025-08-16T09:18:00,2025-08-19,USD,Cancelled,Merchant,1534.18,81.70,0.00,77.68,1538.20
WM000002090,2026-01-12T19:25:00,2026-01-16,USD,Delivered,Merchant,16.36,1.38,4.99,0.24,22.49
WM000002101,2026-03-03T11:27:00,2026-03-06,USD,Delivered,WFS,2100.41,139.14,0.00,136.26,2103.29
WM000002105,2026-01-03T10:23:00,2026-01-05,USD,Processing,WFS,364.58,16.97,12.99,22.04,372.50
WM000002106,2025-08-02T18:17:00,2025-08-03,USD,Delivered,Merchant,495.54,36.47,7.99,39.30,500.70
WM000002107,2025-07-28T14:35:00,2025-07-31,USD,Delivered,Merchant,415.22,34.32,0.00,13.44,436.10
WM000002108,2025-07-29T19:24:00,2025-08-02,USD,Delivered,Merchant,762.74,58.00,0.00,42.74,778.00
WM000002110,2025-12-21T12:20:00,2025-12-25,USD,Shipped,Merchant,434.18,25.58,4.99,49.62,415.13
WM000002115,2026-05-05T10:16:00,2026-05-09,USD,Delivered,Merchant,179.59,10.23,7.99,16.05,181.76
WM000002123,2026-03-05T15:24:00,2026-03-08,USD,Delivered,Merchant,166.04,13.93,0.00,9.61,170.36
WM000002129,2025-07-30T22:56:00,2025-08-02,USD,Delivered,WFS,1559.08,76.33,7.99,146.52,1496.88
WM000002131,2026-01-21T08:17:00,2026-01-23,USD,Delivered,WFS,126.01,6.62,7.99,14.46,126.16
WM000002132,2025-09-24T13:08:00,2025-09-27,USD,Delivered,Merchant,1163.05,71.16,0.00,27.71,1206.50
WM000002134,2025-09-07T14:55:00,2025-09-11,USD,Processing,WFS,285.42,18.57,7.99,21.67,290.31
WM000002140,2025-09-04T14:11:00,2025-09-09,USD,Cancelled,Merchant,412.30,34.98,0.00,6.77,440.51
WM000002149,2026-06-01T16:56:00,2026-06-04,USD,Delivered,WFS,92.40,5.23,4.99,6.15,96.47
WM000002156,2026-04-20T22:27:00,2026-04-24,USD,Delivered,Merchant,146.01,6.11,4.99,2.00,155.11
WM000002162,2026-05-21T18:17:00,2026-05-22,USD,Delivered,WFS,487.43,26.85,12.99,30.04,497.23
WM000002163,2026-03-20T18:21:00,2026-03-25,USD,Shipped,Merchant,884.53,70.78,0.00,14.44,940.87
WM000002167,2025-08-29T10:16:00,2025-09-02,USD,Delivered,WFS,210.07,17.16,12.99,11.23,228.99
WM000002168,2026-04-14T12:52:00,2026-04-17,USD,Delivered,Merchant,29.92,2.58,4.99,0.26,37.23
WM000002177,2026-01-31T18:19:00,2026-02-02,USD,Processing,WFS,1720.01,123.52,7.99,57.84,1793.68
WM000002180,2026-02-01T16:55:00,2026-02-02,USD,Shipped,Merchant,104.75,8.17,0.00,4.26,108.66
WM000002181,2026-06-15T11:11:00,2026-06-18,USD,Shipped,WFS,328.80,22.30,7.99,22.18,336.91
WM000002182,2026-06-05T15:20:00,2026-06-08,USD,Delivered,WFS,308.65,19.12,7.99,7.88,327.88
WM000002183,2025-11-17T17:47:00,2025-11-22,USD,Delivered,WFS,414.27,18.99,7.99,11.08,430.17
WM000002203,2025-12-21T20:41:00,2025-12-23,USD,Cancelled,Merchant,507.17,24.31,7.99,45.79,493.68
WM000002207,2025-08-17T13:27:00,2025-08-18,USD,Shipped,WFS,57.91,3.18,0.00,5.54,55.55
WM000002208,2025-07-17T22:14:00,2025-07-18,USD,Shipped,Merchant,154.39,9.01,7.99,14.83,156.56
WM000002209,2025-08-18T20:52:00,2025-08-23,USD,Delivered,WFS,1709.63,83.16,7.99,57.24,1743.54
WM000002210,2026-02-10T16:57:00,2026-02-11,USD,Delivered,Merchant,946.31,53.95,4.99,70.51,934.74
WM000002216,2025-12-30T20:55:00,2026-01-04,USD,Delivered,Merchant,267.59,16.25,7.99,15.71,276.12
WM000002219,2025-09-19T09:19:00,2025-09-20,USD,Delivered,WFS,290.86,16.75,7.99,4.89,310.71
WM000002220,2025-09-05T08:12:00,2025-09-10,USD,Delivered,Merchant,763.17,36.31,7.99,33.13,774.34
WM000002223,2025-09-11T10:40:00,2025-09-13,USD,Delivered,WFS,762.00,51.69,0.00,55.90,757.79
WM000002229,2025-12-23T10:32:00,2025-12-27,USD,Shipped,WFS,865.90,52.90,12.99,58.38,873.41
WM000002238,2026-05-07T15:50:00,2026-05-12,USD,Delivered,WFS,93.64,6.51,4.99,1.51,103.63
WM000002244,2025-09-14T20:25:00,2025-09-15,USD,Delivered,WFS,126.44,5.91,7.99,14.21,126.13
WM000002245,2025-12-25T22:20:00,2025-12-30,USD,Delivered,WFS,493.26,36.72,7.99,48.50,489.47
WM000002246,2025-12-20T17:39:00,2025-12-24,USD,Delivered,Merchant,1404.39,76.57,4.99,60.28,1425.67
WM000002247,2025-11-05T14:24:00,2025-11-09,USD,Delivered,WFS,195.57,16.05,0.00,1.31,210.31
WM000002253,2026-05-28T18:11:00,2026-06-01,USD,Delivered,Merchant,219.09,14.90,0.00,20.28,213.71
WM000002263,2025-08-28T18:05:00,2025-08-31,USD,Delivered,Merchant,1476.10,104.69,0.00,91.95,1488.84
WM000002265,2026-03-16T15:51:00,2026-03-19,USD,Delivered,Merchant,427.83,33.16,0.00,8.10,452.89
WM000002269,2025-11-25T22:14:00,2025-11-28,USD,Delivered,Merchant,175.70,8.24,7.99,15.51,176.42
WM000002288,2026-02-21T11:20:00,2026-02-26,USD,Shipped,WFS,126.18,8.20,0.00,12.85,121.53
WM000002289,2025-12-03T13:43:00,2025-12-04,USD,Cancelled,Merchant,288.10,20.68,0.00,19.43,289.35
WM000002291,2025-11-12T16:15:00,2025-11-14,USD,Shipped,Merchant,662.05,30.77,0.00,44.91,647.91
WM000002297,2026-04-05T10:58:00,2026-04-08,USD,Processing,Merchant,1093.70,58.77,7.99,69.26,1091.20
WM000002307,2025-12-28T15:25:00,2026-01-02,USD,Delivered,Merchant,1036.44,59.42,0.00,52.34,1043.52
WM000002320,2025-08-24T09:44:00,2025-08-25,USD,Delivered,Merchant,114.96,7.09,4.99,5.34,121.70
WM000002325,2025-08-11T17:43:00,2025-08-14,USD,Delivered,Merchant,463.70,29.14,7.99,20.11,480.72
WM000002330,2026-04-27T20:03:00,2026-05-01,USD,Shipped,Merchant,265.46,17.75,4.99,17.94,270.26
WM000002337,2025-09-21T19:36:00,2025-09-25,USD,Delivered,Merchant,798.80,34.83,0.00,56.47,777.16
WM000002338,2025-08-25T10:34:00,2025-08-29,USD,Delivered,WFS,1525.44,84.56,4.99,111.03,1503.96
WM000002339,2025-10-19T14:37:00,2025-10-20,USD,Delivered,WFS,1812.96,122.65,0.00,87.44,1848.17
WM000002341,2026-01-17T19:37:00,2026-01-19,USD,Delivered,Merchant,285.92,21.62,7.99,23.48,292.05
WM000002343,2026-01-25T22:42:00,2026-01-27,USD,Shipped,Merchant,127.05,9.96,0.00,4.89,132.12
WM000002346,2025-10-29T09:18:00,2025-10-30,USD,Delivered,WFS,653.01,38.15,0.00,6.07,685.09
WM000002359,2026-06-24T17:05:00,2026-06-26,USD,Delivered,Merchant,104.17,6.66,12.99,5.46,118.36
WM000002360,2026-06-08T15:56:00,2026-06-09,USD,Delivered,WFS,16.99,1.31,7.99,1.59,24.70
WM000002362,2026-01-04T14:38:00,2026-01-09,USD,Delivered,WFS,109.12,5.31,7.99,1.43,120.99
WM000002365,2025-08-11T18:06:00,2025-08-14,USD,Cancelled,Merchant,537.86,31.06,7.99,49.68,527.23
WM000002366,2025-11-15T19:55:00,2025-11-18,USD,Shipped,WFS,14.53,0.64,0.00,1.05,14.12
WM000002367,2026-01-05T14:43:00,2026-01-10,USD,Delivered,WFS,1718.54,138.59,4.99,34.52,1827.60
WM000002368,2026-04-19T19:37:00,2026-04-21,USD,Delivered,Merchant,362.57,28.18,12.99,42.61,361.13
WM000002369,2025-10-26T17:24:00,2025-10-31,USD,Shipped,Merchant,451.36,23.10,0.00,9.01,465.45
WM000002373,2026-01-30T17:35:00,2026-02-02,USD,Delivered,WFS,97.18,3.89,12.99,8.00,106.06
WM000002376,2026-06-14T22:27:00,2026-06-18,USD,Delivered,Merchant,426.39,25.77,7.99,12.19,447.96
WM000002378,2026-04-27T13:29:00,2026-05-01,USD,Delivered,Merchant,912.82,53.60,0.00,88.39,878.03
WM000002381,2026-02-13T13:30:00,2026-02-18,USD,Delivered,Merchant,276.32,20.11,12.99,32.39,277.03
WM000002383,2026-01-03T10:41:00,2026-01-06,USD,Shipped,Merchant,357.15,23.20,0.00,25.36,354.99
WM000002384,2026-03-29T21:53:00,2026-03-31,USD,Delivered,Merchant,1278.73,65.71,0.00,25.30,1319.14
WM000002387,2026-01-07T12:30:00,2026-01-08,USD,Delivered,Merchant,165.37,11.92,0.00,10.15,167.14
WM000002389,2026-06-15T16:04:00,2026-06-18,USD,Processing,WFS,276.29,16.77,12.99,19.48,286.57
WM000002393,2025-08-19T15:27:00,2025-08-21,USD,Shipped,Merchant,585.93,39.61,12.99,39.96,598.57
WM000002398,2026-05-14T09:33:00,2026-05-18,USD,Shipped,Merchant,796.68,55.56,0.00,26.08,826.16
WM000002400,2025-12-02T18:41:00,2025-12-04,USD,Delivered,WFS,1063.47,56.40,4.99,120.06,1004.80
WM000002405,2026-05-06T14:58:00,2026-05-08,USD,Shipped,WFS,587.39,32.36,7.99,49.19,578.55
WM000002409,2025-11-15T21:44:00,2025-11-19,USD,Delivered,WFS,1954.55,124.04,12.99,106.82,1984.76
WM000002410,2025-09-02T14:21:00,2025-09-06,USD,Shipped,Merchant,393.15,28.85,0.00,30.57,391.43
WM000002411,2025-08-10T09:39:00,2025-08-13,USD,Delivered,WFS,417.54,26.84,0.00,30.04,414.34
WM000002412,2025-12-16T21:34:00,2025-12-17,USD,Delivered,WFS,1134.03,46.19,4.99,123.51,1061.70
WM000002419,2026-01-15T08:40:00,2026-01-19,USD,Delivered,WFS,32.90,2.73,4.99,1.17,39.45
WM000002423,2025-07-20T20:34:00,2025-07-22,USD,Shipped,Merchant,118.77,8.50,12.99,13.79,126.47
WM000002425,2025-08-27T21:42:00,2025-08-31,USD,Delivered,WFS,469.47,19.59,12.99,29.61,472.44
WM000002427,2025-10-22T11:40:00,2025-10-25,USD,Delivered,WFS,598.47,46.74,0.00,35.25,609.96
WM000002454,2026-05-21T08:20:00,2026-05-22,USD,Delivered,Merchant,219.54,12.21,7.99,11.05,228.69
WM000002456,2026-05-18T22:01:00,2026-05-21,USD,Delivered,Merchant,306.11,12.67,7.99,12.60,314.17
WM000002462,2026-03-23T19:30:00,2026-03-25,USD,Delivered,Merchant,394.59,24.75,0.00,4.58,414.76
WM000002470,2025-11-25T12:26:00,2025-11-27,USD,Delivered,Merchant,890.17,62.58,12.99,28.92,936.82
WM000002472,2026-04-04T12:34:00,2026-04-06,USD,Processing,WFS,396.17,21.90,4.99,40.11,382.95
WM000002478,2025-08-16T17:13:00,2025-08-19,USD,Shipped,Merchant,1393.12,72.41,0.00,94.41,1371.12
WM000002479,2026-06-04T17:01:00,2026-06-08,USD,Delivered,WFS,604.04,41.44,4.99,27.87,622.60
WM000002481,2026-05-27T08:49:00,2026-06-01,USD,Delivered,Merchant,461.38,20.32,0.00,45.13,436.57
WM000002482,2026-04-08T18:38:00,2026-04-09,USD,Delivered,Merchant,666.58,45.58,0.00,73.14,639.02
WM000002493,2026-06-11T22:32:00,2026-06-13,USD,Delivered,Merchant,726.88,32.13,12.99,6.08,765.92
WM000002499,2025-10-22T21:32:00,2025-10-27,USD,Delivered,Merchant,546.60,24.76,0.00,25.37,545.99
WM000002500,2025-07-25T15:32:00,2025-07-29,USD,Delivered,Merchant,50.08,2.05,12.99,0.92,64.20
WM000002503,2026-04-16T18:49:00,2026-04-17,USD,Delivered,WFS,686.20,28.22,0.00,35.07,679.35
WM000002517,2025-10-30T09:09:00,2025-11-04,USD,Delivered,Merchant,138.09,9.67,0.00,3.02,144.74
WM000002519,2026-01-20T12:19:00,2026-01-23,USD,Delivered,WFS,617.43,35.90,7.99,29.90,631.42
WM000002522,2025-07-28T13:22:00,2025-08-01,USD,Delivered,WFS,535.11,32.48,0.00,56.95,510.64
WM000002525,2025-11-11T09:41:00,2025-11-15,USD,Delivered,Merchant,671.24,43.85,0.00,59.64,655.45
WM000002529,2026-01-06T16:22:00,2026-01-10,USD,Delivered,Merchant,831.87,57.12,0.00,88.50,800.49
WM000002530,2026-04-16T16:25:00,2026-04-20,USD,Delivered,Merchant,464.60,30.58,0.00,34.17,461.01
WM000002533,2025-10-04T12:07:00,2025-10-05,USD,Delivered,WFS,732.09,39.32,0.00,63.50,707.91
WM000002540,2026-06-17T13:05:00,2026-06-20,USD,Delivered,WFS,291.74,17.42,7.99,16.81,300.34
WM000002551,2025-09-22T21:11:00,2025-09-25,USD,Processing,WFS,19.09,0.78,0.00,1.36,18.51
WM000002558,2025-12-10T08:52:00,2025-12-12,USD,Delivered,Merchant,1529.02,119.57,4.99,17.94,1635.64
WM000002561,2025-08-18T20:50:00,2025-08-22,USD,Delivered,Merchant,282.81,19.02,0.00,6.05,295.78
WM000002564,2026-02-18T11:15:00,2026-02-23,USD,Delivered,Merchant,34.72,1.49,4.99,1.58,39.62
WM000002569,2025-08-12T08:45:00,2025-08-13,USD,Delivered,WFS,1184.80,72.27,0.00,79.89,1177.18
WM000002572,2025-11-27T12:02:00,2025-12-02,USD,Delivered,WFS,365.84,14.85,12.99,1.57,392.11
WM000002576,2025-11-12T12:46:00,2025-11-16,USD,Delivered,Merchant,531.05,39.61,0.00,29.95,540.71
WM000002577,2026-01-08T19:10:00,2026-01-11,USD,Delivered,WFS,579.79,46.46,4.99,46.53,584.71
WM000002584,2026-03-09T11:59:00,2026-03-10,USD,Shipped,Merchant,274.98,18.33,12.99,11.23,295.07
WM000002586,2026-05-29T22:07:00,2026-05-30,USD,Delivered,Merchant,917.34,43.97,0.00,48.92,912.39
WM000002590,2025-07-21T18:07:00,2025-07-22,USD,Delivered,Merchant,462.43,28.33,0.00,30.79,459.97
WM000002600,2026-06-02T22:46:00,2026-06-05,USD,Delivered,Merchant,797.39,45.77,12.99,80.54,775.61
WM000002603,2025-07-16T17:11:00,2025-07-20,USD,Delivered,WFS,191.77,9.77,0.00,22.86,178.68
WM000002605,2026-06-17T22:00:00,2026-06-22,USD,Delivered,WFS,27.43,1.44,7.99,2.16,34.70
WM000002613,2026-03-25T17:52:00,2026-03-28,USD,Delivered,Merchant,535.38,43.62,4.99,19.23,564.76
WM000002615,2025-09-01T14:42:00,2025-09-03,USD,Delivered,WFS,240.48,17.73,7.99,10.00,256.20
WM000002620,2025-07-12T08:07:00,2025-07-15,USD,Delivered,Merchant,1216.13,91.72,7.99,90.76,1225.08
WM000002623,2026-03-09T18:34:00,2026-03-13,USD,Delivered,WFS,231.78,11.32,7.99,9.86,241.23
WM000002624,2025-09-19T14:25:00,2025-09-20,USD,Delivered,WFS,353.43,27.77,0.00,35.98,345.22
WM000002627,2025-09-03T09:26:00,2025-09-08,USD,Delivered,Merchant,947.02,67.25,12.99,70.56,956.70
WM000002630,2025-08-09T12:59:00,2025-08-11,USD,Delivered,Merchant,639.37,46.30,12.99,9.30,689.36
WM000002631,2026-06-07T09:45:00,2026-06-09,USD,Delivered,Merchant,331.28,22.31,12.99,12.28,354.30
WM000002641,2026-05-07T14:12:00,2026-05-09,USD,Delivered,Merchant,199.30,15.90,0.00,12.01,203.19
WM000002644,2025-08-01T14:54:00,2025-08-05,USD,Processing,WFS,975.73,74.45,0.00,54.28,995.90
WM000002645,2025-10-11T21:14:00,2025-10-13,USD,Delivered,WFS,182.12,11.14,12.99,1.43,204.82
WM000002646,2026-03-10T18:51:00,2026-03-12,USD,Processing,WFS,449.04,25.43,7.99,29.54,452.92
WM000002648,2026-01-22T08:33:00,2026-01-23,USD,Delivered,Merchant,774.02,39.17,4.99,89.79,728.39
WM000002651,2026-05-18T08:08:00,2026-05-20,USD,Delivered,WFS,26.20,1.23,0.00,1.21,26.22
WM000002660,2025-11-29T13:12:00,2025-12-02,USD,Cancelled,WFS,297.65,16.56,12.99,27.86,299.34
WM000002661,2025-11-12T20:03:00,2025-11-15,USD,Delivered,Merchant,748.35,44.24,7.99,26.65,773.93
WM000002665,2026-02-10T15:18:00,2026-02-12,USD,Shipped,Merchant,343.32,29.42,4.99,7.71,370.02
WM000002666,2026-02-25T11:41:00,2026-02-26,USD,Cancelled,Merchant,510.35,20.17,7.99,56.32,482.19
WM000002675,2026-06-02T15:34:00,2026-06-05,USD,Delivered,WFS,16.48,0.81,0.00,0.24,17.05
WM000002678,2025-07-12T17:52:00,2025-07-15,USD,Delivered,WFS,406.84,21.59,7.99,1.35,435.07
WM000002688,2025-10-31T21:37:00,2025-11-04,USD,Delivered,WFS,838.92,59.59,4.99,55.25,848.25
WM000002691,2025-08-17T16:22:00,2025-08-21,USD,Delivered,Merchant,638.70,45.77,0.00,25.81,658.66
WM000002693,2026-04-07T14:02:00,2026-04-11,USD,Delivered,Merchant,259.57,9.86,7.99,22.96,254.46
WM000002699,2025-07-25T21:11:00,2025-07-29,USD,Shipped,WFS,377.02,21.10,0.00,16.23,381.89
WM000002708,2025-11-10T17:09:00,2025-11-14,USD,Delivered,WFS,673.76,42.49,0.00,30.96,685.29
WM000002713,2026-01-28T20:09:00,2026-01-30,USD,Delivered,Merchant,803.24,56.92,12.99,20.08,853.07
WM000002716,2025-11-29T11:23:00,2025-12-04,USD,Delivered,WFS,2069.78,110.99,7.99,216.35,1972.41
WM000002720,2025-08-26T16:57:00,2025-08-31,USD,Shipped,WFS,982.38,46.26,0.00,54.38,974.26
WM000002721,2025-07-22T20:06:00,2025-07-24,USD,Shipped,WFS,1403.83,86.36,4.99,116.09,1379.09
WM000002723,2026-04-18T15:49:00,2026-04-22,USD,Delivered,Merchant,176.91,7.26,7.99,8.16,184.00
WM000002724,2025-09-17T20:11:00,2025-09-21,USD,Delivered,Merchant,1203.77,59.51,7.99,67.55,1203.72
WM000002726,2025-09-25T14:34:00,2025-09-29,USD,Processing,Merchant,838.65,55.67,0.00,33.35,860.97
WM000002727,2026-02-02T21:24:00,2026-02-07,USD,Delivered,Merchant,887.14,58.97,0.00,95.15,850.96
WM000002731,2025-11-01T22:21:00,2025-11-02,USD,Delivered,Merchant,439.82,19.06,4.99,30.79,433.08
WM000002736,2026-02-14T22:53:00,2026-02-18,USD,Delivered,WFS,972.16,78.40,4.99,27.71,1027.84
WM000002737,2025-07-18T17:26:00,2025-07-19,USD,Delivered,WFS,254.84,11.61,12.99,24.74,254.70
WM000002740,2025-08-01T20:38:00,2025-08-02,USD,Delivered,WFS,194.02,9.36,0.00,1.81,201.57
WM000002743,2026-03-23T08:33:00,2026-03-27,USD,Shipped,WFS,227.06,11.45,7.99,9.99,236.51
WM000002745,2025-12-23T09:14:00,2025-12-24,USD,Delivered,WFS,268.25,17.41,4.99,16.58,274.07
WM000002756,2026-05-27T13:41:00,2026-06-01,USD,Delivered,Merchant,401.47,24.05,7.99,33.75,399.76
WM000002763,2025-12-17T20:10:00,2025-12-20,USD,Delivered,WFS,543.02,41.32,12.99,40.19,557.14
WM000002767,2026-02-25T21:00:00,2026-03-01,USD,Delivered,WFS,695.42,32.99,0.00,43.74,684.67
WM000002778,2026-03-06T11:06:00,2026-03-07,USD,Shipped,WFS,328.73,21.39,4.99,39.05,316.06
WM000002785,2025-10-29T17:33:00,2025-11-01,USD,Delivered,WFS,321.03,26.79,0.00,3.51,344.31
WM000002792,2025-08-18T22:54:00,2025-08-19,USD,Delivered,WFS,79.18,5.40,0.00,3.97,80.61
WM000002793,2025-10-12T16:32:00,2025-10-14,USD,Delivered,Merchant,300.04,14.25,4.99,11.43,307.85
WM000002795,2025-07-06T18:31:00,2025-07-07,USD,Processing,Merchant,352.53,19.89,0.00,22.03,350.39
WM000002799,2025-08-08T17:48:00,2025-08-13,USD,Processing,Merchant,418.36,26.17,0.00,9.74,434.79
WM000002800,2025-10-03T22:51:00,2025-10-07,USD,Delivered,WFS,232.63,12.68,12.99,12.90,245.40
WM000002802,2026-04-19T14:04:00,2026-04-24,USD,Shipped,WFS,327.93,17.09,4.99,30.59,319.42
WM000002805,2026-01-22T20:25:00,2026-01-25,USD,Delivered,WFS,1233.27,63.23,7.99,59.37,1245.12
WM000002813,2025-09-28T18:20:00,2025-09-29,USD,Delivered,Merchant,23.42,1.41,4.99,2.68,27.14
WM000002816,2025-07-03T08:12:00,2025-07-05,USD,Delivered,WFS,421.95,18.10,4.99,9.09,435.95
WM000002817,2026-03-13T22:12:00,2026-03-17,USD,Processing,Merchant,106.92,7.00,12.99,10.75,116.16
WM000002824,2026-01-17T20:14:00,2026-01-21,USD,Processing,Merchant,198.63,10.58,7.99,8.07,209.13
WM000002827,2025-07-31T14:31:00,2025-08-05,USD,Delivered,Merchant,245.75,11.89,0.00,9.53,248.11
WM000002830,2025-12-22T12:51:00,2025-12-24,USD,Delivered,Merchant,207.85,11.74,0.00,5.90,213.69
WM000002835,2025-12-05T10:39:00,2025-12-08,USD,Processing,WFS,1484.42,79.22,0.00,71.35,1492.29
WM000002838,2025-12-08T19:31:00,2025-12-11,USD,Delivered,WFS,1217.40,76.27,0.00,101.48,1192.19
WM000002841,2025-08-31T18:10:00,2025-09-02,USD,Delivered,Merchant,251.50,10.96,4.99,10.92,256.53
WM000002842,2025-08-13T18:51:00,2025-08-17,USD,Delivered,Merchant,30.43,1.13,12.99,2.64,41.91
WM000002846,2026-01-24T18:34:00,2026-01-29,USD,Delivered,Merchant,658.64,39.94,12.99,25.51,686.06
WM000002853,2026-02-02T10:37:00,2026-02-05,USD,Processing,WFS,1309.56,81.05,12.99,56.87,1346.73
WM000002859,2026-01-03T17:47:00,2026-01-05,USD,Shipped,Merchant,181.91,10.04,0.00,1.14,190.81
WM000002878,2025-10-23T22:53:00,2025-10-25,USD,Delivered,Merchant,244.55,9.68,4.99,22.51,236.71
WM000002884,2026-05-20T12:09:00,2026-05-25,USD,Processing,WFS,711.94,58.67,0.00,32.06,738.55
WM000002886,2025-12-11T08:02:00,2025-12-12,USD,Delivered,WFS,357.94,27.50,7.99,7.18,386.25
WM000002889,2025-07-04T20:05:00,2025-07-08,USD,Delivered,Merchant,1170.46,52.22,0.00,79.68,1143.00
WM000002891,2026-04-06T19:29:00,2026-04-10,USD,Delivered,WFS,1491.91,92.43,4.99,74.43,1514.90
WM000002893,2026-06-10T17:10:00,2026-06-13,USD,Delivered,Merchant,168.98,12.09,7.99,1.24,187.82
WM000002899,2026-01-21T08:50:00,2026-01-24,USD,Shipped,WFS,940.30,43.53,0.00,84.11,899.72
WM000002907,2025-10-05T12:20:00,2025-10-10,USD,Delivered,WFS,1595.29,98.48,0.00,75.78,1617.99
WM000002911,2025-11-08T08:22:00,2025-11-13,USD,Shipped,Merchant,802.11,59.32,7.99,40.35,829.07
WM000002916,2026-02-15T16:16:00,2026-02-17,USD,Delivered,Merchant,1085.69,72.19,7.99,52.64,1113.23
WM000002919,2025-08-15T08:56:00,2025-08-19,USD,Delivered,WFS,2639.69,168.83,7.99,157.01,2659.50
WM000002923,2025-07-09T13:13:00,2025-07-10,USD,Delivered,WFS,1317.57,87.21,0.00,60.98,1343.80
WM000002926,2025-10-30T21:14:00,2025-10-31,USD,Delivered,Merchant,338.32,18.18,7.99,32.05,332.44
WM000002934,2026-02-10T09:18:00,2026-02-14,USD,Delivered,Merchant,58.38,2.81,0.00,2.93,58.26
WM000002938,2026-02-06T12:14:00,2026-02-09,USD,Delivered,Merchant,160.98,10.71,0.00,13.77,157.92
WM000002946,2025-08-30T12:40:00,2025-08-31,USD,Delivered,Merchant,1305.68,68.07,0.00,73.65,1300.10
WM000002947,2025-11-16T09:51:00,2025-11-19,USD,Processing,Merchant,318.50,24.68,7.99,16.50,334.67
WM000002950,2025-09-12T20:33:00,2025-09-14,USD,Delivered,WFS,385.62,19.15,7.99,24.03,388.73
WM000002956,2025-10-18T10:44:00,2025-10-22,USD,Delivered,WFS,193.51,10.99,0.00,3.60,200.90
WM000002959,2026-05-20T14:09:00,2026-05-23,USD,Delivered,Merchant,48.72,2.82,7.99,1.60,57.93
WM000002961,2025-12-31T20:19:00,2026-01-01,USD,Delivered,WFS,390.00,28.84,7.99,26.87,399.96
WM000002965,2025-07-14T22:16:00,2025-07-16,USD,Delivered,Merchant,311.06,16.36,0.00,25.58,301.84
WM000002969,2026-06-24T18:25:00,2026-06-26,USD,Delivered,Merchant,321.07,19.70,0.00,19.13,321.64
WM000002972,2026-03-31T12:03:00,2026-04-03,USD,Delivered,WFS,1362.48,69.05,0.00,95.96,1335.57
WM000002973,2026-05-13T10:09:00,2026-05-14,USD,Delivered,Merchant,541.72,26.04,12.99,40.06,540.69
WM000002976,2025-11-20T09:47:00,2025-11-25,USD,Delivered,Merchant,487.90,21.23,0.00,55.22,453.91
WM000002977,2025-11-03T21:11:00,2025-11-07,USD,Delivered,Merchant,71.27,2.68,4.99,7.09,71.85
WM000002985,2025-07-25T16:44:00,2025-07-29,USD,Delivered,Merchant,1312.91,94.38,4.99,69.60,1342.68
WM000002986,2026-06-06T08:23:00,2026-06-08,USD,Delivered,Merchant,640.71,40.14,0.00,60.08,620.77
WM000002987,2025-12-15T18:40:00,2025-12-16,USD,Delivered,Merchant,68.47,3.02,7.99,5.60,73.88
WM000002989,2026-02-03T21:16:00,2026-02-08,USD,Shipped,Merchant,32.39,1.82,12.99,0.96,46.24
WM000002994,2025-10-08T09:55:00,2025-10-10,USD,Delivered,WFS,271.34,22.28,4.99,22.99,275.62
WM000002995,2025-08-24T20:46:00,2025-08-28,USD,Delivered,Merchant,743.43,43.24,7.99,38.07,756.59
WM000002998,2026-04-09T08:19:00,2026-04-11,USD,Delivered,WFS,635.56,48.82,12.99,4.44,692.93
WM000002999,2026-02-03T14:09:00,2026-02-05,USD,Delivered,WFS,495.90,29.04,7.99,30.56,502.37
WM000003000,2025-08-14T08:25:00,2025-08-16,USD,Delivered,Merchant,474.42,30.69,0.00,19.42,485.69
WM000003006,2025-09-26T15:06:00,2025-09-28,USD,Delivered,Merchant,31.63,2.12,12.99,2.79,43.95
WM000003012,2026-01-01T16:46:00,2026-01-04,USD,Shipped,Merchant,333.55,17.63,0.00,16.10,335.08
WM000003015,2026-06-07T14:38:00,2026-06-10,USD,Delivered,Merchant,35.24,1.37,0.00,3.55,33.06
WM000003021,2025-07-06T13:35:00,2025-07-07,USD,Delivered,Merchant,249.06,16.08,0.00,16.17,248.97
WM000003028,2026-06-10T11:44:00,2026-06-11,USD,Delivered,Merchant,514.68,20.84,0.00,60.18,475.34
WM000003030,2026-06-13T15:04:00,2026-06-17,USD,Delivered,WFS,339.00,15.89,0.00,10.31,344.58
WM000003032,2025-12-24T09:16:00,2025-12-29,USD,Delivered,WFS,261.37,13.16,4.99,26.43,253.09
WM000003036,2025-11-09T09:38:00,2025-11-11,USD,Shipped,Merchant,252.86,18.09,7.99,19.74,259.20
WM000003038,2025-08-24T15:57:00,2025-08-25,USD,Delivered,WFS,226.87,13.84,4.99,13.91,231.79
WM000003040,2025-09-17T10:37:00,2025-09-20,USD,Delivered,Merchant,1184.25,79.80,4.99,46.69,1222.35
WM000003051,2026-04-19T21:31:00,2026-04-21,USD,Shipped,WFS,208.08,16.03,4.99,5.81,223.29
WM000003064,2025-09-03T17:28:00,2025-09-05,USD,Delivered,WFS,779.97,47.73,12.99,9.91,830.78
WM000003070,2026-03-16T20:27:00,2026-03-19,USD,Delivered,Merchant,191.29,8.18,4.99,12.72,191.74
WM000003071,2026-05-26T12:36:00,2026-05-30,USD,Delivered,Merchant,361.78,14.44,4.99,19.55,361.66
WM000003078,2026-02-21T11:15:00,2026-02-22,USD,Shipped,Merchant,810.48,42.26,0.00,60.84,791.90
WM000003084,2026-02-17T11:04:00,2026-02-18,USD,Processing,WFS,395.74,27.54,12.99,36.86,399.41
WM000003085,2025-07-14T13:03:00,2025-07-17,USD,Delivered,Merchant,386.57,28.94,7.99,2.07,421.43
WM000003087,2025-07-09T22:06:00,2025-07-10,USD,Delivered,WFS,688.95,32.73,12.99,19.75,714.92
WM000003096,2026-05-14T15:19:00,2026-05-17,USD,Delivered,Merchant,1042.84,73.81,4.99,106.00,1015.64
WM000003104,2025-09-01T15:37:00,2025-09-02,USD,Delivered,WFS,185.38,12.36,4.99,0.43,202.30
WM000003105,2025-12-05T15:47:00,2025-12-08,USD,Delivered,Merchant,377.92,26.13,0.00,11.49,392.56
WM000003106,2026-02-28T12:38:00,2026-03-05,USD,Delivered,WFS,46.73,3.63,4.99,4.52,50.83
WM000003107,2025-10-28T13:06:00,2025-10-30,USD,Delivered,WFS,511.88,36.55,12.99,18.94,542.48
WM000003119,2025-11-02T11:29:00,2025-11-05,USD,Delivered,WFS,162.62,10.58,0.00,7.60,165.60
WM000003120,2025-09-15T11:33:00,2025-09-20,USD,Delivered,WFS,466.62,31.72,7.99,13.90,492.43
WM000003122,2026-03-09T10:10:00,2026-03-11,USD,Delivered,Merchant,1381.66,109.92,7.99,30.05,1469.52
WM000003127,2026-02-07T22:18:00,2026-02-12,USD,Delivered,Merchant,494.28,35.38,4.99,3.33,531.32
WM000003133,2026-06-10T12:59:00,2026-06-15,USD,Delivered,Merchant,547.76,38.07,12.99,62.92,535.90
WM000003134,2025-11-22T09:15:00,2025-11-24,USD,Delivered,Merchant,92.12,4.32,4.99,2.83,98.60
WM000003139,2025-10-05T19:33:00,2025-10-10,USD,Delivered,Merchant,259.03,15.50,12.99,12.82,274.70
WM000003145,2026-04-03T12:43:00,2026-04-06,USD,Delivered,WFS,295.79,22.63,4.99,0.94,322.47
WM000003147,2025-08-27T15:17:00,2025-09-01,USD,Delivered,WFS,187.02,7.60,7.99,0.99,201.62
WM000003157,2026-03-12T16:56:00,2026-03-14,USD,Delivered,Merchant,177.30,6.59,4.99,18.94,169.94
WM000003164,2025-10-30T19:54:00,2025-10-31,USD,Shipped,Merchant,636.07,36.52,7.99,69.20,611.38
WM000003167,2026-06-18T10:56:00,2026-06-22,USD,Shipped,Merchant,44.80,3.18,12.99,5.25,55.72
WM000003171,2025-11-11T11:41:00,2025-11-13,USD,Shipped,WFS,159.82,10.34,12.99,10.15,173.00
WM000003173,2026-03-16T15:47:00,2026-03-21,USD,Delivered,Merchant,1023.85,79.53,12.99,51.94,1064.43
WM000003174,2025-10-08T22:52:00,2025-10-10,USD,Delivered,WFS,1328.71,101.73,12.99,65.84,1377.59
WM000003176,2025-10-18T21:31:00,2025-10-19,USD,Delivered,Merchant,157.07,10.61,12.99,2.19,178.48
WM000003178,2026-06-23T10:09:00,2026-06-28,USD,Delivered,WFS,79.93,4.30,4.99,2.99,86.23
WM000003179,2025-12-31T21:12:00,2026-01-02,USD,Delivered,Merchant,962.68,54.77,4.99,1.43,1021.01
WM000003185,2026-01-05T12:48:00,2026-01-06,USD,Delivered,Merchant,141.71,9.82,0.00,4.91,146.62
WM000003190,2026-05-19T21:46:00,2026-05-24,USD,Shipped,WFS,1038.15,75.05,12.99,46.79,1079.40
WM000003192,2026-06-07T20:28:00,2026-06-11,USD,Delivered,Merchant,187.67,8.82,12.99,2.23,207.25
WM000003198,2026-05-09T09:24:00,2026-05-13,USD,Delivered,WFS,752.45,47.76,12.99,61.69,751.51
WM000003200,2026-05-30T21:45:00,2026-05-31,USD,Delivered,Merchant,288.41,19.63,4.99,20.97,292.06
WM000003203,2026-06-25T20:26:00,2026-06-28,USD,Delivered,WFS,193.68,17.25,12.99,1.67,222.25
WM000003208,2025-08-16T14:05:00,2025-08-20,USD,Processing,Merchant,544.14,34.56,0.00,40.29,538.41
WM000003216,2026-04-06T21:14:00,2026-04-07,USD,Delivered,Merchant,992.94,43.96,4.99,22.68,1019.21
WM000003218,2026-05-03T17:50:00,2026-05-05,USD,Delivered,Merchant,32.33,2.60,12.99,2.80,45.12
WM000003219,2026-04-11T19:55:00,2026-04-12,USD,Delivered,Merchant,34.65,2.03,7.99,2.95,41.72
WM000003220,2026-04-08T18:27:00,2026-04-11,USD,Cancelled,WFS,540.96,30.72,0.00,25.71,545.97
WM000003221,2025-10-15T22:43:00,2025-10-18,USD,Delivered,WFS,481.68,20.38,0.00,40.29,461.77
WM000003222,2025-11-17T17:39:00,2025-11-22,USD,Shipped,Merchant,493.78,30.26,0.00,37.75,486.29
WM000003227,2026-03-25T10:50:00,2026-03-26,USD,Delivered,WFS,451.12,37.54,0.00,19.55,469.11
WM000003228,2026-05-25T22:59:00,2026-05-30,USD,Delivered,WFS,531.10,30.71,12.99,25.51,549.29
WM000003231,2026-06-10T12:42:00,2026-06-12,USD,Delivered,Merchant,1844.77,103.86,12.99,116.30,1845.32
WM000003239,2026-03-31T20:59:00,2026-04-05,USD,Delivered,WFS,709.79,28.51,7.99,35.08,711.21
WM000003243,2026-01-02T15:07:00,2026-01-04,USD,Delivered,WFS,155.45,9.94,0.00,14.00,151.39
WM000003245,2026-02-28T13:34:00,2026-03-01,USD,Shipped,WFS,293.16,24.00,0.00,18.13,299.03
WM000003246,2026-03-29T18:49:00,2026-04-03,USD,Delivered,WFS,267.66,20.27,7.99,10.07,285.85
WM000003250,2025-10-05T17:17:00,2025-10-08,USD,Delivered,WFS,409.17,29.83,0.00,19.03,419.97
WM000003252,2025-07-30T15:30:00,2025-08-04,USD,Delivered,WFS,130.80,6.06,4.99,1.95,139.90
WM000003260,2026-01-20T11:43:00,2026-01-24,USD,Delivered,WFS,347.87,25.99,7.99,24.90,356.95
WM000003263,2025-12-26T08:14:00,2025-12-30,USD,Shipped,Merchant,540.41,30.11,0.00,50.49,520.03
WM000003267,2026-01-26T13:05:00,2026-01-27,USD,Processing,WFS,1323.51,86.47,0.00,109.91,1300.07
WM000003274,2026-04-21T09:07:00,2026-04-22,USD,Processing,WFS,138.04,9.64,12.99,10.56,150.11
WM000003277,2025-07-29T20:42:00,2025-08-02,USD,Shipped,WFS,641.36,48.18,12.99,51.82,650.71
WM000003284,2025-12-07T17:23:00,2025-12-09,USD,Delivered,WFS,65.78,3.30,0.00,1.28,67.80
WM000003285,2025-09-22T09:17:00,2025-09-24,USD,Delivered,Merchant,881.03,51.71,12.99,79.10,866.63
WM000003289,2025-08-07T22:33:00,2025-08-08,USD,Delivered,Merchant,385.44,27.16,0.00,38.98,373.62
WM000003292,2026-02-15T13:18:00,2026-02-20,USD,Delivered,WFS,117.37,9.76,4.99,8.86,123.26
WM000003294,2025-07-14T14:06:00,2025-07-17,USD,Delivered,Merchant,357.91,14.16,0.00,39.76,332.31
WM000003296,2025-10-28T19:52:00,2025-10-30,USD,Delivered,Merchant,209.01,9.44,7.99,20.76,205.68
WM000003298,2026-02-14T20:35:00,2026-02-15,USD,Shipped,WFS,878.15,58.13,0.00,6.31,929.97
WM000003306,2025-09-17T17:13:00,2025-09-20,USD,Delivered,Merchant,816.31,57.47,7.99,39.73,842.04
WM000003311,2025-10-25T11:18:00,2025-10-28,USD,Shipped,WFS,408.80,32.77,12.99,26.30,428.26
WM000003315,2026-03-18T22:05:00,2026-03-22,USD,Shipped,WFS,2194.76,134.29,12.99,115.92,2226.12
WM000003316,2025-09-21T19:35:00,2025-09-24,USD,Processing,Merchant,255.96,15.01,0.00,12.75,258.22
WM000003328,2026-01-21T18:16:00,2026-01-22,USD,Processing,WFS,975.42,51.03,4.99,72.61,958.83
WM000003329,2025-09-26T15:07:00,2025-09-30,USD,Shipped,WFS,1670.01,82.05,0.00,152.20,1599.86
WM000003337,2025-10-22T12:11:00,2025-10-27,USD,Delivered,Merchant,735.77,59.67,12.99,48.27,760.16
WM000003341,2026-04-29T12:19:00,2026-05-03,USD,Delivered,Merchant,751.93,47.61,4.99,74.72,729.81
WM000003342,2025-12-20T18:08:00,2025-12-22,USD,Delivered,WFS,596.50,36.00,0.00,3.31,629.19
WM000003347,2026-04-14T15:19:00,2026-04-16,USD,Delivered,Merchant,292.34,15.14,4.99,16.70,295.77
WM000003348,2025-08-01T11:19:00,2025-08-02,USD,Delivered,Merchant,728.64,57.04,12.99,70.98,727.69
WM000003349,2025-08-01T11:10:00,2025-08-03,USD,Shipped,WFS,531.22,31.55,0.00,30.55,532.22
WM000003355,2026-06-30T09:29:00,2026-06-30,USD,Shipped,Merchant,349.57,23.34,0.00,20.59,352.32
WM000003369,2025-08-25T16:29:00,2025-08-30,USD,Delivered,Merchant,1157.12,49.07,0.00,100.86,1105.33
WM000003374,2026-04-19T22:19:00,2026-04-24,USD,Delivered,WFS,323.06,13.33,4.99,28.67,312.71
WM000003378,2025-07-11T19:38:00,2025-07-13,USD,Shipped,WFS,696.41,30.18,4.99,54.03,677.55
WM000003380,2026-03-16T20:01:00,2026-03-18,USD,Delivered,WFS,1052.40,59.91,4.99,62.66,1054.64
WM000003381,2026-04-15T15:07:00,2026-04-19,USD,Delivered,Merchant,278.15,17.33,7.99,14.94,288.53
WM000003390,2025-10-02T21:52:00,2025-10-06,USD,Delivered,Merchant,915.31,40.51,0.00,51.02,904.80
WM000003392,2025-10-08T16:53:00,2025-10-12,USD,Shipped,WFS,131.02,5.15,0.00,15.63,120.54
WM000003398,2025-10-02T16:01:00,2025-10-07,USD,Delivered,WFS,77.57,3.23,12.99,6.81,86.98
WM000003399,2026-01-13T17:26:00,2026-01-17,USD,Delivered,WFS,231.38,11.97,0.00,21.04,222.31
WM000003401,2025-12-15T15:38:00,2025-12-20,USD,Delivered,Merchant,912.30,60.41,7.99,36.65,944.05
WM000003402,2025-11-02T17:24:00,2025-11-04,USD,Delivered,WFS,515.70,32.62,7.99,35.80,520.51
WM000003408,2026-01-27T18:36:00,2026-01-28,USD,Shipped,Merchant,288.24,22.16,4.99,9.84,305.55
WM000003409,2026-03-28T14:21:00,2026-04-02,USD,Delivered,Merchant,442.05,25.26,0.00,22.04,445.27
WM000003415,2025-12-21T22:23:00,2025-12-23,USD,Shipped,WFS,426.23,22.63,12.99,14.54,447.31
WM000003416,2025-12-07T18:36:00,2025-12-08,USD,Delivered,WFS,1634.27,82.26,0.00,171.60,1544.93
WM000003426,2026-05-09T14:38:00,2026-05-14,USD,Processing,Merchant,2024.71,108.71,4.99,136.82,2001.59
WM000003432,2025-11-10T22:26:00,2025-11-14,USD,Delivered,WFS,509.18,31.06,4.99,52.83,492.40
WM000003437,2025-11-16T22:37:00,2025-11-17,USD,Delivered,Merchant,266.21,15.86,12.99,11.39,283.67
WM000003445,2026-05-30T19:24:00,2026-06-03,USD,Processing,WFS,1023.50,71.16,0.00,74.19,1020.47
WM000003447,2025-11-03T20:46:00,2025-11-05,USD,Shipped,WFS,197.68,11.52,12.99,6.83,215.36
WM000003454,2025-11-09T20:31:00,2025-11-12,USD,Shipped,Merchant,456.21,34.02,7.99,43.15,455.07
WM000003460,2026-04-07T13:01:00,2026-04-09,USD,Delivered,WFS,393.09,23.62,12.99,20.60,409.10
WM000003461,2025-12-20T08:29:00,2025-12-24,USD,Shipped,Merchant,709.51,45.14,7.99,42.48,720.16
WM000003469,2025-10-20T17:57:00,2025-10-22,USD,Delivered,Merchant,1613.79,117.24,12.99,79.95,1664.07
WM000003471,2026-01-02T09:12:00,2026-01-04,USD,Delivered,Merchant,306.69,19.80,0.00,12.79,313.70
WM000003475,2025-12-09T14:30:00,2025-12-13,USD,Delivered,WFS,1076.72,87.82,12.99,5.08,1172.45
WM000003476,2025-09-02T13:48:00,2025-09-07,USD,Delivered,WFS,1116.08,45.84,0.00,49.84,1112.08
WM000003482,2025-12-29T12:07:00,2026-01-03,USD,Shipped,WFS,1483.97,63.47,12.99,113.40,1447.03
WM000003495,2026-02-14T13:33:00,2026-02-15,USD,Delivered,WFS,599.09,25.61,7.99,50.83,581.86
WM000003497,2025-11-05T17:53:00,2025-11-07,USD,Delivered,Merchant,1594.59,82.68,0.00,152.57,1524.70
WM000003501,2026-03-15T18:59:00,2026-03-16,USD,Cancelled,Merchant,415.07,26.63,0.00,10.18,431.52
WM000003506,2025-11-06T16:48:00,2025-11-09,USD,Shipped,WFS,617.43,38.63,12.99,32.08,636.97
WM000003511,2026-03-26T19:14:00,2026-03-31,USD,Processing,WFS,645.72,29.20,0.00,42.84,632.08
WM000003518,2025-12-05T14:18:00,2025-12-07,USD,Delivered,Merchant,491.21,29.54,4.99,17.28,508.46
WM000003519,2025-12-02T13:47:00,2025-12-07,USD,Delivered,WFS,489.25,28.12,12.99,38.79,491.57
WM000003525,2026-03-21T22:59:00,2026-03-22,USD,Delivered,Merchant,732.22,27.07,0.00,77.49,681.80
WM000003526,2026-01-09T15:54:00,2026-01-13,USD,Delivered,Merchant,302.01,23.98,7.99,11.09,322.89
WM000003534,2025-07-03T14:14:00,2025-07-06,USD,Delivered,Merchant,955.12,52.10,0.00,113.48,893.74
WM000003537,2025-07-02T22:44:00,2025-07-05,USD,Delivered,Merchant,632.56,31.37,0.00,36.98,626.95
WM000003540,2026-05-09T12:39:00,2026-05-14,USD,Delivered,WFS,1920.05,122.35,0.00,107.92,1934.48
WM000003547,2026-04-28T19:49:00,2026-05-03,USD,Delivered,WFS,454.31,20.86,12.99,23.31,464.85
WM000003551,2026-04-01T14:30:00,2026-04-03,USD,Delivered,Merchant,550.86,31.26,12.99,1.84,593.27
WM000003553,2025-12-23T16:41:00,2025-12-27,USD,Shipped,Merchant,287.64,14.27,0.00,22.85,279.06
WM000003554,2025-07-18T20:48:00,2025-07-19,USD,Cancelled,Merchant,1318.12,104.07,7.99,34.46,1395.72
WM000003557,2026-03-24T20:32:00,2026-03-29,USD,Delivered,Merchant,256.36,12.89,7.99,13.65,263.59
WM000003561,2025-12-31T21:17:00,2026-01-01,USD,Delivered,Merchant,1012.74,48.37,0.00,33.92,1027.19
WM000003572,2026-01-19T22:02:00,2026-01-20,USD,Delivered,Merchant,253.28,19.02,0.00,2.15,270.15
WM000003584,2025-10-01T10:23:00,2025-10-06,USD,Delivered,Merchant,1173.66,76.69,0.00,72.39,1177.96
WM000003589,2026-03-26T16:06:00,2026-03-27,USD,Delivered,Merchant,75.00,4.78,4.99,3.91,80.86
WM000003594,2026-03-20T14:37:00,2026-03-24,USD,Delivered,WFS,989.22,69.87,4.99,67.00,997.08
WM000003601,2025-12-24T12:08:00,2025-12-27,USD,Delivered,WFS,267.08,18.58,12.99,15.52,283.13
WM000003602,2025-12-24T09:03:00,2025-12-26,USD,Delivered,Merchant,191.99,9.18,12.99,12.96,201.20
WM000003609,2025-11-19T09:18:00,2025-11-22,USD,Delivered,Merchant,366.84,28.78,0.00,33.47,362.15
WM000003616,2026-03-24T08:51:00,2026-03-25,USD,Delivered,WFS,390.06,29.84,12.99,3.20,429.69
WM000003624,2026-04-18T14:20:00,2026-04-22,USD,Delivered,WFS,418.81,29.43,0.00,18.28,429.96
WM000003629,2025-10-10T16:30:00,2025-10-11,USD,Delivered,WFS,1036.87,82.07,4.99,28.06,1095.87
WM000003632,2026-04-30T18:53:00,2026-05-05,USD,Delivered,WFS,161.25,6.29,12.99,15.22,165.31
WM000003636,2026-03-27T12:38:00,2026-03-29,USD,Cancelled,WFS,220.29,17.81,12.99,11.47,239.62
WM000003638,2025-11-30T19:31:00,2025-12-02,USD,Shipped,Merchant,910.05,52.40,7.99,67.94,902.50
WM000003644,2025-07-01T21:54:00,2025-07-05,USD,Shipped,Merchant,479.13,28.97,12.99,38.88,482.21
WM000003646,2026-01-09T14:20:00,2026-01-11,USD,Delivered,WFS,883.36,54.75,0.00,51.86,886.25
WM000003647,2025-10-05T09:28:00,2025-10-10,USD,Delivered,WFS,160.37,8.24,0.00,19.10,149.51
WM000003650,2026-05-13T11:51:00,2026-05-15,USD,Delivered,Merchant,570.06,36.19,0.00,63.64,542.61
WM000003653,2026-01-27T12:56:00,2026-01-29,USD,Delivered,WFS,1679.38,82.05,0.00,138.50,1622.93
WM000003657,2025-12-03T11:16:00,2025-12-06,USD,Delivered,Merchant,1145.82,72.58,0.00,99.06,1119.34
WM000003659,2025-08-31T16:15:00,2025-09-02,USD,Cancelled,WFS,1331.61,66.01,7.99,149.70,1255.91
WM000003664,2025-09-08T12:35:00,2025-09-11,USD,Delivered,Merchant,1360.23,75.66,0.00,31.39,1404.50
WM000003665,2026-05-15T17:22:00,2026-05-17,USD,Delivered,WFS,297.78,17.43,4.99,32.79,287.41
WM000003666,2026-03-25T11:47:00,2026-03-27,USD,Delivered,Merchant,1122.08,53.32,7.99,24.04,1159.35
WM000003667,2025-10-21T22:06:00,2025-10-26,USD,Delivered,Merchant,914.62,57.99,0.00,102.75,869.86
WM000003672,2026-06-30T08:18:00,2026-06-30,USD,Delivered,WFS,582.83,37.09,12.99,37.74,595.17
WM000003678,2025-12-08T22:14:00,2025-12-12,USD,Delivered,Merchant,102.32,5.67,7.99,2.45,113.53
WM000003681,2026-01-12T20:51:00,2026-01-16,USD,Delivered,WFS,87.52,6.04,4.99,4.69,93.86
WM000003684,2025-07-22T17:36:00,2025-07-26,USD,Shipped,WFS,121.77,6.58,12.99,12.70,128.64
WM000003685,2025-10-11T15:52:00,2025-10-16,USD,Delivered,WFS,996.86,64.48,12.99,34.28,1040.05
WM000003691,2026-02-26T13:19:00,2026-02-28,USD,Delivered,WFS,150.68,9.65,12.99,4.61,168.71
WM000003694,2025-09-27T09:06:00,2025-09-28,USD,Delivered,WFS,315.92,22.21,0.00,14.34,323.79
WM000003699,2026-03-16T08:50:00,2026-03-20,USD,Delivered,WFS,724.78,54.71,0.00,34.58,744.91
WM000003702,2025-11-23T11:30:00,2025-11-28,USD,Delivered,WFS,149.99,7.15,12.99,10.87,159.26
WM000003704,2026-03-28T16:52:00,2026-04-02,USD,Shipped,WFS,156.03,6.36,12.99,7.07,168.31
WM000003706,2025-08-31T21:40:00,2025-09-01,USD,Delivered,WFS,502.22,27.31,12.99,35.91,506.61
WM000003708,2026-03-15T18:33:00,2026-03-16,USD,Delivered,Merchant,106.39,6.73,4.99,11.37,106.74
WM000003710,2025-10-26T08:06:00,2025-10-31,USD,Shipped,Merchant,72.66,3.89,0.00,7.40,69.15
WM000003714,2026-06-07T15:05:00,2026-06-10,USD,Delivered,Merchant,1325.92,79.39,7.99,42.32,1370.98
WM000003716,2026-03-15T08:46:00,2026-03-16,USD,Shipped,WFS,144.88,7.36,7.99,12.09,148.14
WM000003728,2025-11-27T20:18:00,2025-12-01,USD,Processing,WFS,1145.76,49.30,0.00,130.54,1064.52
WM000003732,2025-12-21T08:41:00,2025-12-23,USD,Delivered,WFS,391.76,20.67,7.99,23.96,396.46
WM000003735,2026-01-26T22:16:00,2026-01-31,USD,Delivered,Merchant,1009.20,51.56,7.99,31.15,1037.60
WM000003737,2026-03-09T08:16:00,2026-03-10,USD,Delivered,WFS,28.66,2.31,12.99,0.39,43.57
WM000003738,2025-09-08T13:51:00,2025-09-13,USD,Shipped,WFS,76.58,5.12,12.99,6.83,87.86
WM000003748,2025-10-14T19:40:00,2025-10-19,USD,Delivered,WFS,409.50,25.03,7.99,22.76,419.76
WM000003757,2025-10-22T09:40:00,2025-10-26,USD,Delivered,WFS,101.61,5.09,0.00,3.61,103.09
WM000003762,2026-03-09T16:15:00,2026-03-14,USD,Delivered,Merchant,1086.30,69.81,7.99,42.84,1121.26
WM000003763,2026-04-28T10:36:00,2026-05-01,USD,Delivered,WFS,362.50,17.67,4.99,23.10,362.06
WM000003765,2025-08-03T22:40:00,2025-08-06,USD,Delivered,Merchant,392.31,23.09,7.99,21.59,401.80
WM000003768,2025-10-01T19:05:00,2025-10-05,USD,Delivered,Merchant,401.12,29.50,7.99,19.39,419.22
WM000003773,2025-10-18T17:54:00,2025-10-23,USD,Delivered,Merchant,3215.89,212.83,12.99,143.17,3298.54
WM000003777,2025-10-22T15:54:00,2025-10-26,USD,Delivered,Merchant,195.66,14.45,7.99,19.20,198.90
WM000003780,2025-07-16T14:32:00,2025-07-19,USD,Delivered,Merchant,1274.66,87.73,4.99,120.75,1246.63
WM000003783,2026-04-15T12:27:00,2026-04-20,USD,Delivered,WFS,1162.12,58.90,0.00,76.38,1144.64
WM000003788,2025-07-14T16:04:00,2025-07-19,USD,Delivered,Merchant,183.36,12.22,0.00,8.60,186.98
WM000003791,2025-12-24T16:27:00,2025-12-27,USD,Delivered,WFS,277.16,12.88,7.99,3.68,294.35
WM000003792,2026-06-08T13:51:00,2026-06-09,USD,Delivered,WFS,877.90,50.35,7.99,60.09,876.15
WM000003798,2025-07-26T11:55:00,2025-07-28,USD,Delivered,WFS,585.91,27.03,0.00,16.25,596.69
WM000003799,2025-08-27T17:25:00,2025-09-01,USD,Processing,Merchant,863.04,41.52,4.99,73.62,835.93
WM000003811,2026-03-05T14:49:00,2026-03-08,USD,Delivered,WFS,645.72,39.95,0.00,48.28,637.39
WM000003815,2026-05-26T20:23:00,2026-05-27,USD,Delivered,Merchant,930.57,62.89,0.00,71.30,922.16
WM000003821,2025-07-13T18:48:00,2025-07-16,USD,Processing,Merchant,622.10,41.28,0.00,17.07,646.31
WM000003823,2025-10-29T08:15:00,2025-11-03,USD,Delivered,WFS,400.90,31.45,7.99,34.14,406.20
WM000003828,2025-11-01T11:51:00,2025-11-05,USD,Delivered,WFS,276.64,21.16,0.00,7.18,290.62
WM000003833,2026-06-06T12:08:00,2026-06-08,USD,Delivered,Merchant,371.83,26.76,0.00,18.47,380.12
WM000003839,2025-08-18T13:15:00,2025-08-20,USD,Delivered,WFS,1292.18,60.70,7.99,57.67,1303.20
WM000003840,2025-08-02T09:40:00,2025-08-04,USD,Delivered,WFS,748.10,40.12,0.00,61.28,726.94
WM000003853,2025-10-01T19:59:00,2025-10-04,USD,Processing,Merchant,844.25,57.82,0.00,22.55,879.52
WM000003857,2026-06-16T10:05:00,2026-06-19,USD,Processing,Merchant,292.97,15.15,0.00,11.94,296.18
WM000003862,2025-10-01T12:38:00,2025-10-05,USD,Delivered,WFS,635.34,42.36,12.99,36.42,654.27
WM000003875,2025-11-15T08:49:00,2025-11-16,USD,Delivered,Merchant,230.13,11.60,0.00,12.84,228.89
WM000003877,2025-09-08T19:40:00,2025-09-12,USD,Delivered,Merchant,409.57,17.57,7.99,28.49,406.64
WM000003880,2025-09-23T18:05:00,2025-09-27,USD,Delivered,Merchant,35.16,1.26,7.99,3.98,40.43
WM000003888,2026-06-11T22:37:00,2026-06-15,USD,Delivered,Merchant,269.51,20.29,4.99,29.35,265.44
WM000003889,2026-01-25T20:19:00,2026-01-29,USD,Delivered,WFS,291.28,17.65,4.99,13.96,299.96
WM000003900,2025-08-06T14:41:00,2025-08-10,USD,Delivered,Merchant,779.80,56.56,4.99,13.82,827.53
WM000003905,2025-12-05T19:23:00,2025-12-09,USD,Delivered,WFS,1992.27,139.92,7.99,156.12,1984.06
WM000003911,2025-07-16T08:41:00,2025-07-18,USD,Delivered,WFS,344.93,20.88,7.99,21.69,352.11
WM000003915,2026-01-18T10:13:00,2026-01-21,USD,Delivered,WFS,560.44,31.50,7.99,19.04,580.89
WM000003917,2026-03-08T10:16:00,2026-03-11,USD,Delivered,Merchant,310.99,21.28,4.99,32.62,304.64
WM000003922,2026-01-04T21:10:00,2026-01-08,USD,Delivered,WFS,263.95,11.76,0.00,23.88,251.83
WM000003924,2025-10-23T14:06:00,2025-10-25,USD,Processing,WFS,527.38,23.16,0.00,62.49,488.05
WM000003926,2025-11-01T10:28:00,2025-11-03,USD,Processing,Merchant,348.13,17.34,12.99,22.58,355.88
WM000003928,2025-09-13T10:26:00,2025-09-15,USD,Delivered,WFS,637.10,39.74,4.99,41.28,640.55
WM000003934,2026-03-03T22:29:00,2026-03-04,USD,Shipped,Merchant,1369.39,90.90,7.99,46.28,1422.00
WM000003935,2025-11-28T16:48:00,2025-11-30,USD,Delivered,Merchant,132.28,7.95,7.99,15.22,133.00
WM000003936,2025-12-31T13:52:00,2026-01-04,USD,Delivered,WFS,1140.23,82.76,4.99,66.26,1161.72
WM000003941,2026-01-29T18:34:00,2026-02-03,USD,Delivered,Merchant,295.14,20.91,12.99,4.57,324.47
WM000003942,2026-04-14T22:43:00,2026-04-18,USD,Shipped,Merchant,375.93,27.73,0.00,40.25,363.41
WM000003946,2025-07-15T16:47:00,2025-07-17,USD,Delivered,WFS,1903.51,111.20,12.99,185.14,1842.56
WM000003947,2025-09-16T14:58:00,2025-09-18,USD,Processing,WFS,629.46,30.51,0.00,53.69,606.28
WM000003948,2025-12-04T20:00:00,2025-12-09,USD,Delivered,WFS,354.80,15.66,4.99,33.82,341.63
WM000003950,2025-08-24T19:13:00,2025-08-27,USD,Delivered,Merchant,670.88,43.17,0.00,29.36,684.69
WM000003952,2025-07-08T14:26:00,2025-07-12,USD,Processing,WFS,1658.99,110.08,12.99,68.38,1713.68
WM000003953,2026-05-14T12:42:00,2026-05-16,USD,Delivered,WFS,546.64,25.14,12.99,41.57,543.20
WM000003954,2025-12-30T08:32:00,2025-12-31,USD,Delivered,WFS,1333.47,102.33,7.99,60.14,1383.65
WM000003955,2026-06-30T21:16:00,2026-06-30,USD,Delivered,WFS,473.53,28.62,4.99,22.07,485.07
WM000003956,2026-02-02T14:04:00,2026-02-05,USD,Delivered,WFS,233.14,17.14,0.00,4.59,245.69
WM000003967,2026-04-15T08:17:00,2026-04-18,USD,Delivered,WFS,718.40,56.21,0.00,66.48,708.13
WM000003972,2026-05-05T13:14:00,2026-05-08,USD,Delivered,Merchant,497.76,27.17,7.99,40.58,492.34
WM000003977,2025-12-01T19:36:00,2025-12-05,USD,Delivered,Merchant,558.53,40.47,4.99,44.43,559.56
WM000003988,2025-11-15T20:53:00,2025-11-18,USD,Shipped,Merchant,687.78,34.68,12.99,41.25,694.20
WM000003994,2025-09-18T13:20:00,2025-09-21,USD,Shipped,Merchant,168.09,8.00,7.99,5.53,178.55
WM000003998,2025-07-25T15:23:00,2025-07-30,USD,Shipped,Merchant,369.50,23.77,0.00,43.65,349.62
WM000004001,2026-02-19T16:19:00,2026-02-22,USD,Delivered,Merchant,622.48,32.03,0.00,53.96,600.55
WM000004003,2025-12-23T22:13:00,2025-12-26,USD,Shipped,WFS,261.32,17.82,4.99,11.32,272.81
WM000004010,2025-11-09T10:31:00,2025-11-14,USD,Shipped,Merchant,1019.16,63.81,0.00,67.51,1015.46
WM000004023,2026-06-30T20:13:00,2026-06-30,USD,Delivered,WFS,147.73,11.32,0.00,3.35,155.70
WM000004026,2025-11-28T12:16:00,2025-11-30,USD,Delivered,Merchant,673.69,40.51,7.99,55.27,666.92
WM000004030,2025-08-09T10:59:00,2025-08-11,USD,Delivered,Merchant,565.52,29.77,7.99,13.58,589.70
WM000004031,2026-04-25T16:44:00,2026-04-27,USD,Delivered,WFS,871.54,61.38,0.00,50.10,882.82
WM000004032,2026-06-15T08:04:00,2026-06-16,USD,Delivered,Merchant,304.12,15.73,0.00,31.97,287.88
WM000004039,2025-09-11T20:49:00,2025-09-16,USD,Delivered,WFS,745.74,41.93,0.00,29.38,758.29
WM000004040,2026-06-22T15:37:00,2026-06-27,USD,Delivered,WFS,199.18,14.68,0.00,12.21,201.65
WM000004042,2026-03-31T10:32:00,2026-04-03,USD,Delivered,Merchant,99.11,6.51,12.99,6.63,111.98
WM000004044,2025-07-24T19:08:00,2025-07-25,USD,Shipped,WFS,459.12,35.84,0.00,5.35,489.61
WM000004045,2025-12-29T18:27:00,2025-12-31,USD,Delivered,Merchant,995.34,70.58,0.00,37.55,1028.37
WM000004049,2026-04-25T20:35:00,2026-04-26,USD,Delivered,WFS,277.47,17.46,7.99,10.43,292.49
WM000004054,2025-10-02T19:44:00,2025-10-04,USD,Delivered,Merchant,377.75,17.59,4.99,22.35,377.98
WM000004065,2026-06-29T09:12:00,2026-06-30,USD,Delivered,WFS,571.85,46.27,4.99,16.24,606.87
WM000004071,2026-02-19T22:32:00,2026-02-23,USD,Processing,WFS,96.37,7.64,0.00,10.21,93.80
WM000004075,2026-05-23T19:51:00,2026-05-26,USD,Delivered,Merchant,179.07,9.89,0.00,12.21,176.75
WM000004076,2025-12-17T17:29:00,2025-12-20,USD,Delivered,WFS,1017.03,46.18,12.99,65.13,1011.07
WM000004085,2025-09-07T18:55:00,2025-09-10,USD,Delivered,WFS,1096.46,51.00,0.00,95.86,1051.60
WM000004090,2026-05-14T15:20:00,2026-05-15,USD,Delivered,WFS,1164.48,70.77,7.99,39.81,1203.43
WM000004094,2026-06-10T22:32:00,2026-06-11,USD,Delivered,Merchant,1418.15,117.54,7.99,105.07,1438.61
WM000004095,2026-06-18T12:50:00,2026-06-19,USD,Delivered,Merchant,380.33,24.89,0.00,33.51,371.71
WM000004096,2026-03-07T20:40:00,2026-03-11,USD,Delivered,WFS,2703.13,185.56,12.99,111.65,2790.03
WM000004105,2026-05-27T16:28:00,2026-05-29,USD,Delivered,WFS,43.14,3.83,4.99,0.12,51.84
WM000004106,2025-10-25T22:03:00,2025-10-26,USD,Delivered,WFS,273.81,12.80,0.00,26.12,260.49
WM000004110,2026-06-23T20:08:00,2026-06-28,USD,Processing,WFS,759.46,53.67,7.99,23.56,797.56
WM000004116,2025-11-09T12:51:00,2025-11-13,USD,Delivered,Merchant,728.93,61.21,0.00,15.74,774.40
WM000004117,2026-02-24T15:47:00,2026-02-25,USD,Delivered,WFS,739.42,49.04,7.99,42.16,754.29
WM000004123,2025-08-26T13:20:00,2025-08-31,USD,Processing,WFS,910.03,51.82,7.99,63.46,906.38
WM000004129,2025-08-28T21:33:00,2025-08-30,USD,Delivered,Merchant,2122.19,120.45,0.00,201.35,2041.29
WM000004135,2026-06-18T17:36:00,2026-06-19,USD,Cancelled,Merchant,725.00,51.36,0.00,56.71,719.65
WM000004136,2025-12-13T14:08:00,2025-12-16,USD,Delivered,Merchant,32.22,1.31,0.00,3.19,30.34
WM000004138,2025-08-07T18:09:00,2025-08-12,USD,Shipped,WFS,175.68,11.36,0.00,13.05,173.99
WM000004144,2026-03-09T10:25:00,2026-03-14,USD,Delivered,WFS,134.66,5.65,4.99,6.46,138.84
WM000004145,2025-10-05T15:20:00,2025-10-10,USD,Delivered,WFS,1668.94,86.54,12.99,158.98,1609.49
WM000004153,2025-10-04T11:11:00,2025-10-08,USD,Delivered,Merchant,307.04,25.10,0.00,10.73,321.41
WM000004155,2026-04-22T21:42:00,2026-04-26,USD,Cancelled,WFS,540.80,41.45,7.99,50.10,540.14
WM000004163,2026-01-11T20:03:00,2026-01-12,USD,Cancelled,Merchant,1025.56,52.99,12.99,72.95,1018.59
WM000004164,2026-02-16T14:38:00,2026-02-20,USD,Shipped,WFS,370.79,21.70,0.00,14.99,377.50
WM000004181,2025-12-30T11:23:00,2025-12-31,USD,Delivered,Merchant,791.76,29.47,4.99,65.21,761.01
WM000004184,2025-12-18T10:19:00,2025-12-21,USD,Delivered,WFS,502.41,29.42,0.00,16.52,515.31
WM000004186,2026-03-07T15:56:00,2026-03-08,USD,Delivered,WFS,1054.52,60.15,0.00,90.41,1024.26
WM000004190,2025-08-27T09:27:00,2025-08-30,USD,Processing,Merchant,1440.32,73.86,0.00,26.81,1487.37
WM000004191,2026-05-08T14:43:00,2026-05-09,USD,Delivered,WFS,993.07,44.06,0.00,71.72,965.41
WM000004192,2026-02-01T22:22:00,2026-02-06,USD,Cancelled,WFS,1891.88,115.39,7.99,110.65,1904.61
WM000004195,2025-10-31T21:07:00,2025-11-03,USD,Delivered,WFS,241.50,12.34,7.99,7.07,254.76
WM000004202,2025-11-06T22:40:00,2025-11-07,USD,Delivered,WFS,263.66,18.26,0.00,18.27,263.65
WM000004205,2026-01-13T13:50:00,2026-01-14,USD,Delivered,WFS,372.55,23.09,0.00,29.96,365.68
WM000004207,2025-10-10T12:00:00,2025-10-15,USD,Delivered,Merchant,873.23,55.18,0.00,64.29,864.12
WM000004209,2026-01-28T11:01:00,2026-01-30,USD,Delivered,WFS,1432.31,67.46,0.00,25.08,1474.69
WM000004214,2025-12-27T19:05:00,2025-12-31,USD,Delivered,Merchant,355.47,14.84,0.00,1.54,368.77
WM000004216,2025-10-30T12:10:00,2025-11-04,USD,Shipped,WFS,287.04,13.72,7.99,25.11,283.64
WM000004218,2026-01-08T15:13:00,2026-01-10,USD,Delivered,Merchant,558.44,24.12,0.00,58.45,524.11
WM000004220,2025-10-08T15:46:00,2025-10-11,USD,Shipped,Merchant,591.70,23.96,0.00,31.78,583.88
WM000004227,2026-04-10T22:08:00,2026-04-12,USD,Shipped,WFS,208.42,10.54,0.00,15.54,203.42
WM000004232,2026-03-12T22:02:00,2026-03-13,USD,Processing,WFS,526.21,37.86,12.99,31.17,545.89
WM000004242,2025-07-03T21:24:00,2025-07-08,USD,Delivered,Merchant,64.53,5.45,4.99,2.59,72.38
WM000004249,2026-01-10T12:10:00,2026-01-14,USD,Cancelled,WFS,76.22,4.00,12.99,5.35,87.86
WM000004250,2025-11-03T19:54:00,2025-11-04,USD,Processing,WFS,251.68,13.20,4.99,17.64,252.23
WM000004251,2026-02-16T16:52:00,2026-02-18,USD,Delivered,Merchant,167.05,11.11,7.99,7.15,179.00
WM000004252,2026-05-16T10:19:00,2026-05-19,USD,Delivered,Merchant,453.01,33.20,12.99,13.57,485.63
WM000004260,2026-01-18T09:13:00,2026-01-19,USD,Delivered,Merchant,70.70,4.79,7.99,5.08,78.40
WM000004267,2025-11-23T20:53:00,2025-11-26,USD,Delivered,WFS,355.12,14.95,12.99,7.49,375.57
WM000004271,2026-01-12T21:29:00,2026-01-15,USD,Processing,Merchant,423.63,26.38,0.00,29.51,420.50
WM000004273,2025-12-20T15:51:00,2025-12-25,USD,Delivered,WFS,311.25,14.59,0.00,13.81,312.03
WM000004276,2026-06-06T15:42:00,2026-06-07,USD,Shipped,Merchant,566.90,26.33,0.00,4.83,588.40
WM000004278,2026-02-14T08:05:00,2026-02-19,USD,Delivered,WFS,292.89,16.46,0.00,12.19,297.16
WM000004280,2026-03-05T10:38:00,2026-03-10,USD,Delivered,Merchant,755.54,44.56,0.00,20.01,780.09
WM000004283,2026-06-27T20:39:00,2026-06-28,USD,Delivered,Merchant,344.14,23.38,0.00,21.81,345.71
WM000004293,2025-08-13T12:27:00,2025-08-18,USD,Delivered,WFS,93.28,6.87,7.99,4.32,103.82
WM000004299,2026-02-27T18:21:00,2026-03-03,USD,Delivered,Merchant,469.90,32.14,4.99,21.08,485.95
WM000004305,2026-05-05T11:12:00,2026-05-07,USD,Delivered,WFS,82.84,5.60,4.99,3.26,90.17
WM000004306,2026-03-02T19:17:00,2026-03-03,USD,Delivered,Merchant,48.89,2.99,7.99,1.68,58.19
WM000004313,2026-04-17T16:05:00,2026-04-19,USD,Delivered,Merchant,826.59,54.92,12.99,49.09,845.41
WM000004318,2025-07-23T15:16:00,2025-07-25,USD,Shipped,Merchant,164.65,7.70,7.99,14.48,165.86
WM000004320,2026-03-15T22:23:00,2026-03-18,USD,Delivered,Merchant,297.14,17.83,0.00,32.11,282.86
WM000004321,2026-03-20T20:09:00,2026-03-25,USD,Delivered,WFS,606.99,28.32,12.99,11.00,637.30
WM000004325,2025-12-05T13:43:00,2025-12-08,USD,Delivered,Merchant,995.91,67.54,4.99,16.48,1051.96
WM000004326,2026-05-28T22:21:00,2026-06-02,USD,Shipped,Merchant,388.21,17.85,12.99,8.81,410.24
WM000004337,2025-10-23T13:27:00,2025-10-25,USD,Delivered,Merchant,1898.94,97.58,0.00,77.69,1918.83
WM000004346,2025-09-19T10:20:00,2025-09-21,USD,Delivered,Merchant,327.87,13.48,0.00,29.66,311.69
WM000004351,2025-09-05T17:24:00,2025-09-07,USD,Delivered,WFS,1087.47,71.91,0.00,83.32,1076.06
WM000004356,2026-03-04T19:32:00,2026-03-09,USD,Shipped,Merchant,160.19,9.69,7.99,6.05,171.82
WM000004360,2025-10-25T19:03:00,2025-10-30,USD,Delivered,WFS,891.06,52.46,0.00,50.48,893.04
WM000004364,2026-02-17T22:16:00,2026-02-18,USD,Cancelled,WFS,121.76,4.86,4.99,11.58,120.03
WM000004365,2025-07-12T22:51:00,2025-07-16,USD,Delivered,WFS,706.10,41.17,7.99,39.38,715.88
WM000004366,2025-07-21T15:35:00,2025-07-23,USD,Delivered,Merchant,799.74,37.98,0.00,69.77,767.95
WM000004369,2025-07-20T09:04:00,2025-07-24,USD,Delivered,WFS,258.42,22.29,12.99,6.79,286.91
WM000004376,2025-08-09T21:07:00,2025-08-10,USD,Delivered,WFS,1408.68,90.23,0.00,73.07,1425.84
WM000004377,2026-05-22T08:10:00,2026-05-23,USD,Processing,Merchant,673.33,41.47,0.00,33.32,681.48
WM000004378,2026-06-19T16:56:00,2026-06-23,USD,Delivered,Merchant,123.76,9.47,7.99,10.69,130.53
WM000004379,2026-04-25T18:06:00,2026-04-27,USD,Delivered,WFS,343.86,24.49,0.00,32.39,335.96
WM000004387,2026-02-05T22:42:00,2026-02-09,USD,Processing,Merchant,229.56,16.03,0.00,13.61,231.98
WM000004391,2026-06-02T08:39:00,2026-06-03,USD,Delivered,Merchant,585.81,30.71,4.99,41.70,579.81
WM000004397,2026-04-16T13:19:00,2026-04-20,USD,Delivered,Merchant,1357.95,81.95,12.99,52.87,1400.02
WM000004403,2025-09-15T20:16:00,2025-09-17,USD,Delivered,WFS,425.13,19.74,12.99,34.04,423.82
WM000004408,2026-02-12T12:08:00,2026-02-16,USD,Delivered,Merchant,1216.05,74.69,0.00,90.18,1200.56
WM000004411,2025-10-11T22:14:00,2025-10-15,USD,Delivered,Merchant,482.24,22.48,0.00,3.60,501.12
WM000004415,2025-09-03T19:17:00,2025-09-08,USD,Delivered,WFS,1375.63,75.95,4.99,92.53,1364.04
WM000004416,2026-01-07T17:37:00,2026-01-09,USD,Delivered,Merchant,758.40,51.74,12.99,36.20,786.93
WM000004418,2025-11-18T10:31:00,2025-11-22,USD,Delivered,WFS,193.55,10.71,7.99,0.75,211.50
WM000004420,2026-01-26T18:36:00,2026-01-31,USD,Delivered,WFS,1068.92,62.11,4.99,70.06,1065.96
WM000004421,2026-01-29T15:37:00,2026-02-01,USD,Delivered,WFS,278.95,16.00,0.00,30.50,264.45
WM000004423,2025-07-17T14:51:00,2025-07-21,USD,Delivered,Merchant,98.03,6.99,0.00,5.19,99.83
WM000004425,2025-07-28T20:44:00,2025-07-31,USD,Processing,Merchant,808.71,65.18,0.00,11.89,862.00
WM000004426,2026-05-04T17:17:00,2026-05-06,USD,Shipped,WFS,1367.07,65.24,7.99,42.40,1397.90
WM000004432,2025-07-09T22:51:00,2025-07-14,USD,Delivered,Merchant,1565.30,70.63,0.00,88.10,1547.83
WM000004433,2025-08-06T09:36:00,2025-08-09,USD,Delivered,WFS,756.54,51.64,7.99,36.21,779.96
WM000004434,2026-03-16T14:13:00,2026-03-19,USD,Delivered,Merchant,85.41,5.43,0.00,0.60,90.24
WM000004440,2026-01-04T22:25:00,2026-01-09,USD,Delivered,Merchant,280.61,16.12,12.99,26.69,283.03
WM000004442,2025-11-28T21:10:00,2025-12-02,USD,Delivered,Merchant,733.37,48.48,12.99,35.51,759.33
WM000004447,2026-05-29T13:20:00,2026-06-02,USD,Cancelled,Merchant,1573.98,133.61,0.00,28.49,1679.10
WM000004457,2026-02-05T19:35:00,2026-02-08,USD,Delivered,Merchant,465.29,28.30,0.00,41.89,451.70
WM000004463,2025-08-26T11:13:00,2025-08-27,USD,Delivered,WFS,71.82,3.25,7.99,2.95,80.11
WM000004465,2025-08-27T15:47:00,2025-09-01,USD,Delivered,WFS,313.46,15.37,0.00,5.80,323.03
WM000004466,2026-05-02T21:40:00,2026-05-04,USD,Shipped,WFS,415.57,15.96,0.00,46.37,385.16
WM000004478,2026-03-06T19:17:00,2026-03-08,USD,Cancelled,Merchant,540.09,28.96,12.99,47.11,534.93
WM000004479,2026-02-23T11:36:00,2026-02-25,USD,Shipped,Merchant,213.13,8.37,7.99,19.13,210.36
WM000004483,2026-02-28T09:21:00,2026-03-04,USD,Delivered,Merchant,1113.52,55.53,4.99,20.91,1153.13
WM000004495,2026-02-06T22:02:00,2026-02-11,USD,Shipped,WFS,27.65,1.71,4.99,0.26,34.09
WM000004496,2026-01-17T12:12:00,2026-01-19,USD,Processing,Merchant,181.94,13.83,7.99,14.22,189.54
WM000004499,2026-04-25T16:40:00,2026-04-27,USD,Delivered,WFS,16.47,0.82,7.99,0.90,24.38
WM000004500,2025-08-10T12:08:00,2025-08-11,USD,Delivered,Merchant,92.97,4.87,4.99,8.71,94.12
WM000004504,2026-02-22T22:50:00,2026-02-24,USD,Cancelled,Merchant,228.85,10.92,4.99,23.73,221.03
WM000004509,2026-06-19T18:59:00,2026-06-20,USD,Delivered,Merchant,392.33,18.44,0.00,27.50,383.27
WM000004514,2026-04-17T19:11:00,2026-04-20,USD,Delivered,WFS,858.71,65.61,0.00,8.55,915.77
WM000004522,2026-06-21T22:41:00,2026-06-24,USD,Delivered,Merchant,405.54,16.95,4.99,3.32,424.16
WM000004526,2026-06-06T21:54:00,2026-06-07,USD,Delivered,Merchant,92.61,7.02,12.99,8.08,104.54
WM000004529,2026-02-24T20:56:00,2026-02-26,USD,Delivered,WFS,174.43,11.27,12.99,7.46,191.23
WM000004536,2025-11-25T18:40:00,2025-11-26,USD,Processing,WFS,770.58,57.62,0.00,71.35,756.85
WM000004539,2026-06-30T18:00:00,2026-06-30,USD,Delivered,Merchant,45.34,3.29,12.99,1.84,59.78
WM000004544,2026-02-01T19:28:00,2026-02-02,USD,Delivered,Merchant,102.32,4.91,12.99,4.51,115.71
WM000004546,2025-11-05T10:22:00,2025-11-09,USD,Delivered,WFS,1608.75,114.74,0.00,22.66,1700.83
WM000004550,2026-01-31T10:49:00,2026-02-03,USD,Shipped,WFS,534.26,33.41,4.99,37.17,535.49
WM000004554,2025-08-23T13:00:00,2025-08-27,USD,Delivered,Merchant,909.35,52.36,0.00,65.53,896.18
WM000004563,2026-05-03T16:10:00,2026-05-08,USD,Delivered,Merchant,776.95,50.09,12.99,73.33,766.70
WM000004565,2026-05-27T16:41:00,2026-06-01,USD,Delivered,WFS,953.52,60.33,0.00,26.45,987.40
WM000004566,2026-06-06T10:50:00,2026-06-11,USD,Delivered,WFS,848.23,51.06,12.99,26.07,886.21
WM000004567,2026-04-02T09:56:00,2026-04-05,USD,Processing,Merchant,90.40,3.96,4.99,3.33,96.02
WM000004569,2026-06-15T14:31:00,2026-06-19,USD,Delivered,Merchant,894.20,71.58,4.99,91.01,879.76
WM000004571,2025-07-24T11:02:00,2025-07-25,USD,Delivered,Merchant,1515.03,88.99,12.99,104.82,1512.19
WM000004576,2026-01-27T10:21:00,2026-01-31,USD,Shipped,Merchant,177.44,14.16,0.00,13.67,177.93
WM000004578,2025-09-14T10:19:00,2025-09-17,USD,Delivered,WFS,264.00,12.21,0.00,25.51,250.70
WM000004580,2026-04-15T09:13:00,2026-04-16,USD,Delivered,Merchant,1030.36,44.49,12.99,28.54,1059.30
WM000004584,2026-04-12T15:03:00,2026-04-17,USD,Delivered,Merchant,284.18,15.65,7.99,25.03,282.79
WM000004587,2025-11-12T16:29:00,2025-11-13,USD,Shipped,Merchant,385.62,15.68,0.00,33.78,367.52
WM000004597,2025-08-17T17:23:00,2025-08-18,USD,Delivered,Merchant,467.52,29.82,4.99,26.32,476.01
WM000004598,2026-04-30T08:36:00,2026-05-03,USD,Processing,WFS,226.84,12.44,7.99,21.54,225.73
WM000004600,2025-12-08T20:06:00,2025-12-09,USD,Delivered,WFS,535.76,34.83,0.00,43.37,527.22
WM000004603,2026-05-02T14:15:00,2026-05-07,USD,Shipped,WFS,708.82,33.02,12.99,58.41,696.42
WM000004607,2025-12-16T08:47:00,2025-12-21,USD,Delivered,Merchant,281.40,13.41,4.99,6.45,293.35
WM000004609,2026-01-15T22:44:00,2026-01-17,USD,Delivered,WFS,300.18,13.79,12.99,12.75,314.21
WM000004610,2026-06-20T22:40:00,2026-06-23,USD,Delivered,Merchant,205.95,8.77,0.00,9.12,205.60
WM000004612,2026-04-27T12:05:00,2026-05-02,USD,Delivered,WFS,385.76,28.73,12.99,24.77,402.71
WM000004618,2025-08-25T09:59:00,2025-08-28,USD,Delivered,WFS,128.36,7.13,0.00,11.33,124.16
WM000004625,2025-11-09T22:31:00,2025-11-11,USD,Delivered,Merchant,219.53,17.48,7.99,12.04,232.96
WM000004626,2025-11-30T15:09:00,2025-12-05,USD,Delivered,WFS,669.08,47.17,7.99,1.32,722.92
WM000004634,2025-08-13T22:38:00,2025-08-17,USD,Processing,WFS,445.25,26.79,0.00,6.18,465.86
WM000004640,2026-01-12T15:11:00,2026-01-16,USD,Shipped,WFS,145.15,7.39,12.99,4.23,161.30
WM000004652,2025-07-22T15:40:00,2025-07-23,USD,Shipped,WFS,411.27,28.48,12.99,12.61,440.13
WM000004653,2026-03-10T16:47:00,2026-03-15,USD,Delivered,Merchant,439.40,19.56,0.00,27.96,431.00
WM000004661,2025-10-30T09:14:00,2025-11-03,USD,Delivered,Merchant,16.94,0.96,4.99,1.63,21.26
WM000004666,2025-09-23T11:04:00,2025-09-27,USD,Processing,Merchant,381.41,28.43,0.00,7.27,402.57
WM000004668,2026-01-22T20:53:00,2026-01-23,USD,Delivered,WFS,137.90,7.01,4.99,10.97,138.93
WM000004670,2025-08-28T10:35:00,2025-09-01,USD,Shipped,WFS,873.72,43.72,0.00,78.71,838.73
WM000004677,2026-01-23T13:16:00,2026-01-25,USD,Delivered,Merchant,229.63,10.05,4.99,20.14,224.53
WM000004679,2025-08-03T16:21:00,2025-08-05,USD,Delivered,WFS,1842.25,133.14,0.00,102.17,1873.22
WM000004682,2025-12-22T09:03:00,2025-12-24,USD,Delivered,Merchant,927.51,50.82,4.99,43.37,939.95
WM000004683,2026-02-05T21:23:00,2026-02-06,USD,Shipped,Merchant,575.96,33.88,7.99,19.85,597.98
WM000004690,2026-02-24T16:22:00,2026-02-28,USD,Shipped,Merchant,130.21,10.76,7.99,9.06,139.90
WM000004693,2026-03-13T21:13:00,2026-03-18,USD,Delivered,Merchant,319.26,17.44,0.00,25.11,311.59
WM000004694,2025-11-29T12:39:00,2025-12-01,USD,Shipped,Merchant,600.68,36.77,7.99,53.19,592.25
WM000004698,2026-01-26T12:05:00,2026-01-28,USD,Delivered,Merchant,933.14,61.28,12.99,16.00,991.41
WM000004706,2025-07-13T09:52:00,2025-07-14,USD,Delivered,WFS,1304.66,79.53,4.99,61.26,1327.92
WM000004709,2025-08-31T08:13:00,2025-09-02,USD,Shipped,WFS,773.49,50.47,0.00,51.26,772.70
WM000004712,2026-03-10T16:42:00,2026-03-15,USD,Shipped,WFS,229.30,18.11,0.00,14.40,233.01
WM000004713,2025-07-28T18:01:00,2025-07-30,USD,Delivered,Merchant,213.83,10.43,0.00,2.89,221.37
WM000004724,2025-10-10T08:23:00,2025-10-11,USD,Shipped,WFS,394.70,21.52,4.99,37.73,383.48
WM000004727,2025-08-15T11:06:00,2025-08-20,USD,Delivered,Merchant,101.67,7.63,0.00,2.87,106.43
WM000004738,2025-12-04T20:24:00,2025-12-07,USD,Processing,WFS,499.02,22.67,12.99,45.12,489.56
WM000004746,2026-03-22T19:59:00,2026-03-25,USD,Delivered,WFS,453.55,28.09,0.00,24.72,456.92
WM000004753,2025-08-15T20:00:00,2025-08-19,USD,Delivered,WFS,532.64,32.51,7.99,31.07,542.07
WM000004756,2025-11-01T11:31:00,2025-11-06,USD,Delivered,Merchant,165.50,10.37,4.99,3.51,177.35
WM000004760,2026-01-19T17:46:00,2026-01-24,USD,Shipped,Merchant,716.52,42.38,7.99,38.98,727.91
WM000004764,2025-07-16T12:12:00,2025-07-21,USD,Cancelled,Merchant,895.10,48.32,12.99,49.40,907.01
WM000004765,2025-10-20T15:22:00,2025-10-25,USD,Delivered,WFS,388.88,27.08,12.99,3.98,424.97
WM000004768,2025-09-29T13:29:00,2025-09-30,USD,Delivered,WFS,1371.80,96.30,0.00,94.31,1373.79
WM000004776,2025-10-29T13:38:00,2025-10-31,USD,Delivered,WFS,3498.72,217.27,0.00,239.85,3476.14
WM000004784,2026-06-23T08:27:00,2026-06-25,USD,Delivered,WFS,122.90,6.02,12.99,2.72,139.19
WM000004789,2026-02-11T14:34:00,2026-02-16,USD,Delivered,Merchant,1353.52,102.13,7.99,48.26,1415.38
WM000004790,2025-08-23T22:05:00,2025-08-26,USD,Delivered,Merchant,957.70,68.14,0.00,87.18,938.66
WM000004791,2026-02-22T11:17:00,2026-02-24,USD,Processing,Merchant,777.22,46.44,0.00,44.42,779.24
WM000004795,2025-10-21T20:18:00,2025-10-25,USD,Processing,Merchant,227.72,14.68,0.00,10.44,231.96
WM000004798,2025-12-18T10:24:00,2025-12-22,USD,Delivered,Merchant,792.32,62.13,0.00,82.63,771.82
WM000004801,2026-05-20T17:00:00,2026-05-21,USD,Delivered,WFS,826.97,57.15,12.99,44.07,853.04
WM000004805,2025-08-20T10:46:00,2025-08-25,USD,Delivered,Merchant,594.76,43.02,12.99,33.38,617.39
WM000004807,2026-02-03T20:40:00,2026-02-04,USD,Delivered,Merchant,232.09,13.39,0.00,17.82,227.66
WM000004810,2026-01-23T14:18:00,2026-01-27,USD,Shipped,Merchant,3345.11,199.02,4.99,205.24,3343.88
WM000004813,2025-11-06T18:36:00,2025-11-11,USD,Delivered,WFS,415.95,21.53,7.99,29.10,416.37
WM000004814,2026-03-07T22:34:00,2026-03-12,USD,Delivered,Merchant,318.32,12.61,0.00,6.02,324.91
WM000004816,2026-05-12T18:26:00,2026-05-16,USD,Delivered,Merchant,889.28,59.75,0.00,75.00,874.03
WM000004817,2026-02-21T11:10:00,2026-02-26,USD,Shipped,Merchant,444.59,34.47,7.99,32.43,454.62
WM000004821,2026-04-25T12:59:00,2026-04-26,USD,Processing,WFS,281.53,17.62,0.00,19.63,279.52
WM000004840,2025-07-15T11:52:00,2025-07-20,USD,Delivered,Merchant,152.13,11.14,12.99,15.42,160.84
WM000004842,2026-06-25T09:37:00,2026-06-30,USD,Delivered,Merchant,677.64,41.35,7.99,74.67,652.31
WM000004844,2025-09-14T19:08:00,2025-09-19,USD,Shipped,WFS,153.71,10.55,4.99,5.93,163.32
WM000004845,2026-05-13T10:19:00,2026-05-15,USD,Delivered,Merchant,875.82,46.94,4.99,84.17,843.58
WM000004851,2025-08-28T20:01:00,2025-08-29,USD,Delivered,WFS,1039.90,56.93,7.99,58.31,1046.51
WM000004861,2025-11-08T10:03:00,2025-11-11,USD,Delivered,Merchant,723.03,33.90,12.99,63.36,706.56
WM000004865,2026-05-03T08:07:00,2026-05-06,USD,Delivered,WFS,828.09,32.80,7.99,73.54,795.34
WM000004871,2026-06-16T10:24:00,2026-06-20,USD,Shipped,WFS,483.35,24.83,12.99,34.02,487.15
WM000004875,2025-10-07T13:50:00,2025-10-11,USD,Delivered,WFS,921.83,48.83,0.00,67.45,903.21
WM000004881,2025-12-18T17:37:00,2025-12-20,USD,Delivered,Merchant,130.00,9.22,4.99,8.53,135.68
WM000004888,2026-05-20T14:18:00,2026-05-21,USD,Delivered,Merchant,1033.26,57.66,7.99,66.13,1032.78
WM000004889,2026-02-13T20:12:00,2026-02-14,USD,Delivered,WFS,28.71,1.87,7.99,0.25,38.32
WM000004890,2025-10-11T18:20:00,2025-10-14,USD,Delivered,Merchant,1006.79,69.70,0.00,23.57,1052.92
WM000004896,2026-01-11T11:35:00,2026-01-12,USD,Delivered,WFS,1251.61,80.06,12.99,63.45,1281.21
WM000004898,2025-11-09T19:30:00,2025-11-11,USD,Shipped,Merchant,409.32,29.90,0.00,8.38,430.84
WM000004904,2026-02-19T21:02:00,2026-02-23,USD,Delivered,Merchant,116.18,7.21,12.99,5.00,131.38
WM000004907,2025-08-28T18:04:00,2025-08-29,USD,Delivered,Merchant,48.42,3.74,4.99,3.82,53.33
WM000004910,2026-06-05T09:09:00,2026-06-08,USD,Delivered,WFS,465.39,26.75,7.99,40.30,459.83
WM000004916,2025-12-17T21:51:00,2025-12-19,USD,Delivered,Merchant,129.10,10.45,0.00,2.45,137.10
WM000004924,2026-06-11T15:30:00,2026-06-15,USD,Delivered,WFS,1763.95,95.62,7.99,60.71,1806.85
WM000004928,2025-12-14T22:32:00,2025-12-19,USD,Delivered,WFS,877.58,53.72,4.99,65.60,870.69
WM000004930,2025-10-18T13:55:00,2025-10-21,USD,Delivered,WFS,99.58,4.63,0.00,4.44,99.77
WM000004931,2026-03-05T14:24:00,2026-03-07,USD,Delivered,Merchant,241.57,16.11,12.99,13.19,257.48
WM000004934,2026-04-28T09:08:00,2026-04-29,USD,Delivered,WFS,90.07,7.87,0.00,0.59,97.35
WM000004935,2026-03-31T12:01:00,2026-04-04,USD,Delivered,WFS,28.79,2.30,4.99,1.73,34.35
WM000004937,2025-08-02T15:29:00,2025-08-03,USD,Shipped,Merchant,469.94,38.60,7.99,19.50,497.03
WM000004939,2026-02-16T10:13:00,2026-02-19,USD,Delivered,Merchant,936.50,53.91,4.99,47.86,947.54
WM000004941,2025-09-20T20:18:00,2025-09-21,USD,Delivered,Merchant,178.05,7.76,0.00,20.55,165.26
WM000004942,2025-11-17T10:42:00,2025-11-19,USD,Delivered,WFS,1868.28,93.31,0.00,120.50,1841.09
WM000004943,2026-02-02T08:01:00,2026-02-05,USD,Delivered,WFS,364.57,18.75,4.99,22.84,365.47
WM000004945,2026-06-14T10:22:00,2026-06-19,USD,Delivered,Merchant,60.90,4.48,7.99,1.98,71.39
WM000004947,2025-10-18T22:05:00,2025-10-21,USD,Delivered,Merchant,40.32,2.05,12.99,3.63,51.73
WM000004952,2025-08-20T16:53:00,2025-08-22,USD,Delivered,Merchant,156.28,8.31,0.00,13.16,151.43
WM000004953,2025-07-31T09:35:00,2025-08-05,USD,Delivered,WFS,27.63,1.31,7.99,1.66,35.27
WM000004959,2025-09-24T14:44:00,2025-09-26,USD,Processing,WFS,281.44,20.99,0.00,28.83,273.60
WM000004960,2025-08-22T20:56:00,2025-08-23,USD,Cancelled,WFS,276.13,11.99,0.00,18.26,269.86
WM000004972,2026-04-17T15:05:00,2026-04-19,USD,Processing,Merchant,500.20,43.74,0.00,11.34,532.60
WM000004985,2025-07-05T08:49:00,2025-07-06,USD,Processing,Merchant,731.84,37.89,12.99,53.76,728.96
WM000004989,2026-04-22T19:15:00,2026-04-23,USD,Delivered,Merchant,74.13,4.24,0.00,5.81,72.56
